{
  "type": "FeatureCollection",
  "features": [
    {
      "type": "Feature",
      "geometry": {
        "type": "LineString",
        "coordinates": [
          [
            138.46028899174902,
            36.556124159340506,
            1519.8
          ],
          [
            138.46038268200184,
            36.556075094192884,
            1517.5
          ],
          [
            138.46047637225462,
            36.556026029045256,
            1515.6
          ],
          [
            138.46057006250743,
            36.555976963897635,
            1513.1
          ],
          [
            138.46066375276024,
            36.55592789875001,
            1511.5
          ],
          [
            138.46075744301302,
            36.555878833602385,
            1510.3
          ],
          [
            138.46085113326583,
            36.55582976845476,
            1508.7
          ],
          [
            138.46094482351864,
            36.555780703307136,
            1507.6
          ],
          [
            138.46103851377143,
            36.55573163815951,
            1505.5
          ],
          [
            138.46113220402424,
            36.555682573011886,
            1504.3
          ],
          [
            138.46122589427705,
            36.555633507864265,
            1502.4
          ],
          [
            138.46131958452983,
            36.555584442716636,
            1501.2
          ],
          [
            138.46141327478264,
            36.555535377569015,
            1499.6
          ],
          [
            138.46150696503545,
            36.55548631242139,
            1498.1
          ],
          [
            138.4615880607832,
            36.5554244559701,
            1496.5
          ],
          [
            138.46166850067328,
            36.55536193341285,
            1495.6
          ],
          [
            138.46174894056335,
            36.555299410855596,
            1494.0
          ],
          [
            138.46182938045345,
            36.555236888298346,
            1492.3
          ],
          [
            138.46190982034352,
            36.555174365741095,
            1490.7
          ],
          [
            138.4619902602336,
            36.555111843183845,
            1489.1
          ],
          [
            138.46207070012366,
            36.555049320626594,
            1487.7
          ],
          [
            138.46215114001373,
            36.55498679806935,
            1486.8
          ],
          [
            138.46223157990383,
            36.5549242755121,
            1485.5
          ],
          [
            138.4623120197939,
            36.55486175295485,
            1484.2
          ],
          [
            138.46239245968397,
            36.5547992303976,
            1483.0
          ],
          [
            138.46247289957404,
            36.55473670784035,
            1481.8
          ],
          [
            138.46255333946414,
            36.5546741852831,
            1480.9
          ],
          [
            138.4626337793542,
            36.55461166272585,
            1479.4
          ],
          [
            138.46272184410617,
            36.55455663109158,
            1477.9
          ],
          [
            138.4628134990063,
            36.554505126540654,
            1476.7
          ],
          [
            138.46290515390643,
            36.55445362198973,
            1474.8
          ],
          [
            138.46299680880657,
            36.554402117438805,
            1473.5
          ],
          [
            138.46308846370667,
            36.55435061288788,
            1471.4
          ],
          [
            138.4631801186068,
            36.554299108336956,
            1470.2
          ],
          [
            138.46327177350693,
            36.55424760378604,
            1467.9
          ],
          [
            138.46336342840706,
            36.554196099235114,
            1466.5
          ],
          [
            138.4634550833072,
            36.55414459468419,
            1464.9
          ],
          [
            138.46354673820733,
            36.554093090133264,
            1463.2
          ],
          [
            138.46363839310746,
            36.55404158558234,
            1461.1
          ],
          [
            138.46373586211428,
            36.55399786361098,
            1459.2
          ],
          [
            138.46383511368586,
            36.55395652772454,
            1457.1
          ],
          [
            138.46393436525744,
            36.553915191838094,
            1455.8
          ],
          [
            138.46403361682903,
            36.55387385595165,
            1454.4
          ],
          [
            138.4641328684006,
            36.55383252006521,
            1452.7
          ],
          [
            138.4642321199722,
            36.55379118417876,
            1451.0
          ],
          [
            138.46433137154378,
            36.55374984829232,
            1450.3
          ],
          [
            138.4644306231154,
            36.55370851240587,
            1449.3
          ],
          [
            138.46452987468697,
            36.553667176519426,
            1448.0
          ],
          [
            138.46462912625856,
            36.55362584063298,
            1446.9
          ],
          [
            138.46472837783014,
            36.55358450474654,
            1446.1
          ],
          [
            138.46482762940173,
            36.553543168860095,
            1445.7
          ],
          [
            138.46491539329986,
            36.55348887950665,
            1445.0
          ],
          [
            138.4649959260365,
            36.55342643631667,
            1444.3
          ],
          [
            138.46507645877313,
            36.553363993126695,
            1443.8
          ],
          [
            138.4651569915098,
            36.55330154993671,
            1443.1
          ],
          [
            138.46523752424642,
            36.55323910674674,
            1442.5
          ],
          [
            138.46531805698308,
            36.553176663556755,
            1441.6
          ],
          [
            138.4653985897197,
            36.55311422036678,
            1440.3
          ],
          [
            138.46547912245634,
            36.5530517771768,
            1439.5
          ],
          [
            138.4655581633975,
            36.55298815034138,
            1438.3
          ],
          [
            138.4656342147771,
            36.552922151477816,
            1437.2
          ],
          [
            138.46571026615672,
            36.55285615261425,
            1436.2
          ],
          [
            138.4657863175363,
            36.55279015375068,
            1434.9
          ],
          [
            138.4658623689159,
            36.552724154887116,
            1433.5
          ],
          [
            138.46593842029552,
            36.55265815602355,
            1432.0
          ],
          [
            138.46601447167512,
            36.55259215715998,
            1430.9
          ],
          [
            138.46609052305473,
            36.552526158296416,
            1429.2
          ],
          [
            138.4661665744343,
            36.55246015943285,
            1427.6
          ],
          [
            138.46624262581392,
            36.55239416056928,
            1425.9
          ],
          [
            138.46631867719353,
            36.55232816170572,
            1424.2
          ],
          [
            138.46639696700265,
            36.5522640506016,
            1422.8
          ],
          [
            138.4664820501032,
            36.55220566855882,
            1420.6
          ],
          [
            138.46656713320374,
            36.55214728651604,
            1418.3
          ],
          [
            138.46665221630428,
            36.55208890447326,
            1416.4
          ],
          [
            138.46673729940483,
            36.55203052243048,
            1413.9
          ],
          [
            138.46682238250537,
            36.55197214038769,
            1411.4
          ],
          [
            138.4669074656059,
            36.55191375834491,
            1409.4
          ],
          [
            138.46699254870646,
            36.55185537630213,
            1406.9
          ],
          [
            138.4670756688873,
            36.55179524877421,
            1404.5
          ],
          [
            138.4671559447785,
            36.551732592021466,
            1402.2
          ],
          [
            138.46723622066975,
            36.55166993526871,
            1399.8
          ],
          [
            138.46731649656095,
            36.55160727851597,
            1398.0
          ],
          [
            138.4673944636842,
            36.551542866031234,
            1395.7
          ],
          [
            138.4674672461183,
            36.55147451078366,
            1393.9
          ],
          [
            138.4675400285524,
            36.5514061555361,
            1391.5
          ],
          [
            138.4676128109865,
            36.551337800288536,
            1389.1
          ],
          [
            138.4676855934206,
            36.551269445040965,
            1387.3
          ],
          [
            138.46769951155596,
            36.551184617742294,
            1385.3
          ],
          [
            138.46769481790972,
            36.551094582291576,
            1384.4
          ],
          [
            138.46769012426347,
            36.55100454684086,
            1383.4
          ],
          [
            138.46767527258896,
            36.5509160111302,
            1383.1
          ],
          [
            138.46764014458256,
            36.55083046903467,
            1382.6
          ],
          [
            138.46760501657613,
            36.550744926939146,
            1382.0
          ],
          [
            138.46756988856973,
            36.55065938484362,
            1381.3
          ],
          [
            138.46756213350636,
            36.5506405000722,
            1381.3
          ]
        ]
      },
      "properties": {
        "name": "B-5",
        "slope_deg": [
          11.7225209701022,
          11.7225209701022,
          11.7225209701022,
          10.203973721731748,
          9.787203664655925,
          7.829076510059608,
          8.530765609948133,
          8.530765609948133,
          8.9505586562316,
          9.090276920822133,
          8.390627013252708,
          8.810732985984973,
          8.390627013252708,
          7.969610394321551,
          7.969610394321233,
          8.250387228905435,
          8.250387228905435,
          9.22988624372772,
          8.9505586562316,
          7.829076510059608,
          7.406912128495294,
          6.983937460085098,
          6.701525844729548,
          7.125016348901798,
          6.56019640057118,
          6.842773412630876,
          7.266008446995867,
          7.266008446995867,
          8.670801453591151,
          8.390627013252708,
          9.22988624372772,
          9.22988624372772,
          9.787203664655925,
          9.926245506651705,
          9.22988624372772,
          9.926245506651705,
          9.64804531609841,
          10.342657140474548,
          11.034209003250501,
          10.481218144131045,
          9.508771958297594,
          9.22988624372772,
          8.670801453590833,
          7.829076510059608,
          7.266008446996189,
          6.701525844729548,
          5.852378988915493,
          5.994092949108534,
          5.142764557884112,
          4.289153328819018,
          3.718993973158237,
          3.290883686067228,
          3.718993973158237,
          3.576334374997351,
          3.8616074096751394,
          5.000644597558433,
          5.142764557884112,
          5.994092949108534,
          6.277298489597361,
          5.852378988915493,
          6.56019640057118,
          6.842773412630876,
          7.406912128495294,
          7.547725773843047,
          8.11004782941916,
          8.390627013252708,
          8.670801453590833,
          9.50877195829791,
          9.09027692082245,
          9.926245506651705,
          10.757967088390194,
          11.034209003250188,
          12.543973346571923,
          12.952764513375273,
          12.543973346571923,
          13.360218444764483,
          13.224551192213651,
          12.95276451337558,
          13.495733280795996,
          12.543973346572233,
          12.407418527400683,
          11.7225209701022,
          11.7225209701022,
          12.543973346572233,
          11.859779120948104,
          12.133880170633535,
          10.065169352759717,
          8.110047829418843,
          5.994092949108534,
          3.8616074096751394,
          3.433630362450652,
          3.005269359690129,
          3.005269359690129,
          3.005269359690129,
          3.005269359690129
        ],
        "horizontal_dist_map": 932,
        "slope_dist_map": 943,
        "elevation_diff_map": 138.5,
        "avg_slope_deg_map": 8.3,
        "max_slope_deg_map": 13.5,
        "resort": "pallcall-tsumagoi-resort",
        "level": "初級",
        "distance": "",
        "maxWidth": "",
        "minWidth": "",
        "avg": "",
        "max": "",
        "piste": "○",
        "snowboard": "○",
        "note": "",
        "image": "",
        "searchWord": "パルコール嬬恋　B-5",
        "status": "×",
        "update": "2025.5.9 12:14 更新",
        "latest_note": null
      }
    },
    {
      "type": "Feature",
      "geometry": {
        "type": "LineString",
        "coordinates": [
          [
            138.4599189709966,
            36.55616627663299,
            1526.6
          ],
          [
            138.4600190194404,
            36.55620634765246,
            1524.3
          ],
          [
            138.46011906788422,
            36.55624641867193,
            1523.0
          ],
          [
            138.46022691062925,
            36.55626828578298,
            1521.3
          ],
          [
            138.46033628509497,
            36.55628657549786,
            1520.0
          ],
          [
            138.46044565956066,
            36.55630486521274,
            1517.8
          ],
          [
            138.46055503402638,
            36.556323154927625,
            1516.4
          ],
          [
            138.46066440849208,
            36.556341444642506,
            1514.4
          ],
          [
            138.46077378295777,
            36.556359734357386,
            1513.1
          ],
          [
            138.4608831574235,
            36.556378024072266,
            1511.2
          ],
          [
            138.4609925318892,
            36.556396313787154,
            1510.1
          ],
          [
            138.4611019063549,
            36.556414603502034,
            1508.1
          ],
          [
            138.4612112808206,
            36.556432893216915,
            1505.2
          ],
          [
            138.46132065528633,
            36.556451182931795,
            1503.5
          ],
          [
            138.46143002975202,
            36.55646947264668,
            1500.6
          ],
          [
            138.46153940421775,
            36.55648776236156,
            1499.1
          ],
          [
            138.46164788253884,
            36.55650911855516,
            1497.3
          ],
          [
            138.46175586233784,
            36.556532180619996,
            1496.6
          ],
          [
            138.46186384213686,
            36.55655524268484,
            1495.4
          ],
          [
            138.4619718219359,
            36.55657830474967,
            1494.6
          ],
          [
            138.46207980173492,
            36.556601366814505,
            1493.4
          ],
          [
            138.46218778153394,
            36.55662442887934,
            1492.5
          ],
          [
            138.46229576133297,
            36.55664749094417,
            1490.8
          ],
          [
            138.462403741132,
            36.55667055300901,
            1489.4
          ],
          [
            138.4625114309949,
            36.55669427743831,
            1487.5
          ],
          [
            138.46261341430727,
            36.556731038588836,
            1486.1
          ],
          [
            138.4627153976196,
            36.55676779973937,
            1484.1
          ],
          [
            138.46281738093197,
            36.5568045608899,
            1482.6
          ],
          [
            138.46291936424433,
            36.556841322040434,
            1481.3
          ],
          [
            138.4630213475567,
            36.55687808319096,
            1479.3
          ],
          [
            138.46312333086902,
            36.55691484434149,
            1478.0
          ],
          [
            138.4632253141814,
            36.556951605492024,
            1476.6
          ],
          [
            138.46332729749375,
            36.55698836664256,
            1474.6
          ],
          [
            138.46342928080608,
            36.55702512779308,
            1473.5
          ],
          [
            138.46353126411844,
            36.557061888943615,
            1471.8
          ],
          [
            138.4636332474308,
            36.55709865009415,
            1471.2
          ],
          [
            138.46373523074317,
            36.55713541124468,
            1471.4
          ],
          [
            138.4637954,
            36.5571571,
            1471.2
          ]
        ]
      },
      "properties": {
        "name": "A-4",
        "slope_deg": [
          9.369385096487358,
          9.369385096487358,
          9.369385096487358,
          9.22988624372772,
          9.369385096487358,
          9.787203664655925,
          9.78720366465624,
          9.369385096487358,
          8.950558656231918,
          8.950558656231918,
          11.172136252166961,
          10.896152141141194,
          13.360218444764483,
          12.68038349181982,
          11.172136252167274,
          9.78720366465624,
          7.406912128494972,
          6.418786730238786,
          5.568737077976444,
          5.852378988915493,
          6.560196400571501,
          7.406912128494972,
          8.390627013252708,
          9.09027692082245,
          9.50877195829791,
          9.64804531609841,
          8.810732985984973,
          9.648045316098093,
          8.670801453590833,
          8.530765609948133,
          9.50877195829791,
          8.250387228905435,
          8.810732985984973,
          7.688447769902681,
          4.573921259900602,
          4.573921259900602,
          4.573921259900602,
          4.573921259900602
        ],
        "horizontal_dist_map": 365,
        "slope_dist_map": 370,
        "elevation_diff_map": 55.4,
        "avg_slope_deg_map": 8.5,
        "max_slope_deg_map": 13.4,
        "resort": "pallcall-tsumagoi-resort",
        "level": "初級",
        "distance": "",
        "maxWidth": "",
        "minWidth": "",
        "avg": "",
        "max": "",
        "piste": "○",
        "snowboard": "○",
        "note": "",
        "image": "",
        "searchWord": "パルコール嬬恋　A-4",
        "status": "×",
        "update": "2025.5.9 12:14 更新",
        "latest_note": null
      }
    },
    {
      "type": "Feature",
      "geometry": {
        "type": "LineString",
        "coordinates": [
          [
            138.45647756723264,
            36.5563358523914,
            1568.6
          ],
          [
            138.45658877687467,
            36.55632742488459,
            1567.2
          ],
          [
            138.4566999865167,
            36.55631899737778,
            1566.5
          ],
          [
            138.45681119615875,
            36.55631056987097,
            1565.2
          ],
          [
            138.45692240580078,
            36.55630214236416,
            1563.2
          ],
          [
            138.4570336431543,
            36.556294276079306,
            1562.2
          ],
          [
            138.45714533131496,
            36.55629553968461,
            1560.8
          ],
          [
            138.4572570194756,
            36.55629680328992,
            1559.4
          ],
          [
            138.45736870763628,
            36.55629806689522,
            1557.8
          ],
          [
            138.45748019960797,
            36.55630312532184,
            1556.6
          ],
          [
            138.45759163024414,
            36.55630937014249,
            1555.2
          ],
          [
            138.4577030608803,
            36.55631561496315,
            1554.2
          ],
          [
            138.45781449151647,
            36.55632185978379,
            1553.6
          ],
          [
            138.45792594316683,
            36.55632785424212,
            1552.2
          ],
          [
            138.4580374014474,
            36.55633376970759,
            1550.9
          ],
          [
            138.458148859728,
            36.55633968517307,
            1549.9
          ],
          [
            138.4582603180086,
            36.556345600638544,
            1548.6
          ],
          [
            138.4583715216608,
            36.556346370891085,
            1547.7
          ],
          [
            138.45848204061653,
            36.556333305650355,
            1546.2
          ],
          [
            138.45859255957225,
            36.55632024040963,
            1544.4
          ],
          [
            138.45870307852798,
            36.556307175168904,
            1543.2
          ],
          [
            138.4588135974837,
            36.556294109928174,
            1541.5
          ],
          [
            138.4589240188977,
            36.55628057551898,
            1540.5
          ],
          [
            138.45903377466104,
            36.55626383937938,
            1539.2
          ],
          [
            138.45914353042434,
            36.55624710323979,
            1538.6
          ],
          [
            138.45925328618767,
            36.5562303671002,
            1537.3
          ],
          [
            138.45936304195098,
            36.5562136309606,
            1535.9
          ],
          [
            138.4594727977143,
            36.55619689482101,
            1534.7
          ],
          [
            138.45958255347765,
            36.556180158681414,
            1532.7
          ],
          [
            138.45969230924095,
            36.556163422541815,
            1531.1
          ],
          [
            138.45980206500428,
            36.55614668640222,
            1528.3
          ],
          [
            138.45984259909142,
            36.55614050555012,
            1527.4
          ]
        ]
      },
      "properties": {
        "name": "B-6",
        "slope_deg": [
          7.688447769902681,
          7.688447769902681,
          7.688447769902681,
          7.125016348901798,
          8.11004782941916,
          8.250387228905435,
          7.688447769903003,
          7.969610394321551,
          7.969610394321233,
          7.406912128495294,
          5.994092949108534,
          6.277298489597361,
          6.135733340186728,
          6.135733340186728,
          7.125016348901798,
          6.418786730238786,
          6.701525844729548,
          7.829076510059608,
          7.688447769902681,
          8.810732985984973,
          8.11004782941916,
          7.406912128495294,
          6.560196400571501,
          5.994092949108534,
          6.56019640057118,
          6.418786730238786,
          8.390627013252388,
          8.810732985984973,
          10.757967088390194,
          10.757967088390194,
          10.757967088390194,
          10.757967088390194
        ],
        "horizontal_dist_map": 303,
        "slope_dist_map": 306,
        "elevation_diff_map": 41.2,
        "avg_slope_deg_map": 7.6,
        "max_slope_deg_map": 10.8,
        "resort": "pallcall-tsumagoi-resort",
        "level": "初級",
        "distance": "",
        "maxWidth": "",
        "minWidth": "",
        "avg": "",
        "max": "",
        "piste": "○",
        "snowboard": "○",
        "note": "",
        "image": "",
        "searchWord": "パルコール嬬恋　B-6",
        "status": "×",
        "update": "2025.5.9 12:14 更新",
        "latest_note": null
      }
    },
    {
      "type": "Feature",
      "geometry": {
        "type": "LineString",
        "coordinates": [
          [
            138.4429259455129,
            36.558567669082265,
            1821.1
          ],
          [
            138.44300623925938,
            36.55850502144734,
            1820.2
          ],
          [
            138.44308653300587,
            36.55844237381241,
            1819.2
          ],
          [
            138.44316682675233,
            36.558379726177485,
            1817.5
          ],
          [
            138.443245787663,
            36.55831598962264,
            1815.8
          ],
          [
            138.44332446120723,
            36.55825201829096,
            1814.2
          ],
          [
            138.44340313475146,
            36.558188046959266,
            1812.9
          ],
          [
            138.44348180829573,
            36.55812407562758,
            1811.3
          ],
          [
            138.44357691485158,
            36.55807712335978,
            1808.6
          ],
          [
            138.44367305119977,
            36.55803123760992,
            1807.1
          ],
          [
            138.44376918754796,
            36.55798535186006,
            1805.6
          ],
          [
            138.44386532389615,
            36.557939466110206,
            1803.7
          ],
          [
            138.44396146024434,
            36.55789358036034,
            1801.3
          ],
          [
            138.44406031534683,
            36.557851857899166,
            1799.7
          ],
          [
            138.44416158616409,
            36.55781383467548,
            1798.5
          ],
          [
            138.4442628569813,
            36.55777581145179,
            1796.4
          ],
          [
            138.44436412779854,
            36.5577377882281,
            1794.2
          ],
          [
            138.44446539861576,
            36.557699765004415,
            1792.3
          ],
          [
            138.444566669433,
            36.55766174178073,
            1789.2
          ],
          [
            138.44466794025024,
            36.55762371855704,
            1787.2
          ],
          [
            138.44476921106747,
            36.55758569533336,
            1784.7
          ],
          [
            138.4448704818847,
            36.55754767210967,
            1783.1
          ],
          [
            138.44497175270192,
            36.55750964888598,
            1781.8
          ],
          [
            138.44507302351917,
            36.557471625662295,
            1779.5
          ],
          [
            138.44517915853044,
            36.55744411167899,
            1777.3
          ],
          [
            138.44528653387653,
            36.55741927747711,
            1774.9
          ],
          [
            138.44539390922262,
            36.55739444327523,
            1770.9
          ],
          [
            138.4455012845687,
            36.55736960907335,
            1769.2
          ],
          [
            138.4456086599148,
            36.55734477487147,
            1766.1
          ],
          [
            138.4457160865079,
            36.55732010813975,
            1763.4
          ],
          [
            138.44582544988842,
            36.55730177063536,
            1761.8
          ],
          [
            138.44593481326893,
            36.55728343313098,
            1759.8
          ],
          [
            138.44604417664945,
            36.5572650956266,
            1758.8
          ],
          [
            138.44615354002997,
            36.55724675812222,
            1756.7
          ],
          [
            138.44626290341049,
            36.55722842061783,
            1755.4
          ],
          [
            138.44637226679097,
            36.557210083113446,
            1753.4
          ],
          [
            138.4464816301715,
            36.55719174560907,
            1751.9
          ],
          [
            138.446590993552,
            36.55717340810468,
            1749.1
          ],
          [
            138.44670035693252,
            36.5571550706003,
            1746.9
          ],
          [
            138.44680977301334,
            36.55713694098276,
            1744.6
          ],
          [
            138.4469192621017,
            36.55711909935786,
            1740.7
          ],
          [
            138.44702875119003,
            36.55710125773296,
            1738.3
          ],
          [
            138.44713824027838,
            36.557083416108064,
            1733.6
          ],
          [
            138.44724772936672,
            36.55706557448316,
            1731.9
          ],
          [
            138.44735721845507,
            36.55704773285826,
            1729.0
          ],
          [
            138.4474667075434,
            36.55702989123336,
            1727.3
          ],
          [
            138.44757619663176,
            36.55701204960846,
            1724.5
          ],
          [
            138.4476856857201,
            36.55699420798356,
            1723.2
          ],
          [
            138.4477951346217,
            36.55697622546057,
            1721.0
          ],
          [
            138.4479032801172,
            36.556953673085886,
            1719.7
          ],
          [
            138.4480114256127,
            36.5569311207112,
            1716.5
          ],
          [
            138.44811957110818,
            36.55690856833651,
            1713.1
          ],
          [
            138.44822771660367,
            36.556886015961815,
            1712.8
          ],
          [
            138.44833586209916,
            36.55686346358713,
            1709.9
          ],
          [
            138.44844400759465,
            36.55684091121244,
            1706.7
          ],
          [
            138.44855215309013,
            36.55681835883775,
            1704.1
          ],
          [
            138.44866094212693,
            36.55679796609017,
            1702.6
          ],
          [
            138.4487699740025,
            36.55677838827271,
            1700.3
          ],
          [
            138.44887900587807,
            36.55675881045526,
            1698.5
          ],
          [
            138.44898803775362,
            36.556739232637796,
            1695.0
          ],
          [
            138.4490970696292,
            36.556719654820334,
            1694.7
          ],
          [
            138.4492057942565,
            36.55669906381394,
            1693.2
          ],
          [
            138.44931371692056,
            36.55667582823535,
            1692.2
          ],
          [
            138.44942163958464,
            36.55665259265676,
            1690.0
          ],
          [
            138.44952956224873,
            36.55662935707817,
            1688.0
          ],
          [
            138.44963748491278,
            36.556606121499584,
            1686.2
          ],
          [
            138.44974540757687,
            36.556582885920996,
            1684.3
          ],
          [
            138.44985333024096,
            36.55655965034241,
            1681.2
          ],
          [
            138.449961252905,
            36.55653641476381,
            1679.7
          ],
          [
            138.45007100964597,
            36.55653353196049,
            1677.4
          ],
          [
            138.45018196314953,
            36.55654392964734,
            1675.0
          ],
          [
            138.45029291665307,
            36.55655432733419,
            1673.3
          ],
          [
            138.45040387015663,
            36.55656472502104,
            1670.6
          ],
          [
            138.45051482366017,
            36.55657512270789,
            1668.9
          ],
          [
            138.4506257771637,
            36.55658552039474,
            1666.4
          ],
          [
            138.45073673066727,
            36.55659591808159,
            1664.5
          ],
          [
            138.45084754161357,
            36.55660720077341,
            1661.6
          ],
          [
            138.4509581025441,
            36.556620035579726,
            1659.3
          ],
          [
            138.45106866347462,
            36.55663287038604,
            1657.4
          ],
          [
            138.45117922440514,
            36.556645705192345,
            1654.2
          ],
          [
            138.45128978533566,
            36.55665853999866,
            1652.4
          ],
          [
            138.45140034626618,
            36.556671374804964,
            1649.6
          ],
          [
            138.45151090719673,
            36.55668420961128,
            1646.9
          ],
          [
            138.45162146812726,
            36.55669704441759,
            1645.6
          ],
          [
            138.45173202905778,
            36.556709879223895,
            1643.0
          ],
          [
            138.4518425899883,
            36.55672271403021,
            1641.2
          ],
          [
            138.45195294041653,
            36.55673663219747,
            1638.5
          ],
          [
            138.45206306408687,
            36.556751717385886,
            1636.3
          ],
          [
            138.45217318775724,
            36.5567668025743,
            1633.5
          ],
          [
            138.45228331142758,
            36.55678188776272,
            1631.2
          ],
          [
            138.45239343509792,
            36.55679697295113,
            1629.9
          ],
          [
            138.45250355876829,
            36.55681205813955,
            1627.7
          ],
          [
            138.45261368243862,
            36.556827143327965,
            1626.0
          ],
          [
            138.45272380610896,
            36.55684222851638,
            1623.9
          ],
          [
            138.45283423188909,
            36.556831750086076,
            1622.4
          ],
          [
            138.45294469205845,
            36.5568183617417,
            1620.1
          ],
          [
            138.4530551522278,
            36.55680497339732,
            1618.0
          ],
          [
            138.45316561239716,
            36.55679158505294,
            1616.6
          ],
          [
            138.45327607256652,
            36.55677819670857,
            1614.7
          ],
          [
            138.45338653273586,
            36.55676480836419,
            1613.7
          ],
          [
            138.45349699290523,
            36.556751420019815,
            1612.0
          ],
          [
            138.4536074530746,
            36.55673803167544,
            1610.4
          ],
          [
            138.45371791324393,
            36.55672464333106,
            1608.4
          ],
          [
            138.4538283734133,
            36.55671125498669,
            1606.1
          ],
          [
            138.45393883358267,
            36.55669786664231,
            1604.5
          ],
          [
            138.45404889878137,
            36.55668271124622,
            1602.2
          ],
          [
            138.4541581997872,
            36.556664136942324,
            1600.6
          ],
          [
            138.45426750079307,
            36.55664556263842,
            1598.3
          ],
          [
            138.4543768017989,
            36.55662698833453,
            1596.9
          ],
          [
            138.45448610280476,
            36.55660841403063,
            1595.4
          ],
          [
            138.4545954038106,
            36.556589839726726,
            1594.2
          ],
          [
            138.45470470481646,
            36.55657126542283,
            1592.9
          ],
          [
            138.4548140058223,
            36.55655269111893,
            1591.2
          ],
          [
            138.45492330682814,
            36.55653411681503,
            1590.1
          ],
          [
            138.455032607834,
            36.556515542511136,
            1588.1
          ],
          [
            138.45514190883983,
            36.556496968207234,
            1586.7
          ],
          [
            138.4552512098457,
            36.55647839390333,
            1584.5
          ],
          [
            138.45536051085153,
            36.55645981959944,
            1582.8
          ],
          [
            138.4554698118574,
            36.55644124529554,
            1580.6
          ],
          [
            138.45557911286323,
            36.55642267099164,
            1579.1
          ],
          [
            138.45568931341649,
            36.55640858129365,
            1577.2
          ],
          [
            138.45580029640703,
            36.556398392360556,
            1576.3
          ],
          [
            138.45591127939755,
            36.55638820342746,
            1574.9
          ],
          [
            138.4560222623881,
            36.55637801449436,
            1573.3
          ],
          [
            138.45613324537865,
            36.55636782556127,
            1572.3
          ],
          [
            138.45624422836917,
            36.55635763662817,
            1570.9
          ],
          [
            138.45635521135972,
            36.556347447695074,
            1570.0
          ],
          [
            138.45636322944245,
            36.5563467115849,
            1569.6
          ]
        ]
      },
      "properties": {
        "name": "C-1",
        "slope_deg": [
          7.547725773843047,
          7.547725773843047,
          7.547725773843047,
          8.530765609948133,
          8.9505586562316,
          8.810732985984973,
          10.203973721731748,
          10.065169352760034,
          10.342657140474863,
          10.757967088389877,
          10.342657140474548,
          10.48121814413073,
          10.065169352759717,
          10.342657140474548,
          10.065169352759717,
          10.481218144131045,
          13.088732789694,
          12.95276451337558,
          13.360218444764483,
          12.95276451337558,
          10.481218144131045,
          10.896152141141194,
          10.481218144131045,
          11.585126224854799,
          15.242997742901395,
          14.439965121002654,
          15.642246457208788,
          16.039943306049665,
          12.816647648997623,
          13.224551192213651,
          10.342657140474548,
          9.50877195829791,
          9.090276920822133,
          9.090276920822133,
          9.787203664655925,
          10.757967088390194,
          11.996899307923577,
          12.407418527400994,
          15.642246457208788,
          15.109575122340402,
          18.39196625070563,
          17.614643300006804,
          16.304198003832376,
          15.37625124882619,
          12.816647648997312,
          12.270720357815385,
          11.309932474020215,
          10.757967088389877,
          11.309932474020215,
          14.170977562933274,
          11.58512622485511,
          13.766300685466197,
          13.766300685466197,
          12.68038349181982,
          14.305551846622015,
          13.495733280795996,
          11.58512622485511,
          12.816647648997312,
          11.172136252166961,
          10.065169352759717,
          8.9505586562316,
          7.125016348901798,
          9.50877195829791,
          9.926245506651705,
          11.172136252167274,
          12.407418527400683,
          11.7225209701022,
          12.407418527400683,
          13.088732789694,
          11.172136252167274,
          12.816647648997623,
          11.996899307923577,
          12.133880170633224,
          12.407418527400683,
          12.68038349181982,
          13.495733280795996,
          12.68038349181982,
          14.439965121002654,
          12.952764513375273,
          13.631094443421603,
          14.708303899682749,
          12.133880170633535,
          13.224551192213651,
          11.85977912094779,
          11.859779120948104,
          13.088732789694,
          13.360218444764483,
          14.036243467926479,
          12.133880170633224,
          12.133880170633224,
          10.619655276155134,
          10.342657140474548,
          10.619655276155134,
          10.757967088390194,
          11.309932474020215,
          10.342657140474863,
          10.896152141141194,
          9.090276920822133,
          8.530765609948133,
          8.810732985984655,
          8.9505586562316,
          10.757967088390194,
          10.619655276155134,
          11.58512622485511,
          11.034209003250501,
          11.034209003250188,
          10.757967088389877,
          9.648045316098093,
          9.090276920822133,
          7.688447769902681,
          8.11004782941916,
          7.547725773843367,
          8.670801453591151,
          8.810732985984973,
          9.50877195829791,
          10.342657140474548,
          10.619655276155134,
          10.757967088390194,
          10.342657140474548,
          9.22988624372772,
          8.110047829418843,
          8.250387228905435,
          6.98393746008542,
          7.688447769902681,
          6.98393746008542,
          6.98393746008542,
          6.98393746008542,
          6.98393746008542
        ],
        "horizontal_dist_map": 1260,
        "slope_dist_map": 1288,
        "elevation_diff_map": 251.5,
        "avg_slope_deg_map": 11.0,
        "max_slope_deg_map": 18.4,
        "resort": "pallcall-tsumagoi-resort",
        "level": "中級",
        "distance": "",
        "maxWidth": "",
        "minWidth": "",
        "avg": "",
        "max": 22,
        "piste": "○",
        "snowboard": "○",
        "note": "",
        "image": "",
        "searchWord": "パルコール嬬恋　C-1",
        "status": "×",
        "update": "2025.5.9 12:14 更新",
        "latest_note": null
      }
    },
    {
      "type": "Feature",
      "geometry": {
        "type": "LineString",
        "coordinates": [
          [
            138.4506313264974,
            36.56086438159813,
            1682.2
          ],
          [
            138.450739180204,
            36.56084092119506,
            1679.6
          ],
          [
            138.45084703391063,
            36.56081746079199,
            1676.7
          ],
          [
            138.45095488761726,
            36.56079400038892,
            1673.0
          ],
          [
            138.45106274132388,
            36.56077053998585,
            1670.9
          ],
          [
            138.45117059503048,
            36.56074707958278,
            1666.5
          ],
          [
            138.4512784487371,
            36.56072361917971,
            1664.1
          ],
          [
            138.45138126128725,
            36.560688860994006,
            1661.8
          ],
          [
            138.4514829067511,
            36.5606514872404,
            1659.9
          ],
          [
            138.45158455221497,
            36.56061411348679,
            1658.1
          ],
          [
            138.4516861976788,
            36.56057673973319,
            1656.1
          ],
          [
            138.45178784314265,
            36.56053936597959,
            1654.3
          ],
          [
            138.45189176630964,
            36.560506567706206,
            1652.7
          ],
          [
            138.45199721828894,
            36.56047684053133,
            1650.2
          ],
          [
            138.45210267026823,
            36.56044711335645,
            1648.0
          ],
          [
            138.45220812224755,
            36.560417386181584,
            1644.9
          ],
          [
            138.45231357422685,
            36.56038765900671,
            1643.7
          ],
          [
            138.45241902620617,
            36.56035793183183,
            1641.0
          ],
          [
            138.45252447818547,
            36.56032820465696,
            1638.8
          ],
          [
            138.45262993016476,
            36.560298477482085,
            1637.2
          ],
          [
            138.45273538214408,
            36.56026875030721,
            1635.3
          ],
          [
            138.45284083412338,
            36.56023902313234,
            1632.2
          ],
          [
            138.4529462861027,
            36.56020929595746,
            1631.2
          ],
          [
            138.453051738082,
            36.56017956878259,
            1629.2
          ],
          [
            138.4531571900613,
            36.56014984160772,
            1626.2
          ],
          [
            138.4532626420406,
            36.56012011443284,
            1624.2
          ],
          [
            138.45336929117414,
            36.5600934334513,
            1621.6
          ],
          [
            138.45347670663332,
            36.560068702407484,
            1620.0
          ],
          [
            138.45358412209254,
            36.56004397136367,
            1617.1
          ],
          [
            138.45369153755175,
            36.560019240319846,
            1615.0
          ],
          [
            138.45379895301093,
            36.55999450927603,
            1612.4
          ],
          [
            138.45390636847014,
            36.559969778232215,
            1609.9
          ],
          [
            138.45401378392935,
            36.55994504718839,
            1606.1
          ],
          [
            138.45412119938854,
            36.55992031614458,
            1604.3
          ],
          [
            138.45422861484775,
            36.55989558510076,
            1601.7
          ],
          [
            138.45433603030696,
            36.55987085405694,
            1599.6
          ],
          [
            138.45444344576615,
            36.55984612301312,
            1596.3
          ],
          [
            138.45455086122536,
            36.55982139196931,
            1594.8
          ],
          [
            138.45465827668457,
            36.55979666092549,
            1593.2
          ],
          [
            138.454766446758,
            36.55977419481921,
            1592.0
          ],
          [
            138.4548747507469,
            36.55975213065379,
            1590.2
          ],
          [
            138.45498305473586,
            36.55973006648837,
            1589.6
          ],
          [
            138.4550913587248,
            36.55970800232296,
            1587.4
          ],
          [
            138.45519966271374,
            36.559685938157536,
            1586.0
          ],
          [
            138.4553079667027,
            36.559663873992115,
            1583.6
          ],
          [
            138.45541627069161,
            36.559641809826694,
            1581.2
          ],
          [
            138.45552457468057,
            36.55961974566127,
            1580.0
          ],
          [
            138.4556328786695,
            36.55959768149585,
            1578.3
          ],
          [
            138.45574118265844,
            36.55957561733043,
            1576.6
          ],
          [
            138.45584948664737,
            36.55955355316501,
            1574.8
          ],
          [
            138.4559582268343,
            36.559532938397346,
            1573.8
          ],
          [
            138.456067006675,
            36.55951245539116,
            1571.9
          ],
          [
            138.45617578651567,
            36.55949197238496,
            1570.8
          ],
          [
            138.45628456635637,
            36.559471489378765,
            1569.7
          ],
          [
            138.45639334619705,
            36.55945100637257,
            1568.9
          ],
          [
            138.45650212603775,
            36.55943052336638,
            1567.2
          ],
          [
            138.45661090587845,
            36.559410040360184,
            1566.3
          ],
          [
            138.45671968571912,
            36.55938955735399,
            1564.5
          ],
          [
            138.45682846555982,
            36.55936907434779,
            1563.6
          ],
          [
            138.45693724540052,
            36.559348591341596,
            1562.3
          ],
          [
            138.45704579874655,
            36.559327355433076,
            1561.3
          ],
          [
            138.45715412338276,
            36.559305359258644,
            1560.2
          ],
          [
            138.45726244801898,
            36.55928336308422,
            1558.6
          ],
          [
            138.4573707726552,
            36.55926136690979,
            1557.5
          ],
          [
            138.4574790972914,
            36.55923937073536,
            1555.4
          ],
          [
            138.45758742192763,
            36.55921737456094,
            1553.7
          ],
          [
            138.45769574656381,
            36.559195378386505,
            1551.2
          ],
          [
            138.45780407120003,
            36.55917338221208,
            1549.9
          ],
          [
            138.45791239583625,
            36.55915138603765,
            1547.7
          ],
          [
            138.4580204007915,
            36.55912840111308,
            1546.3
          ],
          [
            138.4581282569604,
            36.55910495600312,
            1543.8
          ],
          [
            138.45823611312932,
            36.55908151089316,
            1541.9
          ],
          [
            138.45834396929823,
            36.5590580657832,
            1539.2
          ],
          [
            138.45845182546714,
            36.55903462067323,
            1537.2
          ],
          [
            138.45855968163605,
            36.55901117556327,
            1535.0
          ],
          [
            138.45866753780496,
            36.55898773045331,
            1533.6
          ],
          [
            138.45877539397387,
            36.55896428534334,
            1530.9
          ],
          [
            138.45888325014278,
            36.55894084023338,
            1529.2
          ],
          [
            138.4589911063117,
            36.55891739512342,
            1527.4
          ],
          [
            138.4590989624806,
            36.558893950013456,
            1526.4
          ],
          [
            138.4592068186495,
            36.558870504903496,
            1525.4
          ],
          [
            138.45931467481842,
            36.558847059793536,
            1524.3
          ],
          [
            138.45942253098733,
            36.558823614683575,
            1522.8
          ],
          [
            138.45953038715624,
            36.55880016957361,
            1521.7
          ],
          [
            138.45963824332514,
            36.55877672446365,
            1520.4
          ],
          [
            138.45974609949405,
            36.55875327935369,
            1519.6
          ],
          [
            138.45985395566296,
            36.55872983424372,
            1518.7
          ],
          [
            138.45996181183187,
            36.55870638913376,
            1517.8
          ],
          [
            138.46006966800078,
            36.5586829440238,
            1516.4
          ],
          [
            138.4601775241697,
            36.55865949891383,
            1515.3
          ],
          [
            138.4602853803386,
            36.55863605380387,
            1513.4
          ],
          [
            138.46039381910276,
            36.558614493541256,
            1511.5
          ],
          [
            138.4605026853719,
            36.558594316368406,
            1510.3
          ],
          [
            138.460611551641,
            36.55857413919556,
            1508.8
          ],
          [
            138.46072041791012,
            36.558553962022714,
            1508.2
          ],
          [
            138.46082928417923,
            36.558533784849864,
            1506.9
          ],
          [
            138.46093815044833,
            36.558513607677014,
            1506.4
          ],
          [
            138.46104701671746,
            36.558493430504164,
            1505.6
          ],
          [
            138.46115588298656,
            36.55847325333132,
            1505.0
          ],
          [
            138.4612647492557,
            36.55845307615847,
            1503.9
          ],
          [
            138.4613736155248,
            36.55843289898562,
            1503.0
          ],
          [
            138.4614824817939,
            36.55841272181278,
            1501.1
          ],
          [
            138.46159134806302,
            36.55839254463993,
            1500.2
          ],
          [
            138.46170021433213,
            36.55837236746708,
            1499.0
          ],
          [
            138.46180908060126,
            36.55835219029423,
            1498.0
          ],
          [
            138.46191794687036,
            36.55833201312139,
            1496.7
          ],
          [
            138.4620268698453,
            36.55831203779407,
            1494.9
          ],
          [
            138.46213584464033,
            36.558292246921475,
            1493.8
          ],
          [
            138.46224481943537,
            36.55827245604888,
            1491.6
          ],
          [
            138.4623537942304,
            36.55825266517629,
            1490.4
          ],
          [
            138.46246276902545,
            36.5582328743037,
            1489.1
          ],
          [
            138.4625717438205,
            36.558213083431106,
            1487.9
          ],
          [
            138.46268071861553,
            36.558193292558514,
            1486.2
          ],
          [
            138.46278969341054,
            36.55817350168592,
            1484.9
          ],
          [
            138.46289866820558,
            36.55815371081333,
            1483.5
          ],
          [
            138.46300764300062,
            36.55813391994074,
            1482.3
          ],
          [
            138.46311661779566,
            36.558114129068144,
            1480.6
          ],
          [
            138.4632255925907,
            36.55809433819555,
            1479.5
          ],
          [
            138.46333481929233,
            36.55807547537088,
            1478.3
          ],
          [
            138.4634440637887,
            36.558056678103675,
            1477.1
          ],
          [
            138.46355330828504,
            36.558037880836466,
            1476.0
          ],
          [
            138.4636625527814,
            36.55801908356926,
            1474.8
          ],
          [
            138.46377179727776,
            36.558000286302054,
            1474.4
          ],
          [
            138.4638810417741,
            36.55798148903485,
            1473.4
          ],
          [
            138.46399028627044,
            36.55796269176764,
            1471.9
          ],
          [
            138.46409616291376,
            36.55793551673204,
            1471.2
          ],
          [
            138.46419828937135,
            36.557899012849056,
            1471.0
          ],
          [
            138.46430041582897,
            36.55786250896607,
            1470.6
          ],
          [
            138.4644025422866,
            36.557826005083086,
            1470.3
          ],
          [
            138.46445145373562,
            36.55775052389833,
            1470.2
          ],
          [
            138.46448665493682,
            36.55766500065059,
            1470.1
          ],
          [
            138.46451076607488,
            36.55757818311917,
            1470.2
          ],
          [
            138.46450705050123,
            36.55748811802655,
            1470.3
          ],
          [
            138.4645033349276,
            36.55739805293393,
            1470.3
          ],
          [
            138.46449961935394,
            36.5573079878413,
            1470.5
          ],
          [
            138.46449590378032,
            36.55721792274868,
            1470.6
          ],
          [
            138.46449218820666,
            36.557127857656056,
            1470.8
          ],
          [
            138.46448847263304,
            36.557037792563435,
            1470.8
          ],
          [
            138.46448744811678,
            36.55701295840336,
            1470.8
          ]
        ]
      },
      "properties": {
        "name": "A-1",
        "slope_deg": [
          15.774985955414008,
          15.774985955414008,
          15.774985955414008,
          18.133621430820266,
          17.48442732322088,
          15.642246457208788,
          15.37625124882619,
          11.859779120948104,
          11.309932474020215,
          10.619655276155134,
          10.203973721731748,
          11.172136252166961,
          11.44759626368548,
          13.224551192213344,
          12.68038349181982,
          12.95276451337558,
          12.95276451337558,
          10.896152141141194,
          11.859779120948104,
          12.407418527400683,
          10.757967088389877,
          11.309932474020215,
          12.816647648997312,
          11.309932474020215,
          13.495733280795996,
          12.95276451337558,
          12.816647648997623,
          12.95276451337558,
          12.952764513375273,
          14.17097756293297,
          15.37625124882619,
          14.97598451475675,
          14.97598451475675,
          14.43996512100296,
          13.766300685466197,
          13.360218444764483,
          11.996899307923577,
          10.757967088389877,
          8.670801453590833,
          7.406912128495294,
          8.250387228905435,
          8.530765609948133,
          9.369385096487674,
          11.85977912094779,
          10.481218144131045,
          10.896152141141194,
          9.926245506651705,
          9.09027692082245,
          8.810732985984973,
          9.090276920822133,
          8.250387228905435,
          7.266008446995867,
          6.983937460085098,
          6.701525844729548,
          6.418786730238786,
          7.406912128495294,
          7.547725773843367,
          6.98393746008542,
          7.125016348901798,
          6.135733340186728,
          7.125016348901798,
          6.842773412630876,
          8.390627013252388,
          9.22988624372772,
          10.48121814413073,
          10.757967088389877,
          10.896152141141194,
          10.481218144131045,
          10.481218144131045,
          11.309932474020215,
          11.996899307923577,
          12.816647648997312,
          12.407418527400683,
          11.722520970102511,
          11.7225209701022,
          11.309932474020215,
          10.757967088389877,
          10.203973721731431,
          7.829076510059608,
          6.98393746008542,
          6.560196400571501,
          6.701525844729548,
          7.125016348901798,
          6.701525844729548,
          5.852378988915493,
          5.568737077976766,
          5.710593137499643,
          6.135733340186728,
          7.547725773843047,
          8.9505586562316,
          8.670801453591151,
          9.22988624372772,
          7.406912128495294,
          6.56019640057118,
          5.568737077976444,
          4.573921259900927,
          4.573921259900927,
          4.289153328819018,
          4.858462919034416,
          6.418786730238786,
          6.842773412630876,
          6.98393746008542,
          7.125016348901798,
          6.277298489597361,
          7.547725773843047,
          7.406912128495294,
          9.09027692082245,
          8.9505586562316,
          8.250387228905753,
          8.390627013252388,
          7.688447769902681,
          7.829076510059608,
          7.969610394321233,
          7.969610394321551,
          7.969610394321551,
          7.688447769903003,
          7.406912128495294,
          7.406912128495294,
          6.56019640057118,
          6.701525844729548,
          5.568737077976444,
          5.284821092508756,
          5.852378988915493,
          5.142764557884112,
          4.858462919034416,
          4.004172940709647,
          2.2906100426387246,
          1.4320961841646465,
          1.2889375601870259,
          0.5729386976832906,
          0.0,
          -0.1432391503681763,
          -0.5729386976836163,
          -0.5729386976832906,
          -0.7161599454704085,
          -0.7161599454704085,
          -0.7161599454704085,
          -0.7161599454704085,
          -0.7161599454704085
        ],
        "horizontal_dist_map": 1372,
        "slope_dist_map": 1393,
        "elevation_diff_map": 211.4,
        "avg_slope_deg_map": 8.6,
        "max_slope_deg_map": 18.1,
        "resort": "pallcall-tsumagoi-resort",
        "level": "初、中級",
        "distance": "",
        "maxWidth": "",
        "minWidth": "",
        "avg": "",
        "max": 18,
        "piste": "○",
        "snowboard": "○",
        "note": "",
        "image": "",
        "searchWord": "パルコール嬬恋　A-1",
        "status": "×",
        "update": "2025.5.9 12:14 更新",
        "latest_note": null
      }
    },
    {
      "type": "Feature",
      "geometry": {
        "type": "LineString",
        "coordinates": [
          [
            138.44485539971936,
            36.56011081979151,
            1792.0
          ],
          [
            138.44496677257717,
            36.56011776020094,
            1788.9
          ],
          [
            138.44507814543502,
            36.56012470061037,
            1787.0
          ],
          [
            138.4451895199597,
            36.56013162077698,
            1785.2
          ],
          [
            138.4453010523865,
            36.56013662334465,
            1783.1
          ],
          [
            138.4454125848133,
            36.56014162591232,
            1782.0
          ],
          [
            138.4455241172401,
            36.56014662847999,
            1778.9
          ],
          [
            138.4456356496669,
            36.56015163104767,
            1774.9
          ],
          [
            138.4457471123168,
            36.56015723991254,
            1773.0
          ],
          [
            138.44585787983138,
            36.5601688888663,
            1769.6
          ],
          [
            138.44596864734598,
            36.56018053782005,
            1767.7
          ],
          [
            138.44607941486055,
            36.56019218677381,
            1765.0
          ],
          [
            138.44619018237512,
            36.56020383572757,
            1762.3
          ],
          [
            138.44630094988972,
            36.56021548468132,
            1760.8
          ],
          [
            138.44641185278334,
            36.56022527865596,
            1758.4
          ],
          [
            138.44652354950483,
            36.56022419551061,
            1756.3
          ],
          [
            138.44663524622632,
            36.56022311236526,
            1752.9
          ],
          [
            138.4467469429478,
            36.5602220292199,
            1750.0
          ],
          [
            138.4468586396693,
            36.560220946074544,
            1748.1
          ],
          [
            138.4469703363908,
            36.56021986292919,
            1746.4
          ],
          [
            138.44708203311228,
            36.56021877978383,
            1745.3
          ],
          [
            138.44719372983377,
            36.56021769663848,
            1742.6
          ],
          [
            138.44730542655523,
            36.560216613493125,
            1740.0
          ],
          [
            138.44741712327672,
            36.56021553034777,
            1738.4
          ],
          [
            138.4475288018242,
            36.56021360483048,
            1736.8
          ],
          [
            138.44764047768714,
            36.56021155488212,
            1735.8
          ],
          [
            138.44775215355006,
            36.560209504933766,
            1734.1
          ],
          [
            138.44786382941297,
            36.56020745498542,
            1732.9
          ],
          [
            138.44797550527588,
            36.56020540503706,
            1732.3
          ],
          [
            138.4480871811388,
            36.5602033550887,
            1730.4
          ],
          [
            138.4481988570017,
            36.560201305140346,
            1727.9
          ],
          [
            138.4483105328646,
            36.560199255191996,
            1724.7
          ],
          [
            138.44842220872752,
            36.56019720524364,
            1722.1
          ],
          [
            138.4485338765506,
            36.56019541755191,
            1720.7
          ],
          [
            138.44864529027188,
            36.560201918591986,
            1718.7
          ],
          [
            138.44875670399315,
            36.56020841963206,
            1717.3
          ],
          [
            138.44886811771445,
            36.56021492067214,
            1715.5
          ],
          [
            138.44897953143573,
            36.560221421712214,
            1713.4
          ],
          [
            138.449090945157,
            36.56022792275229,
            1711.7
          ],
          [
            138.4492007398951,
            36.5602431681725,
            1709.4
          ],
          [
            138.4493096456467,
            36.56026321514709,
            1708.0
          ],
          [
            138.44941855139834,
            36.560283262121686,
            1706.0
          ],
          [
            138.44952745714994,
            36.560303309096284,
            1705.0
          ],
          [
            138.44963636290154,
            36.560323356070874,
            1703.0
          ],
          [
            138.44974035128513,
            36.56035543050273,
            1701.7
          ],
          [
            138.4498426706804,
            36.5603915871357,
            1699.6
          ],
          [
            138.4499449900757,
            36.56042774376867,
            1698.3
          ],
          [
            138.450047309471,
            36.560463900401636,
            1696.6
          ],
          [
            138.45013721670426,
            36.56051445780946,
            1694.2
          ],
          [
            138.45021485744263,
            36.56057924698699,
            1693.0
          ],
          [
            138.45029249818097,
            36.56064403616452,
            1690.5
          ],
          [
            138.45036282673271,
            36.560712854267486,
            1688.0
          ],
          [
            138.45040938893052,
            36.560794767340916,
            1686.6
          ],
          [
            138.45045595112836,
            36.560876680414346,
            1684.9
          ],
          [
            138.45051452933777,
            36.56095279601917,
            1683.3
          ],
          [
            138.45058195975898,
            36.56102464062114,
            1681.2
          ],
          [
            138.45064939018016,
            36.5610964852231,
            1679.6
          ],
          [
            138.45071682060134,
            36.56116832982507,
            1677.8
          ],
          [
            138.45080574520958,
            36.56122225311424,
            1676.8
          ],
          [
            138.45089698005344,
            36.56127425018699,
            1675.6
          ],
          [
            138.45098821489734,
            36.56132624725974,
            1674.2
          ],
          [
            138.4510794497412,
            36.561378244332495,
            1672.1
          ],
          [
            138.4511706845851,
            36.56143024140525,
            1669.7
          ],
          [
            138.45121868908475,
            36.56145760039832,
            1669.2
          ]
        ]
      },
      "properties": {
        "name": "C-4",
        "slope_deg": [
          12.543973346572233,
          12.543973346572233,
          12.543973346572233,
          9.78720366465624,
          11.44759626368548,
          14.439965121002654,
          14.17097756293297,
          17.223436191131583,
          15.642246457208788,
          13.901350769509243,
          14.97598451475675,
          12.407418527400683,
          13.088732789694,
          12.270720357815385,
          13.224551192213344,
          15.109575122340402,
          14.43996512100296,
          13.901350769508936,
          10.757967088390194,
          10.481218144131045,
          11.44759626368548,
          11.309932474020215,
          11.996899307923577,
          9.648045316098093,
          8.390627013252708,
          7.829076510059608,
          6.418786730238786,
          7.688447769902681,
          8.810732985984655,
          11.58512622485511,
          14.305551846622015,
          13.631094443421603,
          12.95276451337558,
          10.481218144131045,
          9.369385096487358,
          10.342657140474548,
          9.926245506651705,
          11.172136252166961,
          10.619655276155134,
          10.481218144131045,
          9.50877195829791,
          9.09027692082245,
          8.9505586562316,
          9.09027692082245,
          9.50877195829791,
          9.09027692082245,
          10.619655276155134,
          9.369385096487358,
          11.034209003250188,
          12.133880170633224,
          10.757967088390194,
          11.44759626368548,
          10.203973721731748,
          9.648045316098093,
          9.926245506651705,
          10.065169352760034,
          9.22988624372772,
          7.969610394321551,
          7.688447769902681,
          8.11004782941916,
          10.065169352759717,
          10.065169352759717,
          10.065169352759717,
          10.065169352759717
        ],
        "horizontal_dist_map": 625,
        "slope_dist_map": 638,
        "elevation_diff_map": 122.8,
        "avg_slope_deg_map": 10.9,
        "max_slope_deg_map": 17.2,
        "resort": "pallcall-tsumagoi-resort",
        "level": "中級",
        "distance": "",
        "maxWidth": "",
        "minWidth": "",
        "avg": "",
        "max": 16,
        "piste": "○",
        "snowboard": "○",
        "note": "",
        "image": "",
        "searchWord": "パルコール嬬恋　C-4",
        "status": "×",
        "update": "2025.5.9 12:14 更新",
        "latest_note": null
      }
    },
    {
      "type": "Feature",
      "geometry": {
        "type": "LineString",
        "coordinates": [
          [
            138.4431891515923,
            36.561476346243445,
            1818.7
          ],
          [
            138.44326721315372,
            36.56154080631806,
            1816.8
          ],
          [
            138.44334527471514,
            36.561605266392675,
            1815.0
          ],
          [
            138.44342333627657,
            36.56166972646729,
            1813.0
          ],
          [
            138.44350139783796,
            36.561734186541905,
            1811.5
          ],
          [
            138.4435794593994,
            36.561798646616516,
            1809.6
          ],
          [
            138.44365842174807,
            36.56186238862192,
            1807.8
          ],
          [
            138.4437374169287,
            36.56192610445506,
            1804.9
          ],
          [
            138.44381641210933,
            36.561989820288204,
            1801.7
          ],
          [
            138.44389540728997,
            36.562053536121354,
            1798.8
          ],
          [
            138.44397202633593,
            36.56211909308922,
            1796.2
          ],
          [
            138.4440477559993,
            36.562185339190236,
            1794.7
          ],
          [
            138.44412348566266,
            36.56225158529124,
            1792.8
          ],
          [
            138.44419921532602,
            36.56231783139226,
            1791.6
          ],
          [
            138.4442749449894,
            36.56238407749327,
            1789.2
          ],
          [
            138.44435120329877,
            36.56244989448493,
            1787.3
          ],
          [
            138.44443379393667,
            36.56251057143702,
            1785.2
          ],
          [
            138.4445163845746,
            36.56257124838911,
            1782.6
          ],
          [
            138.4445989752125,
            36.5626319253412,
            1781.7
          ],
          [
            138.4446890866851,
            36.56268507255644,
            1776.9
          ],
          [
            138.4447801501666,
            36.562737266635885,
            1773.9
          ],
          [
            138.44487121364807,
            36.56278946071533,
            1771.4
          ],
          [
            138.44496249982424,
            36.56284139017554,
            1770.0
          ],
          [
            138.44505624431565,
            36.562890398517034,
            1769.2
          ],
          [
            138.4451499888071,
            36.56293940685853,
            1768.3
          ],
          [
            138.4452437332985,
            36.562988415200024,
            1766.5
          ],
          [
            138.44533747778993,
            36.563037423541516,
            1764.9
          ],
          [
            138.44544116789837,
            36.56307091656847,
            1763.9
          ],
          [
            138.44554493069538,
            36.56310429620018,
            1762.8
          ],
          [
            138.44564869349236,
            36.563137675831896,
            1761.7
          ],
          [
            138.44575732132546,
            36.56315637279995,
            1760.6
          ],
          [
            138.44586789149858,
            36.56316920779193,
            1759.2
          ],
          [
            138.4459784616717,
            36.56318204278391,
            1757.6
          ],
          [
            138.44608903184485,
            36.563194877775885,
            1756.0
          ],
          [
            138.44619960201797,
            36.56320771276786,
            1754.2
          ],
          [
            138.44631041266285,
            36.56319704657475,
            1752.8
          ],
          [
            138.4464212304154,
            36.563185685755116,
            1751.0
          ],
          [
            138.44653204816794,
            36.563174324935474,
            1748.2
          ],
          [
            138.4466428659205,
            36.56316296411583,
            1746.3
          ],
          [
            138.44675368367302,
            36.56315160329619,
            1743.6
          ],
          [
            138.44686391981588,
            36.563137515514526,
            1742.9
          ],
          [
            138.44697307247583,
            36.56311834766465,
            1741.5
          ],
          [
            138.44708222513577,
            36.56309917981476,
            1741.8
          ],
          [
            138.4471913777957,
            36.563080011964885,
            1741.5
          ],
          [
            138.44730052488788,
            36.56306082381168,
            1740.8
          ],
          [
            138.4474096654969,
            36.56304161201688,
            1740.2
          ],
          [
            138.4475188061059,
            36.56302240022209,
            1738.8
          ],
          [
            138.4476279467149,
            36.56300318842729,
            1738.5
          ],
          [
            138.44773708732393,
            36.562983976632495,
            1737.4
          ],
          [
            138.44784622793293,
            36.5629647648377,
            1737.4
          ],
          [
            138.44795536854193,
            36.5629455530429,
            1736.3
          ],
          [
            138.44806450915092,
            36.56292634124811,
            1735.8
          ],
          [
            138.44817364975995,
            36.56290712945331,
            1735.0
          ],
          [
            138.44828261431348,
            36.56288733142747,
            1734.1
          ],
          [
            138.44839055663905,
            36.56286412957753,
            1733.0
          ],
          [
            138.4484984989646,
            36.56284092772758,
            1732.4
          ],
          [
            138.44860644129017,
            36.56281772587763,
            1731.0
          ],
          [
            138.4487143836157,
            36.56279452402769,
            1729.9
          ],
          [
            138.44882232594128,
            36.56277132217774,
            1728.0
          ],
          [
            138.44893026826682,
            36.56274812032779,
            1726.7
          ],
          [
            138.4490382105924,
            36.56272491847785,
            1724.3
          ],
          [
            138.44914615291793,
            36.5627017166279,
            1722.3
          ],
          [
            138.4492540952435,
            36.56267851477795,
            1720.0
          ],
          [
            138.44936203756905,
            36.56265531292801,
            1718.2
          ],
          [
            138.44946997989462,
            36.56263211107806,
            1715.9
          ],
          [
            138.44957792222016,
            36.56260890922811,
            1714.7
          ],
          [
            138.44968480892769,
            36.56258300894819,
            1713.2
          ],
          [
            138.44978970958888,
            36.562552031825334,
            1711.9
          ],
          [
            138.44989461025008,
            36.56252105470247,
            1709.4
          ],
          [
            138.44999951091128,
            36.56249007757961,
            1707.7
          ],
          [
            138.45010441157245,
            36.56245910045675,
            1705.3
          ],
          [
            138.45020931223365,
            36.56242812333389,
            1703.2
          ],
          [
            138.45030559912098,
            36.5623846970107,
            1700.6
          ],
          [
            138.4503933476846,
            36.56232893053279,
            1698.3
          ],
          [
            138.45048109624827,
            36.56227316405488,
            1694.4
          ],
          [
            138.4505688448119,
            36.56221739757697,
            1691.0
          ],
          [
            138.45065659337553,
            36.562161631099066,
            1688.9
          ],
          [
            138.45074525735092,
            36.56210681816851,
            1685.0
          ],
          [
            138.45083412082278,
            36.562052213045334,
            1681.7
          ],
          [
            138.4509229842946,
            36.56199760792215,
            1678.3
          ],
          [
            138.45101184776647,
            36.56194300279898,
            1676.0
          ],
          [
            138.45110071123833,
            36.561888397675794,
            1673.8
          ],
          [
            138.45118957471018,
            36.56183379255262,
            1670.7
          ],
          [
            138.45124423761783,
            36.56180020310643,
            1669.3
          ]
        ]
      },
      "properties": {
        "name": "D-7",
        "slope_deg": [
          10.203973721731748,
          10.203973721731748,
          10.203973721731748,
          10.203973721731748,
          10.203973721731748,
          11.44759626368548,
          13.766300685466197,
          15.109575122340402,
          16.17215901578243,
          14.305551846622015,
          12.543973346572233,
          10.203973721731748,
          9.926245506651705,
          10.481218144131045,
          10.757967088389877,
          12.68038349181982,
          10.619655276155134,
          14.574216198038554,
          15.774985955414008,
          15.642246457208486,
          16.304198003832376,
          10.896152141141194,
          7.969610394321551,
          6.98393746008542,
          7.266008446995867,
          7.547725773843047,
          7.829076510059608,
          6.842773412630876,
          6.13573334018705,
          6.701525844729548,
          7.406912128495294,
          8.11004782941916,
          9.090276920822133,
          9.09027692082245,
          9.369385096487358,
          11.034209003250188,
          11.172136252167274,
          12.95276451337558,
          11.44759626368548,
          9.50877195829791,
          6.418786730238786,
          3.005269359689804,
          3.005269359690129,
          1.8614576304666637,
          4.289153328819018,
          4.289153328819018,
          4.8584629190340936,
          4.0041729407093225,
          3.576334374997351,
          3.8616074096751394,
          3.433630362450652,
          4.716221234338539,
          4.7162212343382155,
          4.8584629190340936,
          5.710593137499643,
          5.994092949108213,
          7.125016348901798,
          8.11004782941916,
          9.50877195829791,
          10.757967088390194,
          11.309932474020215,
          11.996899307923577,
          11.85977912094779,
          10.757967088389877,
          9.648045316098093,
          8.9505586562316,
          9.22988624372772,
          9.926245506651705,
          11.172136252167274,
          12.270720357815385,
          12.407418527400994,
          13.224551192213651,
          15.242997742901395,
          16.961705886532968,
          16.304198003832074,
          18.39196625070533,
          17.6146433000071,
          17.6146433000071,
          17.874511367250427,
          15.642246457208788,
          15.37625124882619,
          15.37625124882619,
          15.37625124882619,
          15.37625124882619
        ],
        "horizontal_dist_map": 826,
        "slope_dist_map": 842,
        "elevation_diff_map": 149.4,
        "avg_slope_deg_map": 10.1,
        "max_slope_deg_map": 18.4,
        "resort": "pallcall-tsumagoi-resort",
        "level": "初級",
        "distance": "",
        "maxWidth": "",
        "minWidth": "",
        "avg": "",
        "max": 18,
        "piste": "○",
        "snowboard": "○",
        "note": "",
        "image": "",
        "searchWord": "パルコール嬬恋　D-7",
        "status": "×",
        "update": "2025.5.9 12:14 更新",
        "latest_note": null
      }
    },
    {
      "type": "Feature",
      "geometry": {
        "type": "LineString",
        "coordinates": [
          [
            138.44919803006707,
            36.558996951633894,
            1698.4
          ],
          [
            138.4493067748326,
            36.559017553540016,
            1696.9
          ],
          [
            138.44941551959812,
            36.55903815544614,
            1694.0
          ],
          [
            138.44952426436365,
            36.559058757352254,
            1692.6
          ],
          [
            138.44963300912917,
            36.55907935925838,
            1690.3
          ],
          [
            138.44974243188148,
            36.55909746643435,
            1689.6
          ],
          [
            138.44985188761888,
            36.55911545223783,
            1688.7
          ],
          [
            138.44996134335628,
            36.559133438041314,
            1687.6
          ],
          [
            138.45007079909368,
            36.559151423844796,
            1687.2
          ],
          [
            138.45018138768367,
            36.559163977757834,
            1686.3
          ],
          [
            138.4502921130939,
            36.55917587563432,
            1684.6
          ],
          [
            138.45040283850415,
            36.55918777351079,
            1681.0
          ],
          [
            138.4505135639144,
            36.559199671387276,
            1679.6
          ],
          [
            138.4506247402184,
            36.559203805818875,
            1676.5
          ],
          [
            138.45073635955802,
            36.55920031210586,
            1675.1
          ],
          [
            138.45084797889768,
            36.55919681839285,
            1672.5
          ],
          [
            138.45095959823732,
            36.55919332467983,
            1669.8
          ],
          [
            138.4510705027559,
            36.55918325122116,
            1668.3
          ],
          [
            138.45118117379087,
            36.55917102860528,
            1666.4
          ],
          [
            138.45129184482585,
            36.55915880598939,
            1665.4
          ],
          [
            138.45140243152449,
            36.55914634214966,
            1663.3
          ],
          [
            138.45150470884934,
            36.55911011134296,
            1662.7
          ],
          [
            138.4516069861742,
            36.55907388053625,
            1660.8
          ],
          [
            138.45170926349905,
            36.559037649729554,
            1659.3
          ],
          [
            138.45181070619864,
            36.55900008985438,
            1655.9
          ],
          [
            138.45190741783543,
            36.558954996171494,
            1654.2
          ],
          [
            138.45200412947221,
            36.5589099024886,
            1651.2
          ],
          [
            138.45210084110903,
            36.558864808805716,
            1649.4
          ],
          [
            138.4521948104968,
            36.558816350795844,
            1648.0
          ],
          [
            138.45228445730183,
            36.55876258962726,
            1644.9
          ],
          [
            138.4523741041069,
            36.55870882845867,
            1642.7
          ],
          [
            138.45246375091193,
            36.55865506729008,
            1640.0
          ],
          [
            138.45255339771697,
            36.558601306121496,
            1638.7
          ],
          [
            138.452643044522,
            36.5585475449529,
            1636.7
          ],
          [
            138.45273269132704,
            36.558493783784314,
            1634.4
          ],
          [
            138.45282233813208,
            36.55844002261573,
            1632.5
          ],
          [
            138.45291198493712,
            36.55838626144714,
            1629.6
          ],
          [
            138.45300163174215,
            36.55833250027855,
            1627.4
          ],
          [
            138.4530945449046,
            36.55828345522287,
            1625.5
          ],
          [
            138.45319828405698,
            36.55825004121572,
            1622.5
          ],
          [
            138.45330202320935,
            36.558216627208566,
            1620.8
          ],
          [
            138.45340576236174,
            36.55818321320141,
            1618.6
          ],
          [
            138.4535095015141,
            36.55814979919426,
            1616.8
          ],
          [
            138.4536132406665,
            36.558116385187105,
            1614.9
          ],
          [
            138.45371697981886,
            36.55808297117995,
            1613.4
          ],
          [
            138.45382071897126,
            36.5580495571728,
            1611.4
          ],
          [
            138.45392445812362,
            36.558016143165645,
            1609.5
          ],
          [
            138.45402819727602,
            36.55798272915849,
            1607.9
          ],
          [
            138.45413193642838,
            36.55794931515133,
            1605.6
          ],
          [
            138.45424033954947,
            36.55793043678445,
            1604.1
          ],
          [
            138.45435114487455,
            36.55791904508307,
            1602.7
          ],
          [
            138.45446195019966,
            36.557907653381676,
            1601.1
          ],
          [
            138.45457275552474,
            36.557896261680284,
            1599.6
          ],
          [
            138.45468356084984,
            36.55788486997889,
            1599.0
          ],
          [
            138.45479436617495,
            36.55787347827751,
            1597.7
          ],
          [
            138.45490517150003,
            36.557862086576115,
            1597.0
          ],
          [
            138.45501597682514,
            36.55785069487472,
            1596.5
          ],
          [
            138.45512678215024,
            36.55783930317333,
            1594.9
          ],
          [
            138.45523692853627,
            36.557825328768246,
            1593.7
          ],
          [
            138.45534430395927,
            36.557800493606884,
            1592.0
          ],
          [
            138.45545167938226,
            36.55777565844552,
            1591.2
          ],
          [
            138.45555905480526,
            36.55775082328417,
            1588.9
          ],
          [
            138.45566643022826,
            36.557725988122804,
            1587.4
          ],
          [
            138.45577380565126,
            36.55770115296144,
            1585.3
          ],
          [
            138.45588118107426,
            36.55767631780008,
            1584.3
          ],
          [
            138.45598855649726,
            36.55765148263872,
            1582.4
          ],
          [
            138.45609593192023,
            36.557626647477356,
            1580.9
          ],
          [
            138.45620330734323,
            36.557601812315994,
            1579.7
          ],
          [
            138.45631068276623,
            36.55757697715463,
            1577.8
          ],
          [
            138.45641623333506,
            36.55754825660061,
            1575.8
          ],
          [
            138.45651704928108,
            36.55750945531304,
            1574.3
          ],
          [
            138.4566178652271,
            36.55747065402546,
            1572.3
          ],
          [
            138.4567186811731,
            36.557431852737885,
            1570.4
          ],
          [
            138.4568194971191,
            36.55739305145031,
            1567.9
          ],
          [
            138.45692031306513,
            36.55735425016274,
            1566.0
          ],
          [
            138.45702112901114,
            36.557315448875165,
            1564.6
          ],
          [
            138.45712194495715,
            36.557276647587585,
            1563.2
          ],
          [
            138.45722276090316,
            36.55723784630001,
            1561.0
          ],
          [
            138.45732357684918,
            36.55719904501244,
            1559.6
          ],
          [
            138.4574243927952,
            36.557160243724866,
            1558.5
          ],
          [
            138.45751732758725,
            36.55711119982709,
            1557.0
          ],
          [
            138.4576051626097,
            36.55705552809884,
            1555.3
          ],
          [
            138.45769299763214,
            36.5569998563706,
            1554.2
          ],
          [
            138.45778083265455,
            36.55694418464236,
            1553.0
          ],
          [
            138.457868667677,
            36.55688851291412,
            1552.2
          ],
          [
            138.45795650269943,
            36.55683284118588,
            1551.1
          ],
          [
            138.45795892414714,
            36.55683130642019,
            1551.1
          ]
        ]
      },
      "properties": {
        "name": "C-3",
        "slope_deg": [
          11.44759626368579,
          11.44759626368579,
          11.44759626368579,
          10.342657140474863,
          7.547725773843047,
          7.125016348901798,
          4.431564716435714,
          4.7162212343382155,
          5.852378988915814,
          9.369385096487358,
          10.757967088390194,
          13.766300685466197,
          13.360218444764483,
          11.996899307923577,
          13.766300685466197,
          11.58512622485511,
          12.270720357815076,
          10.065169352759717,
          9.22988624372772,
          7.969610394321233,
          7.969610394321551,
          8.670801453591151,
          10.48121814413073,
          11.996899307923577,
          13.49573328079569,
          13.901350769508936,
          11.172136252167274,
          13.088732789694,
          11.996899307923577,
          13.224551192213651,
          13.088732789694,
          11.58512622485511,
          11.7225209701022,
          10.619655276155134,
          12.816647648997623,
          13.088732789694,
          12.543973346572233,
          14.036243467926479,
          12.407418527400683,
          12.407418527400994,
          12.270720357815385,
          10.757967088389877,
          10.48121814413073,
          10.203973721731431,
          10.342657140474548,
          9.926245506651705,
          11.034209003250501,
          10.342657140474863,
          9.648045316098093,
          9.64804531609841,
          8.530765609948133,
          7.266008446995867,
          7.125016348901798,
          5.852378988915493,
          4.431564716435714,
          5.852378988915493,
          5.710593137499643,
          7.125016348901798,
          7.547725773843047,
          8.530765609948133,
          8.9505586562316,
          9.50877195829791,
          9.78720366465624,
          9.22988624372772,
          9.22988624372772,
          7.969610394321233,
          9.22988624372772,
          9.369385096487674,
          9.369385096487674,
          10.481218144131045,
          10.48121814413073,
          11.172136252166961,
          11.7225209701022,
          10.896152141141194,
          10.203973721731748,
          9.78720366465624,
          9.09027692082245,
          8.670801453590833,
          8.810732985984973,
          8.11004782941916,
          7.688447769902681,
          7.829076510059608,
          6.842773412630876,
          5.994092949108534,
          5.994092949108534,
          5.994092949108534,
          5.994092949108534
        ],
        "horizontal_dist_map": 850,
        "slope_dist_map": 864,
        "elevation_diff_map": 147.3,
        "avg_slope_deg_map": 9.7,
        "max_slope_deg_map": 14.0,
        "resort": "pallcall-tsumagoi-resort",
        "level": "初級",
        "distance": "",
        "maxWidth": "",
        "minWidth": "",
        "avg": "",
        "max": 19,
        "piste": "○",
        "snowboard": "○",
        "note": "",
        "image": "",
        "searchWord": "パルコール嬬恋　C-3",
        "status": "×",
        "update": "2025.5.9 12:14 更新",
        "latest_note": null
      }
    },
    {
      "type": "Feature",
      "geometry": {
        "type": "LineString",
        "coordinates": [
          [
            138.44232734818826,
            36.558230313601534,
            1835.8
          ],
          [
            138.4424120892995,
            36.55828902498904,
            1833.6
          ],
          [
            138.44249683041073,
            36.55834773637655,
            1832.2
          ],
          [
            138.44258157152197,
            36.55840644776405,
            1830.3
          ],
          [
            138.4426663126332,
            36.55846515915156,
            1828.7
          ],
          [
            138.44275105374442,
            36.55852387053906,
            1825.6
          ],
          [
            138.44283579485565,
            36.55858258192657,
            1822.7
          ],
          [
            138.4429212951039,
            36.55864057211363,
            1821.3
          ],
          [
            138.4430068778974,
            36.55869848388048,
            1820.2
          ],
          [
            138.44309246069088,
            36.55875639564733,
            1819.3
          ],
          [
            138.44317804348438,
            36.55881430741418,
            1817.9
          ],
          [
            138.44326362627788,
            36.55887221918103,
            1816.4
          ],
          [
            138.44334920907139,
            36.55893013094788,
            1815.0
          ],
          [
            138.44343479186486,
            36.55898804271473,
            1812.9
          ],
          [
            138.44352166127285,
            36.559044649619665,
            1811.2
          ],
          [
            138.44361086383256,
            36.5590988902829,
            1809.6
          ],
          [
            138.44370006639227,
            36.55915313094613,
            1808.6
          ],
          [
            138.44378926895197,
            36.55920737160936,
            1807.6
          ],
          [
            138.4438771981557,
            36.55926288265375,
            1807.1
          ],
          [
            138.4439616093852,
            36.559321903453544,
            1806.8
          ],
          [
            138.44404602061473,
            36.55938092425333,
            1805.7
          ],
          [
            138.4441304318443,
            36.55943994505313,
            1804.5
          ],
          [
            138.44421218079228,
            36.559501342356164,
            1803.8
          ],
          [
            138.44429347824573,
            36.5595631426888,
            1802.8
          ],
          [
            138.44439163667357,
            36.55960614108817,
            1801.1
          ],
          [
            138.4444982509886,
            36.559605682748185,
            1799.1
          ],
          [
            138.4446032644356,
            36.55957756138693,
            1796.5
          ],
          [
            138.44470326426745,
            36.55953740469471,
            1794.3
          ],
          [
            138.44480326409925,
            36.559497248002494,
            1791.5
          ],
          [
            138.44490326393108,
            36.55945709131027,
            1788.6
          ],
          [
            138.4450032637629,
            36.55941693461805,
            1786.2
          ],
          [
            138.44510326359472,
            36.55937677792583,
            1783.8
          ],
          [
            138.44520326342655,
            36.559336621233605,
            1780.9
          ],
          [
            138.44530613295134,
            36.55930164564437,
            1778.5
          ],
          [
            138.44540992470164,
            36.559268335092234,
            1775.9
          ],
          [
            138.44551371645193,
            36.559235024540094,
            1773.5
          ],
          [
            138.44561750820222,
            36.55920171398796,
            1772.2
          ],
          [
            138.4457212999525,
            36.55916840343583,
            1770.2
          ],
          [
            138.44582516572353,
            36.55913527250284,
            1768.4
          ],
          [
            138.44593301875793,
            36.55911181708566,
            1766.5
          ],
          [
            138.4460408717923,
            36.55908836166847,
            1764.9
          ],
          [
            138.44615114577485,
            36.55907887706636,
            1762.5
          ],
          [
            138.44626283721084,
            36.55907757230906,
            1760.8
          ],
          [
            138.44637452864686,
            36.55907626755175,
            1758.8
          ],
          [
            138.44648622008287,
            36.55907496279445,
            1757.4
          ],
          [
            138.44659792051178,
            36.55907477910371,
            1754.4
          ],
          [
            138.4467096235225,
            36.55907491726869,
            1750.5
          ],
          [
            138.44682132653327,
            36.55907505543367,
            1748.1
          ],
          [
            138.446933029544,
            36.559075193598645,
            1746.0
          ],
          [
            138.44704473255473,
            36.55907533176362,
            1744.8
          ],
          [
            138.44715640733978,
            36.55907395745926,
            1742.3
          ],
          [
            138.44726805458217,
            36.55907110728625,
            1738.2
          ],
          [
            138.44737970182456,
            36.55906825711324,
            1736.0
          ],
          [
            138.44749134906695,
            36.55906540694023,
            1733.2
          ],
          [
            138.44760299630934,
            36.559062556767216,
            1731.4
          ],
          [
            138.44771464355173,
            36.559059706594205,
            1729.2
          ],
          [
            138.4478262907941,
            36.55905685642119,
            1727.8
          ],
          [
            138.4479379380365,
            36.55905400624818,
            1726.2
          ],
          [
            138.44804903681532,
            36.55904473154367,
            1723.3
          ],
          [
            138.44816011435694,
            36.55903520807333,
            1721.0
          ],
          [
            138.44827119189856,
            36.559025684602986,
            1717.8
          ],
          [
            138.4483822694402,
            36.55901616113264,
            1714.8
          ],
          [
            138.44849334698182,
            36.55900663766229,
            1713.3
          ],
          [
            138.44860277826925,
            36.55899017892508,
            1710.5
          ],
          [
            138.44871035877793,
            36.558965923308996,
            1708.2
          ],
          [
            138.4488179392866,
            36.55894166769292,
            1705.3
          ],
          [
            138.4489255197953,
            36.55891741207684,
            1703.6
          ],
          [
            138.44903310030398,
            36.55889315646076,
            1701.0
          ],
          [
            138.44913651181704,
            36.55886027116376,
            1698.2
          ],
          [
            138.44923606626725,
            36.55881940187621,
            1695.1
          ],
          [
            138.4493337542566,
            36.55877643535949,
            1693.3
          ],
          [
            138.44941358467995,
            36.558713403375926,
            1691.1
          ],
          [
            138.44949341510332,
            36.55865037139235,
            1689.4
          ],
          [
            138.4495732455267,
            36.55858733940879,
            1688.0
          ],
          [
            138.44965060305083,
            36.55852267468025,
            1686.9
          ],
          [
            138.44971140749686,
            36.558447080692986,
            1685.3
          ],
          [
            138.44977221194287,
            36.558371486705724,
            1684.0
          ],
          [
            138.4498330163889,
            36.55829589271846,
            1683.5
          ],
          [
            138.449902557717,
            36.55822618627063,
            1682.0
          ],
          [
            138.44998874924568,
            36.558170226509496,
            1680.7
          ],
          [
            138.45009027935237,
            36.55813265505431,
            1679.2
          ],
          [
            138.45019180945908,
            36.55809508359912,
            1675.0
          ],
          [
            138.45029333956577,
            36.55805751214393,
            1671.7
          ],
          [
            138.45039486967246,
            36.558019940688744,
            1667.9
          ],
          [
            138.45049784805389,
            36.557985141457564,
            1665.4
          ],
          [
            138.45060208117678,
            36.55795274399763,
            1663.0
          ],
          [
            138.4507063142997,
            36.5579203465377,
            1660.1
          ],
          [
            138.4508105474226,
            36.55788794907777,
            1658.4
          ],
          [
            138.45091478054553,
            36.557855551617834,
            1655.8
          ],
          [
            138.45101901366846,
            36.5578231541579,
            1654.1
          ],
          [
            138.4511198810207,
            36.557785091801826,
            1652.7
          ],
          [
            138.4512164732348,
            36.55773983400198,
            1650.4
          ],
          [
            138.45131306544891,
            36.55769457620214,
            1648.1
          ],
          [
            138.45140965766302,
            36.5576493184023,
            1645.7
          ],
          [
            138.45150624987713,
            36.55760406060245,
            1643.6
          ],
          [
            138.45160284209123,
            36.55755880280261,
            1640.9
          ],
          [
            138.45169825767292,
            36.55751207171812,
            1639.2
          ],
          [
            138.45178926559495,
            36.55745982171619,
            1637.7
          ],
          [
            138.45188027351696,
            36.557407571714265,
            1636.4
          ],
          [
            138.45197128143897,
            36.557355321712336,
            1635.2
          ],
          [
            138.452062289361,
            36.55730307171041,
            1633.8
          ],
          [
            138.45215329728302,
            36.55725082170848,
            1632.2
          ],
          [
            138.45224430520506,
            36.55719857170655,
            1630.9
          ],
          [
            138.45234018216365,
            36.557152346930366,
            1629.6
          ],
          [
            138.4524361579656,
            36.5571062444686,
            1628.5
          ],
          [
            138.45253213376753,
            36.55706014200684,
            1627.4
          ],
          [
            138.45262810956947,
            36.557014039545074,
            1625.6
          ],
          [
            138.45268085464116,
            36.55698870318319,
            1625.1
          ]
        ]
      },
      "properties": {
        "name": "C-2",
        "slope_deg": [
          10.065169352759717,
          10.065169352759717,
          10.065169352759717,
          11.309932474020215,
          13.360218444764483,
          12.68038349181982,
          11.996899307923577,
          8.9505586562316,
          6.842773412630876,
          6.983937460085098,
          7.406912128495294,
          9.090276920822133,
          9.50877195829791,
          9.64804531609841,
          9.09027692082245,
          7.547725773843367,
          5.852378988915814,
          4.0041729407093225,
          4.146688825965815,
          4.431564716435714,
          4.7162212343382155,
          5.710593137499643,
          6.560196400571501,
          7.688447769903003,
          10.342657140474548,
          11.996899307923577,
          13.49573328079569,
          14.708303899682749,
          14.439965121002654,
          14.708303899682749,
          14.84222705791098,
          14.17097756293297,
          14.439965121002654,
          14.439965121002654,
          12.270720357815385,
          11.7225209701022,
          10.619655276155134,
          9.926245506651705,
          10.342657140474548,
          10.896152141141194,
          10.757967088390194,
          10.896152141141194,
          10.619655276155134,
          11.44759626368548,
          14.439965121002654,
          14.97598451475675,
          15.907551930525962,
          13.495733280795996,
          11.58512622485511,
          13.901350769508936,
          14.036243467926479,
          16.17215901578243,
          15.242997742901395,
          12.68038349181982,
          11.58512622485511,
          9.926245506651705,
          11.44759626368579,
          11.58512622485511,
          14.036243467926479,
          15.907551930525962,
          14.036243467926479,
          14.708303899682749,
          13.49573328079569,
          13.360218444764483,
          13.631094443421603,
          13.360218444764483,
          14.036243467926479,
          14.305551846622015,
          14.439965121002654,
          13.901350769509243,
          12.407418527400683,
          10.065169352759717,
          9.090276920822133,
          8.250387228905435,
          7.688447769903003,
          6.418786730238786,
          6.98393746008542,
          6.56019640057118,
          6.842773412630876,
          11.996899307923577,
          14.439965121002654,
          17.744671625056874,
          19.034434354835135,
          16.69924423399362,
          16.172159015782732,
          13.360218444764483,
          13.495733280795996,
          12.543973346572233,
          10.48121814413073,
          11.309932474020215,
          10.896152141141194,
          11.85977912094779,
          12.816647648997623,
          13.360218444764483,
          12.543973346571923,
          11.309932474020215,
          10.203973721731431,
          8.11004782941916,
          7.688447769903003,
          7.829076510059608,
          7.829076510059608,
          7.969610394321551,
          7.547725773843047,
          6.842773412630876,
          7.547725773843367,
          7.547725773843367,
          7.547725773843367,
          7.547725773843367
        ],
        "horizontal_dist_map": 1065,
        "slope_dist_map": 1089,
        "elevation_diff_map": 210.7,
        "avg_slope_deg_map": 10.9,
        "max_slope_deg_map": 19.0,
        "resort": "pallcall-tsumagoi-resort",
        "level": "中級",
        "distance": "",
        "maxWidth": "",
        "minWidth": "",
        "avg": "",
        "max": 21,
        "piste": "○",
        "snowboard": "○",
        "note": "",
        "image": "",
        "searchWord": "パルコール嬬恋　C-2",
        "status": "×",
        "update": "2025.5.9 12:14 更新",
        "latest_note": null
      }
    },
    {
      "type": "Feature",
      "geometry": {
        "type": "LineString",
        "coordinates": [
          [
            138.42778877686345,
            36.56053448439034,
            2083.8
          ],
          [
            138.4278996117566,
            36.56054571195659,
            2081.4
          ],
          [
            138.42801044664975,
            36.56055693952285,
            2078.0
          ],
          [
            138.4281212815429,
            36.5605681670891,
            2075.5
          ],
          [
            138.42823211643605,
            36.560579394655356,
            2074.0
          ],
          [
            138.4283429513292,
            36.56059062222161,
            2070.9
          ],
          [
            138.42845381095194,
            36.56060168652587,
            2068.5
          ],
          [
            138.42856473966737,
            36.56061229468796,
            2065.8
          ],
          [
            138.42867566838277,
            36.56062290285005,
            2064.3
          ],
          [
            138.42878659709817,
            36.560633511012135,
            2061.6
          ],
          [
            138.4288975258136,
            36.56064411917423,
            2058.1
          ],
          [
            138.429008454529,
            36.56065472733631,
            2056.0
          ],
          [
            138.4291193832444,
            36.560665335498406,
            2053.4
          ],
          [
            138.42923031195983,
            36.56067594366049,
            2051.7
          ],
          [
            138.42934112242372,
            36.560687165335544,
            2049.7
          ],
          [
            138.42945080579528,
            36.56070423459527,
            2048.5
          ],
          [
            138.42956048916685,
            36.560721303855,
            2045.1
          ],
          [
            138.42967017253844,
            36.56073837311473,
            2041.6
          ],
          [
            138.42977985591,
            36.56075544237446,
            2040.0
          ],
          [
            138.42988953928156,
            36.560772511634184,
            2037.4
          ],
          [
            138.42999922265315,
            36.56078958089392,
            2035.9
          ],
          [
            138.4301089060247,
            36.560806650153644,
            2034.5
          ],
          [
            138.43021858939628,
            36.56082371941337,
            2033.1
          ],
          [
            138.43032827276784,
            36.560840788673104,
            2031.2
          ],
          [
            138.43043795613943,
            36.56085785793283,
            2030.1
          ],
          [
            138.430547639511,
            36.56087492719256,
            2028.5
          ],
          [
            138.43065746657942,
            36.56089138244025,
            2026.6
          ],
          [
            138.43076732505648,
            36.56090770348003,
            2025.0
          ],
          [
            138.4308771835335,
            36.56092402451979,
            2022.8
          ],
          [
            138.43098704201054,
            36.56094034555956,
            2021.6
          ],
          [
            138.4310969004876,
            36.560956666599324,
            2019.1
          ],
          [
            138.43120675896463,
            36.5609729876391,
            2017.8
          ],
          [
            138.43131661744167,
            36.56098930867886,
            2015.3
          ],
          [
            138.4314264759187,
            36.56100562971863,
            2013.0
          ],
          [
            138.43153633439576,
            36.561021950758395,
            2010.5
          ],
          [
            138.4316462971015,
            36.56103779270495,
            2007.7
          ],
          [
            138.43175648378423,
            36.56105260512882,
            2006.2
          ],
          [
            138.43186667046697,
            36.56106741755269,
            2003.8
          ],
          [
            138.4319768571497,
            36.56108222997656,
            2002.5
          ],
          [
            138.4320870438324,
            36.561097042400434,
            2000.0
          ],
          [
            138.43219723051513,
            36.5611118548243,
            1998.3
          ],
          [
            138.43230741719785,
            36.56112666724817,
            1995.5
          ],
          [
            138.43241760388057,
            36.56114147967204,
            1992.2
          ],
          [
            138.43252779056328,
            36.56115629209591,
            1989.6
          ],
          [
            138.432637977246,
            36.56117110451978,
            1986.3
          ],
          [
            138.43274816392872,
            36.56118591694365,
            1984.3
          ],
          [
            138.4328584386801,
            36.56120029506971,
            1980.5
          ],
          [
            138.43296874304406,
            36.56121452716558,
            1978.0
          ],
          [
            138.43307904740803,
            36.56122875926145,
            1975.1
          ],
          [
            138.433189351772,
            36.561242991357325,
            1972.4
          ],
          [
            138.43329965613597,
            36.5612572234532,
            1970.7
          ],
          [
            138.43340996049994,
            36.56127145554907,
            1967.3
          ],
          [
            138.4335202648639,
            36.56128568764494,
            1964.9
          ],
          [
            138.43363056922786,
            36.56129991974081,
            1960.2
          ],
          [
            138.43374087359183,
            36.56131415183669,
            1957.9
          ],
          [
            138.4338511779558,
            36.56132838393256,
            1954.7
          ],
          [
            138.4339612106841,
            36.561343829000975,
            1952.5
          ],
          [
            138.43407071347684,
            36.56136164046413,
            1950.9
          ],
          [
            138.43418021626962,
            36.56137945192729,
            1948.6
          ],
          [
            138.43428971906238,
            36.56139726339044,
            1947.3
          ],
          [
            138.43439922185513,
            36.5614150748536,
            1944.1
          ],
          [
            138.4345087246479,
            36.56143288631675,
            1941.5
          ],
          [
            138.43461822744067,
            36.56145069777991,
            1938.0
          ],
          [
            138.43472773023345,
            36.56146850924306,
            1935.4
          ],
          [
            138.4348372330262,
            36.561486320706216,
            1933.0
          ],
          [
            138.43494673581895,
            36.561504132169375,
            1931.3
          ],
          [
            138.43505643303246,
            36.56152105095071,
            1929.7
          ],
          [
            138.4351669053723,
            36.561534410743334,
            1927.2
          ],
          [
            138.43527737771217,
            36.56154777053596,
            1925.5
          ],
          [
            138.43538785005202,
            36.561561130328585,
            1923.3
          ],
          [
            138.43549832239188,
            36.56157449012122,
            1921.5
          ],
          [
            138.43560879473176,
            36.56158784991384,
            1918.1
          ],
          [
            138.43571926707162,
            36.56160120970647,
            1916.2
          ],
          [
            138.43582973941147,
            36.56161456949909,
            1915.7
          ],
          [
            138.43594021175133,
            36.561627929291724,
            1914.3
          ],
          [
            138.43605068409119,
            36.56164128908435,
            1912.6
          ],
          [
            138.43616113489247,
            36.561654755413,
            1911.1
          ],
          [
            138.43627114267022,
            36.561670413066715,
            1909.7
          ],
          [
            138.43638115044794,
            36.56168607072043,
            1907.4
          ],
          [
            138.4364911582257,
            36.56170172837414,
            1906.4
          ],
          [
            138.4366011660034,
            36.56171738602785,
            1905.2
          ],
          [
            138.436642694964,
            36.56172329693794,
            1905.0
          ]
        ]
      },
      "properties": {
        "name": "D-3",
        "slope_deg": [
          13.766300685466504,
          13.766300685466504,
          13.766300685466504,
          14.708303899682749,
          13.360218444764483,
          13.631094443421295,
          13.631094443421295,
          13.088732789694308,
          14.57421619803886,
          13.766300685466504,
          15.2429977429017,
          13.901350769509243,
          11.859779120948104,
          10.619655276155134,
          11.722520970102511,
          14.17097756293297,
          13.631094443421295,
          15.509334522674754,
          12.952764513375273,
          10.065169352759717,
          9.78720366465624,
          8.810732985984973,
          8.250387228905753,
          8.530765609948133,
          9.22988624372772,
          8.810732985984973,
          10.342657140474548,
          9.78720366465624,
          10.619655276155134,
          10.203973721731748,
          10.619655276155134,
          12.133880170633224,
          12.133880170633224,
          14.17097756293297,
          12.816647648997312,
          12.95276451337558,
          11.309932474020215,
          10.896152141141194,
          11.172136252167274,
          11.7225209701022,
          14.439965121002654,
          14.57421619803886,
          16.69924423399362,
          15.642246457208788,
          16.304198003832376,
          16.17215901578243,
          15.642246457208788,
          16.567741642974738,
          13.766300685466197,
          14.97598451475675,
          14.305551846621709,
          16.961705886532968,
          17.744671625056874,
          17.484427323220586,
          17.223436191131583,
          13.088732789694,
          13.088732789694308,
          10.481218144131045,
          11.859779120948104,
          13.224551192213651,
          14.84222705791098,
          16.567741642974738,
          15.509334522674754,
          14.305551846622015,
          11.7225209701022,
          11.58512622485511,
          10.619655276155134,
          11.309932474020215,
          11.58512622485511,
          12.816647648997623,
          13.088732789694,
          10.757967088389877,
          10.203973721731748,
          7.829076510059608,
          7.266008446996189,
          8.530765609948133,
          9.787203664655925,
          8.810732985984655,
          8.390627013252388,
          8.390627013252388,
          8.390627013252388,
          8.390627013252388
        ],
        "horizontal_dist_map": 803,
        "slope_dist_map": 825,
        "elevation_diff_map": 178.8,
        "avg_slope_deg_map": 12.2,
        "max_slope_deg_map": 17.7,
        "resort": "pallcall-tsumagoi-resort",
        "level": "中級",
        "distance": "",
        "maxWidth": "",
        "minWidth": "",
        "avg": "",
        "max": 22,
        "piste": "○",
        "snowboard": "○",
        "note": "",
        "image": "",
        "searchWord": "パルコール嬬恋　D-3",
        "status": "×",
        "update": "2025.5.9 12:14 更新",
        "latest_note": null
      }
    },
    {
      "type": "Feature",
      "geometry": {
        "type": "LineString",
        "coordinates": [
          [
            138.4275544706536,
            36.56058487266562,
            2086.8
          ],
          [
            138.42757599710524,
            36.56067329848827,
            2086.0
          ],
          [
            138.42759752355687,
            36.560761724310915,
            2085.7
          ],
          [
            138.42761531689698,
            36.560850683365565,
            2084.7
          ],
          [
            138.4276327349645,
            36.560939696023574,
            2084.5
          ],
          [
            138.42764915754424,
            36.5610288236678,
            2083.1
          ],
          [
            138.42766340173475,
            36.561118202932114,
            2083.2
          ],
          [
            138.4277147132364,
            36.5611957871857,
            2082.6
          ],
          [
            138.42777994139342,
            36.561268943087356,
            2082.7
          ],
          [
            138.4278573778926,
            36.56133377947155,
            2082.2
          ],
          [
            138.42793588491614,
            36.561397886334376,
            2081.1
          ],
          [
            138.4280143919397,
            36.5614619931972,
            2079.0
          ],
          [
            138.42809289896329,
            36.56152610006002,
            2077.2
          ],
          [
            138.42817316132783,
            36.56158873684261,
            2074.3
          ],
          [
            138.42825551724854,
            36.5616496202932,
            2073.5
          ],
          [
            138.42833787316928,
            36.5617105037438,
            2074.0
          ],
          [
            138.42842022909,
            36.56177138719439,
            2073.9
          ],
          [
            138.42850258501073,
            36.561832270644985,
            2073.7
          ],
          [
            138.42858190634988,
            36.56189552807854,
            2073.1
          ],
          [
            138.42865481167067,
            36.561963804826256,
            2071.6
          ],
          [
            138.42872771699143,
            36.56203208157398,
            2070.1
          ],
          [
            138.42880062231222,
            36.56210035832171,
            2069.9
          ],
          [
            138.4288536334867,
            36.56217594891313,
            2067.6
          ],
          [
            138.4288696796183,
            36.562265129258144,
            2068.4
          ],
          [
            138.42888572574986,
            36.56235430960316,
            2067.8
          ],
          [
            138.4289016807529,
            36.56244350038716,
            2065.7
          ],
          [
            138.42891704381665,
            36.56253275897916,
            2065.2
          ],
          [
            138.42893240688045,
            36.562622017571165,
            2064.9
          ],
          [
            138.42894811643495,
            36.56271123654409,
            2062.8
          ],
          [
            138.42899676280658,
            36.56277279146226,
            2061.0
          ],
          [
            138.42906273983672,
            36.56270101421294,
            2059.9
          ],
          [
            138.4291222203051,
            36.5626247406654,
            2059.5
          ],
          [
            138.42918079226848,
            36.56254800647436,
            2059.2
          ],
          [
            138.42925355617353,
            36.56247964425184,
            2055.6
          ],
          [
            138.42932644469298,
            36.562411355540604,
            2052.1
          ],
          [
            138.4294006255341,
            36.562343992146566,
            2050.9
          ],
          [
            138.42947602261074,
            36.562277499591154,
            2047.6
          ],
          [
            138.42956217291695,
            36.5622236702448,
            2045.3
          ],
          [
            138.42966626771948,
            36.56219097268105,
            2042.0
          ],
          [
            138.42970787670325,
            36.562177902745134,
            2042.1
          ]
        ]
      },
      "properties": {
        "name": "D-2",
        "slope_deg": [
          3.2908836860675525,
          3.2908836860675525,
          3.2908836860675525,
          4.146688825966138,
          3.576334374997351,
          3.005269359689804,
          2.5765718302690908,
          1.2889375601870259,
          3.005269359689804,
          5.142764557884112,
          7.829076510059608,
          11.172136252166647,
          10.757967088389877,
          7.125016348901798,
          4.716221234337892,
          0.8593722436452018,
          0.5729386976836163,
          3.433630362450652,
          5.426812498573079,
          5.426812498572432,
          7.829076510059608,
          4.573921259900602,
          3.2908836860669037,
          5.994092949108857,
          3.433630362450652,
          5.000644597558433,
          7.125016348901798,
          6.701525844729227,
          7.547725773842727,
          7.688447769903003,
          5.1427645578847585,
          7.688447769903003,
          11.034209003250501,
          12.133880170633224,
          16.17215901578243,
          14.439965121002654,
          14.17097756293297,
          14.17097756293297,
          14.17097756293297,
          14.17097756293297
        ],
        "horizontal_dist_map": 383,
        "slope_dist_map": 388,
        "elevation_diff_map": 44.7,
        "avg_slope_deg_map": 6.6,
        "max_slope_deg_map": 16.2,
        "resort": "pallcall-tsumagoi-resort",
        "level": "初級",
        "distance": "",
        "maxWidth": "",
        "minWidth": "",
        "avg": "",
        "max": "",
        "piste": "○",
        "snowboard": "○",
        "note": "",
        "image": "",
        "searchWord": "パルコール嬬恋　D-2",
        "status": "×",
        "update": "2025.5.9 12:14 更新",
        "latest_note": null
      }
    },
    {
      "type": "Feature",
      "geometry": {
        "type": "LineString",
        "coordinates": [
          [
            138.42976478125507,
            36.56218889136122,
            2041.1
          ],
          [
            138.42981557895183,
            36.56210863279279,
            2041.1
          ],
          [
            138.4298663766486,
            36.56202837422436,
            2040.0
          ],
          [
            138.42991772399088,
            36.56194834902073,
            2039.3
          ],
          [
            138.42997096665866,
            36.56186912852165,
            2037.3
          ],
          [
            138.43002420932643,
            36.56178990802257,
            2036.4
          ],
          [
            138.43008528213375,
            36.561714722349,
            2036.1
          ],
          [
            138.43015199702745,
            36.561642444009806,
            2033.8
          ],
          [
            138.43022408818524,
            36.56157498533251,
            2031.8
          ],
          [
            138.4303202004456,
            36.561529060863904,
            2029.9
          ],
          [
            138.43041631270597,
            36.5614831363953,
            2028.0
          ],
          [
            138.43051242496637,
            36.561437211926695,
            2026.6
          ],
          [
            138.43060853712902,
            36.561391287504776,
            2025.8
          ],
          [
            138.43070464924182,
            36.56134536310669,
            2024.0
          ],
          [
            138.4308007613546,
            36.5612994387086,
            2022.7
          ],
          [
            138.43089843483446,
            36.561256409353675,
            2021.2
          ],
          [
            138.43100560280237,
            36.561230984412894,
            2018.2
          ],
          [
            138.4311127707703,
            36.56120555947211,
            2016.4
          ],
          [
            138.43121993873822,
            36.56118013453133,
            2014.2
          ],
          [
            138.43132710670614,
            36.56115470959055,
            2012.8
          ],
          [
            138.43139414530987,
            36.56113880509442,
            2012.0
          ]
        ]
      },
      "properties": {
        "name": "D-4",
        "slope_deg": [
          5.4268124985727555,
          5.4268124985727555,
          5.4268124985727555,
          6.701525844729227,
          5.568737077976766,
          7.829076510059608,
          7.829076510059608,
          9.22988624372772,
          11.44759626368548,
          10.203973721731748,
          8.530765609948133,
          8.390627013252708,
          7.547725773843047,
          7.688447769902681,
          10.757967088389877,
          10.757967088389877,
          11.996899307923577,
          11.859779120948104,
          11.859779120948104,
          11.859779120948104,
          11.859779120948104
        ],
        "horizontal_dist_map": 196,
        "slope_dist_map": 198,
        "elevation_diff_map": 29.1,
        "avg_slope_deg_map": 8.3,
        "max_slope_deg_map": 12.0,
        "resort": "pallcall-tsumagoi-resort",
        "level": "初級",
        "distance": "",
        "maxWidth": "",
        "minWidth": "",
        "avg": "",
        "max": "",
        "piste": "○",
        "snowboard": "○",
        "note": "",
        "image": "",
        "searchWord": "パルコール嬬恋　D-4",
        "status": "×",
        "update": "2025.5.9 12:14 更新",
        "latest_note": null
      }
    },
    {
      "type": "Feature",
      "geometry": {
        "type": "LineString",
        "coordinates": [
          [
            138.42764984078346,
            36.56024052575237,
            2088.4
          ],
          [
            138.42769463680904,
            36.560157974327986,
            2088.1
          ],
          [
            138.42773943283464,
            36.5600754229036,
            2088.0
          ],
          [
            138.42778422886022,
            36.559992871479224,
            2087.4
          ],
          [
            138.42783052768513,
            36.55991087788307,
            2086.5
          ],
          [
            138.42787909383964,
            36.55982972590322,
            2085.6
          ],
          [
            138.42792765999414,
            36.55974857392338,
            2085.0
          ],
          [
            138.42797622614864,
            36.55966742194354,
            2084.2
          ],
          [
            138.42802479230312,
            36.55958626996369,
            2083.5
          ],
          [
            138.42807335845762,
            36.559505117983846,
            2082.4
          ],
          [
            138.42812192461213,
            36.559423966004005,
            2081.4
          ],
          [
            138.42817049076663,
            36.55934281402416,
            2080.9
          ],
          [
            138.42821905692114,
            36.559261662044314,
            2080.5
          ],
          [
            138.42828372704562,
            36.559188387923655,
            2080.4
          ],
          [
            138.42835047072342,
            36.55911612815913,
            2080.4
          ],
          [
            138.42841721440118,
            36.5590438683946,
            2080.2
          ],
          [
            138.42848905600127,
            36.55897494783185,
            2080.0
          ],
          [
            138.42856300724094,
            36.55890740910896,
            2079.8
          ],
          [
            138.42864247863957,
            36.55884460324443,
            2079.4
          ],
          [
            138.42873053744688,
            36.55878916002818,
            2078.5
          ],
          [
            138.4288185962542,
            36.55873371681192,
            2076.8
          ],
          [
            138.4289066550615,
            36.55867827359567,
            2075.6
          ],
          [
            138.42900255696668,
            36.55863450527472,
            2074.8
          ],
          [
            138.4291082100986,
            36.558605252206924,
            2073.2
          ],
          [
            138.42921386323053,
            36.55857599913914,
            2072.3
          ],
          [
            138.42931951636245,
            36.55854674607134,
            2071.3
          ],
          [
            138.42942516949438,
            36.55851749300355,
            2070.0
          ],
          [
            138.42953082262628,
            36.55848823993576,
            2068.8
          ],
          [
            138.4296378178208,
            36.55846237411508,
            2067.2
          ],
          [
            138.42974491289257,
            36.55843676037569,
            2065.8
          ],
          [
            138.42985203335678,
            36.55841124449196,
            2063.5
          ],
          [
            138.42996287059262,
            36.5584000520351,
            2062.5
          ],
          [
            138.43007370782848,
            36.55838885957823,
            2060.9
          ],
          [
            138.43018454506432,
            36.55837766712137,
            2057.9
          ],
          [
            138.43029538230016,
            36.5583664746645,
            2055.1
          ],
          [
            138.43040661786927,
            36.55836404183476,
            2050.4
          ],
          [
            138.4305181737152,
            36.55836865211609,
            2047.6
          ],
          [
            138.43062973437793,
            36.558373141495764,
            2044.2
          ],
          [
            138.43074142696798,
            36.55837431951425,
            2041.8
          ],
          [
            138.43085311955807,
            36.558375497532744,
            2040.5
          ],
          [
            138.43096481214812,
            36.55837667555123,
            2039.8
          ],
          [
            138.43107592826271,
            36.55838307980627,
            2038.9
          ],
          [
            138.43118612362147,
            36.55839783148946,
            2037.3
          ],
          [
            138.43129631898026,
            36.558412583172654,
            2037.1
          ],
          [
            138.43140651433905,
            36.55842733485585,
            2036.1
          ],
          [
            138.43150651108127,
            36.55846636668406,
            2035.4
          ],
          [
            138.43160512161674,
            36.55850869869531,
            2033.7
          ],
          [
            138.4317037321522,
            36.558551030706575,
            2033.1
          ],
          [
            138.43180234268766,
            36.55859336271783,
            2031.7
          ],
          [
            138.4319009532231,
            36.55863569472909,
            2030.3
          ],
          [
            138.43199956375858,
            36.558678026740346,
            2029.1
          ],
          [
            138.43209817429403,
            36.55872035875161,
            2028.4
          ],
          [
            138.4321967848295,
            36.55876269076286,
            2027.5
          ],
          [
            138.43229421942195,
            36.55880673808377,
            2025.9
          ],
          [
            138.4323910715225,
            36.55885163506661,
            2024.1
          ],
          [
            138.43248792362303,
            36.55889653204946,
            2022.4
          ],
          [
            138.43258477572357,
            36.55894142903231,
            2019.8
          ],
          [
            138.4326816278241,
            36.55898632601515,
            2017.9
          ],
          [
            138.43277134339954,
            36.5590399295301,
            2015.8
          ],
          [
            138.43286047074176,
            36.559094250687224,
            2012.9
          ],
          [
            138.43294959808395,
            36.55914857184435,
            2010.8
          ],
          [
            138.43303872542617,
            36.55920289300147,
            2007.9
          ],
          [
            138.4331278527684,
            36.55925721415859,
            2005.3
          ],
          [
            138.4332169801106,
            36.559311535315715,
            2003.4
          ],
          [
            138.4333061074528,
            36.559365856472844,
            2001.5
          ],
          [
            138.43339585573545,
            36.55941943588389,
            1999.7
          ],
          [
            138.43349161319202,
            36.55946583701998,
            1995.7
          ],
          [
            138.43358737064858,
            36.559512238156074,
            1994.0
          ],
          [
            138.43368312810517,
            36.55955863929217,
            1992.2
          ],
          [
            138.43377888556174,
            36.559605040428266,
            1989.4
          ],
          [
            138.4338746430183,
            36.559651441564355,
            1984.8
          ],
          [
            138.4339704004749,
            36.55969784270045,
            1981.9
          ],
          [
            138.43406615793145,
            36.55974424383655,
            1979.8
          ],
          [
            138.43416948707733,
            36.559778216335566,
            1976.9
          ],
          [
            138.43427352399726,
            36.559811027050635,
            1972.7
          ],
          [
            138.4343775609172,
            36.55984383776571,
            1971.0
          ],
          [
            138.43448159783713,
            36.55987664848078,
            1967.9
          ],
          [
            138.43458563475707,
            36.55990945919585,
            1965.4
          ],
          [
            138.434689671677,
            36.55994226991093,
            1961.9
          ],
          [
            138.43479825264296,
            36.559962975327906,
            1959.8
          ],
          [
            138.43490737566535,
            36.559982236711456,
            1955.6
          ],
          [
            138.43501649868776,
            36.560001498095,
            1953.5
          ],
          [
            138.43512562171014,
            36.56002075947854,
            1949.7
          ],
          [
            138.43523474473253,
            36.56004002086209,
            1948.1
          ],
          [
            138.4353438677549,
            36.56005928224563,
            1944.6
          ],
          [
            138.4354529907773,
            36.560078543629174,
            1943.2
          ],
          [
            138.43556211379968,
            36.560097805012724,
            1939.7
          ],
          [
            138.43566565901526,
            36.560130654898,
            1937.5
          ],
          [
            138.4357674645236,
            36.56016774301098,
            1934.6
          ],
          [
            138.4358692700319,
            36.56020483112395,
            1932.8
          ],
          [
            138.43597092930662,
            36.560242175277125,
            1931.2
          ],
          [
            138.43607201841047,
            36.560280517741546,
            1928.6
          ],
          [
            138.43617310751435,
            36.560318860205975,
            1927.0
          ],
          [
            138.43625627800773,
            36.56037790571388,
            1925.6
          ],
          [
            138.4363357240306,
            36.56044125445027,
            1923.9
          ],
          [
            138.43641517005346,
            36.56050460318666,
            1922.7
          ],
          [
            138.4364745512934,
            36.56058087160887,
            1921.3
          ],
          [
            138.43653350996095,
            36.56065741212487,
            1920.8
          ],
          [
            138.43659246862848,
            36.56073395264087,
            1919.3
          ],
          [
            138.436651427296,
            36.560810493156865,
            1917.7
          ],
          [
            138.4367082262514,
            36.56088806361792,
            1915.5
          ],
          [
            138.4367629237456,
            36.560966636244714,
            1913.9
          ],
          [
            138.43681762123978,
            36.56104520887151,
            1913.0
          ],
          [
            138.43687231873398,
            36.56112378149832,
            1910.3
          ],
          [
            138.43692701622817,
            36.561202354125115,
            1908.2
          ],
          [
            138.43698171372236,
            36.56128092675191,
            1907.4
          ],
          [
            138.43703641121655,
            36.56135949937872,
            1907.1
          ],
          [
            138.43705542981994,
            36.56138681948996,
            1906.5
          ]
        ]
      },
      "properties": {
        "name": "D-1",
        "slope_deg": [
          2.719505461272635,
          2.719505461272635,
          2.719505461272635,
          3.576334374997351,
          4.289153328819018,
          4.573921259901249,
          4.289153328819018,
          4.573921259900602,
          5.142764557884112,
          4.716221234337892,
          4.289153328819018,
          2.862405226111748,
          1.4320961841646465,
          1.0025738037604532,
          0.7161599454704085,
          0.8593722436445507,
          1.4320961841646465,
          2.433606100719861,
          4.573921259900602,
          5.994092949108857,
          6.56019640057118,
          7.547725773843367,
          6.418786730238786,
          6.135733340186407,
          6.842773412631197,
          6.27729848959704,
          7.2660084469965085,
          7.829076510059608,
          9.22988624372772,
          8.950558656231918,
          8.950558656231282,
          11.172136252167274,
          11.859779120948104,
          16.830565983210477,
          18.39196625070563,
          18.906332035086663,
          18.39196625070533,
          13.901350769509243,
          11.034209003250188,
          7.547725773843047,
          6.418786730238786,
          4.858462919034416,
          5.2848210925090795,
          5.000644597558433,
          5.142764557884112,
          5.710593137499643,
          6.277298489597361,
          7.266008446996189,
          6.560196400571501,
          6.701525844729227,
          5.994092949108534,
          6.277298489597361,
          7.125016348901798,
          8.530765609948133,
          10.896152141141194,
          11.309932474020215,
          11.7225209701022,
          13.360218444764483,
          12.68038349181982,
          14.036243467926479,
          14.708303899682749,
          13.360218444764483,
          13.088732789694,
          11.58512622485511,
          13.49573328079569,
          13.224551192213651,
          13.088732789694,
          14.439965121002654,
          15.2429977429017,
          16.830565983210477,
          17.223436191131583,
          17.35402463626132,
          16.830565983210477,
          15.2429977429017,
          16.567741642974738,
          16.039943306049665,
          15.109575122340402,
          15.642246457208788,
          17.09266295026772,
          16.567741642975037,
          16.961705886532968,
          16.304198003832376,
          15.37625124882619,
          14.439965121002654,
          14.036243467926479,
          14.84222705791098,
          14.036243467926479,
          14.57421619803886,
          11.996899307923577,
          12.543973346572233,
          10.757967088389877,
          10.203973721731748,
          10.342657140474548,
          8.390627013252388,
          8.11004782941916,
          6.842773412630876,
          6.560196400571501,
          7.125016348901798,
          8.250387228905435,
          9.787203664655925,
          8.9505586562316,
          10.481218144131045,
          10.342657140474548,
          9.22988624372772,
          8.390627013252708,
          8.390627013252708,
          8.390627013252708,
          8.390627013252708
        ],
        "horizontal_dist_map": 1063,
        "slope_dist_map": 1084,
        "elevation_diff_map": 181.9,
        "avg_slope_deg_map": 9.5,
        "max_slope_deg_map": 18.9,
        "resort": "pallcall-tsumagoi-resort",
        "level": "上級",
        "distance": "",
        "maxWidth": "",
        "minWidth": "",
        "avg": "",
        "max": 24,
        "piste": "○",
        "snowboard": "○",
        "note": "",
        "image": "",
        "searchWord": "パルコール嬬恋　D-1",
        "status": "×",
        "update": "2025.5.9 12:14 更新",
        "latest_note": null
      }
    },
    {
      "type": "Feature",
      "geometry": {
        "type": "LineString",
        "coordinates": [
          [
            138.45690791182602,
            36.55612790790024,
            1565.4
          ],
          [
            138.45699153668502,
            36.556068166309245,
            1564.6
          ],
          [
            138.457075161544,
            36.55600842471825,
            1563.7
          ],
          [
            138.457158786403,
            36.55594868312725,
            1562.3
          ],
          [
            138.45724241126197,
            36.55588894153625,
            1560.8
          ],
          [
            138.45732603612097,
            36.55582919994526,
            1559.2
          ],
          [
            138.45740966097998,
            36.55576945835426,
            1558.4
          ],
          [
            138.45750185731575,
            36.55571891150297,
            1557.9
          ],
          [
            138.4575961987711,
            36.55567066575061,
            1556.9
          ],
          [
            138.45769054022645,
            36.55562241999825,
            1555.8
          ],
          [
            138.45778488168182,
            36.55557417424589,
            1554.5
          ],
          [
            138.45787922313716,
            36.55552592849353,
            1553.2
          ],
          [
            138.45797356459252,
            36.55547768274117,
            1552.1
          ],
          [
            138.45806790604786,
            36.55542943698882,
            1551.1
          ],
          [
            138.45816224750322,
            36.55538119123646,
            1550.0
          ],
          [
            138.458256495035,
            36.555332828644104,
            1549.1
          ],
          [
            138.45834959649687,
            36.555283040352485,
            1547.1
          ],
          [
            138.4584426979588,
            36.555233252060866,
            1545.1
          ],
          [
            138.45853579942067,
            36.55518346376925,
            1542.1
          ],
          [
            138.45862890088256,
            36.55513367547763,
            1539.6
          ],
          [
            138.45872200234447,
            36.55508388718601,
            1535.7
          ],
          [
            138.45881510380636,
            36.55503409889439,
            1533.2
          ],
          [
            138.45890820526824,
            36.55498431060277,
            1530.7
          ],
          [
            138.45900130673013,
            36.55493452231115,
            1528.0
          ],
          [
            138.45909680819673,
            36.55488818388624,
            1525.4
          ],
          [
            138.45919797814634,
            36.554849993574955,
            1522.7
          ],
          [
            138.45929914809594,
            36.55481180326367,
            1520.6
          ],
          [
            138.45940031804554,
            36.554773612952374,
            1518.5
          ],
          [
            138.45950148799514,
            36.55473542264109,
            1516.4
          ],
          [
            138.45960265794474,
            36.554697232329794,
            1515.1
          ],
          [
            138.45970382789434,
            36.55465904201851,
            1513.8
          ],
          [
            138.45980499784395,
            36.55462085170722,
            1510.6
          ],
          [
            138.45990616779355,
            36.554582661395926,
            1509.0
          ],
          [
            138.46000733774315,
            36.55454447108464,
            1506.6
          ],
          [
            138.46010850769278,
            36.55450628077335,
            1504.9
          ],
          [
            138.46020967764238,
            36.55446809046206,
            1503.1
          ],
          [
            138.46031084759198,
            36.55442990015077,
            1501.5
          ],
          [
            138.46041201754159,
            36.554391709839486,
            1499.7
          ],
          [
            138.4605131874912,
            36.55435351952819,
            1498.1
          ],
          [
            138.4606143574408,
            36.554315329216905,
            1495.7
          ],
          [
            138.4607155273904,
            36.55427713890561,
            1494.4
          ],
          [
            138.46081669734,
            36.554238948594325,
            1493.0
          ],
          [
            138.4609178672896,
            36.55420075828304,
            1491.5
          ],
          [
            138.4610190372392,
            36.554162567971744,
            1490.0
          ],
          [
            138.4611202071888,
            36.55412437766046,
            1488.7
          ],
          [
            138.46122137713843,
            36.55408618734917,
            1487.1
          ],
          [
            138.46132254708803,
            36.55404799703788,
            1485.3
          ],
          [
            138.46142371703763,
            36.55400980672659,
            1483.3
          ],
          [
            138.46152488698723,
            36.5539716164153,
            1482.1
          ],
          [
            138.46162488446546,
            36.55393161601131,
            1481.0
          ],
          [
            138.4617215195236,
            36.55388642461315,
            1479.8
          ],
          [
            138.46181815458172,
            36.55384123321498,
            1478.3
          ],
          [
            138.46191478963985,
            36.553796041816824,
            1477.3
          ],
          [
            138.46201142469798,
            36.55375085041866,
            1476.0
          ],
          [
            138.4621080597561,
            36.553705659020494,
            1474.3
          ],
          [
            138.46220469481423,
            36.55366046762233,
            1473.1
          ],
          [
            138.46230132987236,
            36.553615276224164,
            1471.9
          ],
          [
            138.4623979649305,
            36.553570084826006,
            1470.6
          ],
          [
            138.46249459998862,
            36.55352489342784,
            1468.6
          ],
          [
            138.46259123504674,
            36.553479702029676,
            1466.8
          ],
          [
            138.46268060356803,
            36.55342632184658,
            1464.7
          ],
          [
            138.462764775753,
            36.55336708582296,
            1463.4
          ],
          [
            138.4628489479379,
            36.55330784979935,
            1461.6
          ],
          [
            138.46293312012287,
            36.55324861377574,
            1459.8
          ],
          [
            138.4630172923078,
            36.553189377752126,
            1458.7
          ],
          [
            138.46310146449275,
            36.553130141728516,
            1457.3
          ],
          [
            138.4631856366777,
            36.55307090570491,
            1455.9
          ],
          [
            138.46326980886263,
            36.5530116696813,
            1454.8
          ],
          [
            138.4633539810476,
            36.55295243365768,
            1454.2
          ],
          [
            138.46343815323252,
            36.55289319763407,
            1453.0
          ],
          [
            138.46352232541747,
            36.55283396161046,
            1451.9
          ],
          [
            138.4636064976024,
            36.55277472558684,
            1450.7
          ],
          [
            138.46369066978735,
            36.552715489563234,
            1449.8
          ],
          [
            138.46377484197228,
            36.552656253539624,
            1448.6
          ],
          [
            138.46385901415724,
            36.55259701751601,
            1447.5
          ],
          [
            138.46394318634216,
            36.5525377814924,
            1446.6
          ],
          [
            138.46402735852712,
            36.55247854546879,
            1445.4
          ],
          [
            138.46411153071205,
            36.55241930944517,
            1444.0
          ],
          [
            138.464195702897,
            36.55236007342156,
            1443.0
          ],
          [
            138.46427987508196,
            36.55230083739795,
            1442.2
          ],
          [
            138.46436404726688,
            36.552241601374334,
            1441.1
          ],
          [
            138.46444821945184,
            36.552182365350724,
            1439.8
          ],
          [
            138.46453239163677,
            36.552123129327114,
            1438.8
          ],
          [
            138.46461656382172,
            36.5520638933035,
            1437.5
          ],
          [
            138.46470245358844,
            36.55200629713139,
            1436.1
          ],
          [
            138.46478883338452,
            36.55194916881203,
            1435.1
          ],
          [
            138.46487521318056,
            36.55189204049266,
            1433.5
          ],
          [
            138.46496159297664,
            36.5518349121733,
            1431.7
          ],
          [
            138.4650479727727,
            36.55177778385393,
            1430.4
          ],
          [
            138.46513435256875,
            36.55172065553457,
            1428.4
          ],
          [
            138.46522073236483,
            36.5516635272152,
            1426.2
          ],
          [
            138.4653071121609,
            36.551606398895835,
            1424.5
          ],
          [
            138.46539349195695,
            36.551549270576466,
            1422.4
          ],
          [
            138.46547987175302,
            36.5514921422571,
            1420.4
          ],
          [
            138.4655662515491,
            36.551435013937734,
            1419.0
          ],
          [
            138.46565263134514,
            36.551377885618365,
            1416.7
          ],
          [
            138.4657390111412,
            36.551320757299,
            1414.4
          ],
          [
            138.46582539093728,
            36.55126362897963,
            1412.6
          ],
          [
            138.46591177073333,
            36.55120650066027,
            1409.7
          ],
          [
            138.4659981505294,
            36.5511493723409,
            1406.6
          ],
          [
            138.46608453032547,
            36.55109224402154,
            1404.6
          ],
          [
            138.46617091012152,
            36.55103511570217,
            1401.4
          ],
          [
            138.4662572899176,
            36.55097798738281,
            1398.5
          ],
          [
            138.46634366971367,
            36.55092085906344,
            1396.8
          ],
          [
            138.46643004950974,
            36.55086373074407,
            1394.5
          ],
          [
            138.46651642930578,
            36.55080660242471,
            1392.4
          ],
          [
            138.46660280910186,
            36.55074947410534,
            1390.9
          ],
          [
            138.46668918889793,
            36.550692345785976,
            1389.0
          ],
          [
            138.46677556869398,
            36.550635217466606,
            1387.3
          ],
          [
            138.46684967396112,
            36.550586207054906,
            1385.7
          ]
        ]
      },
      "properties": {
        "name": "B-4",
        "slope_deg": [
          6.560196400571501,
          6.560196400571501,
          6.560196400571501,
          7.688447769902681,
          7.547725773843047,
          6.277298489597361,
          5.568737077976444,
          4.858462919034416,
          5.568737077976766,
          6.701525844729548,
          6.842773412631197,
          6.701525844729548,
          6.418786730238786,
          5.852378988915814,
          7.125016348901798,
          8.530765609948133,
          11.172136252167274,
          13.360218444764483,
          15.90755193052566,
          16.567741642974738,
          15.90755193052566,
          16.17215901578243,
          14.439965121002654,
          14.708303899682749,
          14.170977562933274,
          13.360218444764483,
          12.68038349181982,
          10.757967088390194,
          9.648045316098093,
          11.172136252167274,
          10.481218144131045,
          11.996899307923577,
          12.543973346571923,
          10.619655276155134,
          10.619655276155134,
          9.787203664655925,
          9.64804531609841,
          10.48121814413073,
          10.065169352759717,
          9.50877195829791,
          9.369385096487358,
          8.11004782941916,
          8.11004782941916,
          8.390627013252708,
          8.810732985984973,
          9.50877195829791,
          9.369385096487674,
          8.670801453590833,
          7.829076510059608,
          7.125016348901798,
          6.842773412630876,
          7.125016348901798,
          7.829076510059608,
          7.406912128495294,
          7.688447769902681,
          7.688447769903003,
          8.11004782941916,
          8.9505586562316,
          10.203973721731748,
          10.203973721731431,
          9.926245506651705,
          9.926245506651705,
          8.530765609948133,
          8.670801453591151,
          8.110047829418843,
          7.125016348901798,
          6.418786730238786,
          6.135733340186728,
          5.710593137499643,
          5.852378988915493,
          6.277298489597683,
          6.277298489597683,
          6.277298489597683,
          5.852378988915814,
          6.277298489597361,
          6.56019640057118,
          6.418786730238786,
          6.277298489597361,
          6.13573334018705,
          5.994092949108534,
          5.994092949108534,
          6.701525844729548,
          7.125016348901798,
          6.701525844729548,
          7.547725773843047,
          8.250387228905435,
          8.110047829418843,
          9.508771958297594,
          10.342657140474548,
          10.203973721731748,
          11.309932474020215,
          11.309932474020215,
          10.203973721731748,
          11.034209003250188,
          11.309932474020215,
          11.034209003250501,
          13.088732789694,
          14.170977562933274,
          13.766300685466504,
          15.642246457208486,
          15.642246457208788,
          13.766300685466197,
          14.17097756293297,
          12.68038349181982,
          10.757967088389877,
          11.034209003250188,
          10.203973721731748,
          10.203973721731748,
          10.203973721731748,
          10.203973721731748
        ],
        "horizontal_dist_map": 1088,
        "slope_dist_map": 1105,
        "elevation_diff_map": 179.7,
        "avg_slope_deg_map": 9.2,
        "max_slope_deg_map": 16.6,
        "resort": "pallcall-tsumagoi-resort",
        "level": "中級",
        "distance": "",
        "maxWidth": "",
        "minWidth": "",
        "avg": "",
        "max": 16,
        "piste": "○",
        "snowboard": "○",
        "note": "",
        "image": "",
        "searchWord": "パルコール嬬恋　B-4",
        "status": "×",
        "update": "2025.5.9 12:14 更新",
        "latest_note": null
      }
    },
    {
      "type": "Feature",
      "geometry": {
        "type": "LineString",
        "coordinates": [
          [
            138.45683360753378,
            36.55567697140589,
            1563.5
          ],
          [
            138.45689541817947,
            36.555601911591424,
            1563.0
          ],
          [
            138.45695722882516,
            36.55552685177696,
            1563.2
          ],
          [
            138.45701903947085,
            36.5554517919625,
            1560.3
          ],
          [
            138.45708085011657,
            36.555376732148034,
            1558.1
          ],
          [
            138.45715848387638,
            36.55531202049103,
            1556.4
          ],
          [
            138.45723671534785,
            36.555247699731446,
            1554.3
          ],
          [
            138.45731494681934,
            36.555183378971854,
            1552.1
          ],
          [
            138.4573931782908,
            36.55511905821227,
            1550.3
          ],
          [
            138.4574714097623,
            36.555054737452686,
            1548.9
          ],
          [
            138.45754964123378,
            36.554990416693094,
            1547.4
          ],
          [
            138.45762787270525,
            36.55492609593351,
            1545.9
          ],
          [
            138.45770743028095,
            36.55486287641604,
            1543.8
          ],
          [
            138.45778937344357,
            36.554801637971174,
            1541.7
          ],
          [
            138.45787131660617,
            36.55474039952632,
            1540.1
          ],
          [
            138.45795325976877,
            36.55467916108145,
            1539.0
          ],
          [
            138.45803520293137,
            36.554617922636595,
            1537.4
          ],
          [
            138.45811714609397,
            36.55455668419173,
            1535.8
          ],
          [
            138.45820754781255,
            36.554504452758586,
            1534.4
          ],
          [
            138.45830279347842,
            36.554457379356,
            1532.8
          ],
          [
            138.45839803914433,
            36.55441030595342,
            1531.3
          ],
          [
            138.45849328481023,
            36.554363232550834,
            1530.0
          ],
          [
            138.45858674443832,
            36.55431402846116,
            1528.1
          ],
          [
            138.45867636292323,
            36.55426024200815,
            1526.0
          ],
          [
            138.45876598140813,
            36.55420645555514,
            1523.9
          ],
          [
            138.458855599893,
            36.55415266910212,
            1522.2
          ],
          [
            138.45894521837792,
            36.554098882649114,
            1520.6
          ],
          [
            138.45903573781231,
            36.55404622624888,
            1518.8
          ],
          [
            138.45913356437438,
            36.55400273511252,
            1517.2
          ],
          [
            138.45923139093645,
            36.55395924397616,
            1515.9
          ],
          [
            138.4593292174985,
            36.5539157528398,
            1513.6
          ],
          [
            138.45942704406056,
            36.55387226170344,
            1512.1
          ],
          [
            138.4595248706226,
            36.55382877056708,
            1510.5
          ],
          [
            138.45962269718467,
            36.55378527943072,
            1508.2
          ],
          [
            138.4597263869268,
            36.55375183801393,
            1506.6
          ],
          [
            138.459830268726,
            36.55371872579046,
            1505.2
          ],
          [
            138.4599341505252,
            36.55368561356699,
            1502.8
          ],
          [
            138.46003803232443,
            36.553652501343514,
            1501.2
          ],
          [
            138.46014191412362,
            36.553619389120044,
            1499.1
          ],
          [
            138.46024579592284,
            36.55358627689657,
            1497.5
          ],
          [
            138.46035354127412,
            36.55356349904765,
            1495.4
          ],
          [
            138.46046279035025,
            36.55354474341852,
            1493.9
          ],
          [
            138.46057203942638,
            36.5535259877894,
            1491.9
          ],
          [
            138.46068128850249,
            36.55350723216027,
            1490.9
          ],
          [
            138.46079053757862,
            36.55348847653115,
            1489.3
          ],
          [
            138.46089978665475,
            36.55346972090203,
            1488.2
          ],
          [
            138.46100903573085,
            36.5534509652729,
            1486.2
          ],
          [
            138.461118284807,
            36.55343220964378,
            1485.2
          ],
          [
            138.46122753388312,
            36.55341345401465,
            1483.1
          ],
          [
            138.46133678295922,
            36.55339469838553,
            1481.8
          ],
          [
            138.46144603203535,
            36.55337594275641,
            1479.8
          ],
          [
            138.4615552811115,
            36.55335718712728,
            1477.7
          ],
          [
            138.46166535676406,
            36.55334233843293,
            1476.5
          ],
          [
            138.46177613044645,
            36.55333078907869,
            1474.8
          ],
          [
            138.46188690412885,
            36.55331923972446,
            1473.5
          ],
          [
            138.46199767781124,
            36.55330769037023,
            1471.7
          ],
          [
            138.46210845149363,
            36.553296141016,
            1470.6
          ],
          [
            138.46221922517603,
            36.553284591661765,
            1469.2
          ],
          [
            138.46232999885842,
            36.55327304230753,
            1467.7
          ],
          [
            138.46244077254082,
            36.5532614929533,
            1466.7
          ],
          [
            138.4625515462232,
            36.55324994359907,
            1464.8
          ],
          [
            138.46266231990558,
            36.553238394244836,
            1463.7
          ],
          [
            138.46277309358797,
            36.5532268448906,
            1462.1
          ],
          [
            138.4628445,
            36.5532194,
            1460.3
          ]
        ]
      },
      "properties": {
        "name": "B-3",
        "slope_deg": [
          7.688447769903003,
          7.688447769903003,
          7.688447769903003,
          9.369385096487358,
          12.543973346572233,
          11.58512622485511,
          11.034209003250188,
          10.619655276155134,
          9.787203664655925,
          8.810732985984655,
          9.22988624372772,
          10.203973721731748,
          10.342657140474863,
          9.78720366465624,
          9.090276920822133,
          8.390627013252708,
          8.110047829418843,
          8.810732985984973,
          8.670801453591151,
          8.250387228905435,
          8.950558656231918,
          9.648045316098093,
          10.48121814413073,
          11.034209003250188,
          10.619655276155134,
          10.203973721731748,
          9.50877195829791,
          8.9505586562316,
          9.926245506651705,
          9.50877195829791,
          9.50877195829791,
          10.896152141141194,
          9.926245506651705,
          9.787203664655925,
          10.896152141141194,
          9.926245506651705,
          10.619655276155134,
          10.896152141141194,
          10.48121814413073,
          10.342657140474548,
          10.203973721731431,
          9.369385096487358,
          8.670801453591151,
          8.11004782941916,
          8.11004782941916,
          8.11004782941916,
          8.810732985984973,
          9.09027692082245,
          9.09027692082245,
          10.619655276155134,
          9.369385096487358,
          9.926245506651705,
          8.9505586562316,
          8.530765609948133,
          8.390627013252708,
          7.969610394321233,
          8.250387228905435,
          7.125016348901798,
          8.250387228905435,
          7.829076510059608,
          7.969610394321551,
          7.969610394321551,
          7.969610394321551,
          7.969610394321551
        ],
        "horizontal_dist_map": 626,
        "slope_dist_map": 635,
        "elevation_diff_map": 103.2,
        "avg_slope_deg_map": 9.2,
        "max_slope_deg_map": 12.5,
        "resort": "pallcall-tsumagoi-resort",
        "level": "中級",
        "distance": "",
        "maxWidth": "",
        "minWidth": "",
        "avg": "",
        "max": 13,
        "piste": "○",
        "snowboard": "○",
        "note": "",
        "image": "",
        "searchWord": "パルコール嬬恋　B-3",
        "status": "×",
        "update": "2025.5.9 12:14 更新",
        "latest_note": null
      }
    },
    {
      "type": "Feature",
      "geometry": {
        "type": "LineString",
        "coordinates": [
          [
            138.4338525191426,
            36.56122731572617,
            1956.1
          ],
          [
            138.43393820630064,
            36.56116950205017,
            1955.5
          ],
          [
            138.43402389345871,
            36.56111168837417,
            1955.0
          ],
          [
            138.43410958061676,
            36.56105387469817,
            1954.3
          ],
          [
            138.4341958648653,
            36.560996692825775,
            1954.0
          ],
          [
            138.4342876608986,
            36.56094534317724,
            1953.1
          ],
          [
            138.43437945693188,
            36.56089399352871,
            1952.4
          ],
          [
            138.43447125296515,
            36.56084264388017,
            1951.5
          ],
          [
            138.43456304899846,
            36.56079129423164,
            1950.1
          ],
          [
            138.43465484503173,
            36.560739944583105,
            1948.7
          ],
          [
            138.43474396374933,
            36.560685675481125,
            1948.0
          ],
          [
            138.43483169196995,
            36.56062989012496,
            1947.8
          ],
          [
            138.4349194201906,
            36.56057410476878,
            1946.8
          ],
          [
            138.43500714841122,
            36.560518319412616,
            1946.1
          ],
          [
            138.43509487663184,
            36.56046253405644,
            1945.0
          ],
          [
            138.43517950656067,
            36.56040375296112,
            1944.0
          ],
          [
            138.43526326001256,
            36.560344124400025,
            1942.9
          ],
          [
            138.43533185702339,
            36.560275174076956,
            1942.1
          ],
          [
            138.43538095202703,
            36.56019422931086,
            1942.4
          ],
          [
            138.43539509529006,
            36.560170910784905,
            1942.9
          ]
        ]
      },
      "properties": {
        "name": "D-8",
        "slope_deg": [
          3.005269359689804,
          3.005269359689804,
          3.005269359689804,
          3.433630362450652,
          3.7189939731579127,
          4.0041729407093225,
          5.568737077976766,
          6.277298489597361,
          6.277298489597683,
          5.2848210925090795,
          4.7162212343382155,
          3.718993973158237,
          4.289153328819018,
          5.4268124985727555,
          5.568737077976444,
          5.710593137499643,
          3.7189939731579127,
          3.7189939731579127,
          3.7189939731579127,
          3.7189939731579127
        ],
        "horizontal_dist_map": 182,
        "slope_dist_map": 183,
        "elevation_diff_map": 13.2,
        "avg_slope_deg_map": 4.1,
        "max_slope_deg_map": 6.3,
        "resort": "pallcall-tsumagoi-resort",
        "level": "初級",
        "distance": "",
        "maxWidth": "",
        "minWidth": "",
        "avg": "",
        "max": "",
        "piste": "○",
        "snowboard": "○",
        "note": "",
        "image": "",
        "searchWord": "パルコール嬬恋　D-8",
        "status": "×",
        "update": "2025.5.9 12:14 更新",
        "latest_note": null
      }
    },
    {
      "type": "Feature",
      "geometry": {
        "type": "LineString",
        "coordinates": [
          [
            138.43589384915896,
            36.56015759763149,
            1932.5
          ],
          [
            138.43600461561076,
            36.560169253233866,
            1930.7
          ],
          [
            138.43611538206255,
            36.560180908836244,
            1928.5
          ],
          [
            138.43622614851438,
            36.56019256443862,
            1927.2
          ],
          [
            138.43633691496618,
            36.560204220041,
            1925.7
          ],
          [
            138.43644768141797,
            36.56021587564338,
            1923.8
          ],
          [
            138.43655844786977,
            36.56022753124576,
            1922.8
          ],
          [
            138.4366692143216,
            36.560239186848136,
            1921.3
          ],
          [
            138.4367807348017,
            36.56024350585021,
            1920.7
          ],
          [
            138.43689236835294,
            36.56024672468421,
            1919.2
          ],
          [
            138.4370040019042,
            36.56024994351821,
            1918.4
          ],
          [
            138.43711563545546,
            36.560253162352204,
            1917.5
          ],
          [
            138.4372272690067,
            36.5602563811862,
            1916.3
          ],
          [
            138.43733890255797,
            36.560259600020196,
            1915.4
          ],
          [
            138.43745055088482,
            36.56025773583616,
            1913.6
          ],
          [
            138.43756220192157,
            36.560254939410285,
            1912.3
          ],
          [
            138.43767385295828,
            36.5602521429844,
            1911.4
          ],
          [
            138.43778550399503,
            36.56024934655853,
            1910.5
          ],
          [
            138.43789715503178,
            36.560246550132646,
            1909.4
          ],
          [
            138.4380088060685,
            36.560243753706764,
            1908.2
          ],
          [
            138.43812045710524,
            36.56024095728089,
            1907.1
          ],
          [
            138.43823214742775,
            36.56023959361996,
            1905.9
          ],
          [
            138.4383438424864,
            36.560238402687204,
            1904.6
          ],
          [
            138.43845553754505,
            36.56023721175444,
            1903.4
          ],
          [
            138.4385672326037,
            36.560236020821684,
            1901.6
          ],
          [
            138.43867892766235,
            36.56023482988893,
            1900.0
          ],
          [
            138.438790622721,
            36.56023363895616,
            1898.5
          ],
          [
            138.43890231777965,
            36.560232448023406,
            1896.3
          ],
          [
            138.439013738253,
            36.56022621244529,
            1895.3
          ],
          [
            138.43912513286645,
            36.56021950177169,
            1890.5
          ],
          [
            138.4392365274799,
            36.56021279109809,
            1888.0
          ],
          [
            138.4393479220933,
            36.56020608042448,
            1885.6
          ],
          [
            138.43945931670675,
            36.560199369750876,
            1882.6
          ],
          [
            138.43957071132016,
            36.56019265907727,
            1881.0
          ],
          [
            138.4396821059336,
            36.560185948403664,
            1878.4
          ],
          [
            138.43979354666962,
            36.56017978228273,
            1876.5
          ],
          [
            138.43990503674365,
            36.560174198678205,
            1874.3
          ],
          [
            138.44001652681771,
            36.56016861507367,
            1872.3
          ],
          [
            138.44012801689178,
            36.560163031469145,
            1870.8
          ],
          [
            138.44023950696584,
            36.56015744786462,
            1869.4
          ],
          [
            138.4403509970399,
            36.56015186426009,
            1868.5
          ],
          [
            138.44046248711396,
            36.560146280655566,
            1866.2
          ],
          [
            138.44057397929794,
            36.56014072821548,
            1865.2
          ],
          [
            138.44068555959376,
            36.56013647723256,
            1864.3
          ],
          [
            138.4407971398896,
            36.560132226249635,
            1863.2
          ],
          [
            138.44090872018546,
            36.56012797526672,
            1862.4
          ],
          [
            138.4410203004813,
            36.5601237242838,
            1860.5
          ],
          [
            138.44113188077716,
            36.56011947330087,
            1858.3
          ],
          [
            138.44124346107301,
            36.560115222317954,
            1856.9
          ],
          [
            138.44135504136887,
            36.560110971335035,
            1854.0
          ],
          [
            138.44146663469547,
            36.56010698314193,
            1852.3
          ],
          [
            138.44157827913438,
            36.56010402572464,
            1850.7
          ],
          [
            138.44168992357328,
            36.560101068307354,
            1848.4
          ],
          [
            138.44180156801218,
            36.56009811089007,
            1847.0
          ],
          [
            138.44191321245108,
            36.56009515347279,
            1845.6
          ],
          [
            138.44202485689,
            36.5600921960555,
            1844.5
          ],
          [
            138.4421365013289,
            36.56008923863821,
            1841.4
          ],
          [
            138.4422481457678,
            36.560086281220926,
            1837.9
          ],
          [
            138.4423597902067,
            36.56008332380364,
            1836.8
          ],
          [
            138.4424709805608,
            36.560075367447006,
            1835.0
          ],
          [
            138.44258196688418,
            36.560065164951894,
            1832.7
          ],
          [
            138.44269295320754,
            36.56005496245679,
            1830.7
          ],
          [
            138.4428039395309,
            36.56004475996168,
            1828.7
          ],
          [
            138.44291492585427,
            36.56003455746657,
            1827.1
          ],
          [
            138.44302591217763,
            36.56002435497146,
            1825.9
          ],
          [
            138.44313661267117,
            36.56001254498367,
            1824.0
          ],
          [
            138.44324667922803,
            36.55999716976793,
            1822.0
          ],
          [
            138.4433567457849,
            36.5599817945522,
            1820.5
          ],
          [
            138.4434668123418,
            36.55996641933646,
            1819.1
          ],
          [
            138.44357687889865,
            36.55995104412072,
            1817.0
          ],
          [
            138.44368269848084,
            36.55992290563744,
            1815.4
          ],
          [
            138.44378751353867,
            36.55989174829623,
            1813.3
          ],
          [
            138.4438923285965,
            36.55986059095502,
            1812.6
          ],
          [
            138.44399714365431,
            36.55982943361381,
            1811.0
          ],
          [
            138.44410195871214,
            36.559798276272595,
            1808.9
          ],
          [
            138.44420569199565,
            36.559764905300526,
            1807.1
          ],
          [
            138.4443086666932,
            36.55972998203674,
            1803.6
          ],
          [
            138.44433906330073,
            36.55971967320585,
            1803.6
          ]
        ]
      },
      "properties": {
        "name": "D-5",
        "slope_deg": [
          9.648045316098093,
          9.648045316098093,
          9.648045316098093,
          9.78720366465624,
          8.11004782941916,
          8.390627013252708,
          7.125016348901798,
          6.56019640057118,
          6.277298489597361,
          5.4268124985727555,
          6.277298489597683,
          5.4268124985727555,
          6.842773412631197,
          7.406912128495294,
          6.983937460085098,
          6.98393746008542,
          5.994092949108213,
          5.852378988915493,
          6.13573334018705,
          6.56019640057118,
          6.842773412631197,
          6.842773412630876,
          7.829076510059608,
          8.390627013252708,
          8.670801453590833,
          10.065169352760034,
          8.9505586562316,
          13.360218444764483,
          14.708303899682749,
          14.97598451475675,
          17.6146433000071,
          13.360218444764483,
          13.49573328079569,
          12.816647648997312,
          11.7225209701022,
          12.270720357815385,
          10.757967088390194,
          10.065169352759717,
          8.250387228905435,
          8.670801453590833,
          7.969610394321233,
          7.266008446996189,
          7.547725773843047,
          5.4268124985727555,
          6.701525844729548,
          8.530765609948133,
          8.9505586562316,
          11.859779120948104,
          11.58512622485511,
          10.757967088389877,
          11.996899307923577,
          9.926245506651705,
          9.50877195829791,
          8.810732985984973,
          9.926245506651705,
          12.816647648997312,
          12.407418527400683,
          13.360218444764483,
          12.270720357815385,
          10.203973721731748,
          11.44759626368548,
          11.172136252167274,
          9.648045316098093,
          9.50877195829791,
          9.50877195829791,
          9.369385096487358,
          9.64804531609841,
          9.926245506651705,
          9.369385096487358,
          10.203973721731748,
          9.22988624372772,
          8.530765609948133,
          9.22988624372772,
          8.810732985984973,
          12.68038349181982,
          12.68038349181982,
          12.68038349181982,
          12.68038349181982
        ],
        "horizontal_dist_map": 762,
        "slope_dist_map": 775,
        "elevation_diff_map": 128.9,
        "avg_slope_deg_map": 9.4,
        "max_slope_deg_map": 17.6,
        "resort": "pallcall-tsumagoi-resort",
        "level": "中級",
        "distance": "",
        "maxWidth": "",
        "minWidth": "",
        "avg": "",
        "max": 18,
        "piste": "○",
        "snowboard": "○",
        "note": "",
        "image": "",
        "searchWord": "パルコール嬬恋　D-5",
        "status": "×",
        "update": "2025.5.9 12:14 更新",
        "latest_note": null
      }
    },
    {
      "type": "Feature",
      "geometry": {
        "type": "LineString",
        "coordinates": [
          [
            138.44009395575375,
            36.56000766219529,
            1870.9
          ],
          [
            138.44015960293737,
            36.55993475132753,
            1869.0
          ],
          [
            138.440225250121,
            36.55986184045978,
            1868.3
          ],
          [
            138.44029089730464,
            36.559788929592024,
            1867.3
          ],
          [
            138.44035654448825,
            36.559716018724274,
            1866.2
          ],
          [
            138.44042219167187,
            36.559643107856516,
            1865.5
          ],
          [
            138.4404878388555,
            36.559570196988766,
            1864.1
          ],
          [
            138.44055298472344,
            36.559496999065814,
            1863.4
          ],
          [
            138.44061665536603,
            36.5594229564234,
            1862.4
          ],
          [
            138.44068032600865,
            36.55934891378099,
            1861.9
          ],
          [
            138.44074399665124,
            36.55927487113857,
            1860.8
          ],
          [
            138.44080766729383,
            36.55920082849615,
            1859.7
          ],
          [
            138.44087133793641,
            36.55912678585374,
            1857.2
          ],
          [
            138.4409392837154,
            36.55905539123626,
            1855.5
          ],
          [
            138.4410115033805,
            36.558986643869304,
            1853.1
          ],
          [
            138.44108372304564,
            36.558917896502344,
            1851.6
          ],
          [
            138.44115594271074,
            36.55884914913538,
            1850.4
          ],
          [
            138.44122816237586,
            36.55878040176843,
            1849.2
          ],
          [
            138.441300382041,
            36.55871165440147,
            1847.6
          ],
          [
            138.4413695399755,
            36.5586412095892,
            1847.2
          ],
          [
            138.44142320791738,
            36.55856217701437,
            1846.9
          ],
          [
            138.44149540126503,
            36.558496169254255,
            1846.1
          ],
          [
            138.44158511186987,
            36.558442477501224,
            1844.9
          ],
          [
            138.4416818530527,
            36.55839767060932,
            1843.9
          ],
          [
            138.44177998483295,
            36.55835462107863,
            1842.9
          ],
          [
            138.44187811661322,
            36.55831157154793,
            1841.6
          ],
          [
            138.4419773387369,
            36.55827035651755,
            1840.9
          ],
          [
            138.44208038779868,
            36.55823558030184,
            1839.6
          ],
          [
            138.44218343686046,
            36.558200804086134,
            1838.5
          ],
          [
            138.44228648592224,
            36.55816602787043,
            1836.1
          ],
          [
            138.44238953498402,
            36.558131251654714,
            1833.9
          ],
          [
            138.4424925840458,
            36.55809647543901,
            1831.7
          ],
          [
            138.4425985495348,
            36.55806798240253,
            1828.6
          ],
          [
            138.44270456482928,
            36.5580395966674,
            1826.9
          ],
          [
            138.44281058012373,
            36.55801121093227,
            1824.8
          ],
          [
            138.4429165954182,
            36.557982825197136,
            1823.6
          ],
          [
            138.44302555058977,
            36.557964844739324,
            1821.0
          ],
          [
            138.4431363415305,
            36.5579533617257,
            1819.1
          ],
          [
            138.4432471324712,
            36.55794187871208,
            1815.1
          ],
          [
            138.44332540029615,
            36.55793376658221,
            1812.4
          ]
        ]
      },
      "properties": {
        "name": "D-9",
        "slope_deg": [
          6.701525844729548,
          6.701525844729548,
          6.701525844729548,
          5.000644597558433,
          5.994092949108534,
          5.568737077976444,
          5.4268124985727555,
          5.142764557884112,
          4.7162212343382155,
          5.2848210925090795,
          7.406912128495294,
          9.09027692082245,
          10.896152141141194,
          11.44759626368579,
          9.648045316098093,
          8.9505586562316,
          7.829076510059608,
          6.277298489597361,
          5.000644597558433,
          4.431564716436037,
          3.8616074096748143,
          4.7162212343382155,
          5.710593137499643,
          6.418786730238786,
          5.710593137499643,
          6.13573334018705,
          6.277298489597683,
          7.829076510059608,
          9.926245506651705,
          11.172136252166961,
          13.901350769509243,
          12.952764513375273,
          12.816647648997623,
          11.44759626368579,
          10.757967088389877,
          11.034209003250501,
          13.631094443421603,
          13.631094443421603,
          13.631094443421603,
          13.631094443421603
        ],
        "horizontal_dist_map": 387,
        "slope_dist_map": 392,
        "elevation_diff_map": 58.5,
        "avg_slope_deg_map": 8.5,
        "max_slope_deg_map": 13.9,
        "resort": "pallcall-tsumagoi-resort",
        "level": "初級",
        "distance": "",
        "maxWidth": "",
        "minWidth": "",
        "avg": "",
        "max": "",
        "piste": "○",
        "snowboard": "○",
        "note": "",
        "image": "",
        "searchWord": "パルコール嬬恋　D-9",
        "status": "×",
        "update": "2025.5.9 12:14 更新",
        "latest_note": null
      }
    },
    {
      "type": "Feature",
      "geometry": {
        "type": "LineString",
        "coordinates": [
          [
            138.45053917594151,
            36.56040537580367,
            1685.7
          ],
          [
            138.45063762458733,
            36.56036279593785,
            1686.3
          ],
          [
            138.45073607323317,
            36.56032021607203,
            1686.9
          ],
          [
            138.45083727291893,
            36.56028256177034,
            1684.0
          ],
          [
            138.45094203031422,
            36.56025127732393,
            1681.2
          ],
          [
            138.45104652876196,
            36.56021956506432,
            1678.4
          ],
          [
            138.4511415297005,
            36.560172161751225,
            1676.9
          ],
          [
            138.451236530639,
            36.56012475843813,
            1674.4
          ],
          [
            138.45132030567257,
            36.5600656740875,
            1673.5
          ],
          [
            138.4513696984525,
            36.55998776011424,
            1673.1
          ],
          [
            138.45140257915259,
            36.5599016376189,
            1673.0
          ],
          [
            138.45144084933912,
            36.559817176643534,
            1672.8
          ],
          [
            138.45148754329597,
            36.55973531262481,
            1672.4
          ],
          [
            138.45153423725282,
            36.55965344860608,
            1671.0
          ],
          [
            138.45158093120966,
            36.55957158458735,
            1669.1
          ],
          [
            138.45161588787627,
            36.55948601108612,
            1667.4
          ],
          [
            138.45165054961416,
            36.55940034437488,
            1665.7
          ],
          [
            138.45168521135204,
            36.55931467766363,
            1663.6
          ],
          [
            138.45172124477975,
            36.559229396131194,
            1661.8
          ],
          [
            138.45175358898047,
            36.559158878412944,
            1660.5
          ]
        ]
      },
      "properties": {
        "name": "C-5",
        "slope_deg": [
          6.418786730238786,
          6.418786730238786,
          6.418786730238786,
          11.172136252166961,
          14.036243467926479,
          13.49573328079569,
          10.896152141141194,
          7.547725773843367,
          5.568737077976766,
          2.2906100426387246,
          1.5752369256829246,
          3.005269359689804,
          5.568737077976766,
          7.688447769902681,
          9.50877195829791,
          10.481218144131045,
          10.342657140474548,
          10.342657140474548,
          10.342657140474548,
          10.342657140474548
        ],
        "horizontal_dist_map": 188,
        "slope_dist_map": 191,
        "elevation_diff_map": 25.2,
        "avg_slope_deg_map": 7.5,
        "max_slope_deg_map": 14.0,
        "resort": "pallcall-tsumagoi-resort",
        "level": "初級",
        "distance": "",
        "maxWidth": "",
        "minWidth": "",
        "avg": "",
        "max": "",
        "piste": "○",
        "snowboard": "○",
        "note": "",
        "image": "",
        "searchWord": "パルコール嬬恋　C-5",
        "status": "×",
        "update": "2025.5.9 12:14 更新",
        "latest_note": null
      }
    },
    {
      "type": "Feature",
      "geometry": {
        "type": "LineString",
        "coordinates": [
          [
            138.4372444853953,
            36.561831576570654,
            1894.0
          ],
          [
            138.43735476419047,
            36.561817212632945,
            1893.0
          ],
          [
            138.43746504298565,
            36.56180284869524,
            1892.8
          ],
          [
            138.43757532178083,
            36.56178848475753,
            1892.0
          ],
          [
            138.43768560057603,
            36.56177412081983,
            1891.5
          ],
          [
            138.4377958793712,
            36.56175975688212,
            1890.6
          ],
          [
            138.43790615816638,
            36.56174539294441,
            1889.6
          ],
          [
            138.43801643696156,
            36.5617310290067,
            1887.5
          ],
          [
            138.43812671575674,
            36.56171666506899,
            1883.9
          ],
          [
            138.43823699455191,
            36.561702301131284,
            1881.9
          ],
          [
            138.4383472733471,
            36.561687937193575,
            1879.3
          ],
          [
            138.438457554527,
            36.56167359334524,
            1877.7
          ],
          [
            138.43856920814648,
            36.56167081127739,
            1876.4
          ],
          [
            138.43868086176596,
            36.56166802920954,
            1874.7
          ],
          [
            138.43879251538542,
            36.56166524714169,
            1873.3
          ],
          [
            138.4389041690049,
            36.561662465073844,
            1870.8
          ],
          [
            138.43901582262438,
            36.56165968300599,
            1869.1
          ],
          [
            138.43912747624387,
            36.56165690093815,
            1866.9
          ],
          [
            138.43923912986335,
            36.561654118870294,
            1863.8
          ],
          [
            138.43935078348284,
            36.56165133680244,
            1862.2
          ],
          [
            138.43946153627795,
            36.56164006717863,
            1860.7
          ],
          [
            138.43957215119497,
            36.56162749846933,
            1860.3
          ],
          [
            138.43968276611199,
            36.561614929760026,
            1859.2
          ],
          [
            138.43979338102903,
            36.561602361050724,
            1857.8
          ],
          [
            138.43990399594605,
            36.56158979234142,
            1855.2
          ],
          [
            138.4400146108631,
            36.56157722363212,
            1852.9
          ],
          [
            138.44012522578012,
            36.56156465492282,
            1852.3
          ],
          [
            138.44023584069717,
            36.56155208621352,
            1851.2
          ],
          [
            138.44034596474788,
            36.56153730910578,
            1850.8
          ],
          [
            138.4404551022815,
            36.56151809367588,
            1850.4
          ],
          [
            138.44056423981513,
            36.561498878245985,
            1849.8
          ],
          [
            138.44067337734873,
            36.56147966281608,
            1848.7
          ],
          [
            138.44078251488236,
            36.56146044738618,
            1847.5
          ],
          [
            138.44089165241598,
            36.56144123195629,
            1846.4
          ],
          [
            138.44100082234317,
            36.56142213722624,
            1845.8
          ],
          [
            138.44110999389082,
            36.56140304853417,
            1845.2
          ],
          [
            138.4412191654385,
            36.56138395984209,
            1844.0
          ],
          [
            138.44132833698615,
            36.56136487115002,
            1842.8
          ],
          [
            138.44143750853382,
            36.56134578245795,
            1841.8
          ],
          [
            138.4415466800815,
            36.56132669376588,
            1841.0
          ],
          [
            138.4416574619762,
            36.561316284725784,
            1840.5
          ],
          [
            138.44176877716936,
            36.561308750124915,
            1839.2
          ],
          [
            138.44188009236248,
            36.56130121552405,
            1837.9
          ],
          [
            138.44199140755563,
            36.56129368092318,
            1836.5
          ],
          [
            138.44210272274879,
            36.56128614632231,
            1836.1
          ],
          [
            138.4422140379419,
            36.56127861172144,
            1834.4
          ],
          [
            138.44232535313506,
            36.56127107712057,
            1833.3
          ],
          [
            138.4424368086088,
            36.56126724697116,
            1831.8
          ],
          [
            138.44254848632394,
            36.561269285648656,
            1830.6
          ],
          [
            138.4426601640391,
            36.56127132432615,
            1830.1
          ],
          [
            138.44277184175425,
            36.56127336300364,
            1828.4
          ],
          [
            138.44288351946938,
            36.561275401681144,
            1826.2
          ],
          [
            138.44299519718453,
            36.56127744035864,
            1824.5
          ],
          [
            138.44309805467825,
            36.56124345615843,
            1823.2
          ],
          [
            138.44320038445656,
            36.561207316703154,
            1821.8
          ],
          [
            138.44330271423485,
            36.561171177247886,
            1821.1
          ],
          [
            138.4433983358935,
            36.561128113728344,
            1820.3
          ],
          [
            138.44346653019304,
            36.56105673992117,
            1819.7
          ],
          [
            138.4435347244926,
            36.560985366114,
            1818.9
          ],
          [
            138.44360291879212,
            36.56091399230682,
            1818.8
          ],
          [
            138.44367111309165,
            36.56084261849965,
            1817.8
          ],
          [
            138.44372658211185,
            36.56076451827162,
            1817.8
          ],
          [
            138.4437804730411,
            36.560685583884776,
            1816.9
          ],
          [
            138.44383436397035,
            36.560606649497934,
            1814.2
          ],
          [
            138.4439317256322,
            36.5605647815765,
            1811.9
          ],
          [
            138.4440324042273,
            36.56052574192559,
            1809.9
          ],
          [
            138.44413529822936,
            36.56049252534885,
            1806.4
          ],
          [
            138.44424578999025,
            36.560479279059386,
            1805.1
          ],
          [
            138.4443562817511,
            36.56046603276993,
            1803.7
          ],
          [
            138.44442475620616,
            36.56045782371936,
            1803.4
          ]
        ]
      },
      "properties": {
        "name": "D-6",
        "slope_deg": [
          3.576334374997351,
          3.576334374997351,
          3.576334374997351,
          3.433630362450652,
          4.573921259900927,
          6.418786730238786,
          10.757967088389877,
          12.270720357815076,
          14.439965121002654,
          13.766300685466197,
          10.619655276155134,
          10.203973721731748,
          8.530765609948133,
          9.78720366465624,
          10.342657140474863,
          11.034209003250188,
          13.360218444764483,
          12.133880170633224,
          11.85977912094779,
          9.369385096487674,
          6.56019640057118,
          6.277298489597683,
          7.829076510059608,
          10.48121814413073,
          9.78720366465624,
          9.369385096487358,
          6.277298489597683,
          3.576334374997351,
          3.576334374997351,
          3.576334374997351,
          4.7162212343382155,
          5.710593137499643,
          5.710593137499643,
          5.000644597558433,
          5.000644597558433,
          5.142764557884436,
          5.710593137499643,
          5.994092949108534,
          5.000644597558433,
          5.142764557884112,
          5.568737077976444,
          6.418786730238786,
          6.277298489597683,
          6.842773412630876,
          6.560196400571501,
          6.701525844729548,
          7.829076510059608,
          6.13573334018705,
          6.983937460085098,
          7.969610394321233,
          8.670801453590833,
          9.787203664655925,
          9.369385096487674,
          7.266008446996189,
          5.994092949108534,
          5.000644597558433,
          4.146688825965815,
          3.290883686067228,
          3.576334374997351,
          2.719505461272635,
          2.862405226111748,
          6.56019640057118,
          8.390627013252388,
          11.172136252166961,
          14.708303899682749,
          12.816647648997623,
          11.58512622485511,
          11.58512622485511,
          11.58512622485511,
          11.58512622485511
        ],
        "horizontal_dist_map": 686,
        "slope_dist_map": 694,
        "elevation_diff_map": 90.6,
        "avg_slope_deg_map": 7.4,
        "max_slope_deg_map": 14.7,
        "resort": "pallcall-tsumagoi-resort",
        "level": "中級",
        "distance": "",
        "maxWidth": "",
        "minWidth": "",
        "avg": "",
        "max": 18,
        "piste": "○",
        "snowboard": "○",
        "note": "",
        "image": "",
        "searchWord": "パルコール嬬恋　D-6",
        "status": "×",
        "update": "2025.5.9 12:14 更新",
        "latest_note": null
      }
    },
    {
      "type": "Feature",
      "geometry": {
        "type": "LineString",
        "coordinates": [
          [
            138.45131209295124,
            36.561759520593824,
            1666.9
          ],
          [
            138.45141386241258,
            36.561722364725675,
            1664.5
          ],
          [
            138.45151563187392,
            36.561685208857526,
            1661.4
          ],
          [
            138.45161740133526,
            36.561648052989376,
            1660.3
          ],
          [
            138.45171917079657,
            36.56161089712123,
            1658.7
          ],
          [
            138.4518209402579,
            36.56157374125308,
            1654.7
          ],
          [
            138.45192270971924,
            36.56153658538493,
            1652.5
          ],
          [
            138.45202811662483,
            36.56150865642271,
            1649.6
          ],
          [
            138.45213779520992,
            36.56149156319636,
            1647.8
          ],
          [
            138.452247473795,
            36.561474469970015,
            1646.0
          ],
          [
            138.4523571523801,
            36.56145737674367,
            1644.4
          ],
          [
            138.45246683096522,
            36.56144028351732,
            1641.8
          ],
          [
            138.4525765095503,
            36.561423190290974,
            1639.6
          ],
          [
            138.4526861881354,
            36.56140609706463,
            1636.9
          ],
          [
            138.45279599969317,
            36.56138996549561,
            1635.5
          ],
          [
            138.4529076512666,
            36.56138714090716,
            1633.2
          ],
          [
            138.45301930284006,
            36.56138431631871,
            1630.7
          ],
          [
            138.4531309544135,
            36.56138149173026,
            1628.5
          ],
          [
            138.45324260598696,
            36.56137866714182,
            1625.2
          ],
          [
            138.4533542575604,
            36.56137584255337,
            1622.7
          ],
          [
            138.45346590913385,
            36.56137301796492,
            1619.2
          ],
          [
            138.45357751881556,
            36.56136953371821,
            1614.8
          ],
          [
            138.45368894379124,
            36.56136314095274,
            1612.8
          ],
          [
            138.45380036876688,
            36.56135674818727,
            1610.0
          ],
          [
            138.45391179374255,
            36.56135035542181,
            1608.4
          ],
          [
            138.45402321871822,
            36.561343962656345,
            1606.1
          ],
          [
            138.4541346436939,
            36.561337569890874,
            1603.9
          ],
          [
            138.45424606866953,
            36.56133117712541,
            1602.4
          ],
          [
            138.4543574936452,
            36.56132478435995,
            1600.8
          ],
          [
            138.45446819930143,
            36.56131349632417,
            1599.6
          ],
          [
            138.4545783892012,
            36.561298698349226,
            1597.8
          ],
          [
            138.45468857910095,
            36.561283900374285,
            1596.5
          ],
          [
            138.4547987690007,
            36.56126910239934,
            1595.4
          ],
          [
            138.45490895890043,
            36.561254304424395,
            1593.8
          ],
          [
            138.45501914880018,
            36.56123950644945,
            1592.7
          ],
          [
            138.45512983426764,
            36.56122834963623,
            1591.3
          ],
          [
            138.45524137905772,
            36.5612235066576,
            1590.3
          ],
          [
            138.45535292384778,
            36.56121866367896,
            1589.3
          ],
          [
            138.45546446863787,
            36.561213820700324,
            1588.6
          ],
          [
            138.45557601342796,
            36.56120897772169,
            1588.0
          ],
          [
            138.45568755821802,
            36.56120413474305,
            1587.0
          ],
          [
            138.45579753243473,
            36.56119203043293,
            1585.8
          ],
          [
            138.45590451914725,
            36.56116611380526,
            1583.4
          ],
          [
            138.4560115058598,
            36.561140197177586,
            1580.9
          ],
          [
            138.45611849257233,
            36.561114280549916,
            1578.3
          ],
          [
            138.45622547928485,
            36.561088363922245,
            1577.0
          ],
          [
            138.45633246599738,
            36.56106244729457,
            1575.1
          ],
          [
            138.45643945270993,
            36.5610365306669,
            1573.7
          ],
          [
            138.4565462523658,
            36.561010134052026,
            1571.7
          ],
          [
            138.4566523830146,
            36.56098202076551,
            1571.0
          ],
          [
            138.45675851366343,
            36.56095390747898,
            1569.1
          ],
          [
            138.45686464431225,
            36.560925794192464,
            1567.0
          ],
          [
            138.45697077496104,
            36.560897680905946,
            1565.1
          ],
          [
            138.45707690560985,
            36.56086956761943,
            1564.2
          ],
          [
            138.45718303625867,
            36.56084145433291,
            1562.2
          ],
          [
            138.4572891669075,
            36.56081334104639,
            1561.9
          ],
          [
            138.45739529755627,
            36.56078522775987,
            1560.5
          ],
          [
            138.4575014282051,
            36.56075711447335,
            1559.8
          ],
          [
            138.4576075588539,
            36.56072900118683,
            1558.6
          ],
          [
            138.45771054628074,
            36.56069473899471,
            1557.5
          ],
          [
            138.45781039310384,
            36.56065433301892,
            1556.4
          ],
          [
            138.45791023992697,
            36.56061392704312,
            1555.0
          ],
          [
            138.45801008675008,
            36.560573521067326,
            1553.6
          ],
          [
            138.45810993357318,
            36.56053311509153,
            1552.0
          ],
          [
            138.4582097803963,
            36.560492709115735,
            1549.8
          ],
          [
            138.4583096272194,
            36.56045230313994,
            1547.9
          ],
          [
            138.4584094740425,
            36.560411897164144,
            1546.0
          ],
          [
            138.45851081674743,
            36.560374076639626,
            1544.1
          ],
          [
            138.4586133273102,
            36.560338274616434,
            1542.8
          ],
          [
            138.45871583787292,
            36.56030247259324,
            1541.4
          ],
          [
            138.45881834843567,
            36.56026667057006,
            1539.6
          ],
          [
            138.4589208589984,
            36.56023086854687,
            1538.2
          ],
          [
            138.45902336956115,
            36.560195066523676,
            1535.8
          ],
          [
            138.45912588012388,
            36.56015926450049,
            1534.3
          ],
          [
            138.45922839068663,
            36.5601234624773,
            1532.6
          ],
          [
            138.4593309012494,
            36.56008766045411,
            1530.5
          ],
          [
            138.4594334118121,
            36.560051858430924,
            1529.1
          ],
          [
            138.45953551061055,
            36.56001531371497,
            1526.6
          ],
          [
            138.45963693861495,
            36.55997755909852,
            1524.8
          ],
          [
            138.45973836661935,
            36.55993980448207,
            1523.6
          ],
          [
            138.45983979462375,
            36.55990204986562,
            1521.5
          ],
          [
            138.45994122262815,
            36.55986429524916,
            1519.8
          ],
          [
            138.46004265063254,
            36.55982654063271,
            1518.7
          ],
          [
            138.46014407863697,
            36.55978878601626,
            1516.4
          ],
          [
            138.4602455801262,
            36.559751166665755,
            1514.8
          ],
          [
            138.46034872797918,
            36.55971657783084,
            1513.2
          ],
          [
            138.46045187583218,
            36.559681988995926,
            1511.4
          ],
          [
            138.46055502368517,
            36.559647400161005,
            1509.9
          ],
          [
            138.46065817153814,
            36.55961281132609,
            1507.6
          ],
          [
            138.46076131939114,
            36.559578222491176,
            1505.9
          ],
          [
            138.46086445990593,
            36.55954362281639,
            1504.8
          ],
          [
            138.46095628747403,
            36.55949231184037,
            1503.5
          ],
          [
            138.46104811504213,
            36.559441000864354,
            1503.2
          ],
          [
            138.46113994261023,
            36.559389689888334,
            1502.7
          ],
          [
            138.46123177017833,
            36.55933837891231,
            1502.3
          ],
          [
            138.4613261645301,
            36.55929038600874,
            1502.2
          ],
          [
            138.46142364496097,
            36.55924638246901,
            1501.5
          ],
          [
            138.46152112539187,
            36.559202378929285,
            1501.3
          ],
          [
            138.46161860582274,
            36.55915837538956,
            1501.1
          ],
          [
            138.4617160862536,
            36.55911437184983,
            1500.7
          ],
          [
            138.46181356668447,
            36.5590703683101,
            1499.9
          ],
          [
            138.46191104711534,
            36.55902636477037,
            1499.2
          ],
          [
            138.4620085275462,
            36.55898236123064,
            1499.1
          ],
          [
            138.4621102301518,
            36.55894513919362,
            1498.1
          ],
          [
            138.4622121859246,
            36.55890832378449,
            1497.3
          ],
          [
            138.46231414169742,
            36.558871508375375,
            1496.5
          ],
          [
            138.46241609747022,
            36.55883469296625,
            1495.2
          ],
          [
            138.46251805324303,
            36.558797877557126,
            1494.2
          ],
          [
            138.46262000901584,
            36.558761062148,
            1493.1
          ],
          [
            138.46272009394255,
            36.5587212049528,
            1491.3
          ],
          [
            138.4628181080502,
            36.55867798083786,
            1489.9
          ],
          [
            138.46291612215782,
            36.55863475672291,
            1488.6
          ],
          [
            138.46301413626546,
            36.55859153260796,
            1486.9
          ],
          [
            138.46311215037312,
            36.558548308493016,
            1485.8
          ],
          [
            138.46321016448076,
            36.55850508437807,
            1484.6
          ],
          [
            138.4633054379158,
            36.558458759188696,
            1482.9
          ],
          [
            138.46338803988672,
            36.5583980962219,
            1481.8
          ],
          [
            138.46347064185764,
            36.5583374332551,
            1480.4
          ],
          [
            138.46355324382856,
            36.5582767702883,
            1478.6
          ],
          [
            138.46363584579947,
            36.558216107321506,
            1477.2
          ],
          [
            138.46371430132814,
            36.55815848950587,
            1476.2
          ]
        ]
      },
      "properties": {
        "name": "A-2",
        "slope_deg": [
          11.58512622485511,
          11.58512622485511,
          11.58512622485511,
          13.766300685466197,
          12.543973346572233,
          14.97598451475675,
          15.2429977429017,
          12.270720357815385,
          11.44759626368548,
          11.034209003250188,
          11.58512622485511,
          12.816647648997312,
          12.543973346572233,
          12.133880170633224,
          12.543973346571923,
          11.859779120948104,
          14.439965121002654,
          14.708303899682749,
          16.039943306049665,
          18.906332035086663,
          17.223436191131583,
          17.6146433000071,
          15.109575122340402,
          12.270720357815385,
          12.543973346571923,
          10.757967088389877,
          10.757967088390194,
          9.22988624372772,
          8.670801453591151,
          8.390627013252708,
          7.688447769902681,
          8.250387228905435,
          7.266008446995867,
          7.406912128495294,
          7.266008446996189,
          6.418786730238786,
          5.852378988915814,
          4.7162212343382155,
          4.7162212343382155,
          5.000644597558433,
          7.406912128494972,
          10.065169352759717,
          12.270720357815385,
          12.407418527400683,
          11.722520970102511,
          10.203973721731748,
          9.369385096487358,
          8.530765609948133,
          8.530765609948133,
          9.50877195829791,
          9.369385096487674,
          9.648045316098093,
          9.787203664655925,
          7.266008446995867,
          6.56019640057118,
          6.277298489597683,
          5.142764557884436,
          6.277298489597683,
          5.852378988915493,
          6.842773412630876,
          7.125016348901798,
          7.829076510059608,
          9.369385096487674,
          10.065169352759717,
          10.757967088389877,
          11.172136252167274,
          9.926245506651705,
          9.22988624372772,
          9.09027692082245,
          8.390627013252388,
          9.926245506651705,
          10.065169352760034,
          9.926245506651705,
          10.896152141141194,
          9.50877195829791,
          10.896152141141194,
          11.034209003250188,
          9.78720366465624,
          10.757967088389877,
          9.648045316098093,
          8.670801453590833,
          10.203973721731431,
          9.50877195829791,
          9.369385096487358,
          10.342657140474548,
          9.22988624372772,
          10.203973721731748,
          10.342657140474548,
          9.369385096487674,
          9.09027692082245,
          6.277298489597361,
          4.573921259900927,
          3.576334374997351,
          1.8614576304666637,
          2.433606100720186,
          2.0045340321060343,
          1.7183580016555222,
          2.147585428298503,
          2.2906100426383995,
          3.005269359689804,
          2.862405226111748,
          3.718993973158237,
          3.718993973158237,
          3.8616074096751394,
          5.568737077976444,
          5.568737077976444,
          5.994092949108534,
          7.406912128495294,
          7.547725773843047,
          7.969610394321551,
          8.810732985984655,
          7.829076510059608,
          7.547725773843367,
          8.110047829418843,
          7.266008446996189,
          7.688447769902681,
          8.530765609948133,
          8.11004782941916,
          8.11004782941916,
          8.11004782941916,
          8.11004782941916
        ],
        "horizontal_dist_map": 1199,
        "slope_dist_map": 1217,
        "elevation_diff_map": 190.7,
        "avg_slope_deg_map": 8.9,
        "max_slope_deg_map": 18.9,
        "resort": "pallcall-tsumagoi-resort",
        "level": "初級",
        "distance": "",
        "maxWidth": "",
        "minWidth": "",
        "avg": "",
        "max": 18,
        "piste": "○",
        "snowboard": "○",
        "note": "",
        "image": "",
        "searchWord": "パルコール嬬恋　A-2",
        "status": "×",
        "update": "2025.5.9 12:14 更新",
        "latest_note": null
      }
    },
    {
      "type": "Feature",
      "geometry": {
        "type": "LineString",
        "coordinates": [
          [
            138.46068655597782,
            36.55836736551413,
            1508.8
          ],
          [
            138.46072710777548,
            36.55828339865606,
            1508.6
          ],
          [
            138.46076765957315,
            36.55819943179799,
            1508.5
          ],
          [
            138.4608082113708,
            36.558115464939924,
            1508.0
          ],
          [
            138.46084876316846,
            36.55803149808185,
            1507.4
          ],
          [
            138.46088931496612,
            36.55794753122378,
            1506.9
          ],
          [
            138.46092954744034,
            36.557863465032334,
            1506.1
          ],
          [
            138.46096939142151,
            36.55777927799061,
            1505.5
          ],
          [
            138.46100923540268,
            36.55769509094889,
            1504.8
          ],
          [
            138.46104907938386,
            36.557610903907175,
            1504.3
          ],
          [
            138.46108892336503,
            36.55752671686545,
            1503.6
          ],
          [
            138.4611287673462,
            36.55744252982373,
            1503.3
          ],
          [
            138.46117197037654,
            36.55735945262443,
            1502.9
          ],
          [
            138.4612167672104,
            36.557276902023794,
            1502.4
          ],
          [
            138.46126156404424,
            36.55719435142315,
            1502.0
          ],
          [
            138.4613063608781,
            36.55711180082251,
            1501.4
          ],
          [
            138.46136818547424,
            36.55703696732169,
            1501.1
          ],
          [
            138.46143226588376,
            36.556963156171115,
            1500.3
          ],
          [
            138.46149634629325,
            36.55688934502053,
            1499.8
          ],
          [
            138.46156042670276,
            36.55681553386995,
            1499.0
          ],
          [
            138.46163730076475,
            36.55675063815259,
            1498.4
          ],
          [
            138.46171850123616,
            36.556688757353335,
            1497.4
          ],
          [
            138.46177163458543,
            36.55664826578892,
            1496.7
          ]
        ]
      },
      "properties": {
        "name": "A-3",
        "slope_deg": [
          2.0045340321057092,
          2.0045340321057092,
          2.0045340321057092,
          2.433606100719861,
          3.433630362450652,
          3.576334374997351,
          3.718993973158237,
          3.718993973158237,
          3.576334374997351,
          3.148096099562824,
          2.7195054612723095,
          2.7195054612723095,
          2.2906100426383995,
          2.7195054612723095,
          2.5765718302690908,
          3.005269359690129,
          3.148096099562824,
          3.433630362450652,
          3.8616074096748143,
          4.146688825965815,
          4.146688825965815,
          4.146688825965815,
          4.146688825965815
        ],
        "horizontal_dist_map": 216,
        "slope_dist_map": 216,
        "elevation_diff_map": 12.1,
        "avg_slope_deg_map": 3.2,
        "max_slope_deg_map": 4.1,
        "resort": "pallcall-tsumagoi-resort",
        "level": "初級",
        "distance": "",
        "maxWidth": "",
        "minWidth": "",
        "avg": "",
        "max": "",
        "piste": "○",
        "snowboard": "○",
        "note": "",
        "image": "",
        "searchWord": "パルコール嬬恋　A-3",
        "status": "×",
        "update": "2025.5.9 12:14 更新",
        "latest_note": null
      }
    }
  ]
}