{
  "type": "FeatureCollection",
  "features": [
    {
      "type": "Feature",
      "properties": {
        "name": "さゆりA",
        "slope_deg": [
          5.710593137499643,
          5.710593137499643,
          5.710593137499643,
          14.57421619803871,
          13.766300685466197,
          14.036243467926479,
          15.37625124882619,
          6.842773412631036,
          10.203973721731748,
          11.7225209701022,
          10.757967088390036,
          11.585126224854955,
          8.9505586562316,
          7.688447769903003,
          6.842773412630876,
          5.142764557884274,
          5.142764557884274,
          4.289153328819018,
          5.568737077976604,
          7.125016348901798,
          9.50877195829791,
          13.49573328079569,
          15.109575122340555,
          18.64953875405141,
          20.931852540892464,
          20.43036232928569,
          21.924785220541203,
          20.931852540892464,
          19.417554141579483,
          18.906332035086518,
          17.35402463626132,
          15.509334522674907,
          14.708303899682749,
          14.842227057911131,
          15.109575122340402,
          16.830565983210626,
          15.907551930525813,
          14.842227057911131,
          14.708303899682749,
          14.708303899682749,
          15.774985955414158,
          20.556045219583467,
          23.509040224192432,
          24.93842765545725,
          26.335410003881297,
          22.416147479343643,
          18.26288994219419,
          15.907551930525813,
          14.842227057911131,
          15.509334522674907,
          16.69924423399362,
          16.43605922463559,
          16.304198003832227,
          15.774985955414008,
          15.109575122340402,
          13.901350769509243,
          12.13388017063338,
          11.034209003250188,
          10.481218144130889,
          9.508771958297752,
          8.530765609948133,
          6.842773412631036,
          5.568737077976766,
          5.568737077976604,
          5.568737077976604,
          6.418786730238786,
          6.418786730238786,
          5.852378988915653,
          5.2848210925090795,
          5.284821092508918,
          5.000644597558433,
          5.710593137499643,
          6.277298489597523,
          5.710593137499643,
          5.710593137499643,
          5.994092949108534,
          5.994092949108534,
          5.142764557884274,
          5.142764557884274,
          5.142764557884274,
          5.142764557884274
        ],
        "horizontal_dist_map": 791,
        "slope_dist_map": 816,
        "elevation_diff_map": 171.4,
        "avg_slope_deg_map": 11.9,
        "max_slope_deg_map": 26.3
      },
      "geometry": {
        "type": "LineString",
        "coordinates": [
          [
            139.55193449035028,
            37.2613002743867,
            688.0
          ],
          [
            139.5518480809013,
            37.261358143103415,
            687.0
          ],
          [
            139.55176167145234,
            37.26141601182013,
            686.0
          ],
          [
            139.55167526200336,
            37.26147388053685,
            685.0
          ],
          [
            139.55158885255437,
            37.26153174925356,
            684.0
          ],
          [
            139.55150244310542,
            37.26158961797027,
            676.6
          ],
          [
            139.55141603365644,
            37.26164748668699,
            676.2
          ],
          [
            139.55132962420745,
            37.261705355403706,
            675.0
          ],
          [
            139.55124321475847,
            37.26176322412042,
            673.0
          ],
          [
            139.55115680530952,
            37.26182109283714,
            671.8
          ],
          [
            139.55106936527503,
            37.2618778977819,
            669.0
          ],
          [
            139.55097763325918,
            37.26193027253686,
            666.7
          ],
          [
            139.5508859012433,
            37.261982647291816,
            665.4
          ],
          [
            139.55079416922743,
            37.26203502204677,
            663.6
          ],
          [
            139.55070243721158,
            37.262087396801725,
            662.7
          ],
          [
            139.55061073665635,
            37.26213980531425,
            661.3
          ],
          [
            139.55052169788993,
            37.26219506995215,
            660.6
          ],
          [
            139.55043265912354,
            37.26225033459004,
            660.0
          ],
          [
            139.55034362035715,
            37.26230559922794,
            659.1
          ],
          [
            139.55025458159074,
            37.262360863865844,
            658.3
          ],
          [
            139.55016554282435,
            37.262416128503745,
            656.7
          ],
          [
            139.55007650405793,
            37.262471393141645,
            655.0
          ],
          [
            139.54998873770114,
            37.26252793960526,
            652.4
          ],
          [
            139.54990117747752,
            37.262584693727455,
            648.7
          ],
          [
            139.54981361725388,
            37.26264144784965,
            645.9
          ],
          [
            139.54972605703023,
            37.262698201971844,
            641.5
          ],
          [
            139.5496384968066,
            37.262754956094035,
            637.1
          ],
          [
            139.54955093658296,
            37.262811710216226,
            633.8
          ],
          [
            139.54946648626324,
            37.26287122044089,
            629.8
          ],
          [
            139.54938684718618,
            37.26293499455221,
            626.2
          ],
          [
            139.54930720810913,
            37.26299876866353,
            623.0
          ],
          [
            139.54922756903207,
            37.26306254277485,
            620.1
          ],
          [
            139.549147929955,
            37.263126316886165,
            617.3
          ],
          [
            139.54906829087795,
            37.26319009099748,
            615.1
          ],
          [
            139.54898719565085,
            37.26325263849607,
            612.5
          ],
          [
            139.54890332745168,
            37.26331285013455,
            609.5
          ],
          [
            139.54881945925254,
            37.26337306177302,
            606.5
          ],
          [
            139.5487355910534,
            37.263433273411486,
            603.0
          ],
          [
            139.54865172285426,
            37.26349348504996,
            601.1
          ],
          [
            139.54856785465512,
            37.26355369668843,
            598.9
          ],
          [
            139.54848525718108,
            37.2636150132101,
            596.0
          ],
          [
            139.54840315987423,
            37.26367676462228,
            592.5
          ],
          [
            139.54832106256737,
            37.263738516034465,
            589.8
          ],
          [
            139.5482389652605,
            37.263800267446655,
            583.9
          ],
          [
            139.54815686795365,
            37.26386201885884,
            578.6
          ],
          [
            139.54807477064676,
            37.26392377027102,
            573.9
          ],
          [
            139.5479926733399,
            37.2639855216832,
            570.0
          ],
          [
            139.54791261349598,
            37.2640489280117,
            567.4
          ],
          [
            139.54783404911822,
            37.26411354902309,
            565.4
          ],
          [
            139.54775548474046,
            37.26417817003447,
            562.5
          ],
          [
            139.5476769203627,
            37.26424279104586,
            559.4
          ],
          [
            139.54759835598495,
            37.26430741205725,
            556.3
          ],
          [
            139.5475197916072,
            37.26437203306864,
            553.4
          ],
          [
            139.54744122722943,
            37.26443665408003,
            550.7
          ],
          [
            139.54736293239867,
            37.26450146848395,
            547.7
          ],
          [
            139.54729100175825,
            37.26457084901868,
            545.0
          ],
          [
            139.54721907111784,
            37.264640229553414,
            542.6
          ],
          [
            139.54714714047745,
            37.264709610088154,
            540.8
          ],
          [
            139.54707520983703,
            37.26477899062289,
            539.1
          ],
          [
            139.54700327919662,
            37.264848371157626,
            537.2
          ],
          [
            139.54693134855623,
            37.26491775169236,
            535.2
          ],
          [
            139.5468594179158,
            37.2649871322271,
            534.1
          ],
          [
            139.54679332478636,
            37.26506002491054,
            533.1
          ],
          [
            139.5467298034787,
            37.265134464935066,
            532.4
          ],
          [
            139.54666628217106,
            37.26520890495959,
            531.3
          ],
          [
            139.5466027608634,
            37.26528334498412,
            530.2
          ],
          [
            139.54653923955576,
            37.265357785008646,
            529.2
          ],
          [
            139.54647571824808,
            37.26543222503317,
            527.9
          ],
          [
            139.54641219694042,
            37.2655066650577,
            526.8
          ],
          [
            139.54634867563277,
            37.26558110508223,
            526.1
          ],
          [
            139.54628515432512,
            37.26565554510675,
            525.5
          ],
          [
            139.54623222479438,
            37.26573508061337,
            524.2
          ],
          [
            139.54617965605212,
            37.26581478968778,
            523.3
          ],
          [
            139.54612708730986,
            37.26589449876219,
            522.1
          ],
          [
            139.5460761159596,
            37.265974837606514,
            521.1
          ],
          [
            139.54602897509957,
            37.26605668661709,
            520.2
          ],
          [
            139.54598183423954,
            37.266138535627675,
            519.3
          ],
          [
            139.5459346933795,
            37.26622038463825,
            517.9
          ],
          [
            139.5458875525195,
            37.26630223364884,
            516.9
          ],
          [
            139.54584041165947,
            37.266384082659414,
            516.6
          ],
          [
            139.54583302744078,
            37.26639690361756,
            516.6
          ]
        ]
      }
    },
    {
      "type": "Feature",
      "properties": {
        "name": "さゆりB",
        "slope_deg": [
          4.573921259900927,
          4.573921259900927,
          4.573921259900927,
          5.568737077976604,
          5.852378988915653,
          7.829076510059608,
          9.926245506651705,
          10.065169352759877,
          14.036243467926479,
          15.774985955414008,
          16.830565983210477,
          20.052082146098567,
          21.80140948635181,
          21.554019920478925,
          21.305783617828798,
          20.806791012711145,
          21.4300073017523,
          21.305783617828656,
          22.904057803636878,
          21.181349500266236,
          16.961705886532968,
          14.305551846622015,
          11.722520970102357,
          10.896152141141194,
          9.787203664656081,
          10.619655276155134,
          11.309932474020215,
          11.309932474020215,
          13.90135076950909,
          14.57421619803871,
          17.35402463626132,
          19.798876354524904,
          19.925580658184323,
          21.80140948635181,
          19.798876354524904,
          19.6719699892005,
          20.806791012711287,
          20.052082146098567,
          22.04794746356044,
          20.17838007450879,
          18.39196625070533,
          18.39196625070533,
          18.39196625070533,
          18.39196625070533
        ],
        "horizontal_dist_map": 425,
        "slope_dist_map": 445,
        "elevation_diff_map": 119.5,
        "avg_slope_deg_map": 15.0,
        "max_slope_deg_map": 22.9
      },
      "geometry": {
        "type": "LineString",
        "coordinates": [
          [
            139.55105849618866,
            37.26214761038062,
            664.0
          ],
          [
            139.55099162832389,
            37.262220152503346,
            662.9
          ],
          [
            139.55092476045908,
            37.26229269462607,
            662.5
          ],
          [
            139.5508578925943,
            37.26236523674879,
            661.4
          ],
          [
            139.5507910247295,
            37.262437778871515,
            660.8
          ],
          [
            139.55071798374513,
            37.262506154341274,
            659.0
          ],
          [
            139.55063969864463,
            37.26257099020493,
            658.4
          ],
          [
            139.55056141354416,
            37.262635826068575,
            655.9
          ],
          [
            139.5504831284437,
            37.26270066193222,
            653.8
          ],
          [
            139.55040643556896,
            37.26276665126428,
            651.9
          ],
          [
            139.55033338250865,
            37.262835277415164,
            648.4
          ],
          [
            139.55026032944832,
            37.262903903566055,
            644.6
          ],
          [
            139.55018727638802,
            37.26297252971695,
            641.7
          ],
          [
            139.55011422332768,
            37.26304115586784,
            637.3
          ],
          [
            139.55004117026738,
            37.263109782018724,
            632.4
          ],
          [
            139.54996811720707,
            37.263178408169615,
            628.8
          ],
          [
            139.54989473214707,
            37.263246807708015,
            626.1
          ],
          [
            139.54982127431344,
            37.263315157573416,
            622.1
          ],
          [
            139.5497478164798,
            37.26338350743881,
            616.7
          ],
          [
            139.54967435864614,
            37.26345185730421,
            613.2
          ],
          [
            139.54960090081252,
            37.26352020716961,
            609.2
          ],
          [
            139.54952744297887,
            37.26358855703501,
            606.6
          ],
          [
            139.54945421825283,
            37.263657065499075,
            604.5
          ],
          [
            139.54938157080423,
            37.26372596672353,
            603.0
          ],
          [
            139.54930892335562,
            37.263794867947986,
            600.9
          ],
          [
            139.54923627590702,
            37.26386376917244,
            598.9
          ],
          [
            139.54916362845842,
            37.2639326703969,
            597.6
          ],
          [
            139.5490909810098,
            37.26400157162135,
            595.5
          ],
          [
            139.54901871618924,
            37.26407071866446,
            592.9
          ],
          [
            139.5489501522547,
            37.264142243334845,
            590.9
          ],
          [
            139.5488815883201,
            37.26421376800523,
            587.7
          ],
          [
            139.54881302438557,
            37.26428529267561,
            585.1
          ],
          [
            139.54874446045102,
            37.264356817345984,
            580.4
          ],
          [
            139.54867589651644,
            37.264428342016366,
            576.5
          ],
          [
            139.5486073325819,
            37.26449986668675,
            573.2
          ],
          [
            139.54853876864735,
            37.26457139135713,
            569.1
          ],
          [
            139.5484702047128,
            37.26464291602751,
            566.0
          ],
          [
            139.5484040711777,
            37.26471586971387,
            562.2
          ],
          [
            139.54833905993544,
            37.26478948328116,
            558.0
          ],
          [
            139.54827404869314,
            37.26486309684846,
            554.5
          ],
          [
            139.54820903745085,
            37.26493671041575,
            549.8
          ],
          [
            139.54814402620855,
            37.26501032398305,
            547.5
          ],
          [
            139.54807901496625,
            37.265083937550344,
            544.7
          ],
          [
            139.54804009868178,
            37.26512800325999,
            544.5
          ]
        ]
      }
    },
    {
      "type": "Feature",
      "properties": {
        "name": "さゆりC",
        "slope_deg": [
          -1.5752369256829246,
          -1.5752369256829246,
          -1.5752369256829246,
          2.004534032105872,
          6.277298489597683,
          9.22988624372772,
          10.757967088389877,
          9.648045316098251,
          10.619655276155134,
          17.092662950267425,
          20.68152167820093,
          23.509040224192432,
          27.361564820270722,
          24.346751854704948,
          26.450345065034167,
          28.810793742973065,
          28.035301206706876,
          31.591515701040713,
          30.43423575344341,
          26.450345065034167,
          22.782405730481635,
          18.77803322244557,
          19.162339354972016,
          22.293629159694053,
          24.820541335489082,
          21.924785220541064,
          17.61464330000695,
          14.305551846622015,
          10.342657140474548,
          10.342657140474548,
          10.342657140474548,
          10.342657140474548
        ],
        "horizontal_dist_map": 307,
        "slope_dist_map": 328,
        "elevation_diff_map": 96.2,
        "avg_slope_deg_map": 16.3,
        "max_slope_deg_map": 31.6
      },
      "geometry": {
        "type": "LineString",
        "coordinates": [
          [
            139.550590895421,
            37.26289749571497,
            649.7
          ],
          [
            139.55057898567628,
            37.26298709572184,
            649.5
          ],
          [
            139.55054183754862,
            37.263071094656006,
            650.7
          ],
          [
            139.5504943153201,
            37.26315280017392,
            650.9
          ],
          [
            139.55045229272432,
            37.26323641052864,
            650.8
          ],
          [
            139.55041027012857,
            37.26332002088337,
            648.1
          ],
          [
            139.55036824753282,
            37.2634036312381,
            646.3
          ],
          [
            139.55032622493704,
            37.26348724159282,
            644.4
          ],
          [
            139.5502827761431,
            37.26357035251632,
            643.2
          ],
          [
            139.5502343552747,
            37.26365172230083,
            641.3
          ],
          [
            139.5501859344063,
            37.26373309208533,
            638.8
          ],
          [
            139.55013751353792,
            37.26381446186984,
            632.1
          ],
          [
            139.5500890926695,
            37.263895831654345,
            628.1
          ],
          [
            139.5500406718011,
            37.263977201438856,
            623.9
          ],
          [
            139.54999225093272,
            37.26405857122336,
            618.1
          ],
          [
            139.5499438300643,
            37.26413994100787,
            614.0
          ],
          [
            139.54989540919593,
            37.26422131079237,
            608.2
          ],
          [
            139.54984130831573,
            37.26430029687828,
            601.9
          ],
          [
            139.54978498855775,
            37.264378351780245,
            596.8
          ],
          [
            139.5497286687998,
            37.26445640668221,
            589.4
          ],
          [
            139.54967234904183,
            37.26453446158417,
            584.7
          ],
          [
            139.54961602928387,
            37.264612516486125,
            582.0
          ],
          [
            139.5495597095259,
            37.26469057138809,
            580.0
          ],
          [
            139.5495044198833,
            37.26476907358038,
            575.8
          ],
          [
            139.54945314430373,
            37.26484931873436,
            570.8
          ],
          [
            139.54940186872415,
            37.26492956388835,
            565.6
          ],
          [
            139.54935059314454,
            37.26500980904233,
            561.5
          ],
          [
            139.54929931756496,
            37.26509005419632,
            559.7
          ],
          [
            139.54924804198538,
            37.2651702993503,
            558.1
          ],
          [
            139.5491967664058,
            37.26525054450428,
            555.4
          ],
          [
            139.54914549082622,
            37.26533078965827,
            554.2
          ],
          [
            139.54910709196326,
            37.265390883034016,
            553.5
          ]
        ]
      }
    },
    {
      "type": "Feature",
      "properties": {
        "name": "さゆりD",
        "slope_deg": [
          13.90135076950909,
          13.90135076950909,
          13.90135076950909,
          17.484427323220732,
          17.092662950267574,
          16.436059224635738,
          17.744671625056874,
          16.039943306049665,
          2.719505461272472,
          10.342657140474548,
          8.810732985984973,
          13.495733280795843,
          26.565051177077994,
          24.22774531795417,
          27.699472808055,
          20.931852540892464,
          19.417554141579483,
          14.708303899682749,
          12.407418527400683,
          14.439965121002807,
          13.224551192213497,
          11.172136252167116,
          8.530765609948133,
          7.406912128495133,
          6.560196400571341,
          6.560196400571341,
          6.560196400571341,
          6.418786730238786,
          6.983937460085259,
          6.983937460085259,
          6.277298489597523,
          7.266008446996026,
          6.560196400571341,
          7.969610394321392,
          9.09027692082245,
          8.670801453590993,
          9.369385096487514,
          8.11004782941916,
          7.266008446995867,
          5.2848210925090795,
          5.142764557884112,
          3.576334374997351,
          2.862405226111748,
          3.576334374997351,
          3.433630362450652,
          4.573921259900764,
          4.573921259900927,
          5.710593137499643,
          4.7162212343382155,
          4.858462919034255,
          5.4268124985727555,
          5.710593137499643,
          5.568737077976604,
          5.568737077976766,
          5.142764557884274,
          4.0041729407093225,
          3.718993973158075,
          4.146688825965976,
          3.8616074096751394,
          4.7162212343382155,
          5.4268124985727555,
          4.573921259900764,
          5.000644597558433,
          4.716221234338378,
          5.2848210925090795,
          5.852378988915653,
          5.852378988915653,
          5.852378988915653,
          4.7162212343382155,
          5.000644597558433,
          5.284821092508918,
          5.710593137499643,
          6.98393746008542,
          7.406912128495294,
          8.250387228905595,
          8.250387228905435,
          7.829076510059608,
          7.547725773843047,
          7.266008446995867,
          7.125016348901798,
          6.135733340186728,
          5.710593137499643,
          4.716221234338378,
          4.0041729407093225,
          4.7162212343382155,
          4.858462919034255,
          5.710593137499643,
          6.135733340186889,
          7.266008446996026,
          8.670801453590993,
          7.68844776990284,
          7.68844776990284,
          7.68844776990284,
          7.68844776990284
        ],
        "horizontal_dist_map": 927,
        "slope_dist_map": 947,
        "elevation_diff_map": 135.9,
        "avg_slope_deg_map": 8.2,
        "max_slope_deg_map": 27.7
      },
      "geometry": {
        "type": "LineString",
        "coordinates": [
          [
            139.55051245281555,
            37.26276767288604,
            652.9
          ],
          [
            139.55061809103944,
            37.26279913504283,
            651.7
          ],
          [
            139.55072376770266,
            37.26283042268354,
            648.2
          ],
          [
            139.55083649797112,
            37.262829686703974,
            645.1
          ],
          [
            139.55094922823957,
            37.26282895072441,
            643.0
          ],
          [
            139.55105971067496,
            37.262841022700016,
            639.1
          ],
          [
            139.5511656216186,
            37.26286921399071,
            635.9
          ],
          [
            139.5512377921221,
            37.2629384341124,
            633.3
          ],
          [
            139.5513099626256,
            37.26300765423409,
            630.2
          ],
          [
            139.5513821331291,
            37.263076874355775,
            627.6
          ],
          [
            139.55145230981768,
            37.263147391308145,
            634.0
          ],
          [
            139.55152243392047,
            37.26321794246375,
            626.0
          ],
          [
            139.55159255802323,
            37.26328849361935,
            624.0
          ],
          [
            139.551662682126,
            37.26335904477495,
            618.0
          ],
          [
            139.55173267966507,
            37.26342967623769,
            614.0
          ],
          [
            139.5518026109216,
            37.26350034975799,
            608.0
          ],
          [
            139.55187254217816,
            37.26357102327828,
            603.0
          ],
          [
            139.5519424734347,
            37.26364169679858,
            602.7
          ],
          [
            139.55201240469125,
            37.26371237031888,
            599.9
          ],
          [
            139.55206435388033,
            37.26379072265453,
            597.5
          ],
          [
            139.55209822210594,
            37.26387657644074,
            594.2
          ],
          [
            139.55210193212892,
            37.263966631852966,
            592.4
          ],
          [
            139.5521056421519,
            37.264056687265196,
            590.5
          ],
          [
            139.5521093521749,
            37.26414674267743,
            589.6
          ],
          [
            139.55207068968696,
            37.26423097431145,
            588.2
          ],
          [
            139.55202955356205,
            37.26431486596295,
            587.2
          ],
          [
            139.55198841743714,
            37.26439875761445,
            585.9
          ],
          [
            139.55194728131224,
            37.26448264926595,
            585.0
          ],
          [
            139.5519042124469,
            37.264565902290094,
            583.6
          ],
          [
            139.55185921515735,
            37.26464851811304,
            582.7
          ],
          [
            139.55181421786776,
            37.26473113393599,
            581.0
          ],
          [
            139.55176922057817,
            37.264813749758936,
            580.1
          ],
          [
            139.55172422328857,
            37.26489636558188,
            579.2
          ],
          [
            139.5516788270951,
            37.2649788338268,
            577.6
          ],
          [
            139.5516291315066,
            37.265059711472595,
            576.4
          ],
          [
            139.55157943591806,
            37.26514058911838,
            574.5
          ],
          [
            139.55152974032956,
            37.265221466764174,
            572.8
          ],
          [
            139.5514527918891,
            37.26528579786734,
            571.5
          ],
          [
            139.55136863096658,
            37.26534574991902,
            569.8
          ],
          [
            139.55128447004404,
            37.26540570197071,
            568.8
          ],
          [
            139.5511866505462,
            37.265450126621225,
            567.7
          ],
          [
            139.5510875809865,
            37.265493130170945,
            567.8
          ],
          [
            139.55098498996966,
            37.265529761868486,
            566.2
          ],
          [
            139.5508784936371,
            37.26555932714608,
            566.3
          ],
          [
            139.55077107140664,
            37.26558563352267,
            565.7
          ],
          [
            139.55065904279132,
            37.265595726715766,
            565.3
          ],
          [
            139.55054701417603,
            37.26560581990886,
            563.8
          ],
          [
            139.55043466634595,
            37.26561039132051,
            563.1
          ],
          [
            139.55032195052675,
            37.26560859725193,
            562.5
          ],
          [
            139.55020923470758,
            37.26560680318336,
            561.3
          ],
          [
            139.55009651888838,
            37.265605009114786,
            560.5
          ],
          [
            139.5499838030692,
            37.26560321504621,
            559.7
          ],
          [
            139.54987233794253,
            37.265593716787116,
            558.7
          ],
          [
            139.5497627813398,
            37.265572462135175,
            557.3
          ],
          [
            139.5496532247371,
            37.26555120748324,
            556.6
          ],
          [
            139.5495436681344,
            37.2655299528313,
            555.8
          ],
          [
            139.54943411153167,
            37.26550869817937,
            555.1
          ],
          [
            139.5493222574138,
            37.26549830475578,
            554.5
          ],
          [
            139.54921004767652,
            37.26548959248035,
            554.0
          ],
          [
            139.54909783793923,
            37.26548088020492,
            552.9
          ],
          [
            139.54898562820196,
            37.26547216792949,
            552.4
          ],
          [
            139.5488734184647,
            37.26546345565406,
            551.2
          ],
          [
            139.54876120872743,
            37.265454743378626,
            550.2
          ],
          [
            139.5486535380879,
            37.265430671616556,
            549.7
          ],
          [
            139.54854830906788,
            37.26539833785523,
            548.9
          ],
          [
            139.5484430800479,
            37.26536600409391,
            547.9
          ],
          [
            139.54833785102787,
            37.26533367033259,
            546.5
          ],
          [
            139.54823347501633,
            37.26529970691576,
            545.6
          ],
          [
            139.54813078305293,
            37.26526252615894,
            544.8
          ],
          [
            139.54802809108952,
            37.26522534540212,
            543.8
          ],
          [
            139.54792539912611,
            37.265188164645295,
            543.2
          ],
          [
            139.54781472864312,
            37.26517732115436,
            542.1
          ],
          [
            139.5477034285149,
            37.265181622119606,
            541.1
          ],
          [
            139.54759523602365,
            37.26520694853539,
            539.8
          ],
          [
            139.54749830037605,
            37.26525123824722,
            538.3
          ],
          [
            139.5474053218723,
            37.265302194169635,
            536.9
          ],
          [
            139.54731234336856,
            37.265353150092054,
            535.3
          ],
          [
            139.54723292865174,
            37.265416836782904,
            534.0
          ],
          [
            139.54715517313923,
            37.26548208077819,
            532.8
          ],
          [
            139.54707741762672,
            37.26554732477347,
            531.6
          ],
          [
            139.5469996621142,
            37.26561256876876,
            530.2
          ],
          [
            139.54692190660168,
            37.26567781276404,
            529.0
          ],
          [
            139.54684415108918,
            37.26574305675933,
            528.5
          ],
          [
            139.5467676635575,
            37.265809200706904,
            527.6
          ],
          [
            139.54669579915375,
            37.26587862593008,
            526.9
          ],
          [
            139.54662393475002,
            37.26594805115326,
            526.2
          ],
          [
            139.54655207034628,
            37.26601747637643,
            525.2
          ],
          [
            139.54648020594254,
            37.26608690159961,
            524.2
          ],
          [
            139.5464083415388,
            37.26615632682278,
            522.9
          ],
          [
            139.54633647713507,
            37.266225752045955,
            521.9
          ],
          [
            139.54626461273133,
            37.266295177269136,
            520.1
          ],
          [
            139.54619274832763,
            37.26636460249231,
            518.1
          ],
          [
            139.5461208839239,
            37.26643402771548,
            517.5
          ],
          [
            139.54606357242346,
            37.26648939398167,
            517.0
          ]
        ]
      }
    },
    {
      "type": "Feature",
      "properties": {
        "name": "白樺",
        "slope_deg": [
          9.926245506651705,
          9.926245506651705,
          9.926245506651705,
          14.036243467926479,
          12.68038349181982,
          12.68038349181982,
          9.926245506651705,
          8.530765609948133,
          8.530765609948133,
          9.926245506651705,
          9.926245506651705,
          9.926245506651705,
          8.530765609948133,
          9.926245506651705,
          9.926245506651705,
          8.530765609948133,
          11.309932474020215,
          9.926245506651705,
          15.37625124882619,
          16.69924423399362,
          15.37625124882619,
          15.37625124882619,
          12.68038349181982,
          14.036243467926479,
          15.37625124882619,
          14.036243467926479,
          14.036243467926479,
          12.68038349181982,
          11.309932474020215,
          11.309932474020215,
          9.926245506651705,
          8.530765609948133,
          11.309932474020215,
          11.309932474020215,
          11.309932474020215,
          12.68038349181982,
          9.926245506651705,
          11.309932474020215,
          11.309932474020215,
          9.926245506651705,
          9.926245506651705,
          9.926245506651705,
          9.926245506651705,
          9.926245506651705,
          8.530765609948133,
          8.530765609948133,
          8.530765609948133,
          8.530765609948133
        ],
        "horizontal_dist_map": 462,
        "slope_dist_map": 473,
        "elevation_diff_map": 91.0,
        "avg_slope_deg_map": 10.9,
        "max_slope_deg_map": 16.7
      },
      "geometry": {
        "type": "LineString",
        "coordinates": [
          [
            139.56351475317598,
            37.25788191238546,
            850.0
          ],
          [
            139.5634118827664,
            37.25791875943555,
            850.0
          ],
          [
            139.5633090123568,
            37.25795560648564,
            847.0
          ],
          [
            139.56320614194718,
            37.257992453535735,
            846.0
          ],
          [
            139.56310327153759,
            37.258029300585825,
            843.0
          ],
          [
            139.563000401128,
            37.258066147635915,
            840.0
          ],
          [
            139.5628975307184,
            37.258102994686006,
            838.0
          ],
          [
            139.56279466030878,
            37.258139841736096,
            837.0
          ],
          [
            139.5626917898992,
            37.258176688786186,
            836.0
          ],
          [
            139.5625889194896,
            37.25821353583628,
            834.0
          ],
          [
            139.56248604908,
            37.258250382886374,
            832.0
          ],
          [
            139.56238317867042,
            37.258287229936464,
            830.0
          ],
          [
            139.5622803082608,
            37.258324076986554,
            829.0
          ],
          [
            139.56217756299844,
            37.2583611460025,
            827.0
          ],
          [
            139.56207496550687,
            37.25839847711025,
            826.0
          ],
          [
            139.56197236801526,
            37.25843580821799,
            823.0
          ],
          [
            139.56186977052369,
            37.25847313932574,
            822.0
          ],
          [
            139.56176717303208,
            37.25851047043348,
            821.0
          ],
          [
            139.5616645755405,
            37.258547801541226,
            818.0
          ],
          [
            139.56156197804893,
            37.258585132648975,
            816.0
          ],
          [
            139.56145938055732,
            37.258622463756716,
            811.0
          ],
          [
            139.56135678306575,
            37.258659794864464,
            809.0
          ],
          [
            139.56125418557414,
            37.258697125972205,
            807.0
          ],
          [
            139.56115158808257,
            37.25873445707995,
            805.0
          ],
          [
            139.56104899059096,
            37.2587717881877,
            802.0
          ],
          [
            139.56094470127172,
            37.258805961824734,
            799.0
          ],
          [
            139.5608400931908,
            37.25883954055437,
            796.0
          ],
          [
            139.56073548510983,
            37.258873119284,
            795.0
          ],
          [
            139.56063087702887,
            37.25890669801363,
            792.0
          ],
          [
            139.5605262689479,
            37.25894027674327,
            790.0
          ],
          [
            139.56042166086695,
            37.258973855472895,
            788.0
          ],
          [
            139.560317052786,
            37.25900743420253,
            787.0
          ],
          [
            139.56021244470506,
            37.259041012932165,
            785.0
          ],
          [
            139.5601078366241,
            37.25907459166179,
            784.0
          ],
          [
            139.56000322854314,
            37.25910817039143,
            780.0
          ],
          [
            139.55989862046218,
            37.25914174912106,
            779.0
          ],
          [
            139.55979401238122,
            37.25917532785069,
            777.0
          ],
          [
            139.55968940430026,
            37.25920890658033,
            775.0
          ],
          [
            139.5595847962193,
            37.25924248530996,
            773.0
          ],
          [
            139.55948018813837,
            37.25927606403959,
            771.0
          ],
          [
            139.55937548617402,
            37.25930945579452,
            769.0
          ],
          [
            139.55927074683325,
            37.259342773111996,
            768.0
          ],
          [
            139.5591660074925,
            37.25937609042946,
            766.0
          ],
          [
            139.55906126815177,
            37.25940940774693,
            764.0
          ],
          [
            139.55895652881102,
            37.2594427250644,
            762.0
          ],
          [
            139.55885178947025,
            37.25947604238187,
            761.0
          ],
          [
            139.5587470501295,
            37.25950935969934,
            760.0
          ],
          [
            139.55871858588512,
            37.25951841410297,
            759.0
          ]
        ]
      }
    },
    {
      "type": "Feature",
      "properties": {
        "name": "笠松",
        "slope_deg": [
          8.530765609948133,
          8.530765609948133,
          8.530765609948133,
          11.309932474020215,
          11.309932474020215,
          8.530765609948133,
          8.530765609948133,
          7.125016348901798,
          7.125016348901798,
          7.125016348901798,
          8.530765609948133,
          7.125016348901798,
          7.125016348901798,
          7.125016348901798,
          5.710593137499643,
          7.125016348901798,
          8.530765609948133,
          8.530765609948133,
          8.530765609948133,
          11.309932474020215,
          11.309932474020215,
          11.309932474020215,
          11.309932474020215,
          7.125016348901798,
          5.710593137499643,
          4.289153328819018,
          5.710593137499643,
          11.309932474020215,
          9.926245506651705,
          11.309932474020215,
          7.125016348901798,
          4.289153328819018,
          4.289153328819018,
          2.862405226111748,
          5.710593137499643,
          4.289153328819018,
          2.862405226111748,
          5.710593137499643,
          9.926245506651705,
          8.530765609948133,
          7.125016348901798,
          5.710593137499643,
          1.4320961841646465,
          0.0,
          1.4320961841646465,
          2.862405226111748,
          2.862405226111748,
          1.4320961841646465,
          2.862405226111748,
          1.4320961841646465,
          0.0,
          2.862405226111748,
          4.289153328819018,
          5.710593137499643,
          7.125016348901798,
          7.125016348901798,
          4.289153328819018,
          2.862405226111748,
          4.289153328819018,
          4.289153328819018,
          8.530765609948133,
          8.530765609948133,
          7.125016348901798,
          7.125016348901798,
          7.125016348901798,
          7.125016348901798
        ],
        "horizontal_dist_map": 646,
        "slope_dist_map": 654,
        "elevation_diff_map": 73.0,
        "avg_slope_deg_map": 6.4,
        "max_slope_deg_map": 11.3
      },
      "geometry": {
        "type": "LineString",
        "coordinates": [
          [
            139.55856557996418,
            37.25957516009676,
            758.0
          ],
          [
            139.5584586384408,
            37.25960366137175,
            757.0
          ],
          [
            139.55835169691747,
            37.25963216264673,
            756.0
          ],
          [
            139.5582447553941,
            37.25966066392172,
            753.0
          ],
          [
            139.55813781387073,
            37.25968916519671,
            752.0
          ],
          [
            139.55803087234736,
            37.259717666471694,
            749.0
          ],
          [
            139.55792393082402,
            37.259746167746684,
            748.0
          ],
          [
            139.55781698930065,
            37.259774669021674,
            747.0
          ],
          [
            139.55771004777728,
            37.25980317029666,
            746.0
          ],
          [
            139.5576031062539,
            37.259831671571646,
            744.0
          ],
          [
            139.55749616473057,
            37.259860172846636,
            743.0
          ],
          [
            139.5573892232072,
            37.25988867412162,
            742.0
          ],
          [
            139.55728228168383,
            37.25991717539661,
            740.0
          ],
          [
            139.55717534016046,
            37.2599456766716,
            739.0
          ],
          [
            139.5570683986371,
            37.25997417794658,
            738.0
          ],
          [
            139.55696145711374,
            37.26000267922157,
            737.0
          ],
          [
            139.55685451559037,
            37.26003118049656,
            736.0
          ],
          [
            139.556747574067,
            37.260059681771544,
            734.0
          ],
          [
            139.55664063254366,
            37.260088183046534,
            732.0
          ],
          [
            139.5565336910203,
            37.260116684321524,
            731.0
          ],
          [
            139.55642674949692,
            37.26014518559651,
            730.0
          ],
          [
            139.55631980797358,
            37.2601736868715,
            726.0
          ],
          [
            139.5562128664502,
            37.260202188146486,
            724.0
          ],
          [
            139.55610592492684,
            37.26023068942147,
            723.0
          ],
          [
            139.55599898340347,
            37.26025919069646,
            722.0
          ],
          [
            139.55589108138133,
            37.26028524806084,
            721.0
          ],
          [
            139.55578294833032,
            37.26031071759116,
            720.0
          ],
          [
            139.5556748152793,
            37.260336187121474,
            720.0
          ],
          [
            139.5555666822283,
            37.260361656651796,
            718.0
          ],
          [
            139.55545854917725,
            37.26038712618211,
            713.0
          ],
          [
            139.55535041612623,
            37.260412595712424,
            713.0
          ],
          [
            139.55524228307522,
            37.260438065242745,
            712.0
          ],
          [
            139.5551341500242,
            37.26046353477306,
            713.0
          ],
          [
            139.5550260169732,
            37.26048900430338,
            710.0
          ],
          [
            139.55491788392217,
            37.260514473833695,
            710.0
          ],
          [
            139.55480975087116,
            37.260539943364016,
            710.0
          ],
          [
            139.55470050434798,
            37.26056186861238,
            709.0
          ],
          [
            139.55459014290471,
            37.260580244969724,
            707.0
          ],
          [
            139.55447978146142,
            37.26059862132708,
            708.0
          ],
          [
            139.55436942001813,
            37.26061699768443,
            706.0
          ],
          [
            139.55425905857484,
            37.260635374041776,
            702.0
          ],
          [
            139.55414869713155,
            37.26065375039913,
            701.0
          ],
          [
            139.5540383356883,
            37.26067212675648,
            703.0
          ],
          [
            139.553927974245,
            37.260690503113835,
            702.0
          ],
          [
            139.5538176128017,
            37.26070887947118,
            701.0
          ],
          [
            139.55370725135842,
            37.260727255828535,
            701.0
          ],
          [
            139.55359688991513,
            37.26074563218589,
            702.0
          ],
          [
            139.5534868100571,
            37.26076494169946,
            700.0
          ],
          [
            139.55337810533823,
            37.260788808339576,
            699.0
          ],
          [
            139.55326940061934,
            37.26081267497969,
            700.0
          ],
          [
            139.55316069590046,
            37.26083654161981,
            700.0
          ],
          [
            139.55305199118158,
            37.26086040825992,
            699.0
          ],
          [
            139.5529432864627,
            37.26088427490004,
            699.0
          ],
          [
            139.5528345817438,
            37.260908141540156,
            698.0
          ],
          [
            139.55272587702493,
            37.26093200818027,
            697.0
          ],
          [
            139.55261717230604,
            37.26095587482039,
            695.0
          ],
          [
            139.55250846758716,
            37.2609797414605,
            694.0
          ],
          [
            139.55239976286828,
            37.26100360810062,
            693.0
          ],
          [
            139.5522910581494,
            37.261027474740736,
            694.0
          ],
          [
            139.5521823534305,
            37.26105134138085,
            693.0
          ],
          [
            139.55207364871163,
            37.26107520802097,
            691.0
          ],
          [
            139.55196494399274,
            37.26109907466108,
            690.0
          ],
          [
            139.5518562392739,
            37.261122941301196,
            688.0
          ],
          [
            139.551747534555,
            37.261146807941316,
            687.0
          ],
          [
            139.55163882983612,
            37.26117067458143,
            686.0
          ],
          [
            139.551569300609,
            37.261185940055256,
            685.0
          ]
        ]
      }
    },
    {
      "type": "Feature",
      "properties": {
        "name": "伝上",
        "slope_deg": [
          33.02386755579665,
          33.02386755579665,
          33.02386755579665,
          34.01934998982646,
          34.01934998982646,
          33.02386755579665,
          30.96375653207352,
          28.810793742973065,
          24.22774531795417,
          20.556045219583467,
          8.530765609948133,
          7.125016348901798,
          4.289153328819018,
          2.862405226111748,
          4.289153328819018,
          1.4320961841646465,
          1.4320961841646465,
          2.862405226111748,
          1.4320961841646465,
          2.862405226111748,
          2.862405226111748,
          4.289153328819018,
          7.125016348901798,
          9.926245506651705,
          11.309932474020215,
          15.37625124882619,
          15.37625124882619,
          11.309932474020215,
          12.68038349181982,
          9.926245506651705,
          5.710593137499643,
          7.125016348901798,
          5.710593137499643,
          8.530765609948133,
          16.69924423399362,
          18.00416160591338,
          23.025492008528037,
          21.80140948635181,
          19.290046219188735,
          23.025492008528037,
          26.565051177077994,
          26.565051177077994,
          26.565051177077994,
          23.025492008528037,
          18.00416160591338,
          16.69924423399362,
          16.69924423399362,
          18.00416160591338,
          15.37625124882619,
          12.68038349181982,
          8.530765609948133,
          4.289153328819018,
          2.862405226111748,
          2.862405226111748,
          2.862405226111748,
          1.4320961841646465,
          0.0,
          -1.4320961841646465,
          -1.4320961841646465,
          -1.4320961841646465,
          -1.4320961841646465
        ],
        "horizontal_dist_map": 593,
        "slope_dist_map": 625,
        "elevation_diff_map": 145.0,
        "avg_slope_deg_map": 13.0,
        "max_slope_deg_map": 34.0
      },
      "geometry": {
        "type": "LineString",
        "coordinates": [
          [
            139.57011747729075,
            37.25651833318935,
            994.0
          ],
          [
            139.57001323920494,
            37.25655263271173,
            990.0
          ],
          [
            139.56990900111913,
            37.25658693223411,
            984.0
          ],
          [
            139.56980476303335,
            37.25662123175649,
            979.0
          ],
          [
            139.56970052494754,
            37.256655531278874,
            968.0
          ],
          [
            139.56959628686172,
            37.25668983080126,
            963.0
          ],
          [
            139.56949178893217,
            37.256723600189915,
            957.0
          ],
          [
            139.56938613863767,
            37.256755018521446,
            953.0
          ],
          [
            139.56928048834317,
            37.256786436852984,
            944.0
          ],
          [
            139.5691748380487,
            37.25681785518452,
            941.0
          ],
          [
            139.5690691877542,
            37.25684927351606,
            939.0
          ],
          [
            139.5689635374597,
            37.25688069184759,
            938.0
          ],
          [
            139.568857615521,
            37.25691141736824,
            938.0
          ],
          [
            139.56874842852378,
            37.25693381556827,
            936.0
          ],
          [
            139.56863924152654,
            37.2569562137683,
            936.0
          ],
          [
            139.56853005452928,
            37.256978611968336,
            936.0
          ],
          [
            139.56842086753204,
            37.257001010168366,
            935.0
          ],
          [
            139.5683116805348,
            37.2570234083684,
            935.0
          ],
          [
            139.56820249353754,
            37.25704580656843,
            935.0
          ],
          [
            139.56809185590632,
            37.25706281451291,
            934.0
          ],
          [
            139.567980803878,
            37.25707828264355,
            934.0
          ],
          [
            139.56786975184963,
            37.257093750774175,
            933.0
          ],
          [
            139.5677586998213,
            37.25710921890481,
            933.0
          ],
          [
            139.56764764779297,
            37.25712468703544,
            931.0
          ],
          [
            139.56753753143437,
            37.25714378493659,
            929.0
          ],
          [
            139.5674278759242,
            37.257164670620156,
            926.0
          ],
          [
            139.56731822041402,
            37.25718555630373,
            925.0
          ],
          [
            139.56720856490386,
            37.25720644198731,
            920.0
          ],
          [
            139.56709890939368,
            37.257227327670876,
            918.0
          ],
          [
            139.56698998213312,
            37.257250362511286,
            918.0
          ],
          [
            139.56688213068463,
            37.257276572209186,
            916.0
          ],
          [
            139.5667742792361,
            37.257302781907086,
            913.0
          ],
          [
            139.56666642778762,
            37.257328991604986,
            914.0
          ],
          [
            139.56655857633913,
            37.257355201302886,
            913.0
          ],
          [
            139.56645072489061,
            37.257381411000786,
            912.0
          ],
          [
            139.56634356502911,
            37.25740879313587,
            907.0
          ],
          [
            139.5662496485763,
            37.25745862662581,
            902.0
          ],
          [
            139.5661557321235,
            37.257508460115744,
            900.0
          ],
          [
            139.56606181567068,
            37.257558293605676,
            895.0
          ],
          [
            139.56596789921787,
            37.257608127095615,
            891.0
          ],
          [
            139.56586745370092,
            37.25764898801587,
            888.0
          ],
          [
            139.56576682560544,
            37.25768959802748,
            883.0
          ],
          [
            139.56566619750996,
            37.25773020803909,
            875.0
          ],
          [
            139.5655655694145,
            37.2577708180507,
            871.0
          ],
          [
            139.56546494131902,
            37.25781142806231,
            868.0
          ],
          [
            139.56535581560806,
            37.2578337587758,
            866.0
          ],
          [
            139.56524642739052,
            37.25785552480898,
            862.0
          ],
          [
            139.56513703917298,
            37.25787729084215,
            859.0
          ],
          [
            139.56502765095544,
            37.25789905687533,
            856.0
          ],
          [
            139.5649182627379,
            37.25792082290851,
            853.0
          ],
          [
            139.56480887452037,
            37.25794258894168,
            851.0
          ],
          [
            139.56469948614554,
            37.25796435504711,
            850.0
          ],
          [
            139.56459009771757,
            37.25798612117694,
            850.0
          ],
          [
            139.5644807092896,
            37.258007887306775,
            850.0
          ],
          [
            139.56437132086162,
            37.25802965343661,
            849.0
          ],
          [
            139.56426193243365,
            37.25805141956644,
            848.0
          ],
          [
            139.56415254400568,
            37.258073185696276,
            848.0
          ],
          [
            139.5640431555777,
            37.25809495182611,
            849.0
          ],
          [
            139.56393376714973,
            37.25811671795594,
            849.0
          ],
          [
            139.56382437872173,
            37.25813848408578,
            849.0
          ],
          [
            139.56378859218995,
            37.258145604896555,
            849.0
          ]
        ]
      }
    },
    {
      "type": "Feature",
      "properties": {
        "name": "高山_2",
        "slope_deg": [
          8.530765609948133,
          8.530765609948133,
          8.530765609948133,
          9.926245506651705,
          15.37625124882619,
          19.290046219188735,
          18.00416160591338,
          16.69924423399362,
          12.68038349181982,
          11.309932474020215,
          8.530765609948133,
          8.530765609948133,
          9.926245506651705,
          11.309932474020215,
          18.00416160591338,
          19.290046219188735,
          18.00416160591338,
          16.69924423399362,
          14.036243467926479,
          12.68038349181982,
          12.68038349181982,
          14.036243467926479,
          12.68038349181982,
          16.69924423399362,
          21.80140948635181,
          24.22774531795417,
          27.699472808055,
          25.407718108948472,
          24.22774531795417,
          25.407718108948472,
          23.025492008528037,
          21.80140948635181,
          20.556045219583467,
          16.69924423399362,
          14.036243467926479,
          12.68038349181982,
          8.530765609948133,
          4.289153328819018,
          2.862405226111748,
          1.4320961841646465,
          1.4320961841646465,
          2.862405226111748,
          2.862405226111748,
          4.289153328819018,
          2.862405226111748,
          2.862405226111748,
          4.289153328819018,
          7.125016348901798,
          8.530765609948133,
          5.710593137499643,
          5.710593137499643,
          4.289153328819018,
          1.4320961841646465,
          2.862405226111748,
          1.4320961841646465,
          -1.4320961841646465,
          0.0,
          2.862405226111748,
          5.710593137499643,
          8.530765609948133,
          15.37625124882619,
          15.37625124882619,
          11.309932474020215,
          4.289153328819018,
          -2.862405226111748,
          -7.125016348901798,
          -12.68038349181982,
          -8.530765609948133,
          -8.530765609948133,
          -7.125016348901798,
          1.4320961841646465,
          5.710593137499643,
          8.530765609948133,
          5.710593137499643,
          4.289153328819018,
          2.862405226111748,
          0.0,
          5.710593137499643,
          5.710593137499643,
          2.862405226111748,
          1.4320961841646465,
          -2.862405226111748,
          -2.862405226111748,
          -2.862405226111748,
          -2.862405226111748
        ],
        "horizontal_dist_map": 832,
        "slope_dist_map": 857,
        "elevation_diff_map": 127.0,
        "avg_slope_deg_map": 8.4,
        "max_slope_deg_map": 27.7
      },
      "geometry": {
        "type": "LineString",
        "coordinates": [
          [
            139.5667595851333,
            37.25510152949256,
            923.0
          ],
          [
            139.56666463158717,
            37.25505297194662,
            921.0
          ],
          [
            139.56656967804105,
            37.25500441440067,
            920.0
          ],
          [
            139.56647472449492,
            37.25495585685473,
            920.0
          ],
          [
            139.56637977094883,
            37.25490729930879,
            917.0
          ],
          [
            139.5662848174027,
            37.254858741762845,
            914.0
          ],
          [
            139.56618986385658,
            37.2548101842169,
            909.0
          ],
          [
            139.56609491031045,
            37.254761626670955,
            906.0
          ],
          [
            139.5660003250675,
            37.254712644629016,
            904.0
          ],
          [
            139.5659101496272,
            37.254658579971014,
            902.0
          ],
          [
            139.5658199741869,
            37.25460451531302,
            900.0
          ],
          [
            139.5657297987466,
            37.254550450655024,
            898.0
          ],
          [
            139.5656396233063,
            37.25449638599703,
            898.0
          ],
          [
            139.565549447866,
            37.254442321339035,
            896.0
          ],
          [
            139.5654592724257,
            37.25438825668104,
            893.0
          ],
          [
            139.5653532217189,
            37.25435783171082,
            890.0
          ],
          [
            139.56524702093373,
            37.254327630220736,
            885.0
          ],
          [
            139.56513820512797,
            37.25431524788152,
            882.0
          ],
          [
            139.565026143561,
            37.254324982656584,
            880.0
          ],
          [
            139.564914081994,
            37.254334717431654,
            878.0
          ],
          [
            139.564802020427,
            37.25434445220672,
            875.0
          ],
          [
            139.56469723538285,
            37.25437377077169,
            873.0
          ],
          [
            139.564596694297,
            37.254414511384006,
            871.0
          ],
          [
            139.5644961532111,
            37.25445525199631,
            868.0
          ],
          [
            139.56439561212525,
            37.254495992608625,
            866.0
          ],
          [
            139.56432044009128,
            37.25456043323358,
            861.0
          ],
          [
            139.56425453859077,
            37.254633534480234,
            855.0
          ],
          [
            139.56418863709027,
            37.25470663572688,
            850.0
          ],
          [
            139.5641227355898,
            37.25477973697353,
            845.0
          ],
          [
            139.56405683408929,
            37.25485283822018,
            842.0
          ],
          [
            139.5639909325888,
            37.25492593946683,
            837.0
          ],
          [
            139.5639250310883,
            37.25499904071348,
            831.0
          ],
          [
            139.5638591295878,
            37.255072141960135,
            828.0
          ],
          [
            139.56379322808732,
            37.25514524320678,
            826.0
          ],
          [
            139.56372732658681,
            37.25521834445343,
            822.0
          ],
          [
            139.5636541620109,
            37.255286566314176,
            819.0
          ],
          [
            139.5635754133855,
            37.255351036770676,
            818.0
          ],
          [
            139.56349666476015,
            37.255415507227184,
            817.0
          ],
          [
            139.56341041772032,
            37.25547226251515,
            816.0
          ],
          [
            139.56331279743455,
            37.25551731579471,
            816.0
          ],
          [
            139.56321517714878,
            37.255562369074276,
            816.0
          ],
          [
            139.56312527440613,
            37.25561671675202,
            816.0
          ],
          [
            139.56303542371367,
            37.2556711271149,
            815.0
          ],
          [
            139.56299647270615,
            37.25575388415257,
            814.0
          ],
          [
            139.56296374567376,
            37.25584010740027,
            814.0
          ],
          [
            139.56293101864136,
            37.255926330647966,
            813.0
          ],
          [
            139.56289829160897,
            37.256012553895665,
            813.0
          ],
          [
            139.56286633748041,
            37.25609890708344,
            812.0
          ],
          [
            139.56285283950882,
            37.25618836310782,
            811.0
          ],
          [
            139.56283934153726,
            37.2562778191322,
            808.0
          ],
          [
            139.56282584356566,
            37.25636727515658,
            807.0
          ],
          [
            139.56277717683065,
            37.256446812888704,
            808.0
          ],
          [
            139.56271745778682,
            37.256523233649446,
            807.0
          ],
          [
            139.56265773874298,
            37.256599654410195,
            805.0
          ],
          [
            139.56259801969915,
            37.25667607517094,
            806.0
          ],
          [
            139.5625239507912,
            37.25674297051852,
            806.0
          ],
          [
            139.56244094003102,
            37.25680393028125,
            806.0
          ],
          [
            139.56235792927086,
            37.25686489004397,
            806.0
          ],
          [
            139.5622749185107,
            37.25692584980669,
            806.0
          ],
          [
            139.56218845831464,
            37.25698297129429,
            804.0
          ],
          [
            139.56208968394355,
            37.25702639048592,
            802.0
          ],
          [
            139.5619909095725,
            37.25706980967755,
            800.0
          ],
          [
            139.5618940893766,
            37.257115895000105,
            795.0
          ],
          [
            139.56179841423838,
            37.25716354255397,
            793.0
          ],
          [
            139.56170273910016,
            37.25721119010783,
            794.0
          ],
          [
            139.56160237038299,
            37.25725063513817,
            797.0
          ],
          [
            139.56149470441034,
            37.257277327446126,
            797.0
          ],
          [
            139.56138703843772,
            37.25730401975408,
            798.0
          ],
          [
            139.5612790828444,
            37.25732993954373,
            803.0
          ],
          [
            139.56117079286747,
            37.2573549674168,
            803.0
          ],
          [
            139.56106250289054,
            37.25737999528987,
            803.0
          ],
          [
            139.5609819339947,
            37.25744169310301,
            803.0
          ],
          [
            139.56090500846778,
            37.25750747272936,
            802.0
          ],
          [
            139.56083670271119,
            37.25757915140144,
            799.0
          ],
          [
            139.56076839695461,
            37.25765083007352,
            797.0
          ],
          [
            139.56070009119802,
            37.2577225087456,
            799.0
          ],
          [
            139.56064300125584,
            37.25779970930617,
            799.0
          ],
          [
            139.56059364926898,
            37.25788071949881,
            797.0
          ],
          [
            139.5605442972821,
            37.257961729691445,
            797.0
          ],
          [
            139.56052638197713,
            37.25805023865353,
            795.0
          ],
          [
            139.5605121188832,
            37.25813961879816,
            795.0
          ],
          [
            139.56051396568407,
            37.25822936922368,
            795.0
          ],
          [
            139.56052177956337,
            37.25831925680063,
            796.0
          ],
          [
            139.5605295934427,
            37.25840914437759,
            797.0
          ],
          [
            139.56053132161344,
            37.258429024525995,
            796.0
          ]
        ]
      }
    },
    {
      "type": "Feature",
      "properties": {
        "name": "横手",
        "slope_deg": [
          0.0,
          0.0,
          0.0,
          0.0,
          1.4320961841646465,
          1.4320961841646465,
          5.710593137499643,
          8.530765609948133,
          11.309932474020215,
          18.00416160591338,
          19.290046219188735,
          20.556045219583467,
          21.80140948635181,
          21.80140948635181,
          20.556045219583467,
          19.290046219188735,
          20.556045219583467,
          16.69924423399362,
          16.69924423399362,
          14.036243467926479,
          8.530765609948133,
          5.710593137499643,
          2.862405226111748,
          5.710593137499643,
          8.530765609948133,
          11.309932474020215,
          11.309932474020215,
          9.926245506651705,
          7.125016348901798,
          7.125016348901798,
          7.125016348901798,
          7.125016348901798,
          7.125016348901798,
          5.710593137499643,
          4.289153328819018,
          5.710593137499643,
          4.289153328819018,
          4.289153328819018,
          7.125016348901798,
          4.289153328819018,
          7.125016348901798,
          8.530765609948133,
          8.530765609948133,
          14.036243467926479,
          12.68038349181982,
          11.309932474020215,
          14.036243467926479,
          11.309932474020215,
          11.309932474020215,
          12.68038349181982,
          11.309932474020215,
          11.309932474020215,
          14.036243467926479,
          16.69924423399362,
          16.69924423399362,
          20.556045219583467,
          18.00416160591338,
          14.036243467926479,
          15.37625124882619,
          11.309932474020215,
          11.309932474020215,
          12.68038349181982,
          11.309932474020215,
          11.309932474020215,
          14.036243467926479,
          15.37625124882619,
          16.69924423399362,
          21.80140948635181,
          24.22774531795417,
          21.80140948635181,
          16.69924423399362,
          9.926245506651705,
          2.862405226111748,
          0.0,
          0.0,
          -1.4320961841646465,
          -2.862405226111748,
          -2.862405226111748,
          -4.289153328819018,
          -4.289153328819018,
          -4.289153328819018,
          -4.289153328819018
        ],
        "horizontal_dist_map": 807,
        "slope_dist_map": 829,
        "elevation_diff_map": 144.0,
        "avg_slope_deg_map": 9.8,
        "max_slope_deg_map": 24.2
      },
      "geometry": {
        "type": "LineString",
        "coordinates": [
          [
            139.5702212605318,
            37.25580570781024,
            996.0
          ],
          [
            139.57021265805605,
            37.25571586623122,
            996.0
          ],
          [
            139.57020405558032,
            37.2556260246522,
            996.0
          ],
          [
            139.57019545310456,
            37.255536183073175,
            996.0
          ],
          [
            139.57018565332308,
            37.255446485357446,
            996.0
          ],
          [
            139.57016083249428,
            37.25535859250844,
            996.0
          ],
          [
            139.57013601166548,
            37.255270699659434,
            995.0
          ],
          [
            139.57010812226142,
            37.25518400117628,
            995.0
          ],
          [
            139.57003687043763,
            37.25511418042583,
            992.0
          ],
          [
            139.56993495914347,
            37.25509163524275,
            990.0
          ],
          [
            139.5698225125325,
            37.255085335059015,
            987.0
          ],
          [
            139.56970999134913,
            37.25507998797654,
            982.0
          ],
          [
            139.56959743909752,
            37.255075037972944,
            978.0
          ],
          [
            139.5694847932204,
            37.25507518140095,
            975.0
          ],
          [
            139.56937210761805,
            37.2550774859661,
            971.0
          ],
          [
            139.56925942201573,
            37.25507979053125,
            966.0
          ],
          [
            139.5691467364134,
            37.2550820950964,
            963.0
          ],
          [
            139.56903894829173,
            37.25510555364073,
            961.0
          ],
          [
            139.56893269386705,
            37.25513563677342,
            956.0
          ],
          [
            139.56883354214972,
            37.25517554059405,
            954.0
          ],
          [
            139.56874790696625,
            37.2552341332969,
            951.0
          ],
          [
            139.56870693548382,
            37.255312865271854,
            951.0
          ],
          [
            139.56868849208524,
            37.255401755366265,
            950.0
          ],
          [
            139.56868949462648,
            37.25549181038043,
            950.0
          ],
          [
            139.56868687117878,
            37.255581832857715,
            949.0
          ],
          [
            139.56868047019898,
            37.2556717918136,
            947.0
          ],
          [
            139.56866124232485,
            37.25575999874544,
            944.0
          ],
          [
            139.56862990939774,
            37.25584655224949,
            942.0
          ],
          [
            139.56859696916203,
            37.255932512860994,
            941.0
          ],
          [
            139.56853490751172,
            37.25600773137298,
            940.0
          ],
          [
            139.56847284586144,
            37.25608294988497,
            939.0
          ],
          [
            139.56841078421112,
            37.25615816839696,
            937.0
          ],
          [
            139.56834033963023,
            37.25622841332205,
            936.0
          ],
          [
            139.56826823792017,
            37.25629767507354,
            935.0
          ],
          [
            139.56819613621008,
            37.25636693682503,
            934.0
          ],
          [
            139.5681224084541,
            37.2564349941864,
            933.0
          ],
          [
            139.56804149096405,
            37.25649772620938,
            933.0
          ],
          [
            139.56796057347398,
            37.25656045823236,
            931.0
          ],
          [
            139.56787965598394,
            37.25662319025534,
            931.0
          ],
          [
            139.5677987384939,
            37.256685922278315,
            930.0
          ],
          [
            139.5677029755444,
            37.25673281496551,
            928.0
          ],
          [
            139.56760491731026,
            37.256777258702954,
            928.0
          ],
          [
            139.5675068590761,
            37.256821702440405,
            926.0
          ],
          [
            139.56740819930928,
            37.25686527756653,
            924.0
          ],
          [
            139.56730901458502,
            37.256908094655756,
            922.0
          ],
          [
            139.56720982986076,
            37.25695091174498,
            918.0
          ],
          [
            139.56709988487324,
            37.256966039965036,
            917.0
          ],
          [
            139.56698780628824,
            37.25697567790093,
            916.0
          ],
          [
            139.5668757277032,
            37.25698531583682,
            912.0
          ],
          [
            139.56676503294022,
            37.256983979440015,
            910.0
          ],
          [
            139.5666576148218,
            37.25695665777458,
            909.0
          ],
          [
            139.56655019670336,
            37.25692933610915,
            907.0
          ],
          [
            139.56644277858493,
            37.25690201444372,
            904.0
          ],
          [
            139.56633650464633,
            37.25687215785745,
            902.0
          ],
          [
            139.56623200582155,
            37.25683836852149,
            899.0
          ],
          [
            139.56612750699676,
            37.25680457918553,
            895.0
          ],
          [
            139.56602300817198,
            37.25677078984956,
            892.0
          ],
          [
            139.56591705121033,
            37.256741072426074,
            887.0
          ],
          [
            139.5658060123821,
            37.25672554634254,
            886.0
          ],
          [
            139.56569497355383,
            37.256710020259,
            885.0
          ],
          [
            139.5655838494806,
            37.256694912925404,
            881.0
          ],
          [
            139.5654723815144,
            37.25668149490059,
            879.0
          ],
          [
            139.56536034180854,
            37.25667936784948,
            878.0
          ],
          [
            139.56524995294453,
            37.25669418826886,
            876.0
          ],
          [
            139.56514601208707,
            37.256727130344125,
            873.0
          ],
          [
            139.5650540150765,
            37.25677920019004,
            871.0
          ],
          [
            139.56496204268387,
            37.25683129443464,
            868.0
          ],
          [
            139.5648788962816,
            37.256892136061566,
            865.0
          ],
          [
            139.56479574987935,
            37.2569529776885,
            861.0
          ],
          [
            139.56471260347712,
            37.25701381931543,
            855.0
          ],
          [
            139.56462435073004,
            37.25706964742184,
            850.0
          ],
          [
            139.5645329533243,
            37.25712238803386,
            849.0
          ],
          [
            139.56443452578122,
            37.25716547578997,
            849.0
          ],
          [
            139.56433201877127,
            37.25720296216108,
            848.0
          ],
          [
            139.5642295117613,
            37.25724044853219,
            848.0
          ],
          [
            139.56412913847853,
            37.2572811642673,
            849.0
          ],
          [
            139.56403261222127,
            37.257327702417726,
            849.0
          ],
          [
            139.563936085964,
            37.25737424056816,
            849.0
          ],
          [
            139.56383955970674,
            37.25742077871859,
            850.0
          ],
          [
            139.56374350525036,
            37.25746793597339,
            851.0
          ],
          [
            139.5636475084057,
            37.257515168827204,
            852.0
          ],
          [
            139.56357946233192,
            37.25754864920113,
            852.0
          ]
        ]
      }
    },
    {
      "type": "Feature",
      "properties": {
        "name": "横手_2",
        "slope_deg": [
          26.565051177077994,
          26.565051177077994,
          26.565051177077994,
          28.810793742973065,
          27.699472808055,
          26.565051177077994,
          27.699472808055,
          29.89890183861456,
          23.025492008528037,
          21.80140948635181,
          18.00416160591338,
          12.68038349181982,
          12.68038349181982,
          12.68038349181982,
          12.68038349181982
        ],
        "horizontal_dist_map": 137,
        "slope_dist_map": 151,
        "elevation_diff_map": 56.0,
        "avg_slope_deg_map": 20.3,
        "max_slope_deg_map": 29.9
      },
      "geometry": {
        "type": "LineString",
        "coordinates": [
          [
            139.57010658341977,
            37.25586060488561,
            995.0
          ],
          [
            139.56999387638135,
            37.25586215157607,
            993.0
          ],
          [
            139.56988116934295,
            37.25586369826652,
            984.0
          ],
          [
            139.5697689213139,
            37.255868370539766,
            979.0
          ],
          [
            139.56965883014547,
            37.255887729759934,
            975.0
          ],
          [
            139.56954875723636,
            37.25590715192764,
            971.0
          ],
          [
            139.56943924266864,
            37.25592849893602,
            963.0
          ],
          [
            139.5693297281009,
            37.255949845944414,
            959.0
          ],
          [
            139.5692190854636,
            37.255966606903044,
            954.0
          ],
          [
            139.56910761198463,
            37.2559799901611,
            948.0
          ],
          [
            139.56899613850564,
            37.25599337341916,
            946.0
          ],
          [
            139.56888466502667,
            37.256006756677216,
            943.0
          ],
          [
            139.56877332024956,
            37.25602074240426,
            941.0
          ],
          [
            139.5686626078988,
            37.25603768859587,
            939.0
          ],
          [
            139.56857798189623,
            37.25605064187927,
            939.0
          ]
        ]
      }
    },
    {
      "type": "Feature",
      "properties": {
        "name": "高山_1",
        "slope_deg": [
          9.926245506651705,
          9.926245506651705,
          9.926245506651705,
          11.309932474020215,
          11.309932474020215,
          9.926245506651705,
          8.530765609948133,
          8.530765609948133,
          9.926245506651705,
          8.530765609948133,
          8.530765609948133,
          9.926245506651705,
          8.530765609948133,
          8.530765609948133,
          9.926245506651705,
          5.710593137499643,
          5.710593137499643,
          4.289153328819018,
          1.4320961841646465,
          2.862405226111748,
          4.289153328819018,
          4.289153328819018,
          5.710593137499643,
          7.125016348901798,
          4.289153328819018,
          8.530765609948133,
          12.68038349181982,
          11.309932474020215,
          16.69924423399362,
          16.69924423399362,
          12.68038349181982,
          15.37625124882619,
          14.036243467926479,
          14.036243467926479,
          14.036243467926479,
          14.036243467926479,
          14.036243467926479
        ],
        "horizontal_dist_map": 354,
        "slope_dist_map": 361,
        "elevation_diff_map": 58.0,
        "avg_slope_deg_map": 9.1,
        "max_slope_deg_map": 16.7
      },
      "geometry": {
        "type": "LineString",
        "coordinates": [
          [
            139.56867400352678,
            37.25518250932376,
            950.0
          ],
          [
            139.56856141737842,
            37.255186942385706,
            949.0
          ],
          [
            139.56844883123003,
            37.255191375447644,
            948.0
          ],
          [
            139.56833624508167,
            37.25519580850959,
            945.0
          ],
          [
            139.5682236589333,
            37.255200241571536,
            943.0
          ],
          [
            139.56811107278494,
            37.25520467463348,
            941.0
          ],
          [
            139.56799848663655,
            37.25520910769542,
            940.0
          ],
          [
            139.5678859004882,
            37.25521354075737,
            938.0
          ],
          [
            139.56777376776745,
            37.255206070722934,
            937.0
          ],
          [
            139.56766172762457,
            37.25519617039206,
            935.0
          ],
          [
            139.56754968748172,
            37.25518627006119,
            933.0
          ],
          [
            139.56743764733886,
            37.25517636973031,
            932.0
          ],
          [
            139.56732546994456,
            37.25517263722538,
            931.0
          ],
          [
            139.5672130601994,
            37.25517934613974,
            928.0
          ],
          [
            139.56710065045425,
            37.255186055054104,
            927.0
          ],
          [
            139.56698824070912,
            37.25519276396846,
            926.0
          ],
          [
            139.56687583096397,
            37.25519947288282,
            924.0
          ],
          [
            139.56680538989465,
            37.25524802181964,
            924.0
          ],
          [
            139.56677276332675,
            37.25533426933894,
            923.0
          ],
          [
            139.56674453306482,
            37.255420991933235,
            923.0
          ],
          [
            139.56674733891617,
            37.2555110683618,
            923.0
          ],
          [
            139.5667501447675,
            37.255601144790354,
            922.0
          ],
          [
            139.56674966007316,
            37.25569124074892,
            920.0
          ],
          [
            139.5667485280833,
            37.255781340549305,
            920.0
          ],
          [
            139.5667090482,
            37.25586539949551,
            919.0
          ],
          [
            139.5666673292433,
            37.255949105725705,
            917.0
          ],
          [
            139.56662198046186,
            37.25603153148802,
            917.0
          ],
          [
            139.566572734424,
            37.256112582442434,
            914.0
          ],
          [
            139.5665234883861,
            37.25619363339684,
            910.0
          ],
          [
            139.5664643894648,
            37.25627031420419,
            909.0
          ],
          [
            139.56640440985592,
            37.256346604391446,
            905.0
          ],
          [
            139.56634443024703,
            37.256422894578705,
            902.0
          ],
          [
            139.56628153518602,
            37.25649752758133,
            901.0
          ],
          [
            139.56621107253943,
            37.25656785906023,
            898.0
          ],
          [
            139.56614060989287,
            37.256638190539135,
            895.0
          ],
          [
            139.5660701472463,
            37.25670852201804,
            892.0
          ],
          [
            139.56603995848144,
            37.25673865458589,
            892.0
          ]
        ]
      }
    },
    {
      "type": "Feature",
      "properties": {
        "name": "日向迂回",
        "slope_deg": [
          8.9505586562316,
          8.9505586562316,
          8.9505586562316,
          7.266008446996026,
          5.4268124985727555,
          2.862405226111748,
          1.8614576304668264,
          1.0025738037601275,
          2.004534032105872,
          2.433606100720186,
          2.4336061007200236,
          1.7183580016553597,
          0.14323915036833912,
          0.14323915036833912,
          1.2889375601870259,
          2.719505461272635,
          7.125016348901798,
          7.406912128495133,
          6.56019640057118,
          6.983937460085259,
          5.2848210925090795,
          5.568737077976766,
          7.266008446996026,
          6.560196400571341,
          6.135733340186728,
          5.9940929491083725,
          6.701525844729548,
          8.250387228905435,
          8.530765609948133,
          8.950558656231758,
          9.090276920822289,
          8.39062701325255,
          8.670801453590993,
          8.810732985984814,
          7.969610394321392,
          7.266008446996026,
          8.39062701325255,
          7.406912128495294,
          6.418786730238786,
          6.277298489597523,
          5.000644597558433,
          7.68844776990284,
          7.68844776990284,
          7.829076510059608,
          3.4336303624504896,
          -0.2864765102771396,
          0.5729386976834533,
          -0.14323915036833912,
          4.858462919034255,
          5.568737077976766,
          5.994092949108534,
          8.390627013252708,
          7.266008446996026,
          7.68844776990284,
          6.983937460085259,
          4.289153328819018,
          4.858462919034255,
          5.710593137499643,
          4.573921259900927,
          7.68844776990284,
          7.406912128495294,
          7.125016348901798,
          7.969610394321233,
          6.560196400571341,
          7.547725773843047,
          7.547725773843047,
          9.369385096487514,
          9.648045316098093,
          8.250387228905595,
          8.39062701325255,
          9.50877195829791,
          7.969610394321392,
          9.787203664656081,
          10.619655276155134,
          7.68844776990284,
          9.090276920822289,
          6.277298489597523,
          2.433606100720186,
          1.5752369256830872,
          -2.5765718302687652,
          0.0,
          3.718993973158075,
          4.431564716435877,
          9.787203664656081,
          8.810732985984973,
          7.969610394321392,
          9.926245506651705,
          9.508771958297752,
          6.560196400571341,
          6.842773412630876,
          5.284821092508918,
          5.426812498572917,
          8.250387228905435,
          8.11004782941916,
          9.648045316098251,
          9.22988624372772,
          9.090276920822289,
          9.369385096487358,
          8.39062701325255,
          8.39062701325255,
          5.568737077976604,
          6.135733340186889,
          3.1480960995626615,
          0.2864765102771396,
          4.004172940709484,
          2.004534032105872,
          3.8616074096751394,
          6.842773412630876,
          6.277298489597523,
          5.2848210925090795,
          0.0,
          -0.4297102894009785,
          -2.862405226111748,
          -0.7161599454704085,
          4.573921259900927,
          1.4320961841646465,
          4.573921259900927,
          3.1480960995626615,
          5.852378988915493,
          14.84222705791098,
          19.6719699892005,
          19.6719699892005,
          19.6719699892005,
          19.6719699892005
        ],
        "horizontal_dist_map": 1228,
        "slope_dist_map": 1244,
        "elevation_diff_map": 139.3,
        "avg_slope_deg_map": 6.4,
        "max_slope_deg_map": 19.7
      },
      "geometry": {
        "type": "LineString",
        "coordinates": [
          [
            139.5504023439501,
            37.26216118069445,
            659.5
          ],
          [
            139.550297366413,
            37.262194023944225,
            657.2
          ],
          [
            139.55019238887584,
            37.26222686719401,
            655.8
          ],
          [
            139.55008741133872,
            37.262259710443786,
            653.7
          ],
          [
            139.54998243380157,
            37.26229255369356,
            653.2
          ],
          [
            139.54987745626445,
            37.262325396943346,
            652.1
          ],
          [
            139.54977247872733,
            37.26235824019312,
            652.0
          ],
          [
            139.54966750119019,
            37.26239108344291,
            651.7
          ],
          [
            139.54956252365307,
            37.26242392669268,
            651.9
          ],
          [
            139.54945754611592,
            37.26245676994246,
            651.4
          ],
          [
            139.5493525685788,
            37.262489613192244,
            650.6
          ],
          [
            139.54924759104168,
            37.26252245644202,
            650.0
          ],
          [
            139.54914261350453,
            37.2625552996918,
            650.2
          ],
          [
            139.5490400509864,
            37.262592603233344,
            650.2
          ],
          [
            139.5489382437427,
            37.26263130168913,
            650.5
          ],
          [
            139.54883643649902,
            37.26267000014492,
            649.9
          ],
          [
            139.54873462925534,
            37.26270869860071,
            649.3
          ],
          [
            139.54863282201163,
            37.2627473970565,
            648.3
          ],
          [
            139.54853101476795,
            37.26278609551229,
            645.5
          ],
          [
            139.54842920752426,
            37.26282479396808,
            644.7
          ],
          [
            139.54832740028058,
            37.26286349242387,
            644.7
          ],
          [
            139.54822559303688,
            37.26290219087966,
            643.4
          ],
          [
            139.5481237857932,
            37.26294088933545,
            641.8
          ],
          [
            139.5480219785495,
            37.262979587791236,
            640.8
          ],
          [
            139.5479201713058,
            37.263018286247025,
            639.6
          ],
          [
            139.54781836406212,
            37.263056984702814,
            638.8
          ],
          [
            139.54771655681844,
            37.2630956831586,
            637.5
          ],
          [
            139.54761474957476,
            37.263134381614385,
            636.6
          ],
          [
            139.54751294233105,
            37.263173080070175,
            634.9
          ],
          [
            139.54741113508737,
            37.263211778525964,
            633.0
          ],
          [
            139.5473095606186,
            37.26325085979679,
            631.5
          ],
          [
            139.54720861949684,
            37.263290982652215,
            630.3
          ],
          [
            139.5471076783751,
            37.26333110550763,
            628.5
          ],
          [
            139.54700673725335,
            37.263371228363056,
            627.1
          ],
          [
            139.5469057961316,
            37.26341135121847,
            625.4
          ],
          [
            139.54680485500987,
            37.26345147407389,
            624.1
          ],
          [
            139.5467039138881,
            37.26349159692931,
            622.9
          ],
          [
            139.54660297276635,
            37.26353171978473,
            622.0
          ],
          [
            139.54650203164462,
            37.263571842640154,
            619.5
          ],
          [
            139.54640109052286,
            37.26361196549557,
            618.9
          ],
          [
            139.54630124622733,
            37.26365358954947,
            618.4
          ],
          [
            139.54620792584564,
            37.26370414272042,
            617.6
          ],
          [
            139.54611460546397,
            37.263754695891365,
            616.0
          ],
          [
            139.5460212850823,
            37.263805249062315,
            613.5
          ],
          [
            139.54592796470064,
            37.263855802233266,
            613.0
          ],
          [
            139.54583464431897,
            37.26390635540422,
            612.1
          ],
          [
            139.5457413239373,
            37.26395690857517,
            613.6
          ],
          [
            139.54564800355564,
            37.26400746174612,
            613.7
          ],
          [
            139.54555468317398,
            37.26405801491707,
            612.6
          ],
          [
            139.54546136279228,
            37.26410856808801,
            612.2
          ],
          [
            139.54536804241062,
            37.26415912125896,
            610.2
          ],
          [
            139.54527472202895,
            37.264209674429914,
            609.8
          ],
          [
            139.545206960702,
            37.26428062106417,
            608.4
          ],
          [
            139.54514386951212,
            37.26435529398133,
            606.3
          ],
          [
            139.54508077832222,
            37.2644299668985,
            605.1
          ],
          [
            139.54501768713234,
            37.26450463981566,
            604.4
          ],
          [
            139.54495459594244,
            37.264579312732835,
            603.5
          ],
          [
            139.5448945680397,
            37.26465548902565,
            603.3
          ],
          [
            139.54483978958893,
            37.2647342416027,
            601.7
          ],
          [
            139.5447850111382,
            37.26481299417976,
            600.4
          ],
          [
            139.54473023268747,
            37.264891746756824,
            600.3
          ],
          [
            139.54467545423674,
            37.264970499333884,
            597.9
          ],
          [
            139.54460550317154,
            37.265037327807114,
            596.5
          ],
          [
            139.54450790469187,
            37.265082428275505,
            595.4
          ],
          [
            139.54441030621223,
            37.265127528743896,
            594.7
          ],
          [
            139.54430574680802,
            37.26515794557632,
            593.3
          ],
          [
            139.54419525926085,
            37.26517585736097,
            591.2
          ],
          [
            139.54408477171367,
            37.26519376914563,
            590.1
          ],
          [
            139.54397428416652,
            37.26521168093029,
            588.1
          ],
          [
            139.54386358741598,
            37.265223029213004,
            586.5
          ],
          [
            139.54375210208732,
            37.26520963681003,
            585.4
          ],
          [
            139.5436406167587,
            37.26519624440706,
            584.2
          ],
          [
            139.54352913143003,
            37.26518285200408,
            581.4
          ],
          [
            139.54341764610137,
            37.26516945960111,
            580.9
          ],
          [
            139.54332234101935,
            37.2652174888604,
            578.5
          ],
          [
            139.543291893718,
            37.265294194715956,
            576.7
          ],
          [
            139.54338003374482,
            37.26533260470881,
            576.0
          ],
          [
            139.54348757991846,
            37.26535963297913,
            574.5
          ],
          [
            139.54359512609213,
            37.26538666124944,
            574.1
          ],
          [
            139.54370447840103,
            37.2654082479484,
            575.0
          ],
          [
            139.54381464635685,
            37.26542737724511,
            574.9
          ],
          [
            139.5439248143127,
            37.26544650654182,
            576.3
          ],
          [
            139.54403498226853,
            37.26546563583853,
            574.1
          ],
          [
            139.544145186431,
            37.26548463015772,
            572.4
          ],
          [
            139.5442554907518,
            37.26550325108911,
            571.8
          ],
          [
            139.54436579507257,
            37.26552187202049,
            569.4
          ],
          [
            139.544403946609,
            37.26558432949602,
            567.9
          ],
          [
            139.54435987562437,
            37.26564921154606,
            566.8
          ],
          [
            139.54425006241166,
            37.26566960332986,
            564.8
          ],
          [
            139.54414024919896,
            37.26568999511366,
            562.7
          ],
          [
            139.54402794221022,
            37.265685358583774,
            563.3
          ],
          [
            139.54391547499938,
            37.26567911401475,
            562.0
          ],
          [
            139.54380300778854,
            37.26567286944573,
            561.1
          ],
          [
            139.54369068257057,
            37.265665262582125,
            558.9
          ],
          [
            139.54357847257043,
            37.26565655030671,
            557.5
          ],
          [
            139.54346626257026,
            37.265647838031285,
            556.3
          ],
          [
            139.54335389246037,
            37.265641341905635,
            554.3
          ],
          [
            139.5432488051821,
            37.26565912818671,
            552.4
          ],
          [
            139.54324821016712,
            37.26573998153408,
            551.1
          ],
          [
            139.5433399406708,
            37.26578318162576,
            549.7
          ],
          [
            139.5434437225167,
            37.265818304509615,
            548.4
          ],
          [
            139.543555034581,
            37.26583259257437,
            546.5
          ],
          [
            139.5436663466453,
            37.265846880639124,
            547.2
          ],
          [
            139.54377794986468,
            37.26585954711815,
            545.4
          ],
          [
            139.54388979786563,
            37.26587085028809,
            546.2
          ],
          [
            139.5440016458666,
            37.26588215345802,
            546.3
          ],
          [
            139.54411349386754,
            37.265893456627964,
            544.4
          ],
          [
            139.5442253418685,
            37.2659047597979,
            544.0
          ],
          [
            139.54433703885604,
            37.265916953130684,
            543.5
          ],
          [
            139.54444861357246,
            37.26592986720228,
            541.5
          ],
          [
            139.5445601882889,
            37.265942781273885,
            540.0
          ],
          [
            139.54467251131973,
            37.26595022914441,
            540.3
          ],
          [
            139.5447848379333,
            37.26595752270492,
            543.5
          ],
          [
            139.54489558166105,
            37.26597439853868,
            541.8
          ],
          [
            139.5450063253888,
            37.26599127437243,
            542.0
          ],
          [
            139.5451170691166,
            37.26600815020618,
            540.8
          ],
          [
            139.54522564927734,
            37.266032293754186,
            540.3
          ],
          [
            139.54533403548072,
            37.266057088831296,
            540.8
          ],
          [
            139.54544352170885,
            37.26606675578562,
            538.8
          ],
          [
            139.54555477201927,
            37.26605216214687,
            538.6
          ],
          [
            139.54566553005833,
            37.26603570229243,
            536.2
          ],
          [
            139.5457746837607,
            37.26601316034914,
            530.2
          ],
          [
            139.54588383746307,
            37.265990618405844,
            524.5
          ],
          [
            139.5459732628616,
            37.265972150665235,
            520.2
          ]
        ]
      }
    },
    {
      "type": "Feature",
      "properties": {
        "name": "日向A",
        "slope_deg": [
          25.75730921180767,
          25.75730921180767,
          25.75730921180767,
          25.98923358383301,
          27.135139622076878,
          29.574910497101026,
          31.383191056359014,
          34.01934998982646,
          33.02386755579665,
          31.591515701040713,
          29.683140179123374,
          24.22774531795417,
          24.820541335489082,
          22.416147479343643,
          22.416147479343643,
          22.416147479343643,
          22.416147479343643
        ],
        "horizontal_dist_map": 157,
        "slope_dist_map": 177,
        "elevation_diff_map": 78.0,
        "avg_slope_deg_map": 23.7,
        "max_slope_deg_map": 34.0
      },
      "geometry": {
        "type": "LineString",
        "coordinates": [
          [
            139.54523514345937,
            37.26434253977335,
            605.9
          ],
          [
            139.54530876844797,
            37.264410775469116,
            600.8
          ],
          [
            139.5453823934366,
            37.26447901116487,
            596.4
          ],
          [
            139.5454560184252,
            37.26454724686064,
            591.9
          ],
          [
            139.54552964341383,
            37.264615482556394,
            586.6
          ],
          [
            139.54560326840243,
            37.26468371825216,
            581.3
          ],
          [
            139.54567689339103,
            37.26475195394792,
            575.9
          ],
          [
            139.54575051837966,
            37.26482018964368,
            569.2
          ],
          [
            139.54582414336826,
            37.26488842533944,
            562.2
          ],
          [
            139.54589776835687,
            37.2649566610352,
            554.3
          ],
          [
            139.54597153238657,
            37.26502480096272,
            549.9
          ],
          [
            139.5460453228823,
            37.265092922661076,
            544.6
          ],
          [
            139.546119113378,
            37.26516104435943,
            539.4
          ],
          [
            139.54619290387373,
            37.26522916605778,
            536.3
          ],
          [
            139.54626914956384,
            37.26529551429883,
            531.4
          ],
          [
            139.54634651284354,
            37.26536105527289,
            528.1
          ],
          [
            139.5464059815274,
            37.265411436222124,
            527.9
          ]
        ]
      }
    },
    {
      "type": "Feature",
      "properties": {
        "name": "日向B",
        "slope_deg": [
          18.64953875405141,
          18.64953875405141,
          18.64953875405141,
          22.538450040828117,
          26.67952810669131,
          29.574910497101147,
          31.06896350070944,
          33.62390614717286,
          30.22079992383123,
          27.47443162627708,
          27.47443162627708,
          27.47443162627708,
          27.47443162627708
        ],
        "horizontal_dist_map": 119,
        "slope_dist_map": 133,
        "elevation_diff_map": 55.2,
        "avg_slope_deg_map": 22.5,
        "max_slope_deg_map": 33.6
      },
      "geometry": {
        "type": "LineString",
        "coordinates": [
          [
            139.54462044324083,
            37.265093503173816,
            597.4
          ],
          [
            139.54467816352133,
            37.26517090213844,
            595.5
          ],
          [
            139.54473588380185,
            37.26524830110307,
            591.5
          ],
          [
            139.54479360408234,
            37.2653257000677,
            588.1
          ],
          [
            139.54485132436287,
            37.265403099032326,
            583.9
          ],
          [
            139.54490904464336,
            37.26548049799696,
            578.9
          ],
          [
            139.54496676492388,
            37.26555789696159,
            571.4
          ],
          [
            139.54502448520438,
            37.26563529592622,
            565.4
          ],
          [
            139.54508220548487,
            37.265712694890844,
            559.8
          ],
          [
            139.5451399257654,
            37.26579009385547,
            552.3
          ],
          [
            139.5451976460459,
            37.2658674928201,
            548.1
          ],
          [
            139.54525536632642,
            37.26594489178473,
            544.6
          ],
          [
            139.54531167207756,
            37.26602039396184,
            542.2
          ]
        ]
      }
    },
    {
      "type": "Feature",
      "properties": {
        "name": "高山_迂回",
        "slope_deg": [
          9.926245506651705,
          9.926245506651705,
          9.926245506651705,
          12.68038349181982,
          16.69924423399362,
          16.69924423399362,
          18.00416160591338,
          16.69924423399362,
          16.69924423399362,
          16.69924423399362,
          18.00416160591338,
          16.69924423399362,
          15.37625124882619,
          19.290046219188735,
          18.00416160591338,
          18.00416160591338,
          18.00416160591338,
          15.37625124882619,
          12.68038349181982,
          8.530765609948133,
          8.530765609948133,
          5.710593137499643,
          5.710593137499643,
          8.530765609948133,
          7.125016348901798,
          7.125016348901798,
          7.125016348901798,
          7.125016348901798,
          7.125016348901798,
          7.125016348901798,
          8.530765609948133,
          7.125016348901798,
          9.926245506651705,
          12.68038349181982,
          14.036243467926479,
          15.37625124882619,
          14.036243467926479,
          12.68038349181982,
          9.926245506651705,
          9.926245506651705,
          9.926245506651705,
          9.926245506651705,
          9.926245506651705,
          9.926245506651705,
          9.926245506651705
        ],
        "horizontal_dist_map": 430,
        "slope_dist_map": 442,
        "elevation_diff_map": 93.0,
        "avg_slope_deg_map": 11.9,
        "max_slope_deg_map": 19.3
      },
      "geometry": {
        "type": "LineString",
        "coordinates": [
          [
            139.57002324478395,
            37.254948269257895,
            990.0
          ],
          [
            139.5699545876638,
            37.254876806897286,
            987.0
          ],
          [
            139.56988593054365,
            37.25480534453668,
            987.0
          ],
          [
            139.56981031404507,
            37.254740220630794,
            985.0
          ],
          [
            139.5697127605551,
            37.2546950764729,
            983.0
          ],
          [
            139.5696152070651,
            37.25464993231501,
            978.0
          ],
          [
            139.56951721355492,
            37.25460597688284,
            975.0
          ],
          [
            139.56940463599864,
            37.25460142062062,
            973.0
          ],
          [
            139.5692920584424,
            37.25459686435838,
            970.0
          ],
          [
            139.56917948088613,
            37.25459230809615,
            966.0
          ],
          [
            139.56906712867791,
            37.25459149178812,
            963.0
          ],
          [
            139.56895562004806,
            37.25460467579949,
            961.0
          ],
          [
            139.5688441114182,
            37.254617859810864,
            957.0
          ],
          [
            139.56873260278834,
            37.25463104382223,
            954.0
          ],
          [
            139.56862109415852,
            37.2546442278336,
            952.0
          ],
          [
            139.56850958552866,
            37.254657411844974,
            947.0
          ],
          [
            139.56839803423074,
            37.25467033753814,
            944.0
          ],
          [
            139.5682860653443,
            37.2546807350943,
            941.0
          ],
          [
            139.56817409645785,
            37.254691132650464,
            939.0
          ],
          [
            139.5680621275714,
            37.25470153020663,
            936.0
          ],
          [
            139.5679501685202,
            37.25471199436707,
            935.0
          ],
          [
            139.5678382518362,
            37.25472274543912,
            935.0
          ],
          [
            139.56772633515223,
            37.25473349651117,
            933.0
          ],
          [
            139.56761441846825,
            37.25474424758322,
            932.0
          ],
          [
            139.56750230539868,
            37.254753402492256,
            931.0
          ],
          [
            139.56738991261525,
            37.25476028397131,
            929.0
          ],
          [
            139.5672775198318,
            37.25476716545036,
            928.0
          ],
          [
            139.56716686674199,
            37.25475196049521,
            927.0
          ],
          [
            139.5670564413473,
            37.25473386481659,
            926.0
          ],
          [
            139.5669522108917,
            37.25470147748262,
            924.0
          ],
          [
            139.56685145143462,
            37.25466108259399,
            923.0
          ],
          [
            139.5667506919775,
            37.25462068770536,
            922.0
          ],
          [
            139.56664993252036,
            37.25458029281673,
            920.0
          ],
          [
            139.56654992190477,
            37.2545387385424,
            919.0
          ],
          [
            139.56645036808305,
            37.254496477041855,
            916.0
          ],
          [
            139.56635081426137,
            37.2544542155413,
            913.0
          ],
          [
            139.56625124142084,
            37.254411982797805,
            910.0
          ],
          [
            139.56615162956592,
            37.25436980904538,
            908.0
          ],
          [
            139.56605201771097,
            37.25432763529296,
            906.0
          ],
          [
            139.56595240585605,
            37.25428546154054,
            904.0
          ],
          [
            139.56585018231377,
            37.254247527014186,
            903.0
          ],
          [
            139.56574597588585,
            37.25421943969825,
            901.0
          ],
          [
            139.56563444410344,
            37.25423249477682,
            899.0
          ],
          [
            139.56552291232103,
            37.2542455498554,
            897.0
          ],
          [
            139.5655188563424,
            37.254246024618,
            897.0
          ]
        ]
      }
    }
  ]
}