{
  "type": "FeatureCollection",
  "features": [
    {
      "type": "Feature",
      "properties": {
        "name": "アスペンコネクター",
        "slope_deg": [
          15.37625124882619,
          15.37625124882619,
          15.37625124882619,
          16.17215901578243,
          15.642246457208639,
          14.170977562933123,
          13.766300685466351,
          12.13388017063338,
          11.447596263685636,
          12.27072035781523,
          11.996899307923577,
          13.766300685466351,
          14.842227057911131,
          15.509334522674907,
          16.304198003832227,
          14.708303899682749,
          14.036243467926479,
          12.68038349181982,
          12.270720357815385,
          12.407418527400683,
          11.859779120947948,
          11.859779120947948,
          12.68038349181982,
          12.95276451337558,
          12.407418527400683,
          11.996899307923577,
          10.619655276155134,
          10.20397372173159,
          10.757967088390036,
          9.926245506651705,
          9.22988624372772,
          9.369385096487514,
          9.926245506651705,
          11.722520970102357,
          11.859779120947948,
          11.58512622485511,
          10.619655276155134,
          9.648045316098093,
          9.787203664656081,
          10.342657140474548,
          10.481218144130889,
          9.648045316098251,
          9.926245506651705,
          9.648045316098093,
          9.926245506651705,
          10.896152141141036,
          10.757967088390036,
          12.13388017063338,
          12.816647648997467,
          13.631094443421603,
          14.305551846622015,
          12.543973346572077,
          10.896152141141194,
          9.090276920822289,
          8.530765609948133,
          8.950558656231758,
          9.787203664656081,
          10.203973721731748,
          9.369385096487358,
          7.829076510059608,
          5.994092949108534,
          4.573921259900764,
          3.576334374997351,
          3.576334374997351,
          3.576334374997351,
          3.576334374997351
        ],
        "horizontal_dist_map": 641,
        "slope_dist_map": 655,
        "elevation_diff_map": 128.4,
        "avg_slope_deg_map": 11.1,
        "max_slope_deg_map": 16.3
      },
      "geometry": {
        "type": "LineString",
        "coordinates": [
          [
            140.28067841721594,
            40.67678329633964,
            735.6
          ],
          [
            140.28059077689923,
            40.67684377122354,
            733.3
          ],
          [
            140.2805031365825,
            40.676904246107426,
            730.3
          ],
          [
            140.2804154962658,
            40.67696472099132,
            727.0
          ],
          [
            140.28032785594905,
            40.67702519587521,
            724.6
          ],
          [
            140.28024021563235,
            40.677085670759105,
            721.7
          ],
          [
            140.28015257531564,
            40.677146145643,
            719.1
          ],
          [
            140.2800649349989,
            40.67720662052689,
            716.9
          ],
          [
            140.2799772946822,
            40.677267095410784,
            714.8
          ],
          [
            140.27988965436546,
            40.67732757029467,
            713.1
          ],
          [
            140.2798125460897,
            40.677395720773816,
            711.0
          ],
          [
            140.27973702127966,
            40.67746502525933,
            708.2
          ],
          [
            140.27966149646963,
            40.677534329744844,
            706.3
          ],
          [
            140.2795859716596,
            40.67760363423036,
            703.3
          ],
          [
            140.27951044684957,
            40.67767293871587,
            700.4
          ],
          [
            140.27943492203957,
            40.67774224320138,
            697.1
          ],
          [
            140.27935939722954,
            40.67781154768689,
            694.6
          ],
          [
            140.2792838724195,
            40.67788085217241,
            692.8
          ],
          [
            140.27920834760948,
            40.67795015665792,
            690.4
          ],
          [
            140.27913282279945,
            40.678019461143435,
            688.1
          ],
          [
            140.27905729798943,
            40.67808876562895,
            685.9
          ],
          [
            140.2789817731794,
            40.67815807011446,
            684.0
          ],
          [
            140.27890509783944,
            40.67822662336497,
            682.0
          ],
          [
            140.2788266113214,
            40.6782939940123,
            679.7
          ],
          [
            140.27874812480334,
            40.67836136465963,
            676.9
          ],
          [
            140.2786696382853,
            40.67842873530696,
            674.8
          ],
          [
            140.27859115176724,
            40.67849610595429,
            673.2
          ],
          [
            140.2785126652492,
            40.67856347660162,
            671.2
          ],
          [
            140.27843417873115,
            40.67863084724895,
            669.4
          ],
          [
            140.2783556922131,
            40.678698217896276,
            667.6
          ],
          [
            140.27827720569505,
            40.678765588543605,
            665.6
          ],
          [
            140.27819962392178,
            40.67883354807935,
            664.2
          ],
          [
            140.27812444198452,
            40.67890306964193,
            662.9
          ],
          [
            140.27804926004728,
            40.67897259120452,
            661.0
          ],
          [
            140.27797407811002,
            40.6790421127671,
            658.6
          ],
          [
            140.2778988961728,
            40.679111634329686,
            655.9
          ],
          [
            140.27782371423552,
            40.679181155892266,
            654.5
          ],
          [
            140.2777485322983,
            40.67925067745485,
            652.8
          ],
          [
            140.27767335036103,
            40.67932019901743,
            651.1
          ],
          [
            140.2775981684238,
            40.67938972058002,
            649.1
          ],
          [
            140.27752298648653,
            40.6794592421426,
            647.6
          ],
          [
            140.27744780454927,
            40.67952876370518,
            645.5
          ],
          [
            140.27737262261203,
            40.679598285267765,
            643.7
          ],
          [
            140.27729744067477,
            40.679667806830345,
            642.3
          ],
          [
            140.27722225873754,
            40.67973732839293,
            640.6
          ],
          [
            140.27714707680028,
            40.67980684995551,
            638.7
          ],
          [
            140.27707189486304,
            40.6798763715181,
            636.7
          ],
          [
            140.27699671292578,
            40.67994589308068,
            634.6
          ],
          [
            140.27692153098855,
            40.680015414643265,
            633.0
          ],
          [
            140.27684634905128,
            40.680084936205844,
            630.1
          ],
          [
            140.27677116711402,
            40.68015445776843,
            627.6
          ],
          [
            140.2766959851768,
            40.68022397933101,
            624.9
          ],
          [
            140.27662080323952,
            40.6802935008936,
            622.8
          ],
          [
            140.2765456213023,
            40.68036302245618,
            621.2
          ],
          [
            140.27647043936503,
            40.680432544018764,
            619.9
          ],
          [
            140.2763952574278,
            40.680502065581344,
            618.5
          ],
          [
            140.2763197796731,
            40.680571373157754,
            616.8
          ],
          [
            140.27623240808688,
            40.68063207706529,
            614.9
          ],
          [
            140.27614503650068,
            40.68069278097283,
            613.0
          ],
          [
            140.2760576649145,
            40.68075348488036,
            611.3
          ],
          [
            140.2759702933283,
            40.6808141887879,
            610.2
          ],
          [
            140.2758829217421,
            40.680874892695435,
            609.4
          ],
          [
            140.27579555015592,
            40.68093559660297,
            608.8
          ],
          [
            140.27570817856972,
            40.68099630051051,
            608.1
          ],
          [
            140.2756208069835,
            40.681057004418044,
            607.7
          ],
          [
            140.27560879117618,
            40.68106535274374,
            607.2
          ]
        ]
      }
    },
    {
      "type": "Feature",
      "properties": {
        "name": "アスペン",
        "slope_deg": [
          11.447596263685636,
          11.447596263685636,
          11.447596263685636,
          11.859779120947948,
          10.481218144131045,
          11.585126224854955,
          11.585126224854955,
          13.90135076950909,
          14.305551846621862,
          14.170977562933123,
          13.766300685466351,
          12.13388017063338,
          13.088732789694154,
          11.996899307923577,
          10.619655276155134,
          9.508771958297752,
          8.530765609948133,
          9.648045316098093,
          11.996899307923577,
          13.901350769509243,
          13.766300685466197,
          14.57421619803886,
          13.088732789694,
          12.68038349181982,
          13.766300685466197,
          11.859779120947948,
          12.270720357815385,
          11.859779120947948,
          11.309932474020215,
          13.088732789694,
          13.360218444764483,
          14.708303899682749,
          15.37625124882619,
          13.495733280795843,
          14.439965121002654,
          12.543973346572077,
          11.58512622485511,
          12.13388017063338,
          11.034209003250343,
          11.58512622485511,
          11.7225209701022,
          10.619655276155134,
          9.648045316098093,
          8.9505586562316,
          9.09027692082245,
          11.585126224854955,
          12.13388017063338,
          13.088732789694,
          12.952764513375426,
          11.447596263685636,
          10.757967088390036,
          11.309932474020215,
          10.342657140474707,
          10.342657140474707,
          11.309932474020215,
          9.926245506651705,
          9.369385096487358,
          9.926245506651705,
          9.926245506651705,
          11.722520970102357,
          12.95276451337558,
          13.63109444342145,
          13.49573328079569,
          12.27072035781523,
          13.088732789694,
          12.407418527400838,
          12.816647648997467,
          12.407418527400838,
          11.722520970102357,
          11.859779120947948,
          11.58512622485511,
          11.309932474020215,
          11.309932474020215,
          10.065169352759877,
          9.926245506651705,
          9.369385096487514,
          9.22988624372772,
          8.670801453590833,
          8.39062701325255,
          10.896152141141036,
          10.20397372173159,
          11.447596263685636,
          10.896152141141194,
          9.369385096487514,
          9.369385096487514,
          8.11004782941916,
          8.670801453590833,
          9.648045316098093,
          9.787203664656081,
          10.342657140474548,
          9.926245506651705,
          8.670801453590993,
          9.369385096487514,
          8.670801453590993,
          8.950558656231758,
          8.670801453590993,
          8.11004782941916,
          7.829076510059608,
          8.250387228905435,
          7.969610394321392,
          8.250387228905435,
          9.50877195829791,
          8.39062701325255,
          9.369385096487514,
          9.648045316098251,
          8.9505586562316,
          8.9505586562316,
          8.9505586562316,
          8.9505586562316
        ],
        "horizontal_dist_map": 1078,
        "slope_dist_map": 1100,
        "elevation_diff_map": 210.5,
        "avg_slope_deg_map": 10.8,
        "max_slope_deg_map": 15.4
      },
      "geometry": {
        "type": "LineString",
        "coordinates": [
          [
            140.28312785581528,
            40.67411176114485,
            816.0
          ],
          [
            140.2830102563027,
            40.67412137690454,
            814.8
          ],
          [
            140.28289265679015,
            40.674130992664224,
            812.2
          ],
          [
            140.28277505727758,
            40.67414060842391,
            810.3
          ],
          [
            140.282657457765,
            40.6741502241836,
            807.9
          ],
          [
            140.28254160627975,
            40.67416610949727,
            806.4
          ],
          [
            140.28242901792424,
            40.67419369850003,
            804.8
          ],
          [
            140.28231642956877,
            40.67422128750278,
            802.1
          ],
          [
            140.2822038412133,
            40.674248876505544,
            799.7
          ],
          [
            140.28209125285778,
            40.6742764655083,
            796.5
          ],
          [
            140.2819786645023,
            40.674304054511055,
            794.6
          ],
          [
            140.28187703659205,
            40.67434812373256,
            792.0
          ],
          [
            140.28178119397947,
            40.67440089177686,
            789.9
          ],
          [
            140.2816853513669,
            40.67445365982117,
            787.9
          ],
          [
            140.2815895087543,
            40.67450642786547,
            785.3
          ],
          [
            140.28149366614173,
            40.67455919590977,
            783.5
          ],
          [
            140.28139839825397,
            40.67461251038059,
            782.4
          ],
          [
            140.2813098230104,
            40.67467218796295,
            781.2
          ],
          [
            140.28122124776678,
            40.6747318655453,
            779.3
          ],
          [
            140.2811326725232,
            40.674791543127654,
            776.7
          ],
          [
            140.28104409727962,
            40.67485122071001,
            773.9
          ],
          [
            140.280955522036,
            40.67491089829236,
            771.3
          ],
          [
            140.28086694679243,
            40.67497057587472,
            769.5
          ],
          [
            140.28076827785955,
            40.67501921896839,
            766.3
          ],
          [
            140.2806640416227,
            40.67506177584806,
            764.6
          ],
          [
            140.28055980538585,
            40.67510433272772,
            762.3
          ],
          [
            140.28045556914898,
            40.67514688960738,
            759.7
          ],
          [
            140.28035133291215,
            40.675189446487046,
            757.9
          ],
          [
            140.28024709667528,
            40.675232003366716,
            755.9
          ],
          [
            140.28014505589252,
            40.675277510888264,
            753.9
          ],
          [
            140.28004353347993,
            40.67532371508791,
            751.7
          ],
          [
            140.27994201106736,
            40.67536991928757,
            748.6
          ],
          [
            140.27984048865477,
            40.67541612348722,
            746.4
          ],
          [
            140.27973896624218,
            40.67546232768687,
            743.4
          ],
          [
            140.2796374438296,
            40.67550853188652,
            740.7
          ],
          [
            140.27953592141702,
            40.67555473608618,
            739.0
          ],
          [
            140.27943439900446,
            40.675600940285825,
            736.1
          ],
          [
            140.27933287659187,
            40.675647144485474,
            734.5
          ],
          [
            140.27924785716712,
            40.67570887073481,
            732.5
          ],
          [
            140.2791673572157,
            40.67577484781982,
            730.4
          ],
          [
            140.27908685726428,
            40.675840824904824,
            728.3
          ],
          [
            140.27900635731288,
            40.67590680198984,
            726.3
          ],
          [
            140.27892585736146,
            40.67597277907485,
            724.2
          ],
          [
            140.27884535741003,
            40.676038756159855,
            722.9
          ],
          [
            140.27876562216298,
            40.67610524909184,
            721.5
          ],
          [
            140.2786893002754,
            40.67617404457523,
            720.0
          ],
          [
            140.2786129783878,
            40.67624284005861,
            717.8
          ],
          [
            140.2785366565002,
            40.676311635542,
            714.7
          ],
          [
            140.27846033461262,
            40.676380431025386,
            712.9
          ],
          [
            140.278384012725,
            40.67644922650877,
            710.7
          ],
          [
            140.27830769083744,
            40.67651802199216,
            708.6
          ],
          [
            140.27823136894983,
            40.676586817475545,
            706.6
          ],
          [
            140.2781613045536,
            40.67665905971607,
            705.3
          ],
          [
            140.2780993572995,
            40.67673577304828,
            702.7
          ],
          [
            140.2780374100454,
            40.676812486380484,
            701.3
          ],
          [
            140.27797546279132,
            40.67688919971269,
            699.3
          ],
          [
            140.2779135155372,
            40.67696591304489,
            697.3
          ],
          [
            140.2778515682831,
            40.677042626377094,
            695.7
          ],
          [
            140.277789621029,
            40.6771193397093,
            694.7
          ],
          [
            140.2777276737749,
            40.677196053041506,
            692.3
          ],
          [
            140.2776726344869,
            40.677275729533875,
            690.3
          ],
          [
            140.27761855196164,
            40.677355816428,
            687.4
          ],
          [
            140.27756446943638,
            40.67743590332213,
            685.5
          ],
          [
            140.27751038691113,
            40.67751599021625,
            682.6
          ],
          [
            140.27745630438588,
            40.67759607711037,
            680.7
          ],
          [
            140.27740222186063,
            40.677676164004495,
            678.7
          ],
          [
            140.27734813933537,
            40.67775625089862,
            676.2
          ],
          [
            140.27729405681012,
            40.67783633779274,
            673.8
          ],
          [
            140.27723997428487,
            40.67791642468686,
            671.6
          ],
          [
            140.27718589175961,
            40.677996511580986,
            669.9
          ],
          [
            140.27713280186924,
            40.67807696678511,
            667.9
          ],
          [
            140.2770832779475,
            40.678158745116136,
            665.4
          ],
          [
            140.27703375402575,
            40.67824052344716,
            663.4
          ],
          [
            140.27698423010403,
            40.67832230177819,
            661.9
          ],
          [
            140.2769347061823,
            40.67840408010921,
            659.9
          ],
          [
            140.27688518226054,
            40.67848585844023,
            658.3
          ],
          [
            140.2768356583388,
            40.678567636771255,
            656.4
          ],
          [
            140.27678613441705,
            40.678649415102285,
            655.3
          ],
          [
            140.2767229035046,
            40.67872528284511,
            653.4
          ],
          [
            140.2766562406492,
            40.678799670700634,
            652.2
          ],
          [
            140.27658957779383,
            40.67887405855616,
            650.5
          ],
          [
            140.27652291493845,
            40.67894844641169,
            647.6
          ],
          [
            140.27645625208305,
            40.67902283426722,
            646.2
          ],
          [
            140.27638958922768,
            40.67909722212275,
            644.1
          ],
          [
            140.2763229263723,
            40.679171609978276,
            642.8
          ],
          [
            140.27625268937828,
            40.679244062591096,
            641.0
          ],
          [
            140.27618225364475,
            40.679316407594996,
            639.6
          ],
          [
            140.27611181791124,
            40.6793887525989,
            638.4
          ],
          [
            140.2760413821777,
            40.67946109760281,
            636.7
          ],
          [
            140.2759709464442,
            40.67953344260671,
            634.2
          ],
          [
            140.27590051071067,
            40.67960578761062,
            632.7
          ],
          [
            140.27583007497716,
            40.67967813261453,
            631.1
          ],
          [
            140.27575963924366,
            40.67975047761843,
            629.7
          ],
          [
            140.27569094932537,
            40.67982375828854,
            628.1
          ],
          [
            140.27562525511493,
            40.67989864450233,
            626.1
          ],
          [
            140.2755595609045,
            40.67997353071612,
            625.0
          ],
          [
            140.27549386669406,
            40.680048416929914,
            623.4
          ],
          [
            140.27542817248363,
            40.6801233031437,
            622.0
          ],
          [
            140.2753624782732,
            40.68019818935749,
            620.4
          ],
          [
            140.27529678406276,
            40.68027307557128,
            619.5
          ],
          [
            140.27523815312384,
            40.68035022083485,
            617.6
          ],
          [
            140.27521388645224,
            40.680438356839886,
            616.4
          ],
          [
            140.27518961978066,
            40.68052649284492,
            614.6
          ],
          [
            140.27516535310906,
            40.680614628849945,
            612.8
          ],
          [
            140.27514108643746,
            40.68070276485498,
            611.7
          ],
          [
            140.27515699626153,
            40.68078776825858,
            609.8
          ],
          [
            140.2752042275506,
            40.68087032949632,
            607.8
          ],
          [
            140.27525145883968,
            40.68095289073406,
            606.5
          ],
          [
            140.27529206762378,
            40.681023875700724,
            605.5
          ]
        ]
      }
    },
    {
      "type": "Feature",
      "properties": {
        "name": "パノラマ",
        "slope_deg": [
          20.430362329285547,
          20.430362329285547,
          20.430362329285547,
          19.162339354971866,
          20.17838007450879,
          16.69924423399362,
          15.907551930525962,
          14.57421619803871,
          15.37625124882619,
          15.642246457208788,
          17.35402463626132,
          18.133621430820412,
          16.43605922463559,
          16.039943306049665,
          12.68038349181982,
          8.39062701325255,
          5.568737077976766,
          3.8616074096749773,
          3.8616074096749773,
          5.994092949108534,
          7.547725773843047,
          7.68844776990284,
          7.969610394321392,
          6.560196400571341,
          6.135733340186728,
          5.142764557884274,
          5.852378988915653,
          5.568737077976604,
          4.431564716435877,
          5.710593137499643,
          3.718993973158075,
          3.148096099562824,
          2.147585428298503,
          1.4320961841646465,
          3.290883686067228,
          2.862405226111748,
          3.718993973158075,
          4.573921259900927,
          3.0052693596899664,
          3.7189939731579127,
          3.290883686067228,
          2.147585428298503,
          2.5765718302687652,
          3.718993973158075,
          4.289153328819018,
          5.284821092508918,
          5.000644597558433,
          4.431564716435877,
          5.000644597558433,
          5.2848210925090795,
          6.983937460085259,
          8.39062701325255,
          8.530765609948133,
          9.926245506651705,
          10.619655276155134,
          10.065169352759877,
          10.619655276155134,
          9.50877195829791,
          7.547725773843206,
          6.983937460085259,
          5.710593137499643,
          5.000644597558433,
          5.9940929491083725,
          7.547725773843206,
          8.390627013252708,
          8.810732985984814,
          9.50877195829791,
          9.22988624372772,
          10.20397372173159,
          10.619655276155134,
          9.648045316098093,
          9.090276920822289,
          8.530765609948133,
          9.648045316098251,
          10.342657140474707,
          11.996899307923577,
          11.859779120947948,
          12.133880170633224,
          12.68038349181982,
          11.309932474020215,
          12.95276451337558,
          13.360218444764483,
          13.224551192213497,
          12.952764513375426,
          11.7225209701022,
          10.757967088390036,
          9.787203664656081,
          10.619655276155134,
          10.757967088390036,
          10.757967088390036,
          11.172136252167116,
          11.309932474020215,
          12.407418527400838,
          13.088732789694,
          13.224551192213651,
          12.95276451337558,
          13.360218444764483,
          12.816647648997467,
          12.68038349181982,
          13.631094443421603,
          12.816647648997312,
          13.495733280795843,
          14.036243467926479,
          13.90135076950909,
          13.360218444764483,
          13.088732789694,
          13.088732789694,
          13.495733280795843,
          13.088732789694154,
          13.088732789694154,
          12.95276451337558,
          11.996899307923577,
          11.585126224854955,
          12.407418527400683,
          12.952764513375426,
          13.360218444764483,
          13.631094443421603,
          12.95276451337558,
          13.495733280795843,
          15.37625124882619,
          16.304198003832376,
          17.61464330000695,
          18.00416160591338,
          16.43605922463559,
          16.17215901578243,
          16.961705886532968,
          18.00416160591338,
          18.26288994219419,
          20.052082146098567,
          17.6146433000071,
          16.304198003832376,
          16.304198003832376,
          16.304198003832376,
          16.304198003832376
        ],
        "horizontal_dist_map": 1324,
        "slope_dist_map": 1354,
        "elevation_diff_map": 253.1,
        "avg_slope_deg_map": 10.6,
        "max_slope_deg_map": 20.4
      },
      "geometry": {
        "type": "LineString",
        "coordinates": [
          [
            140.2864722628015,
            40.668952860879116,
            917.6
          ],
          [
            140.28641640381912,
            40.66903223516853,
            913.0
          ],
          [
            140.28636054483673,
            40.66911160945794,
            910.2
          ],
          [
            140.28630468585433,
            40.669190983747356,
            905.5
          ],
          [
            140.2862488268719,
            40.66927035803677,
            902.7
          ],
          [
            140.28619296788952,
            40.66934973232618,
            899.1
          ],
          [
            140.28613710890713,
            40.669429106615596,
            895.5
          ],
          [
            140.28608124992473,
            40.66950848090501,
            893.5
          ],
          [
            140.28602539094234,
            40.66958785519442,
            891.3
          ],
          [
            140.28596953195995,
            40.66966722948383,
            888.7
          ],
          [
            140.28591367297756,
            40.66974660377324,
            884.5
          ],
          [
            140.28586483572988,
            40.669828562059976,
            882.3
          ],
          [
            140.2858178607005,
            40.66991120564275,
            878.8
          ],
          [
            140.28577088567107,
            40.66999384922552,
            875.6
          ],
          [
            140.28572391064168,
            40.67007649280829,
            872.7
          ],
          [
            140.28567693561226,
            40.670159136391064,
            870.8
          ],
          [
            140.28562996058287,
            40.670241779973836,
            869.8
          ],
          [
            140.28558298555345,
            40.67032442355661,
            869.7
          ],
          [
            140.28553823651615,
            40.670407745689324,
            868.8
          ],
          [
            140.28549733538821,
            40.6704922407816,
            868.1
          ],
          [
            140.2854564342603,
            40.67057673587387,
            867.1
          ],
          [
            140.28541553313238,
            40.67066123096615,
            865.5
          ],
          [
            140.28537463200448,
            40.67074572605842,
            863.5
          ],
          [
            140.28533373087654,
            40.670830221150695,
            862.7
          ],
          [
            140.2852806120245,
            40.67091006721392,
            861.5
          ],
          [
            140.285216412907,
            40.67098569706833,
            860.9
          ],
          [
            140.2851522137895,
            40.67106132692274,
            859.2
          ],
          [
            140.285088014672,
            40.67113695677715,
            859.1
          ],
          [
            140.2850238155545,
            40.671212586631555,
            857.4
          ],
          [
            140.284973432421,
            40.67129384071801,
            857.0
          ],
          [
            140.2849264882951,
            40.67137649476096,
            856.1
          ],
          [
            140.2848795441692,
            40.67145914880392,
            855.1
          ],
          [
            140.28483617860655,
            40.671542873868425,
            854.8
          ],
          [
            140.28479664053316,
            40.67162774445508,
            854.8
          ],
          [
            140.28475710245974,
            40.67171261504173,
            854.6
          ],
          [
            140.2847175643863,
            40.671797485628375,
            854.1
          ],
          [
            140.28467802631292,
            40.67188235621502,
            852.5
          ],
          [
            140.2846384882395,
            40.67196722680168,
            852.8
          ],
          [
            140.28459895016607,
            40.672052097388324,
            852.0
          ],
          [
            140.28455941209268,
            40.67213696797497,
            850.9
          ],
          [
            140.28451987401925,
            40.67222183856162,
            850.4
          ],
          [
            140.28448598202274,
            40.67230798245246,
            850.2
          ],
          [
            140.2844584370597,
            40.672395557727334,
            849.7
          ],
          [
            140.28443089209668,
            40.67248313300221,
            849.4
          ],
          [
            140.28440334713363,
            40.672570708277085,
            848.6
          ],
          [
            140.28437580217062,
            40.67265828355196,
            847.6
          ],
          [
            140.28435490769772,
            40.67274686976159,
            846.7
          ],
          [
            140.28433617456534,
            40.672835784514554,
            845.7
          ],
          [
            140.28431744143296,
            40.672924699267526,
            845.1
          ],
          [
            140.28428826819882,
            40.6730110629074,
            844.5
          ],
          [
            140.2842355433696,
            40.673091671547574,
            843.2
          ],
          [
            140.284182562858,
            40.6731721825481,
            842.0
          ],
          [
            140.2841292180075,
            40.67325255441534,
            840.2
          ],
          [
            140.28407587315698,
            40.67333292628258,
            838.6
          ],
          [
            140.28400626871692,
            40.67340540739956,
            837.2
          ],
          [
            140.2839330981652,
            40.67347615788879,
            835.0
          ],
          [
            140.28385992761346,
            40.67354690837803,
            832.7
          ],
          [
            140.28378675706173,
            40.673617658867265,
            831.5
          ],
          [
            140.28371358651,
            40.6736884093565,
            829.7
          ],
          [
            140.28367335884857,
            40.67377042642713,
            828.3
          ],
          [
            140.28365249381022,
            40.67385906558121,
            827.4
          ],
          [
            140.28363162877184,
            40.67394770473529,
            826.6
          ],
          [
            140.2836305,
            40.674037679792114,
            825.7
          ],
          [
            140.2836305,
            40.67412773125293,
            824.8
          ],
          [
            140.2836305,
            40.67421778271375,
            823.2
          ],
          [
            140.2836305,
            40.67430783417456,
            821.3
          ],
          [
            140.2836305,
            40.67439788563538,
            819.8
          ],
          [
            140.28361313777805,
            40.67448664445061,
            818.6
          ],
          [
            140.28359022511708,
            40.67457499002666,
            816.5
          ],
          [
            140.28356900218853,
            40.674663444325034,
            814.8
          ],
          [
            140.28357211650143,
            40.674753464552765,
            812.6
          ],
          [
            140.2835752308143,
            40.674843484780496,
            811.1
          ],
          [
            140.2835783451272,
            40.67493350500823,
            809.7
          ],
          [
            140.28358145944011,
            40.67502352523596,
            808.4
          ],
          [
            140.283584573753,
            40.67511354546369,
            806.6
          ],
          [
            140.2835736652176,
            40.675202850685075,
            804.3
          ],
          [
            140.28354811815657,
            40.675290582249,
            802.4
          ],
          [
            140.28351421804268,
            40.675376855695504,
            799.9
          ],
          [
            140.28348031792882,
            40.675463129142,
            798.2
          ],
          [
            140.28344641781493,
            40.6755494025885,
            795.7
          ],
          [
            140.28341251770104,
            40.675635676035,
            793.4
          ],
          [
            140.28338363943007,
            40.67572281829122,
            791.9
          ],
          [
            140.28336524055885,
            40.675811773548055,
            789.0
          ],
          [
            140.28334684168763,
            40.6759007288049,
            786.2
          ],
          [
            140.2833436831519,
            40.675990654076784,
            784.0
          ],
          [
            140.2833424268999,
            40.676080700425004,
            782.7
          ],
          [
            140.2833411706479,
            40.67617074677322,
            780.7
          ],
          [
            140.28333991439592,
            40.676260793121436,
            778.6
          ],
          [
            140.28333865814392,
            40.676350839469656,
            777.1
          ],
          [
            140.2833374018919,
            40.676440885817875,
            775.2
          ],
          [
            140.28333614563994,
            40.67653093216609,
            773.1
          ],
          [
            140.28333488938793,
            40.67662097851431,
            771.0
          ],
          [
            140.28333363313595,
            40.67671102486253,
            769.2
          ],
          [
            140.2832996066289,
            40.67679716937878,
            767.2
          ],
          [
            140.2832527878515,
            40.67687960764632,
            764.3
          ],
          [
            140.28320063271147,
            40.67696043191609,
            761.7
          ],
          [
            140.28314629612893,
            40.67704033950729,
            759.8
          ],
          [
            140.2830842669038,
            40.67711701452167,
            758.0
          ],
          [
            140.28302223767872,
            40.67719368953605,
            754.8
          ],
          [
            140.28294231385698,
            40.677259433990315,
            752.6
          ],
          [
            140.28285744139998,
            40.677322155668705,
            750.8
          ],
          [
            140.28277417610113,
            40.677386030662745,
            748.3
          ],
          [
            140.28269695341282,
            40.67745424190538,
            745.7
          ],
          [
            140.28261973072452,
            40.67752245314801,
            743.0
          ],
          [
            140.2825425080362,
            40.677590664390635,
            740.8
          ],
          [
            140.28246528534788,
            40.67765887563327,
            738.4
          ],
          [
            140.28238806265958,
            40.6777270868759,
            736.2
          ],
          [
            140.28231083997125,
            40.677795298118525,
            733.7
          ],
          [
            140.28223947526007,
            40.67786621169618,
            731.5
          ],
          [
            140.28219580432096,
            40.6779499006481,
            728.8
          ],
          [
            140.28215213338186,
            40.67803358960002,
            726.9
          ],
          [
            140.28213065141065,
            40.67812153358714,
            724.4
          ],
          [
            140.2821239,
            40.67821128823349,
            722.3
          ],
          [
            140.2821239,
            40.678301339629506,
            720.3
          ],
          [
            140.2821239,
            40.67839139102552,
            718.7
          ],
          [
            140.2821239,
            40.678481442421536,
            715.6
          ],
          [
            140.28213933437334,
            40.67857065573503,
            713.1
          ],
          [
            140.28215612170007,
            40.6786597955835,
            710.8
          ],
          [
            140.28217290902683,
            40.67874893543197,
            709.0
          ],
          [
            140.28218969635356,
            40.67883807528044,
            706.4
          ],
          [
            140.2822045135189,
            40.67892737893982,
            703.5
          ],
          [
            140.28221339542736,
            40.67901717609169,
            699.8
          ],
          [
            140.28222227733582,
            40.67910697324357,
            697.3
          ],
          [
            140.28223115924428,
            40.67919677039544,
            693.7
          ],
          [
            140.2822485569817,
            40.67928556540361,
            690.5
          ],
          [
            140.28227570356614,
            40.67937321316637,
            688.0
          ],
          [
            140.28230285015061,
            40.679460860929126,
            685.7
          ],
          [
            140.28232999673506,
            40.67954850869189,
            681.5
          ],
          [
            140.2823571433195,
            40.67963615645465,
            677.5
          ],
          [
            140.28238428990397,
            40.6797238042174,
            674.8
          ],
          [
            140.2824321645807,
            40.67980594626808,
            671.1
          ],
          [
            140.28248252809732,
            40.679887427243166,
            668.8
          ],
          [
            140.28253289161393,
            40.67996890821826,
            665.8
          ],
          [
            140.2825552,
            40.680005,
            664.5
          ]
        ]
      }
    },
    {
      "type": "Feature",
      "properties": {
        "name": "リンク",
        "slope_deg": [
          4.858462919034255,
          4.858462919034255,
          4.858462919034255,
          7.125016348901798,
          6.842773412630876,
          10.619655276155134,
          8.9505586562316,
          8.11004782941916,
          7.829076510059608,
          8.250387228905435,
          9.50877195829791,
          9.648045316098093,
          10.203973721731748,
          8.950558656231758,
          9.090276920822289,
          8.11004782941916,
          9.508771958297752,
          9.648045316098093,
          10.896152141141194,
          11.172136252167116,
          10.342657140474707,
          11.996899307923577,
          11.172136252167116,
          11.309932474020215,
          12.407418527400683,
          9.926245506651705,
          9.508771958297752,
          9.508771958297752,
          8.39062701325255,
          9.22988624372772,
          10.065169352759877,
          9.78720366465624,
          10.757967088390036,
          10.203973721731748,
          10.619655276155134,
          10.757967088389877,
          10.896152141141194,
          11.034209003250188,
          12.816647648997467,
          13.495733280795843,
          12.816647648997467,
          11.996899307923577,
          9.090276920822289,
          9.50877195829791,
          10.342657140474548,
          12.95276451337558,
          13.90135076950909,
          14.305551846621862,
          13.088732789694,
          9.369385096487358,
          7.969610394321392,
          7.547725773843206,
          7.547725773843206,
          11.034209003250343,
          12.68038349181982,
          11.996899307923577,
          11.7225209701022,
          9.50877195829783,
          8.95055865623168,
          8.11004782941908,
          9.50877195829791,
          11.172136252167116,
          10.757967088390036,
          11.996899307923577,
          10.896152141141116,
          10.065169352759877,
          9.648045316098171,
          9.369385096487436,
          11.034209003250266,
          10.203973721731668,
          11.859779120947948,
          11.859779120948026,
          11.309932474020215,
          11.72252097010228,
          10.757967088390036,
          10.619655276155134,
          10.757967088389957,
          10.896152141141116,
          12.407418527400683,
          13.631094443421526,
          12.40741852740076,
          12.952764513375502,
          11.309932474020215,
          9.926245506651705,
          9.926245506651705,
          9.50877195829783,
          8.11004782941916,
          6.983937460085259,
          6.701525844729468,
          7.688447769902922,
          11.309932474020215,
          13.360218444764483,
          15.774985955414085,
          15.109575122340479,
          14.975984514756677,
          15.907551930525889,
          14.170977562933123,
          15.642246457208712,
          12.543973346572077,
          11.034209003250266,
          11.859779120947948,
          9.22988624372772,
          10.203973721731668,
          9.369385096487436,
          8.530765609948133,
          10.619655276155134,
          12.40741852740076,
          13.901350769509168,
          13.088732789694076,
          10.619655276155134,
          8.11004782941908,
          6.56019640057126,
          6.983937460085259,
          6.701525844729468,
          5.994092949108534,
          5.994092949108534,
          5.994092949108534,
          5.994092949108534
        ],
        "horizontal_dist_map": 1168,
        "slope_dist_map": 1190,
        "elevation_diff_map": 212.6,
        "avg_slope_deg_map": 10.1,
        "max_slope_deg_map": 15.9
      },
      "geometry": {
        "type": "LineString",
        "coordinates": [
          [
            140.2846589346164,
            40.683035942168,
            608.8
          ],
          [
            140.28459316061733,
            40.68311078928289,
            608.0
          ],
          [
            140.28452738661824,
            40.68318563639779,
            606.9
          ],
          [
            140.28446161261917,
            40.68326048351268,
            606.9
          ],
          [
            140.28440280176775,
            40.68333859981574,
            605.4
          ],
          [
            140.28434447342423,
            40.68341694265558,
            603.0
          ],
          [
            140.2842861450807,
            40.683495285495425,
            602.1
          ],
          [
            140.28422781673717,
            40.68357362833527,
            599.4
          ],
          [
            140.2841374671682,
            40.683628211852906,
            599.1
          ],
          [
            140.28403608381387,
            40.68367460844897,
            597.3
          ],
          [
            140.28393470045953,
            40.68372100504502,
            596.6
          ],
          [
            140.28383331710518,
            40.68376740164108,
            593.6
          ],
          [
            140.28373498072605,
            40.68381739292424,
            592.4
          ],
          [
            140.28363767604364,
            40.683868601357716,
            590.5
          ],
          [
            140.28354037136123,
            40.68391980979119,
            589.4
          ],
          [
            140.28344491705212,
            40.68397271660317,
            587.3
          ],
          [
            140.28336081711734,
            40.684036045109394,
            586.0
          ],
          [
            140.28327671718256,
            40.68409937361562,
            584.8
          ],
          [
            140.28319261724778,
            40.68416270212184,
            582.7
          ],
          [
            140.283108517313,
            40.68422603062806,
            580.5
          ],
          [
            140.28302441737821,
            40.68428935913428,
            578.3
          ],
          [
            140.2829562521425,
            40.6843621932006,
            576.9
          ],
          [
            140.28289558607918,
            40.684439500764285,
            575.4
          ],
          [
            140.2828349200159,
            40.68451680832797,
            572.0
          ],
          [
            140.2827742539526,
            40.684594115891656,
            570.4
          ],
          [
            140.28271358788928,
            40.684671423455335,
            568.9
          ],
          [
            140.282648511789,
            40.68474639546959,
            566.6
          ],
          [
            140.282574386764,
            40.68481657518594,
            565.0
          ],
          [
            140.282500261739,
            40.684886754902294,
            563.7
          ],
          [
            140.28242613671398,
            40.68495693461865,
            562.2
          ],
          [
            140.28235669965298,
            40.6850292650307,
            560.7
          ],
          [
            140.2823098139228,
            40.6851119413093,
            558.5
          ],
          [
            140.28226292819264,
            40.685194617587904,
            556.6
          ],
          [
            140.28221604246247,
            40.685277293866505,
            555.3
          ],
          [
            140.2821691567323,
            40.68535997014511,
            553.1
          ],
          [
            140.28212227100212,
            40.68544264642371,
            551.3
          ],
          [
            140.28207538527195,
            40.68552532270231,
            549.1
          ],
          [
            140.28202849954178,
            40.68560799898091,
            547.7
          ],
          [
            140.2819816138116,
            40.685690675259515,
            545.4
          ],
          [
            140.28193494627686,
            40.6857734231059,
            543.5
          ],
          [
            140.2818883368053,
            40.685856189996926,
            540.0
          ],
          [
            140.28184172733376,
            40.68593895688795,
            538.1
          ],
          [
            140.2817951178622,
            40.68602172377897,
            536.3
          ],
          [
            140.28174850839065,
            40.68610449067,
            535.0
          ],
          [
            140.2817018989191,
            40.686187257561016,
            533.6
          ],
          [
            140.28165528944754,
            40.68627002445204,
            531.4
          ],
          [
            140.281608679976,
            40.68635279134307,
            529.0
          ],
          [
            140.281561498485,
            40.68643537012478,
            525.8
          ],
          [
            140.28151423919982,
            40.68651792332379,
            523.7
          ],
          [
            140.28146697991468,
            40.6866004765228,
            521.2
          ],
          [
            140.28141972062951,
            40.686683029721806,
            519.7
          ],
          [
            140.28137206533802,
            40.68676544962781,
            519.2
          ],
          [
            140.28132363049147,
            40.686847607141004,
            518.1
          ],
          [
            140.28127519564492,
            40.68692976465419,
            515.9
          ],
          [
            140.28122676079835,
            40.68701192216737,
            514.4
          ],
          [
            140.2811539217404,
            40.68708171679961,
            511.4
          ],
          [
            140.2810730633473,
            40.68714744893278,
            509.1
          ],
          [
            140.28099220495415,
            40.687213181065935,
            507.4
          ],
          [
            140.280911346561,
            40.6872789131991,
            506.1
          ],
          [
            140.28082961729496,
            40.687344002700996,
            504.7
          ],
          [
            140.28074580943152,
            40.68740755837208,
            502.8
          ],
          [
            140.28066200156806,
            40.68747111404316,
            501.7
          ],
          [
            140.2805781937046,
            40.687534669714246,
            499.4
          ],
          [
            140.28049438584114,
            40.68759822538533,
            496.8
          ],
          [
            140.28041057797768,
            40.68766178105641,
            495.2
          ],
          [
            140.28035897296664,
            40.6877423807413,
            493.2
          ],
          [
            140.28030989007988,
            40.68782431531167,
            491.7
          ],
          [
            140.2802608071931,
            40.68790624988205,
            489.7
          ],
          [
            140.28021759088438,
            40.68799001656033,
            488.4
          ],
          [
            140.2801769381288,
            40.68807458382557,
            486.6
          ],
          [
            140.2801362853732,
            40.68815915109081,
            483.9
          ],
          [
            140.2800956326176,
            40.68824371835605,
            482.5
          ],
          [
            140.280054979862,
            40.68832828562129,
            480.0
          ],
          [
            140.28001308585033,
            40.688412462715235,
            478.2
          ],
          [
            140.27996350398945,
            40.6884942232425,
            475.9
          ],
          [
            140.27991392212854,
            40.68857598376977,
            474.2
          ],
          [
            140.27986434026766,
            40.68865774429704,
            472.4
          ],
          [
            140.27981475840676,
            40.68873950482431,
            470.7
          ],
          [
            140.27976517654588,
            40.68882126535158,
            468.3
          ],
          [
            140.27971559468497,
            40.68890302587885,
            466.5
          ],
          [
            140.2796660128241,
            40.68898478640612,
            463.6
          ],
          [
            140.27962836725249,
            40.6890698046742,
            461.0
          ],
          [
            140.2795984042814,
            40.689156919734735,
            459.5
          ],
          [
            140.27956844131032,
            40.689244034795266,
            457.3
          ],
          [
            140.27953847833925,
            40.689331149855796,
            455.6
          ],
          [
            140.27950851536815,
            40.68941826491633,
            454.0
          ],
          [
            140.27947507389567,
            40.68950456900584,
            452.5
          ],
          [
            140.27943580318694,
            40.68958951407861,
            450.6
          ],
          [
            140.27939653247824,
            40.689674459151384,
            449.9
          ],
          [
            140.27935726176952,
            40.68975940422415,
            449.1
          ],
          [
            140.2793179910608,
            40.68984434929692,
            447.8
          ],
          [
            140.2792787203521,
            40.68992929436969,
            445.2
          ],
          [
            140.27923944964337,
            40.69001423944246,
            441.9
          ],
          [
            140.27920017893464,
            40.690099184515226,
            439.6
          ],
          [
            140.2791581698239,
            40.69018334558345,
            436.5
          ],
          [
            140.27911415809487,
            40.69026693330201,
            434.4
          ],
          [
            140.27907014636583,
            40.69035052102058,
            431.2
          ],
          [
            140.27902613463678,
            40.69043410873914,
            428.2
          ],
          [
            140.27898212290776,
            40.690517696457704,
            426.4
          ],
          [
            140.27893154755358,
            40.69059893841197,
            423.2
          ],
          [
            140.27887516507505,
            40.69067810496665,
            422.3
          ],
          [
            140.27881878259652,
            40.69075727152132,
            420.4
          ],
          [
            140.27876240011798,
            40.69083643807599,
            418.0
          ],
          [
            140.27870601763948,
            40.69091560463066,
            416.7
          ],
          [
            140.2786298662436,
            40.690982949683466,
            415.1
          ],
          [
            140.27854216267824,
            40.6910433867205,
            413.8
          ],
          [
            140.27845445911288,
            40.69110382375754,
            412.0
          ],
          [
            140.27836675554752,
            40.69116426079457,
            409.2
          ],
          [
            140.2782790519822,
            40.69122469783161,
            406.3
          ],
          [
            140.27818767011098,
            40.69128182460598,
            403.9
          ],
          [
            140.27809481101215,
            40.69133762196086,
            402.7
          ],
          [
            140.2780019519133,
            40.69139341931574,
            401.7
          ],
          [
            140.27790909281447,
            40.69144921667061,
            400.6
          ],
          [
            140.27781623371564,
            40.691505014025495,
            399.3
          ],
          [
            140.27772337461678,
            40.69156081138037,
            397.8
          ],
          [
            140.27763051551796,
            40.69161660873525,
            397.0
          ],
          [
            140.2775376564191,
            40.69167240609013,
            396.4
          ],
          [
            140.27746245020273,
            40.69171759614685,
            396.2
          ]
        ]
      }
    },
    {
      "type": "Feature",
      "properties": {
        "name": "メインライン",
        "slope_deg": [
          20.30447370996038,
          20.30447370996038,
          20.30447370996038,
          20.430362329285547,
          20.430362329285547,
          18.00416160591338,
          15.907551930525813,
          16.304198003832376,
          16.304198003832227,
          16.567741642975037,
          17.484427323220732,
          15.907551930525813,
          17.874511367250427,
          18.26288994219404,
          16.304198003832376,
          18.906332035086663,
          19.290046219188735,
          17.35402463626132,
          16.69924423399362,
          14.9759845147566,
          11.585126224854955,
          12.95276451337558,
          12.407418527400683,
          9.50877195829791,
          7.829076510059608,
          5.568737077976604,
          4.431564716435877,
          4.431564716435877,
          4.431564716435877,
          4.7162212343382155,
          5.284821092508918,
          5.4268124985727555,
          8.530765609948133,
          11.172136252167274,
          13.360218444764483,
          13.631094443421603,
          12.816647648997467,
          10.619655276155134,
          8.530765609948133,
          8.530765609948133,
          9.926245506651705,
          10.896152141141036,
          11.034209003250343,
          10.896152141141036,
          9.926245506651705,
          9.22988624372772,
          9.508771958297752,
          10.757967088390036,
          9.787203664656081,
          10.619655276155134,
          10.342657140474707,
          10.342657140474707,
          10.481218144130889,
          7.969610394321392,
          6.983937460085259,
          6.842773412630876,
          6.418786730238786,
          7.266008446996026,
          7.829076510059608,
          6.701525844729548,
          6.983937460085259,
          7.829076510059608,
          8.11004782941916,
          7.829076510059608,
          7.688447769903003,
          7.68844776990284,
          8.810732985984814,
          9.22988624372772,
          10.065169352759717,
          9.787203664656081,
          11.172136252167116,
          11.172136252167116,
          9.78720366465624,
          8.810732985984973,
          6.277298489597683,
          7.547725773843047,
          8.250387228905435,
          8.250387228905435,
          8.530765609948133,
          7.406912128495294,
          6.842773412630876,
          6.135733340186889,
          5.9940929491083725,
          5.9940929491083725,
          5.994092949108534,
          5.9940929491083725,
          5.852378988915653,
          4.858462919034416,
          4.431564716435877,
          4.573921259900927,
          5.2848210925090795,
          5.568737077976604,
          6.135733340186728,
          6.277298489597523,
          6.418786730238786,
          7.266008446996026,
          8.530765609948133,
          8.530765609948133,
          8.530765609948133,
          8.530765609948133
        ],
        "horizontal_dist_map": 982,
        "slope_dist_map": 1002,
        "elevation_diff_map": 176.2,
        "avg_slope_deg_map": 10.0,
        "max_slope_deg_map": 20.4
      },
      "geometry": {
        "type": "LineString",
        "coordinates": [
          [
            140.2872031226619,
            40.66916263754383,
            917.3
          ],
          [
            140.28722001105442,
            40.66925176621254,
            914.1
          ],
          [
            140.28723689944695,
            40.669340894881245,
            911.8
          ],
          [
            140.28725378783946,
            40.66943002354996,
            907.2
          ],
          [
            140.287270676232,
            40.66951915221866,
            902.5
          ],
          [
            140.28727225811193,
            40.6696083795795,
            899.2
          ],
          [
            140.28725735441589,
            40.66969771323475,
            896.9
          ],
          [
            140.28724245071984,
            40.66978704688999,
            894.2
          ],
          [
            140.2872275470238,
            40.669876380545226,
            891.1
          ],
          [
            140.28721264332776,
            40.669965714200465,
            887.5
          ],
          [
            140.28719773963172,
            40.670055047855705,
            885.2
          ],
          [
            140.28717444477243,
            40.67014315046775,
            882.3
          ],
          [
            140.28714468759767,
            40.67023030501226,
            878.5
          ],
          [
            140.2871149304229,
            40.67031745955676,
            876.1
          ],
          [
            140.28708517324813,
            40.670404614101265,
            872.3
          ],
          [
            140.28705541607337,
            40.67049176864577,
            869.1
          ],
          [
            140.28702386798523,
            40.670578533813895,
            866.8
          ],
          [
            140.28698869550988,
            40.67066451097586,
            862.4
          ],
          [
            140.28693670112577,
            40.67074525875483,
            858.3
          ],
          [
            140.2868827913157,
            40.670825411090306,
            856.6
          ],
          [
            140.2868288815056,
            40.670905563425784,
            854.8
          ],
          [
            140.28677497169554,
            40.67098571576126,
            851.7
          ],
          [
            140.28672106188546,
            40.67106586809675,
            850.1
          ],
          [
            140.28665452366735,
            40.67113995054546,
            847.4
          ],
          [
            140.28658267361192,
            40.6712114798417,
            846.0
          ],
          [
            140.28651082355648,
            40.67128300913795,
            845.0
          ],
          [
            140.28643897350108,
            40.6713545384342,
            844.6
          ],
          [
            140.2863872393642,
            40.671435440931546,
            843.5
          ],
          [
            140.28633628265735,
            40.67151670567971,
            842.9
          ],
          [
            140.28628532595047,
            40.67159797042787,
            841.9
          ],
          [
            140.28623436924363,
            40.67167923517603,
            841.5
          ],
          [
            140.28621009805985,
            40.671766156601635,
            840.2
          ],
          [
            140.2861985703585,
            40.67185577933347,
            839.2
          ],
          [
            140.28618704265713,
            40.6719454020653,
            838.1
          ],
          [
            140.28617551495577,
            40.672035024797125,
            835.5
          ],
          [
            140.2861779067254,
            40.672124892327275,
            832.3
          ],
          [
            140.2861839872743,
            40.67221482473108,
            829.7
          ],
          [
            140.28619006782318,
            40.67230475713488,
            828.4
          ],
          [
            140.28619372938206,
            40.67239460712923,
            826.4
          ],
          [
            140.2861771242115,
            40.67248376668245,
            824.8
          ],
          [
            140.2861605190409,
            40.67257292623567,
            823.7
          ],
          [
            140.28614391387032,
            40.672662085788886,
            822.4
          ],
          [
            140.28612730869972,
            40.6727512453421,
            819.4
          ],
          [
            140.28611070352912,
            40.67284040489532,
            817.1
          ],
          [
            140.2860923184002,
            40.67292929377315,
            815.9
          ],
          [
            140.28606266690355,
            40.67301646939264,
            814.7
          ],
          [
            140.28603301540687,
            40.673103645012134,
            812.4
          ],
          [
            140.28600773012192,
            40.673191462498025,
            810.6
          ],
          [
            140.2859926252992,
            40.67328077658946,
            809.2
          ],
          [
            140.28597752047648,
            40.67337009068089,
            807.1
          ],
          [
            140.28596281816363,
            40.67345942611391,
            805.5
          ],
          [
            140.28596151793033,
            40.67354947214213,
            803.1
          ],
          [
            140.285960217697,
            40.673639518170354,
            801.9
          ],
          [
            140.2859589174637,
            40.67372956419858,
            799.8
          ],
          [
            140.28596928183154,
            40.67381908599256,
            798.1
          ],
          [
            140.2859844867623,
            40.67390839024042,
            797.5
          ],
          [
            140.28599969169304,
            40.67399769448828,
            797.0
          ],
          [
            140.286009482015,
            40.67408743162085,
            795.0
          ],
          [
            140.28601897302858,
            40.674177192682386,
            793.6
          ],
          [
            140.28602846404215,
            40.67426695374393,
            792.4
          ],
          [
            140.2860379550557,
            40.67435671480547,
            791.5
          ],
          [
            140.28604744606926,
            40.674446475867015,
            790.3
          ],
          [
            140.2860508281321,
            40.67453586246809,
            788.7
          ],
          [
            140.2860225982542,
            40.67462331135145,
            786.9
          ],
          [
            140.28599436837632,
            40.67471076023481,
            785.8
          ],
          [
            140.2859628862906,
            40.67479755123127,
            784.8
          ],
          [
            140.2859303823652,
            40.67488413552048,
            783.3
          ],
          [
            140.2858889082364,
            40.67496815262119,
            781.5
          ],
          [
            140.28583845234388,
            40.67504959922497,
            779.6
          ],
          [
            140.28578799645138,
            40.67513104582875,
            778.3
          ],
          [
            140.28573329770958,
            40.675210886731605,
            776.2
          ],
          [
            140.2856784781973,
            40.67529068192903,
            774.6
          ],
          [
            140.285623658685,
            40.67537047712644,
            771.7
          ],
          [
            140.28557372035527,
            40.67545170059191,
            770.4
          ],
          [
            140.28554423825645,
            40.67553890969313,
            769.3
          ],
          [
            140.28551475615765,
            40.675626118794355,
            768.4
          ],
          [
            140.28548527405883,
            40.67571332789557,
            767.3
          ],
          [
            140.2854588903534,
            40.675801059159404,
            765.1
          ],
          [
            140.28543815381343,
            40.67588969229571,
            763.5
          ],
          [
            140.2854254639365,
            40.675979223953554,
            762.6
          ],
          [
            140.28541277405958,
            40.676068755611404,
            761.3
          ],
          [
            140.28540008418264,
            40.67615828726925,
            759.9
          ],
          [
            140.28538739430573,
            40.676247818927095,
            758.7
          ],
          [
            140.28537470442882,
            40.676337350584944,
            758.3
          ],
          [
            140.28536201455188,
            40.676426882242794,
            757.1
          ],
          [
            140.28534932467497,
            40.67651641390064,
            755.7
          ],
          [
            140.28533663479803,
            40.676605945558485,
            754.5
          ],
          [
            140.28532394492112,
            40.676695477216334,
            754.1
          ],
          [
            140.28531125504418,
            40.676785008874184,
            753.0
          ],
          [
            140.2853025395782,
            40.67687481312468,
            752.3
          ],
          [
            140.2852940072881,
            40.676964629938645,
            751.4
          ],
          [
            140.28528547499795,
            40.67705444675261,
            750.9
          ],
          [
            140.28527694270784,
            40.677144263566575,
            749.3
          ],
          [
            140.28526841041773,
            40.677234080380536,
            748.4
          ],
          [
            140.2852598781276,
            40.677323897194505,
            747.1
          ],
          [
            140.28525134583748,
            40.67741371400847,
            746.5
          ],
          [
            140.28524281354737,
            40.677503530822435,
            744.8
          ],
          [
            140.28523428125723,
            40.6775933476364,
            743.3
          ],
          [
            140.28522574896712,
            40.67768316445037,
            741.1
          ],
          [
            140.28522360424842,
            40.677705741249646,
            741.1
          ]
        ]
      }
    },
    {
      "type": "Feature",
      "properties": {
        "name": "スカイライン",
        "slope_deg": [
          9.369385096487514,
          9.369385096487514,
          9.369385096487514,
          9.50877195829791,
          11.034209003250343,
          11.447596263685636,
          14.036243467926479,
          14.170977562933123,
          12.68038349181982,
          14.305551846622015,
          12.543973346572077,
          12.952764513375426,
          14.439965121002654,
          13.90135076950909,
          15.242997742901547,
          15.774985955414158,
          14.036243467926479,
          13.360218444764483,
          11.722520970102357,
          10.757967088389877,
          10.896152141141194,
          10.481218144130889,
          11.859779120947948,
          11.309932474020215,
          12.133880170633224,
          11.7225209701022,
          11.034209003250188,
          10.619655276155134,
          10.342657140474707,
          11.309932474020215,
          11.996899307923577,
          12.270720357815385,
          13.766300685466197,
          13.766300685466351,
          13.495733280795843,
          13.224551192213497,
          12.13388017063338,
          11.034209003250188,
          11.722520970102357,
          13.224551192213497,
          11.996899307923577,
          11.58512622485511,
          9.090276920822289,
          6.418786730238786,
          6.842773412630876,
          7.125016348901798,
          8.39062701325255,
          9.78720366465624,
          10.757967088390036,
          10.757967088390036,
          10.481218144130889,
          10.20397372173159,
          10.342657140474707,
          10.20397372173159,
          10.342657140474707,
          10.342657140474707,
          7.829076510059608,
          6.983937460085259,
          5.9940929491083725,
          4.7162212343382155,
          4.431564716435714,
          5.426812498572917,
          4.716221234338378,
          5.710593137499643,
          7.125016348901798,
          6.560196400571341,
          7.547725773843047,
          8.250387228905435,
          8.530765609948133,
          10.896152141141036,
          12.13388017063338,
          13.088732789694154,
          12.13388017063338,
          12.13388017063338,
          13.495733280795843,
          13.495733280795843,
          15.774985955414158,
          14.708303899682749,
          12.133880170633224,
          11.309932474020215,
          9.648045316098093,
          9.787203664656081,
          9.78720366465624,
          10.619655276155134,
          11.172136252167116,
          14.97598451475675,
          17.35402463626132,
          18.39196625070533,
          18.77803322244557,
          15.109575122340402,
          15.242997742901547,
          13.088732789694,
          12.816647648997467,
          15.37625124882619,
          13.90135076950909,
          14.842227057911131,
          13.90135076950909,
          10.619655276155134,
          10.203973721731748,
          8.11004782941916,
          8.9505586562316,
          9.926245506651705,
          8.810732985984814,
          9.926245506651705,
          9.50877195829791,
          9.090276920822289,
          9.648045316098251,
          9.090276920822289,
          9.787203664656081,
          9.22988624372772,
          8.670801453590833,
          10.203973721731748,
          10.342657140474707,
          10.203973721731748,
          11.172136252167274,
          8.9505586562316,
          6.701525844729388,
          6.418786730238786,
          6.842773412630876,
          9.22988624372772,
          9.648045316098171,
          11.172136252167116,
          11.034209003250266,
          9.926245506651705,
          11.585126224855031,
          11.72252097010228,
          12.543973346572077,
          11.996899307923577,
          12.40741852740076,
          11.309932474020215,
          9.50877195829783,
          9.090276920822289,
          5.852378988915653,
          4.858462919034335,
          4.431564716435877,
          4.573921259900927,
          4.858462919034255,
          4.289153328819018,
          2.719505461272472,
          1.4320961841646465,
          1.5752369256830872,
          1.718358001655441,
          4.716221234338296,
          6.842773412630876,
          6.983937460085259,
          7.969610394321312,
          5.852378988915653,
          3.576334374997351,
          3.433630362450571,
          1.8614576304667452,
          1.8614576304667452,
          3.290883686067309,
          3.576334374997351,
          4.716221234338296,
          4.858462919034255,
          4.289153328819018,
          4.7162212343382155,
          4.858462919034255,
          5.852378988915653,
          6.983937460085339,
          6.560196400571341,
          5.852378988915653,
          4.858462919034255,
          4.146688825965976,
          3.718993973158075,
          4.289153328819018,
          4.858462919034255,
          5.142764557884274,
          5.284821092509,
          5.142764557884274,
          5.426812498572835,
          5.142764557884194,
          5.284821092509,
          5.4268124985727555,
          5.568737077976685,
          4.858462919034335,
          5.852378988915653,
          6.418786730238786,
          5.852378988915572,
          6.842773412630876,
          6.277298489597523,
          5.852378988915653,
          6.560196400571341,
          5.994092949108534,
          6.418786730238786,
          7.406912128495215,
          7.406912128495215,
          7.125016348901798,
          6.560196400571341,
          5.142764557884274,
          4.858462919034255,
          4.7162212343382155,
          4.573921259900844,
          4.858462919034255,
          4.716221234338296,
          5.710593137499643,
          5.710593137499643,
          7.125016348901798,
          7.406912128495215,
          6.842773412630957,
          6.701525844729468,
          5.710593137499643,
          5.426812498572835,
          5.142764557884274,
          5.710593137499643,
          6.418786730238786,
          6.418786730238786,
          7.266008446995947,
          6.418786730238786,
          5.710593137499643,
          6.842773412630957,
          6.560196400571341,
          6.983937460085259,
          7.406912128495215,
          6.560196400571341,
          6.701525844729468,
          6.1357333401868095,
          6.1357333401868095,
          6.1357333401868095,
          6.1357333401868095
        ],
        "horizontal_dist_map": 2189,
        "slope_dist_map": 2221,
        "elevation_diff_map": 338.0,
        "avg_slope_deg_map": 8.7,
        "max_slope_deg_map": 18.8
      },
      "geometry": {
        "type": "LineString",
        "coordinates": [
          [
            140.28522360424842,
            40.677705741249646,
            741.1
          ],
          [
            140.28520788539322,
            40.67779499393617,
            739.1
          ],
          [
            140.28519216653802,
            40.67788424662269,
            737.1
          ],
          [
            140.28517644768283,
            40.67797349930921,
            735.6
          ],
          [
            140.28514762779736,
            40.678059086654116,
            734.5
          ],
          [
            140.2850836942648,
            40.678134850076084,
            732.4
          ],
          [
            140.28501976073227,
            40.67821061349805,
            729.3
          ],
          [
            140.28495582719972,
            40.67828637692002,
            727.5
          ],
          [
            140.2848918936672,
            40.67836214034199,
            724.5
          ],
          [
            140.28479498193184,
            40.678408434991844,
            722.3
          ],
          [
            140.28468657440985,
            40.67844445719845,
            720.3
          ],
          [
            140.28457807953524,
            40.678480320242954,
            717.3
          ],
          [
            140.28446823124844,
            40.67851371728332,
            715.6
          ],
          [
            140.2843583829616,
            40.67854711432369,
            713.1
          ],
          [
            140.28424853467482,
            40.67858051136407,
            710.0
          ],
          [
            140.2841412652299,
            40.67861759404533,
            707.4
          ],
          [
            140.2840435743404,
            40.67866836624975,
            704.7
          ],
          [
            140.28394588345088,
            40.67871913845417,
            701.8
          ],
          [
            140.28384819256138,
            40.678769910658595,
            700.0
          ],
          [
            140.28375050167188,
            40.67882068286302,
            697.9
          ],
          [
            140.2836557640055,
            40.67887412113954,
            696.4
          ],
          [
            140.2835735432488,
            40.678938859267916,
            694.2
          ],
          [
            140.28349132249213,
            40.679003597396296,
            692.3
          ],
          [
            140.28340910173543,
            40.67906833552467,
            690.5
          ],
          [
            140.28335721570264,
            40.67914781497922,
            688.0
          ],
          [
            140.28331421001835,
            40.67923168445291,
            686.2
          ],
          [
            140.28326174707777,
            40.67931239394975,
            683.7
          ],
          [
            140.2832092841372,
            40.6793931034466,
            682.2
          ],
          [
            140.28315682119663,
            40.67947381294345,
            680.2
          ],
          [
            140.28310435825605,
            40.6795545224403,
            678.7
          ],
          [
            140.28305189531548,
            40.67963523193715,
            676.4
          ],
          [
            140.2829994323749,
            40.67971594143399,
            674.2
          ],
          [
            140.28294696943433,
            40.67979665093084,
            671.7
          ],
          [
            140.2828945064938,
            40.67987736042769,
            670.0
          ],
          [
            140.28284204355322,
            40.67995806992454,
            666.6
          ],
          [
            140.28278958061264,
            40.68003877942139,
            664.4
          ],
          [
            140.28273711767207,
            40.68011948891824,
            662.1
          ],
          [
            140.28269417754404,
            40.680203263729744,
            660.6
          ],
          [
            140.28265467585058,
            40.68028814534491,
            658.0
          ],
          [
            140.2826214523141,
            40.680373956828156,
            656.6
          ],
          [
            140.28261627157607,
            40.68046392177604,
            653.8
          ],
          [
            140.28261109083806,
            40.68055388672392,
            651.2
          ],
          [
            140.28260591010005,
            40.6806438516718,
            649.5
          ],
          [
            140.28260072936206,
            40.680733816619686,
            648.4
          ],
          [
            140.28259554862404,
            40.68082378156757,
            647.4
          ],
          [
            140.28260727288446,
            40.68091300942484,
            646.7
          ],
          [
            140.28262591201488,
            40.681001935780415,
            644.7
          ],
          [
            140.28264455114527,
            40.68109086213599,
            643.4
          ],
          [
            140.28266319027568,
            40.68117978849156,
            641.5
          ],
          [
            140.28267714107253,
            40.681268788293046,
            639.8
          ],
          [
            140.28266332307177,
            40.68135822311144,
            637.1
          ],
          [
            140.28264950507105,
            40.68144765792983,
            635.8
          ],
          [
            140.2826356870703,
            40.68153709274822,
            634.1
          ],
          [
            140.28262186906957,
            40.681626527566614,
            632.6
          ],
          [
            140.28260805106882,
            40.681715962385006,
            629.8
          ],
          [
            140.2825942330681,
            40.681805397203405,
            628.6
          ],
          [
            140.28259404299175,
            40.68189494106157,
            626.8
          ],
          [
            140.28260538875026,
            40.68198457722028,
            625.3
          ],
          [
            140.28261673450876,
            40.68207421337899,
            624.3
          ],
          [
            140.28262808026724,
            40.682163849537694,
            623.7
          ],
          [
            140.28264006580477,
            40.682253368499076,
            622.6
          ],
          [
            140.28268352639208,
            40.682337121732715,
            622.0
          ],
          [
            140.28272698697936,
            40.682420874966354,
            621.2
          ],
          [
            140.28277044756663,
            40.682504628199986,
            619.9
          ],
          [
            140.2828139081539,
            40.682588381433625,
            619.3
          ],
          [
            140.2828573687412,
            40.68267213466726,
            618.0
          ],
          [
            140.2829008293285,
            40.682755887900896,
            616.2
          ],
          [
            140.28294428991578,
            40.682839641134535,
            615.3
          ],
          [
            140.28298237722117,
            40.682924351461,
            614.0
          ],
          [
            140.2829922393791,
            40.683014089271,
            612.2
          ],
          [
            140.28300210153702,
            40.68310382708099,
            610.2
          ],
          [
            140.28301196369495,
            40.68319356489099,
            607.6
          ],
          [
            140.2830218258529,
            40.68328330270099,
            605.4
          ],
          [
            140.2830327643377,
            40.68337289394728,
            602.9
          ],
          [
            140.28306437786972,
            40.6834596698669,
            601.6
          ],
          [
            140.28309599140178,
            40.683546445786526,
            599.0
          ],
          [
            140.28312760493384,
            40.68363322170615,
            595.8
          ],
          [
            140.28315636592257,
            40.68372051278932,
            593.3
          ],
          [
            140.28317932376854,
            40.68380885190831,
            590.3
          ],
          [
            140.2832022816145,
            40.683897191027306,
            588.5
          ],
          [
            140.2832252394605,
            40.6839855301463,
            587.2
          ],
          [
            140.28324819730648,
            40.68407386926529,
            585.3
          ],
          [
            140.28327115515245,
            40.684162208384286,
            583.5
          ],
          [
            140.28329411299845,
            40.684250547503275,
            581.6
          ],
          [
            140.28333137108226,
            40.68433575635851,
            580.3
          ],
          [
            140.28337356070435,
            40.68441988572011,
            577.8
          ],
          [
            140.28341575032644,
            40.68450401508172,
            575.6
          ],
          [
            140.28345793994853,
            40.68458814444333,
            570.9
          ],
          [
            140.2835001295706,
            40.684672273804935,
            567.8
          ],
          [
            140.2835423191927,
            40.684756403166546,
            564.5
          ],
          [
            140.28358450881478,
            40.68484053252815,
            562.0
          ],
          [
            140.28362669843688,
            40.68492466188976,
            560.1
          ],
          [
            140.2836680675323,
            40.685009020130614,
            556.9
          ],
          [
            140.28370726100545,
            40.685093985243626,
            555.2
          ],
          [
            140.28374645447857,
            40.685178950356644,
            552.9
          ],
          [
            140.28378564795173,
            40.685263915469655,
            549.1
          ],
          [
            140.2838248414249,
            40.68534888058267,
            547.0
          ],
          [
            140.28386403489802,
            40.685433845695684,
            544.6
          ],
          [
            140.28390322837117,
            40.685518810808695,
            543.0
          ],
          [
            140.2839424218443,
            40.68560377592171,
            541.6
          ],
          [
            140.28398161531746,
            40.685688741034724,
            539.8
          ],
          [
            140.28402080879061,
            40.68577370614774,
            538.9
          ],
          [
            140.28405782598549,
            40.68585922664568,
            536.7
          ],
          [
            140.2840938197745,
            40.68594500831619,
            534.6
          ],
          [
            140.2841298135635,
            40.6860307899867,
            533.6
          ],
          [
            140.28416580735254,
            40.68611657165721,
            531.9
          ],
          [
            140.28420180114156,
            40.686202353327715,
            530.0
          ],
          [
            140.2842377949306,
            40.68628813499823,
            528.2
          ],
          [
            140.28427378871962,
            40.686373916668735,
            526.8
          ],
          [
            140.28430980077246,
            40.68645969383093,
            525.5
          ],
          [
            140.284346809748,
            40.68654522490908,
            523.1
          ],
          [
            140.28438381872357,
            40.686630755987224,
            521.7
          ],
          [
            140.2844208276991,
            40.686716287065366,
            520.7
          ],
          [
            140.28445783667468,
            40.68680181814351,
            518.3
          ],
          [
            140.28449484565022,
            40.68688734922165,
            515.8
          ],
          [
            140.28453185462578,
            40.68697288029979,
            514.5
          ],
          [
            140.28456886360132,
            40.68705841137793,
            512.8
          ],
          [
            140.2846058725769,
            40.687143942456075,
            512.0
          ],
          [
            140.28464288155243,
            40.687229473534224,
            511.1
          ],
          [
            140.28468316634283,
            40.68731398156371,
            510.0
          ],
          [
            140.2847357371071,
            40.68739465263974,
            508.0
          ],
          [
            140.2847883078714,
            40.687475323715766,
            505.5
          ],
          [
            140.2848408786357,
            40.68755599479179,
            504.3
          ],
          [
            140.2848934494,
            40.68763666586782,
            502.1
          ],
          [
            140.28494602016428,
            40.687717336943855,
            500.2
          ],
          [
            140.28499859092855,
            40.68779800801988,
            498.5
          ],
          [
            140.28505116169285,
            40.68787867909591,
            496.1
          ],
          [
            140.28510373245715,
            40.68795935017194,
            493.8
          ],
          [
            140.28515989696575,
            40.688038498878335,
            491.3
          ],
          [
            140.2852222550024,
            40.688115023903656,
            490.0
          ],
          [
            140.285284613039,
            40.68819154892898,
            487.3
          ],
          [
            140.28534697107565,
            40.688268073954305,
            485.8
          ],
          [
            140.2854093291123,
            40.688344598979626,
            484.6
          ],
          [
            140.2854716871489,
            40.68842112400495,
            483.6
          ],
          [
            140.28553404518556,
            40.68849764903027,
            483.2
          ],
          [
            140.28558305327093,
            40.6885790831853,
            482.4
          ],
          [
            140.28562304400637,
            40.688663833258104,
            481.5
          ],
          [
            140.2856630347418,
            40.688748583330906,
            480.4
          ],
          [
            140.28570302547723,
            40.6888333334037,
            479.8
          ],
          [
            140.28574301621268,
            40.6889180834765,
            479.4
          ],
          [
            140.28578300694812,
            40.6890028335493,
            479.6
          ],
          [
            140.28582299768354,
            40.6890875836221,
            479.4
          ],
          [
            140.28586298841898,
            40.6891723336949,
            478.7
          ],
          [
            140.28590272044406,
            40.68925715404941,
            478.2
          ],
          [
            140.2859422226794,
            40.68934203682898,
            476.3
          ],
          [
            140.2859817249148,
            40.68942691960856,
            474.6
          ],
          [
            140.28597411606518,
            40.68951661920815,
            473.8
          ],
          [
            140.28596543992964,
            40.68960642793119,
            472.6
          ],
          [
            140.28595676379408,
            40.689696236654235,
            472.2
          ],
          [
            140.28594808765854,
            40.689786045377275,
            472.1
          ],
          [
            140.2859089421001,
            40.68986921750114,
            471.4
          ],
          [
            140.28585389286303,
            40.689948925616484,
            471.3
          ],
          [
            140.28579884362597,
            40.690028633731835,
            470.9
          ],
          [
            140.28574379438888,
            40.690108341847186,
            469.8
          ],
          [
            140.28568874515182,
            40.69018804996253,
            468.9
          ],
          [
            140.28561879267414,
            40.690260332665154,
            468.0
          ],
          [
            140.2855448479735,
            40.69033062627668,
            467.5
          ],
          [
            140.28547090327288,
            40.69040091988821,
            466.8
          ],
          [
            140.28539695857222,
            40.69047121349974,
            465.6
          ],
          [
            140.2853230138716,
            40.69054150711127,
            464.6
          ],
          [
            140.28524906917096,
            40.6906118007228,
            463.4
          ],
          [
            140.2851751244703,
            40.69068209433433,
            461.9
          ],
          [
            140.28510117976967,
            40.69075238794586,
            461.0
          ],
          [
            140.28502723506904,
            40.690822681557385,
            460.5
          ],
          [
            140.28495119934763,
            40.69089164596874,
            460.0
          ],
          [
            140.28487349628722,
            40.690959550501915,
            459.0
          ],
          [
            140.2847957932268,
            40.6910274550351,
            458.4
          ],
          [
            140.2847180901664,
            40.69109535956827,
            457.5
          ],
          [
            140.28464038710598,
            40.691163264101455,
            456.6
          ],
          [
            140.28456268404557,
            40.69123116863463,
            455.4
          ],
          [
            140.28448498098516,
            40.691299073167805,
            454.7
          ],
          [
            140.28442659830992,
            40.69137520320555,
            453.9
          ],
          [
            140.28439125503638,
            40.69146114209037,
            452.8
          ],
          [
            140.28435591176282,
            40.691547080975184,
            451.8
          ],
          [
            140.28432056848925,
            40.69163301986,
            451.0
          ],
          [
            140.2842852252157,
            40.691718958744815,
            450.1
          ],
          [
            140.28424988194215,
            40.69180489762963,
            448.9
          ],
          [
            140.28421453866858,
            40.691890836514446,
            448.4
          ],
          [
            140.284179195395,
            40.69197677539926,
            446.9
          ],
          [
            140.28414416867233,
            40.692062788290905,
            445.6
          ],
          [
            140.284110055209,
            40.69214901469463,
            444.8
          ],
          [
            140.2840759417457,
            40.69223524109836,
            443.6
          ],
          [
            140.28404182828237,
            40.69232146750208,
            442.5
          ],
          [
            140.28400771481907,
            40.692407693905814,
            441.5
          ],
          [
            140.28397360135574,
            40.69249392030954,
            440.2
          ],
          [
            140.28393948789244,
            40.69258014671326,
            439.4
          ],
          [
            140.28391550214502,
            40.692667813076746,
            438.0
          ],
          [
            140.2839064209126,
            40.692757598565805,
            436.3
          ],
          [
            140.28389733968015,
            40.69284738405486,
            435.0
          ],
          [
            140.28388825844772,
            40.69293716954392,
            434.4
          ],
          [
            140.28387917721525,
            40.69302695503297,
            433.4
          ],
          [
            140.28387009598282,
            40.69311674052203,
            432.7
          ],
          [
            140.28386101475039,
            40.69320652601108,
            431.6
          ],
          [
            140.28385193351795,
            40.69329631150014,
            431.1
          ],
          [
            140.28384285228552,
            40.6933860969892,
            430.2
          ],
          [
            140.28383377105308,
            40.69347588247825,
            429.3
          ],
          [
            140.28382983999524,
            40.693565864483425,
            428.3
          ],
          [
            140.28382707772963,
            40.6936558910864,
            427.1
          ],
          [
            140.28382431546405,
            40.69374591768938,
            426.2
          ],
          [
            140.28382155319846,
            40.69383594429236,
            424.3
          ],
          [
            140.28381879093288,
            40.693925970895336,
            423.1
          ],
          [
            140.2838160286673,
            40.69401599749832,
            422.3
          ],
          [
            140.2838132664017,
            40.694106024101295,
            421.5
          ],
          [
            140.2838105041361,
            40.69419605070428,
            420.3
          ],
          [
            140.28380774187053,
            40.694286077307254,
            419.3
          ],
          [
            140.28380497960495,
            40.69437610391024,
            418.7
          ],
          [
            140.28380221733937,
            40.69446613051321,
            417.5
          ],
          [
            140.28379945507376,
            40.69455615711619,
            415.8
          ],
          [
            140.28380430755627,
            40.69464594782931,
            414.8
          ],
          [
            140.28381667252262,
            40.6947355058205,
            413.6
          ],
          [
            140.283829037489,
            40.69482506381169,
            413.0
          ],
          [
            140.28384140245535,
            40.69491462180289,
            411.8
          ],
          [
            140.2838537674217,
            40.69500417979408,
            410.0
          ],
          [
            140.28386613238806,
            40.69509373778528,
            409.0
          ],
          [
            140.2838784973544,
            40.69518329577647,
            408.1
          ],
          [
            140.2838908623208,
            40.69527285376766,
            406.6
          ],
          [
            140.28390322728714,
            40.69536241175886,
            405.4
          ],
          [
            140.2839155922535,
            40.69545196975005,
            404.3
          ],
          [
            140.28392795721984,
            40.69554152774125,
            403.8
          ],
          [
            140.2839396216718,
            40.69562601198937,
            403.1
          ]
        ]
      }
    },
    {
      "type": "Feature",
      "properties": {
        "name": "ダイヤモンド",
        "slope_deg": [
          9.22988624372772,
          9.22988624372772,
          9.22988624372772,
          11.034209003250343,
          16.304198003832227,
          18.77803322244557,
          21.924785220541203,
          23.26770481005687,
          26.793775628803207,
          25.75730921180767,
          25.173524524530112,
          24.93842765545725,
          23.509040224192432,
          23.50904022419257,
          25.5244753562944,
          25.98923358383301,
          26.793775628803207,
          27.135139622076878,
          27.361564820270722,
          30.11373315098249,
          31.591515701040713,
          31.5915157010406,
          30.43423575344341,
          27.699472808055,
          25.75730921180767,
          24.93842765545725,
          24.820541335489082,
          25.407718108948472,
          23.509040224192432,
          25.873385226286064,
          24.93842765545725,
          22.416147479343643,
          23.025492008528037,
          19.671969989200644,
          17.874511367250282,
          18.64953875405141,
          18.64953875405141,
          18.520849477471074,
          17.874511367250427,
          14.9759845147566,
          13.90135076950909,
          14.439965121002654,
          14.708303899682749,
          16.567741642974887,
          17.35402463626132,
          17.35402463626132,
          16.17215901578243,
          13.766300685466351,
          11.447596263685636,
          9.22988624372772,
          7.688447769903003,
          9.508771958297752,
          9.369385096487514,
          11.309932474020215,
          11.7225209701022,
          11.447596263685636,
          10.896152141141194,
          9.22988624372772,
          9.090276920822289,
          9.090276920822289,
          9.22988624372772,
          8.530765609948133,
          8.39062701325255,
          5.142764557884274,
          5.852378988915493,
          4.716221234338378,
          4.716221234338378,
          4.716221234338378,
          4.716221234338378
        ],
        "horizontal_dist_map": 675,
        "slope_dist_map": 718,
        "elevation_diff_map": 218.1,
        "avg_slope_deg_map": 16.9,
        "max_slope_deg_map": 31.6
      },
      "geometry": {
        "type": "LineString",
        "coordinates": [
          [
            140.29466132815023,
            40.67646670166188,
            831.9
          ],
          [
            140.29475951583396,
            40.67651691175604,
            829.6
          ],
          [
            140.29485770351766,
            40.67656712185019,
            830.9
          ],
          [
            140.2949558912014,
            40.67661733194435,
            828.1
          ],
          [
            140.29504361862283,
            40.67667547779676,
            825.4
          ],
          [
            140.29510922078603,
            40.67675040914615,
            821.8
          ],
          [
            140.29515726197167,
            40.67682985359837,
            819.2
          ],
          [
            140.29516472927455,
            40.67691972538044,
            814.5
          ],
          [
            140.29517121813856,
            40.67700963355741,
            809.3
          ],
          [
            140.29517529402676,
            40.67709963148961,
            804.6
          ],
          [
            140.295179369915,
            40.677189629421804,
            799.0
          ],
          [
            140.2951834458032,
            40.677279627354,
            795.2
          ],
          [
            140.2951875216914,
            40.6773696252862,
            790.5
          ],
          [
            140.29519300181224,
            40.677459570832376,
            786.0
          ],
          [
            140.29520050215513,
            40.67754944101257,
            781.6
          ],
          [
            140.29520800249804,
            40.67763931119277,
            777.8
          ],
          [
            140.29521550284093,
            40.67772918137296,
            771.4
          ],
          [
            140.2952163883661,
            40.677819162973925,
            766.5
          ],
          [
            140.2952141164508,
            40.677909197759185,
            761.4
          ],
          [
            140.29521184453554,
            40.677999232544444,
            757.3
          ],
          [
            140.29520957262025,
            40.67808926732971,
            750.7
          ],
          [
            140.295207300705,
            40.67817930211497,
            743.3
          ],
          [
            140.29520502878972,
            40.67826933690023,
            736.8
          ],
          [
            140.29520275687443,
            40.678359371685495,
            732.7
          ],
          [
            140.29520048495917,
            40.678449406470754,
            727.2
          ],
          [
            140.29519821304388,
            40.678539441256014,
            722.3
          ],
          [
            140.2951959411286,
            40.67862947604128,
            717.5
          ],
          [
            140.29516959513975,
            40.67871682754077,
            714.1
          ],
          [
            140.29513787031163,
            40.67880357951718,
            708.7
          ],
          [
            140.29510614548352,
            40.678890331493584,
            703.3
          ],
          [
            140.29507442065542,
            40.67897708346999,
            700.1
          ],
          [
            140.29503373462904,
            40.6790613551227,
            694.7
          ],
          [
            140.2949848680124,
            40.67914336251214,
            690.1
          ],
          [
            140.29493600139574,
            40.67922536990159,
            686.8
          ],
          [
            140.2948871347791,
            40.67930737729103,
            683.1
          ],
          [
            140.2948266961401,
            40.67938450639368,
            680.4
          ],
          [
            140.29476132708928,
            40.6794595570383,
            677.2
          ],
          [
            140.29469595803846,
            40.679534607682925,
            673.3
          ],
          [
            140.29461869092302,
            40.67960270641115,
            669.6
          ],
          [
            140.29454036789264,
            40.67967018817919,
            667.0
          ],
          [
            140.29446204486226,
            40.679737669947215,
            664.3
          ],
          [
            140.29438372183188,
            40.67980515171525,
            662.6
          ],
          [
            140.2943053988015,
            40.67987263348328,
            659.7
          ],
          [
            140.29423320634163,
            40.679943940790714,
            656.7
          ],
          [
            140.29416166939748,
            40.680015657146726,
            653.8
          ],
          [
            140.2940901324533,
            40.68008737350273,
            650.7
          ],
          [
            140.29401859550913,
            40.68015908985873,
            647.2
          ],
          [
            140.29394705856498,
            40.680230806214745,
            644.2
          ],
          [
            140.29387649239916,
            40.680303076458124,
            642.2
          ],
          [
            140.29380618123173,
            40.68037549219341,
            640.9
          ],
          [
            140.2937358700643,
            40.680447907928695,
            639.1
          ],
          [
            140.2936655588969,
            40.680520323663984,
            637.7
          ],
          [
            140.29359977833232,
            40.68059474984794,
            636.8
          ],
          [
            140.293551660818,
            40.68067701398573,
            634.2
          ],
          [
            140.29350354330367,
            40.68075927812352,
            632.5
          ],
          [
            140.29345542578938,
            40.680841542261305,
            629.7
          ],
          [
            140.29340730827505,
            40.68092380639909,
            628.5
          ],
          [
            140.29335919076075,
            40.68100607053688,
            626.1
          ],
          [
            140.29331107324643,
            40.68108833467467,
            624.8
          ],
          [
            140.29326295573213,
            40.68117059881246,
            623.2
          ],
          [
            140.2932148382178,
            40.681252862950245,
            622.1
          ],
          [
            140.29316672070348,
            40.68133512708803,
            619.7
          ],
          [
            140.2931062628937,
            40.68141055336449,
            618.3
          ],
          [
            140.29301822440945,
            40.68147069695768,
            617.2
          ],
          [
            140.29292936591048,
            40.68153002337046,
            616.2
          ],
          [
            140.29282999139855,
            40.68157887011787,
            616.1
          ],
          [
            140.29273061688664,
            40.68162771686527,
            614.2
          ],
          [
            140.2926312423747,
            40.68167656361268,
            613.9
          ],
          [
            140.2925748441548,
            40.68170428570709,
            613.8
          ]
        ]
      }
    },
    {
      "type": "Feature",
      "properties": {
        "name": "ツイスター",
        "slope_deg": [
          22.538450040828117,
          22.538450040828117,
          22.538450040828117,
          21.305783617828798,
          24.1085158999753,
          25.98923358383301,
          27.699472808055,
          28.70070495633756,
          27.587067675863857,
          25.290734392148174,
          21.181349500266236,
          22.904057803636878,
          23.26770481005701,
          25.056088833535423,
          25.5244753562944,
          24.4655351106628,
          23.38848242899485,
          20.17838007450879,
          22.660536301999226,
          22.782405730481635,
          22.04794746356044,
          21.924785220541064,
          20.43036232928569,
          18.39196625070548,
          16.830565983210626,
          17.6146433000071,
          16.96170588653282,
          16.830565983210477,
          18.64953875405141,
          16.69924423399362,
          14.57421619803871,
          14.036243467926479,
          12.407418527400683,
          13.088732789694,
          12.270720357815385,
          13.360218444764483,
          13.90135076950909,
          11.996899307923577,
          13.088732789694,
          12.95276451337558,
          10.896152141141194,
          12.68038349181982,
          14.57421619803886,
          13.224551192213497,
          15.109575122340402,
          17.223436191131583,
          18.00416160591338,
          18.39196625070548,
          19.417554141579483,
          18.26288994219404,
          15.37625124882619,
          17.61464330000695,
          16.69924423399362,
          15.37625124882619,
          16.43605922463559,
          16.039943306049665,
          14.57421619803871,
          14.305551846622015,
          13.90135076950909,
          9.22988624372772,
          9.369385096487514,
          13.360218444764483,
          9.369385096487514,
          6.842773412631036,
          4.289153328819018,
          0.14323915036833912,
          4.858462919034255,
          10.342657140474548,
          11.7225209701022,
          11.309932474020215,
          9.50877195829791,
          8.530765609948133,
          8.810732985984973,
          8.670801453590833,
          7.829076510059608,
          6.842773412630876,
          5.710593137499643,
          4.858462919034416,
          4.289153328819018,
          4.289153328819018,
          6.135733340186728,
          5.142764557884112,
          3.1480960995626615,
          4.004172940709484,
          3.433630362450652,
          5.994092949108534,
          10.757967088390036,
          8.9505586562316,
          9.648045316098093,
          8.250387228905435,
          5.2848210925090795,
          10.342657140474707,
          15.774985955414008,
          17.874511367250427,
          20.30447370996038,
          20.052082146098424,
          15.774985955414158,
          14.9759845147566,
          14.97598451475675,
          12.95276451337558,
          10.896152141141036,
          9.090276920822289,
          6.983937460085259,
          4.0041729407093225,
          2.862405226111748,
          2.862405226111748,
          1.4320961841646465,
          1.5752369256830872,
          0.7161599454704085,
          -0.8593722436445507,
          1.0025738037601275,
          1.0025738037601275,
          1.0025738037601275,
          1.0025738037601275
        ],
        "horizontal_dist_map": 1127,
        "slope_dist_map": 1173,
        "elevation_diff_map": 273.1,
        "avg_slope_deg_map": 13.1,
        "max_slope_deg_map": 28.7
      },
      "geometry": {
        "type": "LineString",
        "coordinates": [
          [
            140.29402904081064,
            40.676645417747274,
            810.6
          ],
          [
            140.29400604536534,
            40.67673375096814,
            806.5
          ],
          [
            140.29398304992003,
            40.676822084189,
            802.9
          ],
          [
            140.29396005447472,
            40.676910417409864,
            798.6
          ],
          [
            140.29393705902942,
            40.67699875063073,
            794.0
          ],
          [
            140.2939140635841,
            40.677087083851596,
            790.9
          ],
          [
            140.2938910681388,
            40.677175417072455,
            785.0
          ],
          [
            140.2938680726935,
            40.67726375029332,
            779.1
          ],
          [
            140.2938450772482,
            40.67735208351419,
            773.0
          ],
          [
            140.2938220818029,
            40.677440416735045,
            769.0
          ],
          [
            140.29379908635758,
            40.67752874995591,
            764.1
          ],
          [
            140.29377609091227,
            40.67761708317678,
            760.2
          ],
          [
            140.29375309546697,
            40.677705416397636,
            757.5
          ],
          [
            140.29373010002163,
            40.6777937496185,
            752.1
          ],
          [
            140.29370710457633,
            40.67788208283937,
            746.9
          ],
          [
            140.29368410913102,
            40.677970416060234,
            741.5
          ],
          [
            140.29366111368572,
            40.67805874928109,
            738.4
          ],
          [
            140.2936381182404,
            40.67814708250196,
            733.9
          ],
          [
            140.2936151227951,
            40.678235415722824,
            729.6
          ],
          [
            140.2935921273498,
            40.67832374894368,
            726.8
          ],
          [
            140.2935691319045,
            40.67841208216455,
            721.7
          ],
          [
            140.29354613645918,
            40.678500415385415,
            717.1
          ],
          [
            140.29352314101388,
            40.67858874860628,
            713.4
          ],
          [
            140.29350014556857,
            40.67867708182714,
            710.7
          ],
          [
            140.2934724524939,
            40.67876462853544,
            706.8
          ],
          [
            140.2934446421949,
            40.67885215561716,
            703.8
          ],
          [
            140.29341683189594,
            40.67893968269888,
            701.3
          ],
          [
            140.29338902159694,
            40.6790272097806,
            698.0
          ],
          [
            140.29336121129796,
            40.679114736862324,
            694.6
          ],
          [
            140.293333400999,
            40.67920226394405,
            691.7
          ],
          [
            140.29330559070002,
            40.67928979102577,
            687.8
          ],
          [
            140.29327778040104,
            40.67937731810749,
            686.0
          ],
          [
            140.29324997010204,
            40.67946484518921,
            684.2
          ],
          [
            140.29322215980307,
            40.67955237227093,
            681.7
          ],
          [
            140.2931943495041,
            40.67963989935266,
            679.0
          ],
          [
            140.29316653920512,
            40.679727426434376,
            676.7
          ],
          [
            140.29313872890614,
            40.6798149535161,
            675.5
          ],
          [
            140.29311091860717,
            40.67990248059782,
            672.2
          ],
          [
            140.29308310830817,
            40.67999000767954,
            669.1
          ],
          [
            140.2930552980092,
            40.68007753476126,
            668.2
          ],
          [
            140.29302748771022,
            40.680165061842985,
            666.2
          ],
          [
            140.29299967741125,
            40.68025258892471,
            663.0
          ],
          [
            140.29297186711227,
            40.68034011600643,
            661.4
          ],
          [
            140.29294499796316,
            40.68042779918817,
            659.2
          ],
          [
            140.29292246513336,
            40.680516201596,
            655.8
          ],
          [
            140.29289993230356,
            40.680604604003825,
            653.6
          ],
          [
            140.29287739947372,
            40.68069300641165,
            650.6
          ],
          [
            140.29285486664392,
            40.68078140881948,
            646.8
          ],
          [
            140.2928323338141,
            40.6808698112273,
            642.8
          ],
          [
            140.2928098009843,
            40.68095821363513,
            640.3
          ],
          [
            140.29278726815448,
            40.681046616042956,
            636.5
          ],
          [
            140.29276473532465,
            40.68113501845078,
            633.6
          ],
          [
            140.29274220249485,
            40.68122342085861,
            631.8
          ],
          [
            140.29271966966502,
            40.681311823266434,
            627.6
          ],
          [
            140.29269713683522,
            40.68140022567426,
            624.5
          ],
          [
            140.29263485229538,
            40.68147453548832,
            622.6
          ],
          [
            140.29256273228887,
            40.68154577025444,
            620.0
          ],
          [
            140.29250104090343,
            40.68162260501257,
            616.1
          ],
          [
            140.29243934951796,
            40.681699439770696,
            614.1
          ],
          [
            140.2923776581325,
            40.68177627452883,
            612.4
          ],
          [
            140.29231596674705,
            40.68185310928696,
            610.1
          ],
          [
            140.29225427536159,
            40.681929944045095,
            609.6
          ],
          [
            140.29217879585855,
            40.68199912351625,
            607.5
          ],
          [
            140.2921015439163,
            40.682067318913205,
            602.9
          ],
          [
            140.29202429197403,
            40.68213551431016,
            603.5
          ],
          [
            140.29194704003177,
            40.68220370970712,
            604.8
          ],
          [
            140.2918697880895,
            40.68227190510407,
            604.5
          ],
          [
            140.2918280583626,
            40.68235502792346,
            602.8
          ],
          [
            140.29179342662243,
            40.682441133514175,
            600.1
          ],
          [
            140.29175879488224,
            40.68252723910489,
            597.5
          ],
          [
            140.29172416314205,
            40.68261334469562,
            596.2
          ],
          [
            140.29168953140186,
            40.682699450286336,
            594.8
          ],
          [
            140.2916548996617,
            40.682785555877054,
            593.4
          ],
          [
            140.2916235038186,
            40.682872249240205,
            591.5
          ],
          [
            140.29160333679195,
            40.6829609822197,
            590.0
          ],
          [
            140.29158718430546,
            40.68304987002229,
            588.7
          ],
          [
            140.29159546854666,
            40.68313970024166,
            587.9
          ],
          [
            140.29160375278786,
            40.683229530461034,
            586.7
          ],
          [
            140.2916111,
            40.68331938568855,
            586.0
          ],
          [
            140.2916111,
            40.683409437004016,
            585.3
          ],
          [
            140.2916111,
            40.68349948831949,
            584.9
          ],
          [
            140.2916111,
            40.68358953963496,
            583.7
          ],
          [
            140.29159916320376,
            40.68367852011709,
            581.7
          ],
          [
            140.2915716651718,
            40.68376610462247,
            581.7
          ],
          [
            140.29154416713985,
            40.68385368912786,
            582.7
          ],
          [
            140.29151666910786,
            40.683941273633245,
            580.9
          ],
          [
            140.2914891710759,
            40.684028858138625,
            579.3
          ],
          [
            140.29146167304393,
            40.68411644264401,
            577.5
          ],
          [
            140.29142704937615,
            40.684202151275514,
            575.1
          ],
          [
            140.29137533777833,
            40.68428283891617,
            574.6
          ],
          [
            140.29129725759438,
            40.684350487173454,
            572.5
          ],
          [
            140.29121917741043,
            40.68441813543073,
            571.7
          ],
          [
            140.29113087473104,
            40.68447719702855,
            571.4
          ],
          [
            140.29103477819595,
            40.684529711968025,
            567.3
          ],
          [
            140.29093868166083,
            40.68458222690751,
            561.2
          ],
          [
            140.29084258512574,
            40.684634741846985,
            558.8
          ],
          [
            140.29077663351848,
            40.684705621746104,
            556.6
          ],
          [
            140.29073038645612,
            40.684788506091664,
            552.7
          ],
          [
            140.29068413939373,
            40.68487139043722,
            549.9
          ],
          [
            140.29068965311748,
            40.684960783921255,
            548.1
          ],
          [
            140.29069842587984,
            40.68505058724322,
            545.9
          ],
          [
            140.29071462582272,
            40.68513949929283,
            543.5
          ],
          [
            140.29074257003228,
            40.685227002013534,
            542.2
          ],
          [
            140.29077051424184,
            40.685314504734244,
            541.7
          ],
          [
            140.29079845845138,
            40.68540200745495,
            541.0
          ],
          [
            140.29082640266094,
            40.68548951017566,
            540.7
          ],
          [
            140.2908543468705,
            40.68557701289636,
            540.2
          ],
          [
            140.2908837432492,
            40.685664203820856,
            539.7
          ],
          [
            140.29091998413722,
            40.68574992515616,
            540.0
          ],
          [
            140.2909562250252,
            40.68583564649146,
            539.6
          ],
          [
            140.29099246591323,
            40.685921367826765,
            539.7
          ],
          [
            140.29102870680126,
            40.686007089162075,
            540.3
          ],
          [
            140.29106494768925,
            40.68609281049738,
            539.3
          ],
          [
            140.29109089286283,
            40.686154179162564,
            537.5
          ]
        ]
      }
    },
    {
      "type": "Feature",
      "properties": {
        "name": "ファミリーコネクター",
        "slope_deg": [
          -0.14323915036833912,
          -0.14323915036833912,
          -0.14323915036833912,
          1.0025738037601275,
          1.4320961841646465,
          1.1457628381750384,
          2.004534032105872,
          2.719505461272472,
          3.718993973158075,
          4.7162212343382155,
          6.135733340186728,
          7.125016348901798,
          7.829076510059608,
          7.688447769903003,
          7.266008446996026,
          6.277298489597523,
          4.573921259900927,
          4.289153328819018,
          5.2848210925090795,
          5.568737077976766,
          6.135733340186728,
          6.983937460085259,
          5.4268124985727555,
          5.4268124985727555,
          6.560196400571341,
          6.418786730238786,
          7.969610394321392,
          9.926245506651705,
          9.648045316098171,
          10.757967088389957,
          10.896152141141116,
          8.11004782941908,
          7.547725773843127,
          5.710593137499643,
          3.433630362450571,
          3.433630362450571,
          4.0041729407093225,
          4.716221234338296,
          5.142764557884194,
          6.277298489597523,
          4.716221234338296,
          4.289153328819018,
          5.000644597558433,
          6.277298489597523,
          6.560196400571341,
          7.266008446996026,
          6.983937460085339,
          6.560196400571341,
          8.39062701325255,
          8.670801453590913,
          9.787203664656081,
          9.926245506651705,
          9.22988624372772,
          8.810732985984894,
          7.406912128495215,
          7.406912128495215,
          7.406912128495215,
          7.406912128495215
        ],
        "horizontal_dist_map": 563,
        "slope_dist_map": 567,
        "elevation_diff_map": 58.7,
        "avg_slope_deg_map": 5.9,
        "max_slope_deg_map": 10.9
      },
      "geometry": {
        "type": "LineString",
        "coordinates": [
          [
            140.29110610434148,
            40.68626567132741,
            538.3
          ],
          [
            140.29104693232924,
            40.68634364777404,
            538.7
          ],
          [
            140.290987760317,
            40.686421624220664,
            538.7
          ],
          [
            140.29092858830472,
            40.68649960066729,
            538.3
          ],
          [
            140.2908597780942,
            40.68657196409,
            538.4
          ],
          [
            140.29077638742325,
            40.68663583625007,
            538.0
          ],
          [
            140.29069299675228,
            40.686699708410146,
            537.7
          ],
          [
            140.29060960608135,
            40.686763580570215,
            537.5
          ],
          [
            140.29052621541038,
            40.68682745273029,
            537.0
          ],
          [
            140.29044282473944,
            40.68689132489036,
            536.1
          ],
          [
            140.29035985278878,
            40.68695550470204,
            535.1
          ],
          [
            140.2902789622996,
            40.687021213851914,
            534.2
          ],
          [
            140.29019807181038,
            40.68708692300179,
            532.7
          ],
          [
            140.2901171813212,
            40.687152632151665,
            531.1
          ],
          [
            140.29003931952084,
            40.68722035858669,
            529.6
          ],
          [
            140.28996450536516,
            40.687290114932594,
            528.8
          ],
          [
            140.2898896912095,
            40.687359871278495,
            527.6
          ],
          [
            140.28981487705386,
            40.68742962762439,
            526.7
          ],
          [
            140.28973955111047,
            40.68749906291031,
            526.4
          ],
          [
            140.28966386560106,
            40.687568272629534,
            525.8
          ],
          [
            140.28958818009167,
            40.687637482348755,
            523.9
          ],
          [
            140.28951249458225,
            40.68770669206798,
            522.8
          ],
          [
            140.28942832221415,
            40.68776989171575,
            522.1
          ],
          [
            140.28934309459885,
            40.6878323440775,
            520.9
          ],
          [
            140.28924093018279,
            40.68787693046471,
            520.1
          ],
          [
            140.289136207424,
            40.68791881815538,
            519.0
          ],
          [
            140.28903148466523,
            40.68796070584605,
            517.5
          ],
          [
            140.28895118950007,
            40.68802629501513,
            516.4
          ],
          [
            140.2888728179121,
            40.68809375058268,
            514.5
          ],
          [
            140.2887995203106,
            40.68816402437432,
            512.0
          ],
          [
            140.2887390449814,
            40.68824141998959,
            510.7
          ],
          [
            140.2886785696522,
            40.68831881560485,
            508.8
          ],
          [
            140.288618094323,
            40.688396211220116,
            506.8
          ],
          [
            140.28855785308423,
            40.68847371036586,
            506.3
          ],
          [
            140.28849948995887,
            40.688552040139314,
            505.4
          ],
          [
            140.28844112683348,
            40.688630369912765,
            504.8
          ],
          [
            140.2883827637081,
            40.68870869968622,
            504.4
          ],
          [
            140.28832440058272,
            40.68878702945966,
            503.9
          ],
          [
            140.28826603745736,
            40.68886535923311,
            502.6
          ],
          [
            140.28820767433197,
            40.688943689006564,
            501.5
          ],
          [
            140.2881493112066,
            40.68902201878001,
            500.8
          ],
          [
            140.28809094808122,
            40.68910034855346,
            499.5
          ],
          [
            140.28800783597669,
            40.68916296976222,
            499.3
          ],
          [
            140.287917097499,
            40.68922075039248,
            498.5
          ],
          [
            140.28782635902127,
            40.689278531022744,
            497.3
          ],
          [
            140.2877340039665,
            40.68933462090584,
            495.1
          ],
          [
            140.28763387285042,
            40.689382577954426,
            494.7
          ],
          [
            140.2875337417343,
            40.68943053500302,
            493.4
          ],
          [
            140.28743361061822,
            40.68947849205161,
            492.4
          ],
          [
            140.28733347950214,
            40.68952644910021,
            490.5
          ],
          [
            140.28723334838602,
            40.68957440614879,
            488.8
          ],
          [
            140.28712316950308,
            40.68960625253254,
            487.3
          ],
          [
            140.28701105279322,
            40.68963499179009,
            485.5
          ],
          [
            140.2868989360834,
            40.689663731047645,
            483.5
          ],
          [
            140.28678681937353,
            40.689692470305204,
            482.3
          ],
          [
            140.28667470266367,
            40.689721209562755,
            481.1
          ],
          [
            140.28656258595385,
            40.68974994882031,
            480.3
          ],
          [
            140.28652573237008,
            40.689759395624776,
            479.6
          ]
        ]
      }
    },
    {
      "type": "Feature",
      "properties": {
        "name": "ファミリー",
        "slope_deg": [
          17.484427323220586,
          17.484427323220586,
          17.484427323220586,
          17.874511367250282,
          17.744671625056874,
          16.039943306049665,
          14.170977562933123,
          13.495733280795843,
          12.270720357815385,
          11.172136252167116,
          10.481218144130889,
          9.648045316098093,
          9.648045316098093,
          9.926245506651705,
          9.369385096487514,
          10.481218144130889,
          11.034209003250188,
          10.896152141141036,
          12.543973346572077,
          12.270720357815385,
          12.13388017063338,
          11.309932474020215,
          10.619655276155134,
          10.481218144130889,
          10.065169352759877,
          10.896152141141194,
          9.926245506651705,
          10.203973721731748,
          10.065169352759877,
          8.810732985984973,
          9.50877195829791,
          10.20397372173159,
          9.22988624372772,
          10.896152141141036,
          11.309932474020215,
          11.309932474020215,
          11.309932474020215,
          10.757967088390036,
          9.787203664656081,
          8.250387228905595,
          7.68844776990284,
          6.983937460085259,
          6.983937460085259,
          6.842773412630876,
          7.125016348901798,
          7.547725773843206,
          8.11004782941916,
          9.648045316098171,
          11.309932474020215,
          11.034209003250188,
          11.447596263685636,
          10.481218144130967,
          9.50877195829783,
          8.670801453590993,
          6.701525844729468,
          5.568737077976604,
          4.573921259900844,
          3.718993973157994,
          3.290883686067309,
          4.146688825965976,
          4.573921259900927,
          5.000644597558433,
          6.135733340186728,
          6.418786730238786,
          7.266008446995947,
          10.203973721731668,
          10.342657140474627,
          11.172136252167194,
          12.40741852740076,
          11.172136252167194,
          10.342657140474627,
          8.530765609948133,
          8.530765609948133,
          8.530765609948133,
          8.530765609948133
        ],
        "horizontal_dist_map": 739,
        "slope_dist_map": 751,
        "elevation_diff_map": 127.7,
        "avg_slope_deg_map": 9.6,
        "max_slope_deg_map": 17.9
      },
      "geometry": {
        "type": "LineString",
        "coordinates": [
          [
            140.28530767904866,
            40.683083579686304,
            604.8
          ],
          [
            140.28531713511543,
            40.683173342822286,
            602.9
          ],
          [
            140.28532659118224,
            40.683263105958275,
            599.8
          ],
          [
            140.28533604724902,
            40.68335286909426,
            595.8
          ],
          [
            140.28534550331582,
            40.683442632230246,
            592.2
          ],
          [
            140.2853549593826,
            40.68353239536623,
            590.0
          ],
          [
            140.28536441544938,
            40.68362215850222,
            587.0
          ],
          [
            140.28537479093603,
            40.68371185467116,
            584.3
          ],
          [
            140.2853878653005,
            40.68380135426411,
            582.1
          ],
          [
            140.28540093966495,
            40.683890853857065,
            580.4
          ],
          [
            140.28541401402944,
            40.68398035345002,
            578.3
          ],
          [
            140.2854270883939,
            40.68406985304297,
            576.4
          ],
          [
            140.28544016275836,
            40.68415935263592,
            574.7
          ],
          [
            140.28545424216045,
            40.684248750648045,
            573.6
          ],
          [
            140.28547229931462,
            40.684337746622106,
            571.5
          ],
          [
            140.28550519415563,
            40.68442421492987,
            569.4
          ],
          [
            140.28553868799807,
            40.68451058119506,
            568.1
          ],
          [
            140.28557218184054,
            40.68459694746025,
            566.2
          ],
          [
            140.285605675683,
            40.68468331372544,
            563.7
          ],
          [
            140.28563916952544,
            40.68476967999063,
            561.7
          ],
          [
            140.2856949738324,
            40.68484895824042,
            559.2
          ],
          [
            140.28575206791805,
            40.68492782672863,
            557.5
          ],
          [
            140.2858071539099,
            40.685007445266905,
            555.1
          ],
          [
            140.28585415732118,
            40.68509008275782,
            553.7
          ],
          [
            140.28590116073244,
            40.68517272024874,
            551.7
          ],
          [
            140.28594009711048,
            40.685257570637155,
            550.1
          ],
          [
            140.28597314175005,
            40.68534403721,
            548.0
          ],
          [
            140.28600618638964,
            40.68543050378284,
            546.0
          ],
          [
            140.2860392310292,
            40.685516970355685,
            544.7
          ],
          [
            140.2860722756688,
            40.685603436928524,
            542.9
          ],
          [
            140.28610532030837,
            40.68568990350137,
            540.9
          ],
          [
            140.28613836494796,
            40.68577637007421,
            539.8
          ],
          [
            140.28616763752734,
            40.68586356110562,
            538.0
          ],
          [
            140.28619243267835,
            40.685951612067996,
            535.7
          ],
          [
            140.28621722782935,
            40.68603966303037,
            534.4
          ],
          [
            140.28624202298036,
            40.68612771399275,
            532.1
          ],
          [
            140.28626681813137,
            40.68621576495512,
            530.0
          ],
          [
            140.28628303103523,
            40.68630471094513,
            527.7
          ],
          [
            140.2862902588492,
            40.686394593974526,
            526.4
          ],
          [
            140.28629748666316,
            40.68648447700393,
            524.5
          ],
          [
            140.28630471447713,
            40.686574360033326,
            523.1
          ],
          [
            140.2863138048443,
            40.686664137977715,
            521.9
          ],
          [
            140.28632406311885,
            40.686753850028914,
            521.0
          ],
          [
            140.2863343213934,
            40.686843562080114,
            519.6
          ],
          [
            140.28634457966797,
            40.68693327413131,
            518.2
          ],
          [
            140.2863545171668,
            40.68702300167864,
            517.1
          ],
          [
            140.28635923975102,
            40.68711298114964,
            516.0
          ],
          [
            140.2863639623352,
            40.68720296062063,
            514.3
          ],
          [
            140.28636868491938,
            40.68729294009162,
            512.5
          ],
          [
            140.28637340750356,
            40.68738291956262,
            510.3
          ],
          [
            140.28637813008774,
            40.687472899033615,
            508.0
          ],
          [
            140.28638285267192,
            40.687562878504615,
            506.5
          ],
          [
            140.28638521051448,
            40.6876528871801,
            504.4
          ],
          [
            140.28638432543823,
            40.68774293590555,
            502.9
          ],
          [
            140.286383440362,
            40.68783298463099,
            501.3
          ],
          [
            140.2863825552857,
            40.687923033356434,
            500.4
          ],
          [
            140.28638167020947,
            40.68801308208188,
            499.7
          ],
          [
            140.28638078513322,
            40.68810313080732,
            499.0
          ],
          [
            140.28637990005694,
            40.68819317953277,
            498.1
          ],
          [
            140.28637834063446,
            40.688283221139706,
            497.8
          ],
          [
            140.28637594682942,
            40.68837325393876,
            497.4
          ],
          [
            140.2863735530244,
            40.688463286737814,
            496.1
          ],
          [
            140.28637115921939,
            40.68855331953687,
            494.9
          ],
          [
            140.28636876541435,
            40.68864335233592,
            494.3
          ],
          [
            140.28636637160932,
            40.68873338513498,
            493.1
          ],
          [
            140.28635963117037,
            40.68882321191525,
            491.6
          ],
          [
            140.28634733405602,
            40.68891277532402,
            489.8
          ],
          [
            140.28633503694167,
            40.68900233873279,
            487.1
          ],
          [
            140.2863227398273,
            40.68909190214156,
            485.8
          ],
          [
            140.286310442713,
            40.689181465550334,
            483.7
          ],
          [
            140.28629814559864,
            40.689271028959105,
            481.0
          ],
          [
            140.28628584848428,
            40.68936059236787,
            479.2
          ],
          [
            140.28627355136996,
            40.68945015577664,
            478.5
          ],
          [
            140.2862612542556,
            40.68953971918541,
            477.7
          ],
          [
            140.28625007966176,
            40.68962110695565,
            477.1
          ]
        ]
      }
    },
    {
      "type": "Feature",
      "properties": {
        "name": "ツイスターコネクター",
        "slope_deg": [
          8.810732985984973,
          8.810732985984973,
          8.810732985984973,
          6.418786730238786,
          7.125016348901798,
          8.39062701325255,
          6.135733340186728,
          6.277298489597523,
          6.98393746008542,
          13.088732789694,
          18.26288994219419,
          18.39196625070548,
          16.17215901578243,
          10.342657140474707,
          4.573921259900927,
          4.0041729407093225,
          4.004172940709484,
          -0.14323915036833912,
          -0.42971028940114125,
          0.7161599454704085,
          2.862405226111748,
          7.406912128495133,
          9.787203664656081,
          8.530765609948133,
          8.39062701325255,
          6.135733340186889,
          3.718993973158075,
          4.716221234338378,
          4.858462919034255,
          5.852378988915653,
          7.68844776990284,
          5.000644597558433,
          2.147585428298503,
          -0.5729386976836163,
          -2.862405226111748,
          -0.7161599454704085,
          2.2906100426385625,
          6.277298489597683,
          9.926245506651705,
          11.44759626368548,
          10.481218144130889,
          9.648045316098093,
          7.406912128495294,
          5.426812498572917,
          6.701525844729548,
          5.000644597558433,
          3.576334374997351,
          3.1480960995626615,
          1.288937560186863,
          1.7183580016555222,
          3.290883686067228,
          3.2908836860673905,
          3.4336303624504896,
          2.862405226111748,
          1.7183580016555222,
          2.2906100426385625,
          4.004172940709484,
          5.4268124985727555,
          7.125016348901798,
          7.68844776990284,
          9.090276920822289,
          10.481218144130889,
          10.481218144130889,
          10.481218144130889,
          10.481218144130889
        ],
        "horizontal_dist_map": 631,
        "slope_dist_map": 639,
        "elevation_diff_map": 69.1,
        "avg_slope_deg_map": 6.2,
        "max_slope_deg_map": 18.4
      },
      "geometry": {
        "type": "LineString",
        "coordinates": [
          [
            140.28506165263795,
            40.68291553074591,
            609.7
          ],
          [
            140.2851660799377,
            40.68295783275616,
            607.1
          ],
          [
            140.28527050723744,
            40.68300013476641,
            606.7
          ],
          [
            140.2853749345372,
            40.68304243677666,
            605.8
          ],
          [
            140.28547515053734,
            40.683089996026574,
            603.5
          ],
          [
            140.2855723633264,
            40.6831413043805,
            602.6
          ],
          [
            140.28566957611548,
            40.68319261273442,
            601.7
          ],
          [
            140.28576678890454,
            40.68324392108835,
            599.9
          ],
          [
            140.28586838201673,
            40.683289644367775,
            599.2
          ],
          [
            140.28597383503288,
            40.68333044612641,
            598.2
          ],
          [
            140.28607928804902,
            40.68337124788504,
            596.8
          ],
          [
            140.28618474106517,
            40.68341204964368,
            590.6
          ],
          [
            140.28629019408132,
            40.683452851402315,
            586.0
          ],
          [
            140.28639564709746,
            40.68349365316095,
            584.9
          ],
          [
            140.2865011001136,
            40.68353445491959,
            585.2
          ],
          [
            140.2866076846529,
            40.683573125636585,
            583.3
          ],
          [
            140.28672076374346,
            40.6835995649116,
            582.8
          ],
          [
            140.28683384283406,
            40.683626004186614,
            582.1
          ],
          [
            140.28694692192462,
            40.68365244346163,
            582.4
          ],
          [
            140.2870600010152,
            40.68367888273664,
            583.4
          ],
          [
            140.28716447078506,
            40.6837206106319,
            583.1
          ],
          [
            140.28726759491428,
            40.683764728145235,
            581.6
          ],
          [
            140.28737071904348,
            40.683808845658575,
            580.4
          ],
          [
            140.2874738431727,
            40.68385296317191,
            578.2
          ],
          [
            140.28757696730193,
            40.68389708068525,
            576.2
          ],
          [
            140.2876714131862,
            40.68395126184986,
            575.6
          ],
          [
            140.28776559496802,
            40.68400574927856,
            574.5
          ],
          [
            140.28785977674983,
            40.68406023670726,
            573.9
          ],
          [
            140.28795395853166,
            40.68411472413596,
            573.6
          ],
          [
            140.2880481403135,
            40.68416921156465,
            572.3
          ],
          [
            140.2881423220953,
            40.68422369899335,
            571.1
          ],
          [
            140.28823443626055,
            40.6842800315001,
            569.8
          ],
          [
            140.28831995480888,
            40.68434224973453,
            568.2
          ],
          [
            140.2884054733572,
            40.684404467968946,
            568.8
          ],
          [
            140.28849099190552,
            40.68446668620337,
            569.6
          ],
          [
            140.28857651045382,
            40.68452890443779,
            570.2
          ],
          [
            140.28866202900215,
            40.68459112267222,
            570.2
          ],
          [
            140.28874754755049,
            40.684653340906635,
            569.3
          ],
          [
            140.2888330660988,
            40.68471555914106,
            568.0
          ],
          [
            140.28891858464712,
            40.68477777737549,
            565.8
          ],
          [
            140.28900340947573,
            40.68484049747721,
            563.2
          ],
          [
            140.28908067712845,
            40.68490868477203,
            561.2
          ],
          [
            140.28915794478115,
            40.68497687206685,
            560.6
          ],
          [
            140.28923521243388,
            40.68504505936166,
            559.0
          ],
          [
            140.28931248008658,
            40.68511324665648,
            558.0
          ],
          [
            140.2893897477393,
            40.6851814339513,
            557.4
          ],
          [
            140.289467015392,
            40.685249621246115,
            555.9
          ],
          [
            140.28954428304473,
            40.68531780854093,
            555.5
          ],
          [
            140.28962389527666,
            40.68538441482704,
            555.5
          ],
          [
            140.28970351411033,
            40.685451016661425,
            555.2
          ],
          [
            140.289783132944,
            40.685517618495815,
            555.0
          ],
          [
            140.2898627517777,
            40.6855842203302,
            554.3
          ],
          [
            140.28994237061136,
            40.68565082216459,
            553.2
          ],
          [
            140.29002198944502,
            40.68571742399897,
            552.9
          ],
          [
            140.2901016082787,
            40.685784025833364,
            552.6
          ],
          [
            140.2901770858006,
            40.68585326130049,
            552.3
          ],
          [
            140.29024901100917,
            40.68592475583172,
            552.0
          ],
          [
            140.2903209362177,
            40.68599625036295,
            551.3
          ],
          [
            140.29039813349766,
            40.6860638664361,
            549.8
          ],
          [
            140.29048954313805,
            40.68612102702786,
            548.5
          ],
          [
            140.29058095277844,
            40.68617818761962,
            547.0
          ],
          [
            140.29067236241883,
            40.686235348211376,
            545.9
          ],
          [
            140.29076377205922,
            40.686292508803135,
            543.4
          ],
          [
            140.2908551816996,
            40.68634966939489,
            541.1
          ],
          [
            140.29087018176872,
            40.68635904928987,
            540.6
          ]
        ]
      }
    },
    {
      "type": "Feature",
      "properties": {
        "name": "コルクスクリュー",
        "slope_deg": [
          3.1480960995626615,
          3.1480960995626615,
          3.1480960995626615,
          2.862405226111748,
          3.576334374997351,
          4.289153328819018,
          4.716221234338378,
          5.000644597558433,
          5.710593137499643,
          5.568737077976604,
          5.710593137499643,
          5.994092949108534,
          5.568737077976604,
          5.852378988915653,
          6.277298489597523,
          6.277298489597523,
          6.560196400571341,
          6.842773412631036,
          6.701525844729548,
          6.701525844729388,
          6.701525844729548,
          7.68844776990284,
          8.810732985984814,
          9.926245506651705,
          9.787203664656081,
          9.787203664656081,
          10.342657140474707,
          9.50877195829791,
          12.13388017063338,
          14.036243467926479,
          14.17097756293297,
          16.69924423399362,
          15.109575122340402,
          14.305551846622015,
          15.109575122340555,
          15.774985955414008,
          20.17838007450879,
          21.181349500266236,
          26.67952810669131,
          32.2109277236738,
          31.798912824294376,
          34.4111433839387,
          31.383191056359014,
          30.11373315098249,
          30.540604849681518,
          26.104854009099324,
          25.641005824305207,
          21.181349500266236,
          19.034434354835135,
          21.056705590704752,
          19.925580658184323,
          17.874511367250282,
          17.6146433000071,
          14.439965121002654,
          12.13388017063338,
          11.7225209701022,
          9.787203664656081,
          10.203973721731748,
          9.787203664656081,
          10.481218144130889,
          7.829076510059608,
          5.000644597558433,
          5.2848210925090795,
          3.8616074096751394,
          5.2848210925090795,
          7.68844776990284,
          6.983937460085259,
          6.701525844729548,
          6.56019640057118,
          5.710593137499643,
          8.670801453590993,
          9.369385096487358,
          10.619655276155134,
          10.619655276155134,
          10.619655276155134,
          10.619655276155134
        ],
        "horizontal_dist_map": 747,
        "slope_dist_map": 775,
        "elevation_diff_map": 166.3,
        "avg_slope_deg_map": 12.1,
        "max_slope_deg_map": 34.4
      },
      "geometry": {
        "type": "LineString",
        "coordinates": [
          [
            140.2854308862365,
            40.67784085637809,
            738.9
          ],
          [
            140.2854905924495,
            40.67791859330202,
            738.0
          ],
          [
            140.28555029866249,
            40.67799633022595,
            737.5
          ],
          [
            140.2856100048755,
            40.67807406714988,
            737.1
          ],
          [
            140.2856697110885,
            40.67815180407381,
            736.7
          ],
          [
            140.2857294173015,
            40.67822954099774,
            736.0
          ],
          [
            140.28576922028859,
            40.6783119212563,
            735.0
          ],
          [
            140.28577448139595,
            40.678401862145805,
            734.1
          ],
          [
            140.28577651224896,
            40.67849181416486,
            733.4
          ],
          [
            140.28573306266784,
            40.67857556997793,
            732.5
          ],
          [
            140.28570175934982,
            40.67866229315735,
            731.0
          ],
          [
            140.28569879611837,
            40.678749954464564,
            730.2
          ],
          [
            140.28572398396557,
            40.67883794047451,
            729.4
          ],
          [
            140.28574844580967,
            40.67892603839403,
            728.3
          ],
          [
            140.28577019687955,
            40.679014554165235,
            727.1
          ],
          [
            140.2857919479494,
            40.679103069936446,
            726.1
          ],
          [
            140.2858136990193,
            40.679191585707656,
            725.0
          ],
          [
            140.28583545008914,
            40.67928010147887,
            723.9
          ],
          [
            140.28585720115902,
            40.67936861725007,
            722.5
          ],
          [
            140.28587895222887,
            40.67945713302128,
            721.3
          ],
          [
            140.28590070329875,
            40.67954564879249,
            720.3
          ],
          [
            140.28592245436863,
            40.6796341645637,
            719.2
          ],
          [
            140.28594420543848,
            40.679722680334905,
            717.8
          ],
          [
            140.28596595650836,
            40.679811196106115,
            715.9
          ],
          [
            140.28598770757822,
            40.679899711877326,
            714.1
          ],
          [
            140.2860114098161,
            40.67998788896559,
            712.2
          ],
          [
            140.28604220901315,
            40.68007483416662,
            710.9
          ],
          [
            140.28607300821017,
            40.680161779367644,
            709.0
          ],
          [
            140.28610380740722,
            40.68024872456867,
            706.8
          ],
          [
            140.28613460660426,
            40.6803356697697,
            705.5
          ],
          [
            140.28616669658265,
            40.68042232357769,
            702.3
          ],
          [
            140.2862031365953,
            40.680507995368366,
            699.0
          ],
          [
            140.28623957660795,
            40.68059366715904,
            696.7
          ],
          [
            140.28627601662058,
            40.680679338949716,
            693.5
          ],
          [
            140.28631245663323,
            40.68076501074039,
            691.5
          ],
          [
            140.28634889664588,
            40.680850682531066,
            688.8
          ],
          [
            140.28638533665853,
            40.68093635432174,
            685.9
          ],
          [
            140.28642177667115,
            40.681022026112416,
            682.2
          ],
          [
            140.2864582166838,
            40.68110769790309,
            676.8
          ],
          [
            140.2865025461402,
            40.68119113725348,
            673.3
          ],
          [
            140.2865469164579,
            40.68127458450075,
            665.8
          ],
          [
            140.2865866007078,
            40.68135941695052,
            657.0
          ],
          [
            140.28662628495772,
            40.68144424940029,
            652.0
          ],
          [
            140.2866659692076,
            40.681529081850066,
            645.9
          ],
          [
            140.28670565345752,
            40.68161391429984,
            641.4
          ],
          [
            140.28674533770743,
            40.68169874674961,
            633.8
          ],
          [
            140.28678502195734,
            40.68178357919938,
            628.4
          ],
          [
            140.28682470620723,
            40.681868411649155,
            626.3
          ],
          [
            140.28686439045714,
            40.68195324409893,
            622.2
          ],
          [
            140.2869166377286,
            40.682032720284155,
            618.3
          ],
          [
            140.28699091950512,
            40.682102802022584,
            614.6
          ],
          [
            140.28706307727987,
            40.68217407910932,
            610.9
          ],
          [
            140.28712930332787,
            40.682248694460554,
            607.7
          ],
          [
            140.28719552937585,
            40.68232330981178,
            605.4
          ],
          [
            140.28726175542383,
            40.68239792516301,
            601.9
          ],
          [
            140.28732798147183,
            40.68247254051424,
            600.6
          ],
          [
            140.28739334411944,
            40.68254755553564,
            599.1
          ],
          [
            140.28744989104726,
            40.682626651375664,
            597.1
          ],
          [
            140.28750643797508,
            40.68270574721569,
            595.0
          ],
          [
            140.28754675077607,
            40.68278942647114,
            593.4
          ],
          [
            140.28757162638863,
            40.6828774641407,
            592.2
          ],
          [
            140.28759650200118,
            40.682965501810266,
            589.7
          ],
          [
            140.2876213776137,
            40.68305353947983,
            589.5
          ],
          [
            140.28764625322626,
            40.6831415771494,
            589.9
          ],
          [
            140.28768319638633,
            40.683226977995965,
            588.5
          ],
          [
            140.2877234435035,
            40.68331165691042,
            587.0
          ],
          [
            140.28776369062066,
            40.683396335824874,
            585.8
          ],
          [
            140.28780393773783,
            40.68348101473933,
            584.5
          ],
          [
            140.28784418485503,
            40.683565693653776,
            583.6
          ],
          [
            140.2878844319722,
            40.68365037256823,
            582.3
          ],
          [
            140.28792467908937,
            40.683735051482685,
            581.2
          ],
          [
            140.28796492620654,
            40.68381973039714,
            580.5
          ],
          [
            140.2880065994434,
            40.68390396521755,
            577.5
          ],
          [
            140.28805585241184,
            40.683985839707574,
            575.7
          ],
          [
            140.28810510538028,
            40.684067714197596,
            573.7
          ],
          [
            140.28814004846944,
            40.684125801003255,
            572.6
          ]
        ]
      }
    },
    {
      "type": "Feature",
      "properties": {
        "name": "ドリームウォーカー",
        "slope_deg": [
          12.407418527400683,
          12.407418527400683,
          12.407418527400683,
          10.481218144130889,
          7.406912128495294,
          8.810732985984973,
          8.390627013252708,
          9.22988624372772,
          11.7225209701022,
          11.309932474020215,
          10.896152141141036,
          10.065169352759877,
          8.39062701325255,
          8.9505586562316,
          7.406912128495294,
          7.68844776990284,
          6.842773412631036,
          4.289153328819018,
          4.289153328819018,
          4.289153328819018,
          4.289153328819018
        ],
        "horizontal_dist_map": 196,
        "slope_dist_map": 199,
        "elevation_diff_map": 31.0,
        "avg_slope_deg_map": 8.8,
        "max_slope_deg_map": 12.4
      },
      "geometry": {
        "type": "LineString",
        "coordinates": [
          [
            140.2815962029524,
            40.68002844741588,
            660.0
          ],
          [
            140.2816403056288,
            40.68011200547511,
            657.0
          ],
          [
            140.28168440830524,
            40.68019556353435,
            654.1
          ],
          [
            140.28172851098165,
            40.68027912159358,
            653.1
          ],
          [
            140.2817726136581,
            40.680362679652816,
            651.2
          ],
          [
            140.2818167163345,
            40.68044623771205,
            649.6
          ],
          [
            140.28186081901094,
            40.680529795771285,
            648.9
          ],
          [
            140.28191819212756,
            40.68060804047841,
            646.9
          ],
          [
            140.2819836378352,
            40.68068305300048,
            645.3
          ],
          [
            140.28204908354286,
            40.68075806552254,
            643.1
          ],
          [
            140.28211452925052,
            40.6808330780446,
            640.6
          ],
          [
            140.2821709721272,
            40.680912191744426,
            638.9
          ],
          [
            140.28222686457923,
            40.68099155618644,
            637.6
          ],
          [
            140.28228275703123,
            40.68107092062846,
            636.0
          ],
          [
            140.28233864948322,
            40.68115028507047,
            634.7
          ],
          [
            140.28238244433075,
            40.68123319612045,
            632.6
          ],
          [
            140.2824109103753,
            40.68132060105638,
            632.4
          ],
          [
            140.2824393764198,
            40.6814080059923,
            630.6
          ],
          [
            140.28246784246434,
            40.68149541092823,
            629.9
          ],
          [
            140.28249630850885,
            40.681582815864154,
            629.6
          ],
          [
            140.28251420142342,
            40.6816377560245,
            629.0
          ]
        ]
      }
    },
    {
      "type": "Feature",
      "properties": {
        "name": "パラダイス",
        "slope_deg": [
          12.816647648997467,
          12.816647648997467,
          12.816647648997467,
          13.495733280795843,
          12.816647648997312,
          12.543973346572077,
          12.543973346572077,
          9.926245506651705,
          9.78720366465624,
          9.508771958297752,
          9.926245506651705,
          11.7225209701022,
          12.133880170633224,
          11.58512622485511,
          10.203973721731748,
          10.065169352759877,
          10.203973721731748,
          10.203973721731748,
          11.034209003250188,
          12.270720357815385,
          12.68038349181982,
          13.63109444342145,
          14.57421619803886,
          13.766300685466197,
          13.631094443421603,
          15.509334522674907,
          15.109575122340402,
          15.907551930525813,
          16.304198003832227,
          15.642246457208788,
          16.304198003832376,
          15.642246457208788,
          15.642246457208788,
          15.109575122340402,
          16.304198003832227,
          17.874511367250282,
          17.874511367250282,
          18.520849477471074,
          19.544862326628827,
          19.417554141579483,
          20.17838007450879,
          17.874511367250282,
          14.170977562933123,
          10.896152141141194,
          9.369385096487358,
          8.950558656231758,
          9.508771958297752,
          11.44759626368548,
          12.13388017063338,
          13.495733280795843,
          13.495733280795843,
          13.088732789694154,
          12.543973346572077,
          12.27072035781523,
          10.896152141141194,
          10.065169352759877,
          10.757967088390036,
          12.13388017063338,
          13.088732789694,
          13.49573328079569,
          12.816647648997467,
          11.7225209701022,
          11.859779120947948,
          10.342657140474707,
          11.034209003250188,
          10.619655276155134,
          11.034209003250343,
          11.034209003250188,
          10.757967088390036,
          10.757967088390036,
          10.065169352759717,
          11.996899307923577,
          11.447596263685636,
          11.309932474020215,
          10.619655276155134,
          9.926245506651705,
          11.58512622485511,
          11.447596263685636,
          12.543973346572233,
          12.270720357815385,
          10.896152141141036,
          10.203973721731748,
          9.926245506651705,
          11.172136252167116,
          10.757967088390036,
          11.996899307923577,
          12.27072035781523,
          9.787203664656081,
          10.757967088390036,
          10.342657140474548,
          8.950558656231758,
          9.648045316098251,
          9.648045316098093,
          10.481218144130889,
          11.034209003250188,
          11.172136252167116,
          11.309932474020215,
          9.369385096487514,
          8.9505586562316,
          9.22988624372772,
          7.547725773843206,
          8.670801453590993,
          8.810732985984973,
          7.266008446996026,
          7.547725773843047,
          8.810732985984814,
          9.22988624372772,
          11.034209003250188,
          12.270720357815385,
          11.172136252167274,
          12.13388017063338,
          12.270720357815385,
          12.680383491819743,
          12.543973346572077,
          11.996899307923577,
          10.896152141141036,
          10.065169352759877,
          9.50877195829783,
          8.11004782941908,
          8.11004782941908,
          8.11004782941908,
          8.11004782941908
        ],
        "horizontal_dist_map": 1202,
        "slope_dist_map": 1231,
        "elevation_diff_map": 253.8,
        "avg_slope_deg_map": 11.6,
        "max_slope_deg_map": 20.2
      },
      "geometry": {
        "type": "LineString",
        "coordinates": [
          [
            140.28174410646386,
            40.6765462789266,
            755.2
          ],
          [
            140.28173110588875,
            40.676635784742665,
            752.6
          ],
          [
            140.28171810531364,
            40.67672529055872,
            750.8
          ],
          [
            140.28170510473853,
            40.676814796374785,
            748.3
          ],
          [
            140.28169187687627,
            40.67690427934212,
            746.1
          ],
          [
            140.28167391711682,
            40.6769932866211,
            743.0
          ],
          [
            140.28165595735734,
            40.677082293900085,
            741.7
          ],
          [
            140.28163799759787,
            40.677171301179065,
            739.4
          ],
          [
            140.2816320483446,
            40.67726101007706,
            737.2
          ],
          [
            140.28163196185494,
            40.677351061460755,
            736.0
          ],
          [
            140.2816318753653,
            40.67744111284444,
            734.8
          ],
          [
            140.28163178887564,
            40.67753116422813,
            732.7
          ],
          [
            140.281631702386,
            40.677621215611815,
            730.2
          ],
          [
            140.28163161589637,
            40.6777112669955,
            727.7
          ],
          [
            140.28163152940672,
            40.67780131837919,
            726.2
          ],
          [
            140.28163144291707,
            40.677891369762875,
            724.5
          ],
          [
            140.28163171108304,
            40.67798142006372,
            723.0
          ],
          [
            140.28163274363314,
            40.678071468030765,
            720.6
          ],
          [
            140.28163377618324,
            40.67816151599781,
            719.0
          ],
          [
            140.28163480873334,
            40.67825156396485,
            717.3
          ],
          [
            140.28163584128342,
            40.678341611931884,
            715.2
          ],
          [
            140.28163404820103,
            40.678431525452524,
            711.9
          ],
          [
            140.28161829683575,
            40.678520774824165,
            710.0
          ],
          [
            140.28160254547046,
            40.678610024195805,
            707.6
          ],
          [
            140.28158679410515,
            40.678699273567446,
            704.8
          ],
          [
            140.28157104273987,
            40.67878852293909,
            702.1
          ],
          [
            140.28155529137456,
            40.678877772310734,
            700.3
          ],
          [
            140.28153954000928,
            40.678967021682375,
            696.5
          ],
          [
            140.2815257077375,
            40.67905643927361,
            694.0
          ],
          [
            140.28151440485925,
            40.67914607858074,
            690.7
          ],
          [
            140.281503101981,
            40.679235717887885,
            688.6
          ],
          [
            140.28149179910275,
            40.67932535719502,
            685.3
          ],
          [
            140.2814804962245,
            40.67941499650215,
            682.3
          ],
          [
            140.28146919334625,
            40.679504635809295,
            679.5
          ],
          [
            140.28145965044092,
            40.679594355299315,
            677.4
          ],
          [
            140.2814568303075,
            40.67968438107317,
            674.5
          ],
          [
            140.28145401017406,
            40.67977440684704,
            670.6
          ],
          [
            140.28145119004063,
            40.679864432620896,
            666.6
          ],
          [
            140.2814483699072,
            40.679954458394754,
            664.5
          ],
          [
            140.28144554977374,
            40.68004448416862,
            661.1
          ],
          [
            140.2814427296403,
            40.68013450994248,
            656.4
          ],
          [
            140.28143990950687,
            40.68022453571634,
            652.5
          ],
          [
            140.28143660479964,
            40.68031455163856,
            649.8
          ],
          [
            140.28143311362527,
            40.6804045637698,
            648.2
          ],
          [
            140.28142962245087,
            40.680494575901044,
            646.3
          ],
          [
            140.2814261312765,
            40.68058458803229,
            644.8
          ],
          [
            140.28142264010214,
            40.680674600163535,
            643.2
          ],
          [
            140.28141914892777,
            40.68076461229478,
            641.9
          ],
          [
            140.28138469307987,
            40.68084966969115,
            639.6
          ],
          [
            140.28134028858824,
            40.68093313518015,
            636.7
          ],
          [
            140.2812958840966,
            40.68101660066914,
            634.6
          ],
          [
            140.28125147960498,
            40.68110006615814,
            632.3
          ],
          [
            140.28120010025273,
            40.681181166024885,
            630.0
          ],
          [
            140.2811482826968,
            40.68126211726867,
            627.4
          ],
          [
            140.28109646514085,
            40.68134306851246,
            625.7
          ],
          [
            140.2810446475849,
            40.68142401975625,
            623.6
          ],
          [
            140.28099283002894,
            40.68150497100004,
            622.3
          ],
          [
            140.280941012473,
            40.68158592224382,
            620.3
          ],
          [
            140.280893454013,
            40.68166830891393,
            618.1
          ],
          [
            140.2808495709979,
            40.68175193430473,
            615.0
          ],
          [
            140.28080568798282,
            40.68183555969553,
            613.0
          ],
          [
            140.2807618049677,
            40.68191918508633,
            610.7
          ],
          [
            140.2807179219526,
            40.68200281047714,
            609.0
          ],
          [
            140.28067403893752,
            40.68208643586794,
            606.7
          ],
          [
            140.2806301559224,
            40.68217006125874,
            604.6
          ],
          [
            140.28058627290733,
            40.682253686649545,
            603.4
          ],
          [
            140.28054238989222,
            40.682337312040346,
            601.2
          ],
          [
            140.28049850687714,
            40.68242093743115,
            599.2
          ],
          [
            140.28045462386203,
            40.682504562821954,
            596.8
          ],
          [
            140.28041141993097,
            40.68258839163142,
            595.6
          ],
          [
            140.28036870802305,
            40.682672367825724,
            593.6
          ],
          [
            140.28032599611512,
            40.68275634402003,
            591.6
          ],
          [
            140.28028328420717,
            40.68284032021433,
            589.7
          ],
          [
            140.28024057229925,
            40.682924296408636,
            587.1
          ],
          [
            140.28019786039133,
            40.68300827260294,
            585.5
          ],
          [
            140.2801551484834,
            40.683092248797244,
            583.6
          ],
          [
            140.2801125005606,
            40.6831762410733,
            582.2
          ],
          [
            140.28008113797384,
            40.683263069758304,
            580.1
          ],
          [
            140.28004977538708,
            40.68334989844331,
            577.3
          ],
          [
            140.28001841280036,
            40.68343672712832,
            575.5
          ],
          [
            140.2799870502136,
            40.68352355581332,
            573.3
          ],
          [
            140.27995568762685,
            40.68361038449834,
            571.4
          ],
          [
            140.2799243250401,
            40.68369721318334,
            569.6
          ],
          [
            140.27989296245335,
            40.68378404186835,
            568.3
          ],
          [
            140.2798615998666,
            40.683870870553356,
            566.3
          ],
          [
            140.27983023727987,
            40.68395769923836,
            563.5
          ],
          [
            140.2797988746931,
            40.68404452792337,
            562.0
          ],
          [
            140.27976751210636,
            40.684131356608376,
            559.8
          ],
          [
            140.27974439761246,
            40.68421963438258,
            557.6
          ],
          [
            140.27972260480405,
            40.68430814436078,
            556.6
          ],
          [
            140.27970081199564,
            40.68439665433898,
            554.4
          ],
          [
            140.27967901918723,
            40.68448516431718,
            552.5
          ],
          [
            140.27965722637882,
            40.684573674295386,
            551.3
          ],
          [
            140.27963543357043,
            40.684662184273584,
            549.8
          ],
          [
            140.27961364076202,
            40.68475069425179,
            547.6
          ],
          [
            140.2795918479536,
            40.68483920422999,
            545.1
          ],
          [
            140.27956733883434,
            40.68492729412099,
            543.5
          ],
          [
            140.27954203183467,
            40.68501526061692,
            541.9
          ],
          [
            140.279516724835,
            40.68510322711285,
            539.6
          ],
          [
            140.2794914178353,
            40.68519119360878,
            538.5
          ],
          [
            140.2794661108356,
            40.68527916010471,
            537.2
          ],
          [
            140.2794408038359,
            40.685367126600646,
            535.4
          ],
          [
            140.27941549683624,
            40.68545509309657,
            534.3
          ],
          [
            140.27938849001217,
            40.6855427118771,
            532.4
          ],
          [
            140.27935246453836,
            40.685628485806205,
            531.0
          ],
          [
            140.27931643906453,
            40.68571425973531,
            530.3
          ],
          [
            140.27928041359073,
            40.68580003366442,
            529.0
          ],
          [
            140.27924438811692,
            40.68588580759353,
            526.2
          ],
          [
            140.2792083626431,
            40.68597158152264,
            524.5
          ],
          [
            140.27917233716929,
            40.686057355451744,
            522.5
          ],
          [
            140.27913631169548,
            40.686143129380845,
            520.3
          ],
          [
            140.27906877236563,
            40.6862166118086,
            518.3
          ],
          [
            140.27899835817138,
            40.6862889729391,
            515.9
          ],
          [
            140.2789279439771,
            40.68636133406961,
            513.8
          ],
          [
            140.27885752978284,
            40.686433695200115,
            511.3
          ],
          [
            140.27878711558859,
            40.68650605633062,
            509.4
          ],
          [
            140.27869853755277,
            40.68656570161737,
            507.4
          ],
          [
            140.27860969370482,
            40.68662516081874,
            506.1
          ],
          [
            140.2785208498569,
            40.68668462002012,
            504.2
          ],
          [
            140.27843200600896,
            40.68674407922149,
            502.7
          ],
          [
            140.27834316216104,
            40.686803538422865,
            501.7
          ],
          [
            140.2783233678747,
            40.686816785850624,
            501.4
          ]
        ]
      }
    },
    {
      "type": "Feature",
      "properties": {
        "name": "ロウワーウェーブ",
        "slope_deg": [
          12.270720357815385,
          12.270720357815385,
          12.270720357815385,
          11.44759626368548,
          9.22988624372772,
          10.342657140474548,
          10.20397372173159,
          9.50877195829791,
          10.757967088390036,
          10.896152141141194,
          10.896152141141194,
          12.543973346572077,
          12.407418527400683,
          13.088732789694076,
          13.224551192213497,
          13.495733280795843,
          13.088732789694076,
          10.203973721731668,
          8.95055865623168,
          8.11004782941908,
          8.530765609948133,
          9.22988624372772,
          9.78720366465616,
          8.250387228905515,
          8.11004782941908,
          8.670801453590993,
          10.0651693527598,
          10.896152141141116,
          10.896152141141194,
          11.034209003250188,
          9.926245506651705,
          10.896152141141116,
          11.309932474020215,
          11.859779120948026,
          11.72252097010228,
          12.40741852740076,
          11.585126224855031,
          10.481218144130889,
          10.896152141141116,
          8.810732985984894,
          9.22988624372772,
          9.22988624372772,
          9.22988624372772,
          9.22988624372772
        ],
        "horizontal_dist_map": 427,
        "slope_dist_map": 435,
        "elevation_diff_map": 80.4,
        "avg_slope_deg_map": 10.5,
        "max_slope_deg_map": 13.5
      },
      "geometry": {
        "type": "LineString",
        "coordinates": [
          [
            140.27790680056208,
            40.68461910810478,
            541.6
          ],
          [
            140.2778529103984,
            40.68469927227731,
            539.3
          ],
          [
            140.27779902023468,
            40.68477943644983,
            536.5
          ],
          [
            140.277745130071,
            40.68485960062235,
            535.0
          ],
          [
            140.27769123990728,
            40.684939764794876,
            532.9
          ],
          [
            140.27763571429048,
            40.685019146716755,
            531.2
          ],
          [
            140.27756421882893,
            40.68509089013078,
            530.0
          ],
          [
            140.27749272336737,
            40.685162633544806,
            527.7
          ],
          [
            140.27742122790582,
            40.68523437695884,
            525.7
          ],
          [
            140.27734973244426,
            40.685306120372864,
            524.5
          ],
          [
            140.27729081572735,
            40.68538396603475,
            522.4
          ],
          [
            140.27723558600212,
            40.685463600343915,
            520.0
          ],
          [
            140.2771803562769,
            40.685543234653075,
            518.0
          ],
          [
            140.27712512655165,
            40.685622868962234,
            515.6
          ],
          [
            140.27707151001684,
            40.68570302899149,
            513.6
          ],
          [
            140.2770339355471,
            40.68578841694415,
            510.7
          ],
          [
            140.27699636107735,
            40.6858738048968,
            508.6
          ],
          [
            140.27696211237455,
            40.68595990576409,
            506.0
          ],
          [
            140.27693563398455,
            40.68604767228319,
            504.3
          ],
          [
            140.27690915559452,
            40.686135438802275,
            503.5
          ],
          [
            140.2768826772045,
            40.68622320532137,
            502.3
          ],
          [
            140.2768561988145,
            40.686310971840456,
            500.3
          ],
          [
            140.27682972042447,
            40.68639873835955,
            498.3
          ],
          [
            140.27680324203445,
            40.68648650487864,
            497.0
          ],
          [
            140.27676476233293,
            40.68657133527503,
            495.4
          ],
          [
            140.27671911048677,
            40.68665441100515,
            494.5
          ],
          [
            140.2766734586406,
            40.68673748673527,
            492.6
          ],
          [
            140.2766225821515,
            40.68681819025615,
            490.9
          ],
          [
            140.27654824778398,
            40.68688824290637,
            488.3
          ],
          [
            140.27647391341642,
            40.68695829555659,
            486.8
          ],
          [
            140.2763943360112,
            40.68702456120408,
            484.9
          ],
          [
            140.27630633324264,
            40.68708474128137,
            483.1
          ],
          [
            140.276218386342,
            40.68714496705763,
            481.3
          ],
          [
            140.2761332210252,
            40.687207468119816,
            479.1
          ],
          [
            140.27604805570837,
            40.68726996918201,
            476.9
          ],
          [
            140.27596289039155,
            40.6873324702442,
            474.7
          ],
          [
            140.2758863285421,
            40.68740080245628,
            473.0
          ],
          [
            140.27581461820313,
            40.687472422864076,
            470.3
          ],
          [
            140.27575127448875,
            40.68754826107357,
            468.7
          ],
          [
            140.2756926339076,
            40.68762647023723,
            467.3
          ],
          [
            140.27564341802218,
            40.68770821603664,
            465.3
          ],
          [
            140.2756101773225,
            40.68779363835744,
            464.1
          ],
          [
            140.27559921370118,
            40.687883302048895,
            462.2
          ],
          [
            140.27559068904606,
            40.6879530191638,
            461.2
          ]
        ]
      }
    },
    {
      "type": "Feature",
      "properties": {
        "name": "アッパーウェーブ",
        "slope_deg": [
          10.619655276155134,
          10.619655276155134,
          10.619655276155134,
          10.896152141141036,
          11.996899307923577,
          11.034209003250343,
          11.859779120947948,
          11.309932474020215,
          9.369385096487514,
          9.787203664656081,
          9.369385096487514,
          8.530765609948133,
          8.39062701325255,
          9.369385096487514,
          8.810732985984973,
          10.203973721731748,
          10.757967088390036,
          10.481218144130889,
          10.20397372173159,
          7.68844776990284,
          9.090276920822289,
          10.065169352759877,
          10.757967088390036,
          11.447596263685636,
          10.065169352759877,
          8.670801453590993,
          8.950558656231758,
          9.22988624372772,
          9.22988624372772,
          9.926245506651705,
          8.9505586562316,
          10.481218144130889,
          11.859779120947948,
          10.342657140474548,
          11.309932474020215,
          10.896152141141194,
          9.369385096487514,
          10.896152141141194,
          10.757967088390036,
          11.034209003250188,
          11.034209003250188,
          10.757967088389877,
          11.585126224854955,
          11.996899307923577,
          13.360218444764483,
          12.68038349181982,
          12.13388017063338,
          11.859779120947948,
          11.996899307923577,
          12.270720357815385,
          13.088732789694154,
          13.766300685466351,
          14.842227057911131,
          15.907551930525813,
          17.484427323220586,
          17.484427323220732,
          15.109575122340555,
          11.859779120947948,
          7.266008446996026,
          4.431564716435714,
          4.289153328819018,
          4.289153328819018,
          4.289153328819018,
          4.289153328819018
        ],
        "horizontal_dist_map": 620,
        "slope_dist_map": 632,
        "elevation_diff_map": 117.8,
        "avg_slope_deg_map": 10.6,
        "max_slope_deg_map": 17.5
      },
      "geometry": {
        "type": "LineString",
        "coordinates": [
          [
            140.278366,
            40.6789389,
            662.6
          ],
          [
            140.27835941535602,
            40.67902881174568,
            660.4
          ],
          [
            140.27835283071207,
            40.67911872349137,
            658.6
          ],
          [
            140.27833907081575,
            40.679207955043424,
            656.7
          ],
          [
            140.27831649173336,
            40.679296350561586,
            655.1
          ],
          [
            140.27829391265098,
            40.67938474607974,
            652.7
          ],
          [
            140.2782713335686,
            40.6794731415979,
            650.1
          ],
          [
            140.27824875448624,
            40.679561537116065,
            648.9
          ],
          [
            140.27822617540386,
            40.67964993263422,
            646.7
          ],
          [
            140.27820359632148,
            40.67973832815238,
            644.7
          ],
          [
            140.2781784874142,
            40.679826298436076,
            643.5
          ],
          [
            140.27815007730726,
            40.67991371382609,
            642.0
          ],
          [
            140.27812166720034,
            40.6800011292161,
            640.1
          ],
          [
            140.27809325709342,
            40.68008854460611,
            638.7
          ],
          [
            140.27806761375993,
            40.68017611658544,
            637.6
          ],
          [
            140.27807873305343,
            40.6802657691959,
            635.4
          ],
          [
            140.27808985234697,
            40.68035542180636,
            633.9
          ],
          [
            140.27811005563746,
            40.6804440677413,
            631.5
          ],
          [
            140.27813297107343,
            40.680532413120154,
            630.0
          ],
          [
            140.2781558865094,
            40.68062075849901,
            628.0
          ],
          [
            140.2781788019454,
            40.68070910387787,
            626.7
          ],
          [
            140.27820171738136,
            40.68079744925672,
            626.1
          ],
          [
            140.2782236408752,
            40.68088587318964,
            623.6
          ],
          [
            140.27822510071678,
            40.68097591768367,
            620.9
          ],
          [
            140.27822656055835,
            40.681065962177705,
            619.1
          ],
          [
            140.27822802039992,
            40.68115600667174,
            618.0
          ],
          [
            140.2782294802415,
            40.68124605116577,
            616.5
          ],
          [
            140.27823094008306,
            40.68133609565981,
            614.8
          ],
          [
            140.27821772515273,
            40.681425000111425,
            612.8
          ],
          [
            140.2781924039183,
            40.68151296405778,
            611.5
          ],
          [
            140.27816708268386,
            40.68160092800413,
            610.0
          ],
          [
            140.27813845406507,
            40.68168820137125,
            607.8
          ],
          [
            140.27810128303776,
            40.68177369109024,
            606.5
          ],
          [
            140.27806411201044,
            40.68185918080923,
            604.1
          ],
          [
            140.27802694098312,
            40.68194467052821,
            601.6
          ],
          [
            140.2779897699558,
            40.6820301602472,
            600.5
          ],
          [
            140.27796482662873,
            40.68211817298405,
            598.5
          ],
          [
            140.2779402024691,
            40.682206251576716,
            596.4
          ],
          [
            140.27791557830946,
            40.682294330169384,
            595.0
          ],
          [
            140.27790929998153,
            40.682383919458786,
            592.8
          ],
          [
            140.27790861425353,
            40.68247396927364,
            590.9
          ],
          [
            140.27790792852554,
            40.68256401908848,
            588.6
          ],
          [
            140.27790724279754,
            40.68265406890333,
            587.2
          ],
          [
            140.27790655706954,
            40.68274411871818,
            585.2
          ],
          [
            140.27790587134155,
            40.682834168533034,
            582.7
          ],
          [
            140.27790518561355,
            40.682924218347885,
            580.1
          ],
          [
            140.27790449988555,
            40.68301426816274,
            577.7
          ],
          [
            140.27790360781893,
            40.68310431686659,
            576.2
          ],
          [
            140.2779026305273,
            40.68319436511157,
            574.1
          ],
          [
            140.2779016532357,
            40.683284413356546,
            571.7
          ],
          [
            140.27790067594407,
            40.683374461601524,
            569.2
          ],
          [
            140.27789969865242,
            40.6834645098465,
            567.5
          ],
          [
            140.27789837638488,
            40.68355454871823,
            564.8
          ],
          [
            140.27789091838397,
            40.683644420877464,
            561.9
          ],
          [
            140.27788346038307,
            40.6837342930367,
            558.6
          ],
          [
            140.2778760023822,
            40.68382416519594,
            556.1
          ],
          [
            140.27786854438128,
            40.68391403735518,
            552.2
          ],
          [
            140.2778624875914,
            40.68400392521357,
            549.3
          ],
          [
            140.27786646786615,
            40.68409392552712,
            547.8
          ],
          [
            140.2778704481409,
            40.68418392584067,
            547.7
          ],
          [
            140.27787442841566,
            40.68427392615422,
            547.1
          ],
          [
            140.2778784086904,
            40.684363926467775,
            546.2
          ],
          [
            140.27788238896517,
            40.68445392678132,
            544.8
          ],
          [
            140.27788239334538,
            40.684454025825076,
            544.8
          ]
        ]
      }
    },
    {
      "type": "Feature",
      "properties": {
        "name": "パイプドリーム",
        "slope_deg": [
          2.862405226111748,
          2.862405226111748,
          2.862405226111748,
          4.716221234338296,
          4.573921259900844,
          6.701525844729468,
          12.81664764899739,
          15.109575122340479,
          16.172159015782583,
          15.109575122340479,
          10.481218144130967,
          7.406912128495215,
          7.406912128495215,
          7.406912128495215,
          7.406912128495215
        ],
        "horizontal_dist_map": 130,
        "slope_dist_map": 133,
        "elevation_diff_map": 19.5,
        "avg_slope_deg_map": 8.3,
        "max_slope_deg_map": 16.2
      },
      "geometry": {
        "type": "LineString",
        "coordinates": [
          [
            140.27693044382792,
            40.69048759201327,
            418.4
          ],
          [
            140.27699415775987,
            40.6905634683347,
            418.6
          ],
          [
            140.27705787169185,
            40.690639344656134,
            417.3
          ],
          [
            140.2771215856238,
            40.690715220977566,
            416.7
          ],
          [
            140.27718529955575,
            40.690791097299005,
            416.4
          ],
          [
            140.27724901348773,
            40.69086697362044,
            415.3
          ],
          [
            140.27731272741968,
            40.69094284994187,
            414.1
          ],
          [
            140.27737644135163,
            40.6910187262633,
            412.0
          ],
          [
            140.27744015528359,
            40.691094602584734,
            407.3
          ],
          [
            140.27750386921556,
            40.691170478906166,
            404.5
          ],
          [
            140.27756758314752,
            40.6912463552276,
            402.5
          ],
          [
            140.27763129707947,
            40.69132223154904,
            401.2
          ],
          [
            140.27769501101145,
            40.69139810787047,
            399.9
          ],
          [
            140.2777587249434,
            40.6914739841919,
            399.3
          ],
          [
            140.27776408657724,
            40.69148036931114,
            398.9
          ]
        ]
      }
    },
    {
      "type": "Feature",
      "properties": {
        "name": "サンシャイン",
        "slope_deg": [
          10.757967088390036,
          10.757967088390036,
          10.757967088390036,
          13.088732789694154,
          13.360218444764483,
          12.816647648997467,
          13.224551192213497,
          12.543973346572077,
          12.68038349181982,
          13.088732789694,
          13.224551192213497,
          13.495733280795843,
          14.170977562933123,
          13.90135076950909,
          12.95276451337558,
          11.996899307923577,
          11.585126224854955,
          11.309932474020215,
          12.543973346572077,
          12.952764513375426,
          12.13388017063338,
          12.407418527400838,
          12.816647648997467,
          13.224551192213651,
          13.766300685466351,
          13.360218444764483,
          13.63109444342145,
          12.816647648997312,
          13.49573328079569,
          13.766300685466197,
          13.360218444764483,
          12.95276451337558,
          13.224551192213651,
          11.996899307923577,
          10.757967088390036,
          12.13388017063338,
          11.7225209701022,
          14.305551846622015,
          14.57421619803871,
          14.842227057911131,
          15.242997742901547,
          13.90135076950909,
          14.842227057911131,
          13.224551192213497,
          12.68038349181982,
          12.13388017063338,
          12.270720357815385,
          13.224551192213497,
          12.543973346572077,
          12.68038349181982,
          10.896152141141036,
          10.757967088390036,
          10.065169352759877,
          11.309932474020215,
          11.722520970102357,
          11.996899307923577,
          11.58512622485511,
          11.585126224854955,
          13.088732789694,
          12.543973346572077,
          14.036243467926479,
          14.036243467926479,
          12.13388017063338,
          13.088732789694,
          13.224551192213497,
          13.631094443421603,
          14.708303899682749,
          12.816647648997467,
          12.543973346572077,
          11.447596263685636,
          10.065169352759877,
          11.722520970102357,
          12.13388017063338,
          11.309932474020215,
          12.816647648997467,
          11.7225209701022,
          10.065169352759877,
          10.619655276155134,
          10.481218144130889,
          12.407418527400683,
          13.63109444342145,
          14.439965121002654,
          14.439965121002654,
          13.766300685466351,
          13.360218444764483,
          13.766300685466351,
          13.766300685466351,
          12.68038349181982,
          13.766300685466351,
          13.224551192213497,
          14.036243467926479,
          14.170977562933123,
          14.842227057911131,
          15.109575122340402,
          12.952764513375426,
          13.224551192213497,
          11.859779120947948,
          10.342657140474707,
          10.757967088390036,
          10.619655276155134,
          9.787203664656081,
          10.20397372173159,
          9.50877195829791,
          9.090276920822289,
          9.369385096487514,
          10.203973721731748,
          11.859779120947948,
          11.7225209701022,
          12.27072035781523,
          11.034209003250188,
          11.447596263685636,
          11.996899307923577,
          11.309932474020215,
          12.13388017063338,
          11.034209003250188,
          10.481218144131045,
          12.270720357815385,
          11.58512622485511,
          12.816647648997467,
          13.766300685466197,
          12.95276451337558,
          13.63109444342145,
          10.342657140474548,
          9.648045316098093,
          10.20397372173159,
          10.619655276155134,
          12.95276451337558,
          13.224551192213651,
          11.722520970102357,
          11.172136252167116,
          10.896152141141036,
          11.034209003250188,
          11.309932474020215,
          11.309932474020215,
          12.407418527400838,
          12.270720357815385,
          11.309932474020215,
          10.203973721731748,
          7.829076510059608,
          6.56019640057126,
          5.9940929491083725,
          5.000644597558433,
          5.710593137499643,
          5.994092949108454,
          6.842773412630957,
          8.670801453590993,
          8.810732985984894,
          9.369385096487514,
          9.369385096487514,
          9.090276920822289,
          8.250387228905515,
          8.670801453590913,
          10.342657140474627,
          10.481218144130889,
          12.68038349181982,
          12.40741852740076,
          12.952764513375502,
          13.088732789694076,
          12.952764513375502,
          12.68038349181982,
          12.270720357815309,
          12.270720357815309,
          12.68038349181982,
          12.543973346572077,
          12.68038349181982,
          12.816647648997467,
          11.859779120947948,
          11.447596263685636,
          10.896152141141116,
          10.896152141141116,
          10.896152141141116,
          11.309932474020215,
          10.481218144130967,
          9.648045316098171,
          8.810732985984973,
          9.090276920822289,
          9.50877195829783,
          10.757967088390036,
          10.342657140474548,
          10.757967088390036,
          11.172136252167116,
          10.896152141141116,
          11.309932474020215,
          12.543973346572077,
          13.495733280795843,
          11.996899307923577,
          12.13388017063338,
          10.757967088390036,
          9.787203664656081,
          9.926245506651705,
          9.787203664656081,
          8.250387228905515,
          6.701525844729468,
          7.125016348901798,
          7.125016348901798,
          10.481218144130889,
          11.447596263685636,
          12.270720357815309,
          14.574216198038783,
          11.72252097010228,
          10.757967088390036,
          9.787203664656081,
          6.56019640057126,
          5.284821092509,
          3.005269359689885,
          1.8614576304667452,
          0.5729386976835347,
          0.0,
          0.8593722436447134,
          0.8593722436447134,
          0.8593722436447134,
          0.8593722436447134
        ],
        "horizontal_dist_map": 2107,
        "slope_dist_map": 2153,
        "elevation_diff_map": 420.2,
        "avg_slope_deg_map": 11.0,
        "max_slope_deg_map": 15.2
      },
      "geometry": {
        "type": "LineString",
        "coordinates": [
          [
            140.28354926563875,
            40.67455814003936,
            816.0
          ],
          [
            140.2834884629238,
            40.674635381553095,
            814.7
          ],
          [
            140.28342766020887,
            40.674712623066824,
            813.0
          ],
          [
            140.28336685749392,
            40.67478986458056,
            810.5
          ],
          [
            140.28330605477896,
            40.6748671060943,
            808.4
          ],
          [
            140.28324525206403,
            40.674944347608026,
            805.4
          ],
          [
            140.28318444934908,
            40.67502158912176,
            803.5
          ],
          [
            140.28312364663415,
            40.6750988306355,
            801.4
          ],
          [
            140.2830628439192,
            40.67517607214923,
            799.0
          ],
          [
            140.28300204120424,
            40.675253313662964,
            796.5
          ],
          [
            140.28294123848931,
            40.6753305551767,
            794.5
          ],
          [
            140.28288043577436,
            40.67540779669043,
            792.1
          ],
          [
            140.2828178894187,
            40.67548416807237,
            789.6
          ],
          [
            140.28274911239652,
            40.67555743015491,
            786.9
          ],
          [
            140.28268033537432,
            40.675630692237455,
            784.4
          ],
          [
            140.28261155835216,
            40.67570395432,
            782.2
          ],
          [
            140.28254278132997,
            40.67577721640254,
            780.4
          ],
          [
            140.28247400430777,
            40.67585047848508,
            778.4
          ],
          [
            140.2824052272856,
            40.67592374056762,
            776.2
          ],
          [
            140.28232876792137,
            40.675991918590725,
            774.2
          ],
          [
            140.282243052841,
            40.67605397131887,
            771.5
          ],
          [
            140.28215733776068,
            40.67611602404701,
            769.2
          ],
          [
            140.28207162268032,
            40.67617807677516,
            767.6
          ],
          [
            140.28198132122773,
            40.67623597622235,
            765.4
          ],
          [
            140.28188630373558,
            40.676289604965724,
            762.4
          ],
          [
            140.28179128624342,
            40.6763432337091,
            759.8
          ],
          [
            140.28169626875123,
            40.676396862452464,
            757.8
          ],
          [
            140.2815915794304,
            40.67643856932753,
            755.9
          ],
          [
            140.28148605193115,
            40.67647924303166,
            752.7
          ],
          [
            140.28138052443188,
            40.676519916735785,
            750.7
          ],
          [
            140.28127499693264,
            40.676560590439905,
            748.2
          ],
          [
            140.2811694694334,
            40.67660126414403,
            746.1
          ],
          [
            140.28106394193415,
            40.67664193784815,
            743.2
          ],
          [
            140.28102120609327,
            40.67672575355872,
            741.5
          ],
          [
            140.28097885752487,
            40.67680983535102,
            738.8
          ],
          [
            140.2809365089565,
            40.67689391714333,
            737.6
          ],
          [
            140.28089416038813,
            40.676977998935634,
            735.6
          ],
          [
            140.28085181181976,
            40.677062080727936,
            732.9
          ],
          [
            140.2808094632514,
            40.67714616252024,
            730.5
          ],
          [
            140.28076711468302,
            40.67723024431254,
            727.4
          ],
          [
            140.28072476611462,
            40.67731432610485,
            725.2
          ],
          [
            140.28068241754625,
            40.67739840789715,
            722.3
          ],
          [
            140.28064006897787,
            40.67748248968945,
            719.6
          ],
          [
            140.2805977204095,
            40.677566571481755,
            717.5
          ],
          [
            140.2805553071265,
            40.67765063444158,
            714.6
          ],
          [
            140.28051286880066,
            40.67773469011374,
            712.9
          ],
          [
            140.28047043047482,
            40.67781874578589,
            710.6
          ],
          [
            140.280427992149,
            40.677902801458046,
            708.9
          ],
          [
            140.28038555382315,
            40.6779868571302,
            705.9
          ],
          [
            140.2803664474979,
            40.678075668239316,
            703.5
          ],
          [
            140.2803480486182,
            40.678164623537214,
            701.7
          ],
          [
            140.2803296497385,
            40.678253578835104,
            699.9
          ],
          [
            140.28031125085877,
            40.678342534132995,
            698.2
          ],
          [
            140.28029249677408,
            40.67843144264579,
            695.9
          ],
          [
            140.28027057087763,
            40.678519933389865,
            694.6
          ],
          [
            140.28024864498116,
            40.67860842413394,
            691.9
          ],
          [
            140.2802267190847,
            40.67869691487802,
            689.9
          ],
          [
            140.28020479318826,
            40.678785405622094,
            687.4
          ],
          [
            140.2801828672918,
            40.67887389636617,
            686.4
          ],
          [
            140.28015522737454,
            40.67896128284374,
            683.7
          ],
          [
            140.28011905853631,
            40.679047021059596,
            680.6
          ],
          [
            140.2800828896981,
            40.679132759275454,
            678.5
          ],
          [
            140.28004672085987,
            40.67921849749131,
            676.4
          ],
          [
            140.28001055202165,
            40.679304235707164,
            673.7
          ],
          [
            140.27997438318343,
            40.67938997392302,
            672.0
          ],
          [
            140.2799382143452,
            40.67947571213888,
            669.2
          ],
          [
            140.279902045507,
            40.67956145035474,
            667.0
          ],
          [
            140.27986587666877,
            40.67964718857059,
            664.0
          ],
          [
            140.27982970783054,
            40.67973292678645,
            661.5
          ],
          [
            140.27979353899232,
            40.67981866500231,
            660.1
          ],
          [
            140.2797573701541,
            40.67990440321816,
            658.1
          ],
          [
            140.27972120131588,
            40.67999014143402,
            655.9
          ],
          [
            140.27968536695462,
            40.6800759593642,
            654.4
          ],
          [
            140.27965087483804,
            40.680162097185246,
            651.8
          ],
          [
            140.27961638272146,
            40.680248235006296,
            649.5
          ],
          [
            140.27958189060487,
            40.680334372827346,
            647.9
          ],
          [
            140.27954739848826,
            40.68042051064839,
            645.3
          ],
          [
            140.2795492212756,
            40.680509406315885,
            643.5
          ],
          [
            140.27956068259525,
            40.6805990339581,
            642.4
          ],
          [
            140.2795721439149,
            40.68068866160033,
            640.4
          ],
          [
            140.27958133352047,
            40.68077842443365,
            637.9
          ],
          [
            140.2795883059686,
            40.68086831921135,
            634.7
          ],
          [
            140.27959527841674,
            40.68095821398906,
            632.7
          ],
          [
            140.27960225086485,
            40.68104810876676,
            630.1
          ],
          [
            140.279609223313,
            40.68113800354447,
            627.6
          ],
          [
            140.27959503663564,
            40.68122673818064,
            624.9
          ],
          [
            140.27957121468344,
            40.68131494452076,
            623.2
          ],
          [
            140.27954739273127,
            40.681403150860866,
            620.3
          ],
          [
            140.2795235707791,
            40.68149135720098,
            617.8
          ],
          [
            140.27949974882694,
            40.6815795635411,
            615.9
          ],
          [
            140.27947592687474,
            40.681667769881216,
            613.4
          ],
          [
            140.27945210492257,
            40.68175597622133,
            610.9
          ],
          [
            140.2794282829704,
            40.68184418256144,
            607.8
          ],
          [
            140.2794044610182,
            40.68193238890156,
            605.8
          ],
          [
            140.27938063906603,
            40.682020595241674,
            602.8
          ],
          [
            140.27935681711386,
            40.68210880158179,
            600.1
          ],
          [
            140.27933299516167,
            40.68219700792191,
            598.6
          ],
          [
            140.2793062441176,
            40.68228460824679,
            596.4
          ],
          [
            140.279268140581,
            40.68236985979476,
            594.4
          ],
          [
            140.27923003704439,
            40.68245511134273,
            592.8
          ],
          [
            140.27919193350778,
            40.682540362890705,
            591.0
          ],
          [
            140.27915382997116,
            40.68262561443868,
            588.9
          ],
          [
            140.27911572643455,
            40.68271086598665,
            587.5
          ],
          [
            140.27907627353738,
            40.682795734704406,
            585.6
          ],
          [
            140.27903178885745,
            40.68287917584343,
            584.3
          ],
          [
            140.27898730417755,
            40.68296261698245,
            582.5
          ],
          [
            140.27894281949762,
            40.68304605812148,
            580.9
          ],
          [
            140.2788983348177,
            40.6831294992605,
            578.4
          ],
          [
            140.27885385013778,
            40.68321294039953,
            575.9
          ],
          [
            140.27880936545787,
            40.683296381538554,
            574.2
          ],
          [
            140.27877046156806,
            40.683381396062174,
            572.2
          ],
          [
            140.27873282505672,
            40.68346676789608,
            570.6
          ],
          [
            140.27869518854538,
            40.68355213972999,
            567.8
          ],
          [
            140.27865755203405,
            40.6836375115639,
            565.7
          ],
          [
            140.2786199155227,
            40.683722883397806,
            564.2
          ],
          [
            140.27858227901137,
            40.68380825523172,
            562.0
          ],
          [
            140.27854464250004,
            40.68389362706563,
            560.0
          ],
          [
            140.27850538451523,
            40.68397857204476,
            558.3
          ],
          [
            140.278465693614,
            40.68406340305813,
            555.5
          ],
          [
            140.2784260027128,
            40.684148234071515,
            553.8
          ],
          [
            140.27838631181157,
            40.68423306508489,
            550.9
          ],
          [
            140.27834662091036,
            40.684317896098264,
            548.5
          ],
          [
            140.27831654949605,
            40.68440437268902,
            546.3
          ],
          [
            140.2783047487591,
            40.6844939747909,
            544.1
          ],
          [
            140.2782929480221,
            40.68458357689277,
            543.6
          ],
          [
            140.27828114728513,
            40.684673178994636,
            541.7
          ],
          [
            140.27826934654814,
            40.68476278109651,
            539.1
          ],
          [
            140.2782575458112,
            40.68485238319838,
            536.6
          ],
          [
            140.2782457450742,
            40.68494198530025,
            534.4
          ],
          [
            140.27823394433722,
            40.68503158740212,
            532.3
          ],
          [
            140.27822214360023,
            40.685121189503995,
            530.8
          ],
          [
            140.27821650960345,
            40.68521111963764,
            528.7
          ],
          [
            140.27821182525827,
            40.68530110028678,
            526.7
          ],
          [
            140.2782071409131,
            40.685391080935915,
            524.5
          ],
          [
            140.27820245656793,
            40.68548106158505,
            522.8
          ],
          [
            140.27819777222277,
            40.68557104223419,
            520.7
          ],
          [
            140.27819308787758,
            40.68566102288333,
            517.9
          ],
          [
            140.27818840353243,
            40.68575100353247,
            515.8
          ],
          [
            140.27818371918724,
            40.6858409841816,
            514.8
          ],
          [
            140.27817903484208,
            40.68593096483074,
            513.5
          ],
          [
            140.2781743504969,
            40.686020945479875,
            512.4
          ],
          [
            140.27816966615174,
            40.68611092612901,
            511.2
          ],
          [
            140.27816498180655,
            40.686200906778154,
            510.6
          ],
          [
            140.2781602974614,
            40.68629088742729,
            510.0
          ],
          [
            140.2781556131162,
            40.68638086807643,
            508.4
          ],
          [
            140.27815092877105,
            40.68647084872556,
            507.0
          ],
          [
            140.2781451539557,
            40.68656073656575,
            505.8
          ],
          [
            140.27812361715448,
            40.68664928291731,
            503.9
          ],
          [
            140.27810208035328,
            40.68673782926887,
            502.2
          ],
          [
            140.27808054355205,
            40.68682637562043,
            500.4
          ],
          [
            140.27805900675085,
            40.68691492197198,
            499.2
          ],
          [
            140.27801669380963,
            40.686998584292866,
            497.5
          ],
          [
            140.2779688903676,
            40.68708095591323,
            496.4
          ],
          [
            140.27792108692552,
            40.6871633275336,
            494.3
          ],
          [
            140.27787328348347,
            40.68724569915397,
            491.9
          ],
          [
            140.27782548004143,
            40.687328070774335,
            490.1
          ],
          [
            140.27777767659936,
            40.6874104423947,
            487.4
          ],
          [
            140.2777298731573,
            40.687492814015066,
            485.5
          ],
          [
            140.27768206971527,
            40.68757518563544,
            482.7
          ],
          [
            140.2776342662732,
            40.687657557255804,
            480.8
          ],
          [
            140.27758642156263,
            40.687739915072235,
            478.2
          ],
          [
            140.27753855080408,
            40.68782226417586,
            476.5
          ],
          [
            140.27749068004553,
            40.687904613279485,
            474.0
          ],
          [
            140.27744280928698,
            40.687986962383114,
            472.1
          ],
          [
            140.27739493852843,
            40.68806931148674,
            469.2
          ],
          [
            140.27734706776988,
            40.68815166059037,
            467.6
          ],
          [
            140.2773258320187,
            40.68823984763736,
            465.0
          ],
          [
            140.27730884266694,
            40.688328965423324,
            463.0
          ],
          [
            140.27729185331518,
            40.68841808320928,
            460.8
          ],
          [
            140.27727486396338,
            40.68850720099524,
            459.5
          ],
          [
            140.27725787461162,
            40.6885963187812,
            457.3
          ],
          [
            140.27724088525986,
            40.68868543656716,
            455.3
          ],
          [
            140.2772238959081,
            40.68877455435312,
            453.1
          ],
          [
            140.27720690655633,
            40.68886367213908,
            451.5
          ],
          [
            140.27718991720457,
            40.68895278992504,
            449.9
          ],
          [
            140.27717292785277,
            40.689041907710994,
            448.5
          ],
          [
            140.27715711317734,
            40.68913114470448,
            446.9
          ],
          [
            140.27714283845424,
            40.689220537974144,
            445.1
          ],
          [
            140.27712856373117,
            40.689309931243805,
            443.2
          ],
          [
            140.27711428900807,
            40.68939932451347,
            440.9
          ],
          [
            140.27710001428497,
            40.68948871778313,
            439.6
          ],
          [
            140.2770857395619,
            40.68957811105279,
            437.5
          ],
          [
            140.2770714648388,
            40.68966750432245,
            435.3
          ],
          [
            140.27705177143588,
            40.68975616326221,
            433.2
          ],
          [
            140.27702463676297,
            40.68984381377423,
            431.6
          ],
          [
            140.27699750209007,
            40.68993146428625,
            428.6
          ],
          [
            140.27697036741716,
            40.690019114798275,
            425.7
          ],
          [
            140.27694323274426,
            40.6901067653103,
            424.7
          ],
          [
            140.27691609807135,
            40.69019441582232,
            423.0
          ],
          [
            140.27688896339845,
            40.69028206633434,
            421.0
          ],
          [
            140.27686182872552,
            40.69036971684636,
            418.8
          ],
          [
            140.2768346940526,
            40.69045736735839,
            417.7
          ],
          [
            140.27679714834994,
            40.69054179582326,
            416.1
          ],
          [
            140.27673622960847,
            40.69061899070654,
            415.2
          ],
          [
            140.27667531086698,
            40.69069618558982,
            414.1
          ],
          [
            140.2766143921255,
            40.690773380473104,
            412.7
          ],
          [
            140.27655347338404,
            40.69085057535639,
            411.1
          ],
          [
            140.27649255464254,
            40.690927770239675,
            407.8
          ],
          [
            140.27643163590108,
            40.69100496512296,
            406.0
          ],
          [
            140.27637071715958,
            40.69108216000624,
            404.0
          ],
          [
            140.2763097984181,
            40.69115935488952,
            400.7
          ],
          [
            140.27626675412458,
            40.69124280722636,
            399.5
          ],
          [
            140.27622940327512,
            40.69132825271351,
            398.4
          ],
          [
            140.27619205242564,
            40.69141369820066,
            397.1
          ],
          [
            140.27615470157616,
            40.69149914368782,
            396.1
          ],
          [
            140.27620022480588,
            40.69157011605815,
            395.8
          ],
          [
            140.27628277520205,
            40.69163462200966,
            396.3
          ],
          [
            140.27636870364663,
            40.69169432893097,
            395.8
          ],
          [
            140.27648498724903,
            40.69171091174592,
            395.7
          ],
          [
            140.27660127085147,
            40.691727494560865,
            395.8
          ],
          [
            140.27671755445388,
            40.691744077375816,
            395.7
          ],
          [
            140.2768026951974,
            40.69175621901199,
            395.8
          ]
        ]
      }
    },
    {
      "type": "Feature",
      "properties": {
        "name": "スレンダーライン",
        "slope_deg": [
          12.13388017063338,
          12.13388017063338,
          12.13388017063338,
          10.481218144130889,
          11.447596263685636,
          11.309932474020215,
          11.447596263685636,
          11.996899307923577,
          11.034209003250188,
          12.816647648997467,
          12.27072035781523,
          12.270720357815385,
          13.224551192213497,
          11.58512622485511,
          11.447596263685636,
          11.447596263685636,
          9.787203664656081,
          10.481218144130889,
          10.757967088390036,
          10.619655276155134,
          9.22988624372772,
          6.983937460085259,
          4.146688825965976,
          3.005269359689804,
          5.852378988915653,
          6.277298489597523,
          6.418786730238786,
          5.142764557884274,
          3.576334374997351,
          4.004172940709484,
          6.135733340186728,
          7.68844776990284,
          9.648045316098251,
          10.757967088390036,
          10.203973721731748,
          10.203973721731748,
          9.369385096487358,
          9.090276920822289,
          8.9505586562316,
          9.090276920822289,
          9.369385096487514,
          8.39062701325255,
          8.810732985984973,
          8.950558656231758,
          7.547725773843206,
          8.39062701325255,
          8.530765609948133,
          7.266008446995867,
          7.969610394321233,
          6.701525844729548,
          8.670801453590993,
          10.757967088390036,
          12.816647648997467,
          16.69924423399362,
          16.304198003832298,
          18.52084947747115,
          20.30447370996045,
          19.41755414157941,
          20.556045219583467,
          17.874511367250282,
          15.642246457208712,
          14.43996512100273,
          10.342657140474627,
          11.447596263685636,
          10.896152141141194,
          8.95055865623168,
          11.585126224855031,
          10.481218144130889,
          8.11004782941908,
          10.0651693527598,
          7.547725773843127,
          5.426812498572835,
          4.716221234338296,
          1.2889375601869444,
          0.7161599454704085,
          1.8614576304667452,
          4.289153328819018,
          6.701525844729468,
          7.829076510059608,
          7.969610394321312,
          7.68844776990284,
          7.125016348901798,
          7.969610394321312,
          8.530765609948133,
          7.547725773843127,
          8.670801453590993,
          8.530765609948133,
          7.547725773843127,
          8.39062701325255,
          7.406912128495215,
          7.266008446996026,
          7.547725773843127,
          7.125016348901798,
          6.842773412630957,
          6.701525844729468,
          8.11004782941908,
          9.648045316098171,
          10.619655276155134,
          10.896152141141116,
          11.859779120948026,
          12.13388017063338,
          12.270720357815309,
          13.495733280795843,
          12.952764513375502,
          11.7225209701022,
          11.309932474020215,
          10.757967088389957,
          10.342657140474627,
          10.065169352759877,
          10.342657140474627,
          8.670801453590993,
          5.994092949108454,
          4.858462919034255,
          3.290883686067228,
          3.718993973158075,
          5.994092949108454,
          8.810732985984973,
          8.810732985984973,
          8.810732985984973,
          8.810732985984973
        ],
        "horizontal_dist_map": 1188,
        "slope_dist_map": 1209,
        "elevation_diff_map": 199.9,
        "avg_slope_deg_map": 9.4,
        "max_slope_deg_map": 20.6
      },
      "geometry": {
        "type": "LineString",
        "coordinates": [
          [
            140.27558612427464,
            40.681146091866694,
            605.5
          ],
          [
            140.27552754327428,
            40.68122432459406,
            602.5
          ],
          [
            140.2754689622739,
            40.68130255732143,
            600.9
          ],
          [
            140.27541038127353,
            40.6813807900488,
            599.2
          ],
          [
            140.2753589294997,
            40.681461677578056,
            596.9
          ],
          [
            140.27531376779885,
            40.68154490742278,
            595.1
          ],
          [
            140.275268606098,
            40.68162813726751,
            592.8
          ],
          [
            140.2752234443971,
            40.681711367112236,
            591.2
          ],
          [
            140.27517828269626,
            40.68179459695696,
            588.8
          ],
          [
            140.2751331209954,
            40.68187782680169,
            586.6
          ],
          [
            140.27508795929455,
            40.68196105664642,
            585.0
          ],
          [
            140.27504553595597,
            40.68204506233361,
            582.1
          ],
          [
            140.27500823452775,
            40.68213051917851,
            580.1
          ],
          [
            140.2749709330995,
            40.68221597602341,
            577.9
          ],
          [
            140.27493363167127,
            40.68230143286831,
            575.6
          ],
          [
            140.27489633024302,
            40.68238688971321,
            573.9
          ],
          [
            140.27486019594923,
            40.68247259432366,
            572.0
          ],
          [
            140.27483402661798,
            40.682560414349744,
            569.8
          ],
          [
            140.27480785728673,
            40.682648234375826,
            568.7
          ],
          [
            140.2748453420163,
            40.6827281991378,
            566.5
          ],
          [
            140.27491303012033,
            40.682801494739685,
            564.4
          ],
          [
            140.27499459947023,
            40.682866712158734,
            562.3
          ],
          [
            140.2750761688201,
            40.682931929577784,
            562.2
          ],
          [
            140.27515773817,
            40.68299714699683,
            561.6
          ],
          [
            140.2752571991298,
            40.683042547523584,
            561.5
          ],
          [
            140.27536640941372,
            40.68307714961984,
            560.2
          ],
          [
            140.27547561969763,
            40.6831117517161,
            558.1
          ],
          [
            140.27558482998154,
            40.68314635381235,
            557.2
          ],
          [
            140.27568225134394,
            40.68319634711767,
            557.0
          ],
          [
            140.2757755988869,
            40.683251659061085,
            556.6
          ],
          [
            140.2758309430261,
            40.68332353133637,
            555.6
          ],
          [
            140.27584632325602,
            40.6834128182518,
            554.4
          ],
          [
            140.275857,
            40.68350233893102,
            552.7
          ],
          [
            140.27585443843762,
            40.683592222082794,
            551.2
          ],
          [
            140.27583418671819,
            40.68368094390134,
            548.8
          ],
          [
            140.27581393499872,
            40.68376966571987,
            546.8
          ],
          [
            140.27577310400386,
            40.68385326489718,
            545.5
          ],
          [
            140.27572058668687,
            40.68393395508793,
            544.0
          ],
          [
            140.27566806936989,
            40.68401464527868,
            542.2
          ],
          [
            140.27562248707537,
            40.68409770464869,
            540.4
          ],
          [
            140.27557821175745,
            40.684181210514986,
            539.2
          ],
          [
            140.27553393643953,
            40.68426471638128,
            537.6
          ],
          [
            140.2754896611216,
            40.68434822224757,
            535.6
          ],
          [
            140.27547282246496,
            40.68443476827245,
            534.5
          ],
          [
            140.2754839890642,
            40.684524417459855,
            533.0
          ],
          [
            140.27549515566346,
            40.684614066647256,
            531.3
          ],
          [
            140.27550632226271,
            40.68470371583466,
            530.3
          ],
          [
            140.27551748886196,
            40.68479336502206,
            528.6
          ],
          [
            140.27556930114767,
            40.68487132391353,
            527.0
          ],
          [
            140.2756387975224,
            40.68494419660147,
            526.2
          ],
          [
            140.27570788690082,
            40.685017285370996,
            524.7
          ],
          [
            140.27577370257123,
            40.68509211221056,
            523.9
          ],
          [
            140.2758395182416,
            40.68516693905013,
            520.9
          ],
          [
            140.2758840960555,
            40.685247989892744,
            518.6
          ],
          [
            140.27590118538143,
            40.6853370965593,
            515.6
          ],
          [
            140.2759157089325,
            40.685426418184406,
            511.9
          ],
          [
            140.27592276882763,
            40.68551601923315,
            509.2
          ],
          [
            140.27587877324754,
            40.685599611009344,
            505.2
          ],
          [
            140.27583477766746,
            40.68568320278554,
            500.8
          ],
          [
            140.27579078208737,
            40.68576679456174,
            497.8
          ],
          [
            140.27574718119737,
            40.68585048726506,
            494.2
          ],
          [
            140.27571596121487,
            40.68593734591935,
            492.3
          ],
          [
            140.2756847412324,
            40.686024204573634,
            489.6
          ],
          [
            140.2756535212499,
            40.686111063227926,
            487.5
          ],
          [
            140.27562238504987,
            40.68619793930221,
            486.9
          ],
          [
            140.27559132192195,
            40.686284830569605,
            484.2
          ],
          [
            140.27556025879406,
            40.686371721837006,
            481.9
          ],
          [
            140.27552919566614,
            40.6864586131044,
            481.2
          ],
          [
            140.27549813253825,
            40.6865455043718,
            478.7
          ],
          [
            140.27546323837208,
            40.6866313096971,
            476.8
          ],
          [
            140.27541207762283,
            40.686712504113764,
            476.2
          ],
          [
            140.27536091687355,
            40.68679369853042,
            474.1
          ],
          [
            140.2753350507938,
            40.6868812686092,
            473.4
          ],
          [
            140.275313302176,
            40.68696975147962,
            473.0
          ],
          [
            140.27530325182056,
            40.68705947716526,
            472.9
          ],
          [
            140.27529320146516,
            40.687149202850904,
            473.2
          ],
          [
            140.2752948586758,
            40.68723905196101,
            472.9
          ],
          [
            140.27530164092198,
            40.68732895510069,
            471.7
          ],
          [
            140.27530772608662,
            40.6874188410719,
            469.9
          ],
          [
            140.27529332350355,
            40.687508222449075,
            468.5
          ],
          [
            140.27527892092047,
            40.687597603826255,
            467.4
          ],
          [
            140.27529335356007,
            40.68768641946471,
            466.1
          ],
          [
            140.27531378582637,
            40.68777511739223,
            464.5
          ],
          [
            140.27538143797702,
            40.68784860317739,
            463.5
          ],
          [
            140.27546350859447,
            40.687913120484176,
            461.8
          ],
          [
            140.2755045967673,
            40.68799455857299,
            460.1
          ],
          [
            140.27553101477366,
            40.688082335732524,
            459.2
          ],
          [
            140.27555687347103,
            40.68817020777429,
            457.4
          ],
          [
            140.27558191431805,
            40.688258218557735,
            455.8
          ],
          [
            140.27560695516507,
            40.688346229341185,
            454.8
          ],
          [
            140.27563199601207,
            40.68843424012463,
            453.3
          ],
          [
            140.2756570368591,
            40.68852225090808,
            452.2
          ],
          [
            140.2756820777061,
            40.68861026169153,
            450.7
          ],
          [
            140.27570711855313,
            40.68869827247497,
            449.5
          ],
          [
            140.27573215940015,
            40.68878628325842,
            448.3
          ],
          [
            140.27575720024714,
            40.68887429404187,
            447.4
          ],
          [
            140.27578224109416,
            40.68896230482532,
            446.0
          ],
          [
            140.27580728194118,
            40.68905031560876,
            443.8
          ],
          [
            140.2758323227882,
            40.68913832639221,
            441.5
          ],
          [
            140.27585744665302,
            40.68922632345155,
            439.9
          ],
          [
            140.27588267707497,
            40.68931430289538,
            438.3
          ],
          [
            140.27590790749693,
            40.689402282339216,
            435.4
          ],
          [
            140.27593313791888,
            40.68949026178305,
            432.9
          ],
          [
            140.27595836834084,
            40.68957824122688,
            431.2
          ],
          [
            140.27598359876276,
            40.689666220670716,
            428.7
          ],
          [
            140.2760020348419,
            40.68975499437846,
            426.2
          ],
          [
            140.27601265008468,
            40.689844682348,
            424.6
          ],
          [
            140.27602326532744,
            40.68993437031755,
            423.2
          ],
          [
            140.2760338805702,
            40.690024058287094,
            421.1
          ],
          [
            140.27603982363576,
            40.690113974951274,
            418.9
          ],
          [
            140.2760443874599,
            40.690203959126826,
            417.5
          ],
          [
            140.27604895128405,
            40.690293943302386,
            415.9
          ],
          [
            140.2760535151082,
            40.690383927477946,
            415.0
          ],
          [
            140.27605807893235,
            40.6904739116535,
            414.7
          ],
          [
            140.2760626427565,
            40.69056389582906,
            414.1
          ],
          [
            140.27606720658065,
            40.69065388000461,
            413.6
          ],
          [
            140.27607177040477,
            40.69074386418017,
            412.4
          ],
          [
            140.27607987808233,
            40.6908335197424,
            410.5
          ],
          [
            140.27610382929893,
            40.6909217061699,
            407.9
          ],
          [
            140.27612445285743,
            40.69099764043153,
            405.6
          ]
        ]
      }
    },
    {
      "type": "Feature",
      "properties": {
        "name": "スケートアウェイ",
        "slope_deg": [
          3.576334374997351,
          3.576334374997351,
          3.576334374997351,
          6.418786730238786,
          9.50877195829791,
          7.969610394321233,
          8.9505586562316,
          6.983937460085259,
          5.4268124985727555,
          5.4268124985727555,
          5.4268124985727555,
          5.4268124985727555
        ],
        "horizontal_dist_map": 108,
        "slope_dist_map": 109,
        "elevation_diff_map": 10.7,
        "avg_slope_deg_map": 5.6,
        "max_slope_deg_map": 9.5
      },
      "geometry": {
        "type": "LineString",
        "coordinates": [
          [
            140.28652317205297,
            40.68356964350218,
            583.8
          ],
          [
            140.2864204215865,
            40.683614263090725,
            584.1
          ],
          [
            140.28631767112006,
            40.68365888267927,
            584.2
          ],
          [
            140.2862149206536,
            40.68370350226781,
            582.3
          ],
          [
            140.28612984935228,
            40.68376594903608,
            581.3
          ],
          [
            140.28604747025108,
            40.68383029998194,
            579.6
          ],
          [
            140.28598207405201,
            40.68390533908086,
            577.5
          ],
          [
            140.28591667785295,
            40.683980378179776,
            576.7
          ],
          [
            140.28585129414157,
            40.684055423542105,
            575.0
          ],
          [
            140.28578655434274,
            40.68413079187023,
            574.7
          ],
          [
            140.28572181454388,
            40.68420616019836,
            573.7
          ],
          [
            140.2856635738587,
            40.68427396243359,
            573.1
          ]
        ]
      }
    },
    {
      "type": "Feature",
      "properties": {
        "name": "ピストオフ",
        "slope_deg": [
          13.90135076950909,
          13.90135076950909,
          13.90135076950909,
          14.57421619803871,
          15.642246457208788,
          13.631094443421603,
          12.952764513375426,
          11.996899307923577,
          11.996899307923577,
          11.996899307923577,
          11.996899307923577
        ],
        "horizontal_dist_map": 92,
        "slope_dist_map": 94,
        "elevation_diff_map": 21.6,
        "avg_slope_deg_map": 12.8,
        "max_slope_deg_map": 15.6
      },
      "geometry": {
        "type": "LineString",
        "coordinates": [
          [
            140.28265612636665,
            40.6800780465955,
            662.8
          ],
          [
            140.28259606220658,
            40.68015562435567,
            660.9
          ],
          [
            140.28253599804654,
            40.680233202115836,
            659.1
          ],
          [
            140.282476624266,
            40.6803110798077,
            655.5
          ],
          [
            140.28241945025346,
            40.680389913177066,
            652.9
          ],
          [
            140.28236143163502,
            40.68046837728856,
            650.5
          ],
          [
            140.2823008051951,
            40.6805457012724,
            647.9
          ],
          [
            140.28224959814142,
            40.68062621164569,
            645.8
          ],
          [
            140.28221485111018,
            40.68071229011444,
            643.7
          ],
          [
            140.28218063082352,
            40.680798483834025,
            642.0
          ],
          [
            140.28217414007435,
            40.6808169423758,
            641.2
          ]
        ]
      }
    },
    {
      "type": "Feature",
      "properties": {
        "name": "スカイラインコネクタ",
        "slope_deg": [
          13.224551192213497,
          13.224551192213497,
          13.224551192213497,
          12.68038349181982,
          11.172136252167274,
          11.859779120947948,
          11.859779120947948,
          11.859779120947948,
          11.859779120947948
        ],
        "horizontal_dist_map": 71,
        "slope_dist_map": 73,
        "elevation_diff_map": 16.3,
        "avg_slope_deg_map": 12.6,
        "max_slope_deg_map": 13.2
      },
      "geometry": {
        "type": "LineString",
        "coordinates": [
          [
            140.28238820043828,
            40.678970427076365,
            703.0
          ],
          [
            140.2824518793868,
            40.67904631506068,
            699.3
          ],
          [
            140.28251555833532,
            40.679122203045,
            697.2
          ],
          [
            140.28258018053444,
            40.679197268555185,
            695.1
          ],
          [
            140.28268753927262,
            40.67923506963241,
            693.6
          ],
          [
            140.2827948980108,
            40.679272870709646,
            690.3
          ],
          [
            140.2829089817147,
            40.67927839812493,
            689.3
          ],
          [
            140.28302643639287,
            40.679267747958356,
            686.7
          ],
          [
            140.28303846919675,
            40.67926665688759,
            686.7
          ]
        ]
      }
    }
  ]
}