{
  "type": "FeatureCollection",
  "features": [
    {
      "type": "Feature",
      "properties": {
        "name": "ポールバーン",
        "slope_deg": [
          8.530765609948133,
          8.530765609948133,
          8.530765609948133,
          8.530765609948133,
          9.926245506651705,
          15.37625124882619,
          16.69924423399362,
          16.69924423399362,
          16.69924423399362,
          9.926245506651705,
          8.530765609948133,
          7.125016348901798,
          7.125016348901798,
          12.68038349181982,
          12.68038349181982,
          12.68038349181982,
          12.68038349181982,
          11.309932474020215,
          11.309932474020215,
          12.68038349181982,
          14.036243467926479,
          12.68038349181982,
          11.309932474020215,
          11.309932474020215,
          9.926245506651705,
          9.926245506651705,
          9.926245506651705,
          9.926245506651705,
          9.926245506651705
        ],
        "horizontal_dist_map": 274,
        "slope_dist_map": 281,
        "elevation_diff_map": 57.0,
        "avg_slope_deg_map": 11.4,
        "max_slope_deg_map": 16.7
      },
      "geometry": {
        "type": "LineString",
        "coordinates": [
          [
            138.49071656968522,
            37.04561332778256,
            630.0
          ],
          [
            138.49077880281308,
            37.04568836688697,
            628.0
          ],
          [
            138.49084103594095,
            37.04576340599138,
            627.0
          ],
          [
            138.4909032690688,
            37.04583844509579,
            626.0
          ],
          [
            138.49096550219664,
            37.0459134842002,
            624.0
          ],
          [
            138.4910277353245,
            37.04598852330461,
            622.0
          ],
          [
            138.49108446505528,
            37.04606629044435,
            620.0
          ],
          [
            138.4911404136465,
            37.04614444479517,
            615.0
          ],
          [
            138.4911963622377,
            37.04622259914598,
            612.0
          ],
          [
            138.49124153618985,
            37.04630502024137,
            610.0
          ],
          [
            138.49128497521173,
            37.046388128367134,
            608.0
          ],
          [
            138.4913284142336,
            37.0464712364929,
            608.0
          ],
          [
            138.49132082582216,
            37.04656083610364,
            606.0
          ],
          [
            138.49131162257092,
            37.04665064114717,
            605.0
          ],
          [
            138.49130241931968,
            37.046740446190704,
            603.0
          ],
          [
            138.49128068077798,
            37.04682884579469,
            599.0
          ],
          [
            138.49125864718846,
            37.04691720459675,
            597.0
          ],
          [
            138.49123493239802,
            37.0470052842397,
            596.0
          ],
          [
            138.49121121760757,
            37.04709336388265,
            594.0
          ],
          [
            138.4911875028171,
            37.04718144352561,
            591.0
          ],
          [
            138.49116413923966,
            37.047269583038485,
            589.0
          ],
          [
            138.4911410907673,
            37.04735777626611,
            587.0
          ],
          [
            138.49111804229491,
            37.04744596949374,
            584.0
          ],
          [
            138.4910878222366,
            37.04753267003873,
            582.0
          ],
          [
            138.49105442760984,
            37.04761870983401,
            581.0
          ],
          [
            138.49102103298304,
            37.047704749629304,
            579.0
          ],
          [
            138.490990363084,
            37.04779138993849,
            577.0
          ],
          [
            138.4909641849289,
            37.04787902020149,
            575.0
          ],
          [
            138.49095132724284,
            37.04792206075986,
            573.0
          ]
        ]
      }
    },
    {
      "type": "Feature",
      "properties": {
        "name": "ラ・メール",
        "slope_deg": [
          8.530765609948133,
          8.530765609948133,
          8.530765609948133,
          12.68038349181982,
          9.926245506651705,
          11.309932474020215,
          11.309932474020215,
          8.530765609948133,
          9.926245506651705,
          5.710593137499643,
          2.862405226111748,
          5.710593137499643,
          2.862405226111748,
          7.125016348901798,
          7.125016348901798,
          2.862405226111748,
          5.710593137499643,
          2.862405226111748,
          1.4320961841646465,
          4.289153328819018,
          2.862405226111748,
          2.862405226111748,
          8.530765609948133,
          11.309932474020215,
          12.68038349181982,
          14.036243467926479,
          12.68038349181982,
          9.926245506651705,
          9.926245506651705,
          11.309932474020215,
          11.309932474020215,
          9.926245506651705,
          9.926245506651705,
          12.68038349181982,
          11.309932474020215,
          14.036243467926479,
          14.036243467926479,
          15.37625124882619,
          18.00416160591338,
          18.00416160591338,
          20.556045219583467,
          23.025492008528037,
          23.025492008528037,
          23.025492008528037,
          27.699472808055,
          25.407718108948472,
          27.699472808055,
          29.89890183861456,
          21.80140948635181,
          18.00416160591338,
          14.036243467926479,
          8.530765609948133,
          8.530765609948133,
          8.530765609948133,
          9.926245506651705,
          9.926245506651705,
          12.68038349181982,
          12.68038349181982,
          16.69924423399362,
          18.00416160591338,
          16.69924423399362,
          21.80140948635181,
          21.80140948635181,
          25.407718108948472,
          27.699472808055,
          23.025492008528037,
          19.290046219188735,
          16.69924423399362,
          14.036243467926479,
          14.036243467926479,
          15.37625124882619,
          15.37625124882619,
          12.68038349181982,
          11.309932474020215,
          8.530765609948133,
          4.289153328819018,
          7.125016348901798,
          8.530765609948133,
          7.125016348901798,
          9.926245506651705,
          9.926245506651705,
          7.125016348901798,
          7.125016348901798,
          7.125016348901798,
          7.125016348901798
        ],
        "horizontal_dist_map": 834,
        "slope_dist_map": 866,
        "elevation_diff_map": 190.0,
        "avg_slope_deg_map": 12.4,
        "max_slope_deg_map": 29.9
      },
      "geometry": {
        "type": "LineString",
        "coordinates": [
          [
            138.49326776689804,
            37.03532710677507,
            918.0
          ],
          [
            138.49315598242814,
            37.03531771376753,
            918.0
          ],
          [
            138.49304419795826,
            37.03530832076,
            915.0
          ],
          [
            138.49293241348835,
            37.035298927752464,
            914.0
          ],
          [
            138.49282041373738,
            37.03529309059763,
            912.0
          ],
          [
            138.49270802005202,
            37.03529376015785,
            909.0
          ],
          [
            138.49259562636666,
            37.03529442971807,
            908.0
          ],
          [
            138.49248379967634,
            37.0352985422368,
            906.0
          ],
          [
            138.49237504031603,
            37.03532128047387,
            904.0
          ],
          [
            138.49226668614028,
            37.03534499137977,
            903.0
          ],
          [
            138.49216270956748,
            37.035379210972515,
            901.0
          ],
          [
            138.49205873299465,
            37.03541343056526,
            902.0
          ],
          [
            138.49195407120158,
            37.03544600885608,
            902.0
          ],
          [
            138.49184534839333,
            37.035468859833884,
            899.0
          ],
          [
            138.49173662558508,
            37.035491710811684,
            899.0
          ],
          [
            138.49163016752044,
            37.03552015348233,
            897.0
          ],
          [
            138.49152529485048,
            37.03555256226752,
            897.0
          ],
          [
            138.49141988495307,
            37.03558383728009,
            897.0
          ],
          [
            138.49131443641275,
            37.03561499040344,
            895.0
          ],
          [
            138.49120319149398,
            37.03562786033061,
            895.0
          ],
          [
            138.4910925531186,
            37.035643637922846,
            896.0
          ],
          [
            138.4909831342482,
            37.0356638972673,
            894.0
          ],
          [
            138.4908748623718,
            37.03568808594893,
            893.0
          ],
          [
            138.49076882358327,
            37.035716009257925,
            893.0
          ],
          [
            138.49069072511804,
            37.03577916323616,
            890.0
          ],
          [
            138.4906406067027,
            37.03585957066688,
            886.0
          ],
          [
            138.49059315972212,
            37.03594125631412,
            884.0
          ],
          [
            138.49054571274155,
            37.036022941961356,
            883.0
          ],
          [
            138.49049826576095,
            37.0361046276086,
            881.0
          ],
          [
            138.49045081878037,
            37.03618631325584,
            879.0
          ],
          [
            138.49040337179977,
            37.03626799890308,
            877.0
          ],
          [
            138.4903559248192,
            37.03634968455032,
            875.0
          ],
          [
            138.49030847783862,
            37.03643137019756,
            873.0
          ],
          [
            138.49026938153455,
            37.03651584780009,
            872.0
          ],
          [
            138.49023037527124,
            37.03660035550674,
            870.0
          ],
          [
            138.49019136900793,
            37.0366848632134,
            866.0
          ],
          [
            138.49015236274462,
            37.036769370920055,
            865.0
          ],
          [
            138.49011335648132,
            37.03685387862671,
            862.0
          ],
          [
            138.490074350218,
            37.03693838633336,
            860.0
          ],
          [
            138.49005300401595,
            37.03702654571637,
            855.0
          ],
          [
            138.4900361576801,
            37.03711563556359,
            852.0
          ],
          [
            138.49003977996628,
            37.03720505633393,
            849.0
          ],
          [
            138.49005213212476,
            37.03729461824306,
            845.0
          ],
          [
            138.49006448428327,
            37.037384180152195,
            838.0
          ],
          [
            138.49007683644174,
            37.03747374206133,
            835.0
          ],
          [
            138.49008597348796,
            37.03756349869094,
            832.0
          ],
          [
            138.49009054603644,
            37.03765353176541,
            824.0
          ],
          [
            138.49009511858492,
            37.037743564839865,
            819.0
          ],
          [
            138.49009178542278,
            37.03783342464381,
            814.0
          ],
          [
            138.49008108347775,
            37.03792312294515,
            809.0
          ],
          [
            138.49005474283533,
            37.03801058043326,
            808.0
          ],
          [
            138.4900307673277,
            37.03809844188588,
            806.0
          ],
          [
            138.49001637320322,
            37.03818780763136,
            804.0
          ],
          [
            138.4900019790787,
            37.03827717337684,
            803.0
          ],
          [
            138.49000511847723,
            37.03836641999423,
            802.0
          ],
          [
            138.49002139999,
            37.0384555773201,
            800.0
          ],
          [
            138.4900437194397,
            37.038543725043176,
            797.0
          ],
          [
            138.49007325628915,
            37.03863066594558,
            796.0
          ],
          [
            138.4901044789793,
            37.03871704872277,
            793.0
          ],
          [
            138.4901600744128,
            37.03879536250359,
            791.0
          ],
          [
            138.4902156698463,
            37.0388736762844,
            785.0
          ],
          [
            138.49027722384386,
            37.0389486819961,
            783.0
          ],
          [
            138.4903491206515,
            37.03901794559772,
            781.0
          ],
          [
            138.49042101745914,
            37.039087209199344,
            775.0
          ],
          [
            138.49049291426678,
            37.03915647280097,
            769.0
          ],
          [
            138.4905414027895,
            37.03923704689147,
            764.0
          ],
          [
            138.49058111250775,
            37.03932112537663,
            760.0
          ],
          [
            138.49060397969413,
            37.03940934863953,
            758.0
          ],
          [
            138.49062990742206,
            37.039497026233185,
            755.0
          ],
          [
            138.49065584184027,
            37.03958470263401,
            752.0
          ],
          [
            138.49068161540032,
            37.039672408660365,
            750.0
          ],
          [
            138.4907060137956,
            37.03976036795323,
            748.0
          ],
          [
            138.49073041219089,
            37.0398483272461,
            744.0
          ],
          [
            138.49075481058617,
            37.03993628653896,
            741.0
          ],
          [
            138.49077800183588,
            37.04002445445773,
            741.0
          ],
          [
            138.49080097773532,
            37.04011265959458,
            740.0
          ],
          [
            138.4908239536348,
            37.040200864731425,
            738.0
          ],
          [
            138.49084692953423,
            37.040289069868265,
            738.0
          ],
          [
            138.49087067949444,
            37.040377142774425,
            736.0
          ],
          [
            138.49089456100413,
            37.040465193208334,
            734.0
          ],
          [
            138.49091844251384,
            37.04055324364224,
            733.0
          ],
          [
            138.49094220499853,
            37.04064131050084,
            731.0
          ],
          [
            138.49095642475436,
            37.040730694194835,
            729.0
          ],
          [
            138.49097064451018,
            37.04082007788884,
            729.0
          ],
          [
            138.49097698708044,
            37.0408599465312,
            728.0
          ]
        ]
      }
    },
    {
      "type": "Feature",
      "properties": {
        "name": "プロムナード",
        "slope_deg": [
          8.530765609948133,
          8.530765609948133,
          8.530765609948133,
          7.125016348901798,
          9.926245506651705,
          14.036243467926479,
          12.68038349181982,
          14.036243467926479,
          11.309932474020215,
          7.125016348901798,
          7.125016348901798,
          8.530765609948133,
          9.926245506651705,
          11.309932474020215,
          11.309932474020215,
          11.309932474020215,
          11.309932474020215,
          11.309932474020215,
          11.309932474020215,
          8.530765609948133,
          8.530765609948133,
          5.710593137499643,
          5.710593137499643,
          4.289153328819018,
          2.862405226111748,
          2.862405226111748,
          4.289153328819018,
          4.289153328819018,
          5.710593137499643,
          5.710593137499643,
          5.710593137499643,
          8.530765609948133,
          9.926245506651705,
          12.68038349181982,
          12.68038349181982,
          14.036243467926479,
          14.036243467926479,
          16.69924423399362,
          16.69924423399362,
          16.69924423399362,
          15.37625124882619,
          12.68038349181982,
          12.68038349181982,
          9.926245506651705,
          9.926245506651705,
          9.926245506651705,
          8.530765609948133,
          9.926245506651705,
          9.926245506651705,
          9.926245506651705,
          9.926245506651705,
          14.036243467926479,
          12.68038349181982,
          12.68038349181982,
          14.036243467926479,
          11.7225209701022,
          14.036243467926479,
          14.439965121002654,
          15.774985955414008,
          13.495733280795843,
          12.816647648997467,
          11.859779120948104,
          10.065169352759877,
          10.896152141141194,
          10.065169352759877,
          10.342657140474548,
          9.50877195829791,
          9.22988624372772,
          9.22988624372772,
          9.22988624372772,
          8.39062701325255,
          6.983937460085259,
          7.829076510059608,
          7.829076510059608,
          11.58512622485511,
          13.088732789694,
          14.84222705791098,
          15.37625124882619,
          15.509334522674754,
          15.642246457208788,
          15.109575122340555,
          14.708303899682749,
          12.407418527400838,
          10.481218144130889,
          7.125016348901798,
          6.560196400571341,
          5.9940929491083725,
          6.277298489597523,
          5.710593137499643,
          5.568737077976604,
          4.858462919034416,
          4.573921259900927,
          5.000644597558433,
          4.7162212343382155,
          4.431564716435714,
          4.573921259900927,
          7.406912128495133,
          7.969610394321392,
          9.926245506651705,
          8.9505586562316,
          7.547725773843206,
          7.125016348901798,
          6.842773412631036,
          8.39062701325255,
          9.369385096487514,
          9.648045316098251,
          10.20397372173159,
          11.034209003250343,
          11.996899307923577,
          12.68038349181982,
          14.305551846622015,
          14.305551846622015,
          14.305551846622015,
          14.305551846622015
        ],
        "horizontal_dist_map": 1128,
        "slope_dist_map": 1150,
        "elevation_diff_map": 201.3,
        "avg_slope_deg_map": 9.9,
        "max_slope_deg_map": 16.7
      },
      "geometry": {
        "type": "LineString",
        "coordinates": [
          [
            138.4909931359336,
            37.04099644200146,
            727.0
          ],
          [
            138.49100744781464,
            37.04108581624848,
            725.0
          ],
          [
            138.4910217596957,
            37.04117519049551,
            724.0
          ],
          [
            138.49103607157676,
            37.04126456474254,
            723.0
          ],
          [
            138.4910503834578,
            37.041353938989566,
            721.0
          ],
          [
            138.49106469533885,
            37.04144331323659,
            720.0
          ],
          [
            138.49107900721992,
            37.04153268748362,
            717.0
          ],
          [
            138.49108177715098,
            37.04162272014439,
            713.0
          ],
          [
            138.49108339743924,
            37.04171281838685,
            712.0
          ],
          [
            138.49108501772747,
            37.041802916629315,
            710.0
          ],
          [
            138.49108663801573,
            37.041893014871775,
            709.0
          ],
          [
            138.4910874512442,
            37.041983084555774,
            708.0
          ],
          [
            138.49107593378113,
            37.04207271790821,
            707.0
          ],
          [
            138.49106441631807,
            37.04216235126064,
            704.0
          ],
          [
            138.491052898855,
            37.04225198461308,
            702.0
          ],
          [
            138.49102559048708,
            37.04233841129656,
            700.0
          ],
          [
            138.49098248337086,
            37.04242162971829,
            699.0
          ],
          [
            138.4909393762546,
            37.04250484814002,
            696.0
          ],
          [
            138.49089626913837,
            37.04258806656175,
            694.0
          ],
          [
            138.49085316202212,
            37.04267128498348,
            692.0
          ],
          [
            138.4908078090043,
            37.04275369511308,
            691.0
          ],
          [
            138.49075886993342,
            37.042834814634695,
            690.0
          ],
          [
            138.4907099308625,
            37.042915934156305,
            688.0
          ],
          [
            138.4906609917916,
            37.04299705367792,
            688.0
          ],
          [
            138.49061205272068,
            37.04307817319953,
            687.0
          ],
          [
            138.49056311364978,
            37.04315929272115,
            687.0
          ],
          [
            138.49051417457886,
            37.04324041224277,
            686.0
          ],
          [
            138.4904631576524,
            37.04332069874741,
            686.0
          ],
          [
            138.4904115331246,
            37.04340074166328,
            684.0
          ],
          [
            138.49035990859676,
            37.04348078457915,
            684.0
          ],
          [
            138.4903082840689,
            37.04356082749503,
            682.0
          ],
          [
            138.49025665954107,
            37.0436408704109,
            682.0
          ],
          [
            138.49020503501322,
            37.04372091332677,
            680.0
          ],
          [
            138.4901534104854,
            37.04380095624265,
            678.0
          ],
          [
            138.49010178595753,
            37.043880999158525,
            675.0
          ],
          [
            138.49004932564546,
            37.04396066799381,
            673.0
          ],
          [
            138.4899913991843,
            37.04403789028827,
            671.0
          ],
          [
            138.48993347272315,
            37.04411511258273,
            668.0
          ],
          [
            138.48987554626197,
            37.044192334877195,
            665.0
          ],
          [
            138.48981761980082,
            37.04426955717166,
            661.0
          ],
          [
            138.48975969333966,
            37.04434677946612,
            659.0
          ],
          [
            138.48970176687848,
            37.04442400176058,
            656.0
          ],
          [
            138.4896430434775,
            37.04450082010834,
            654.0
          ],
          [
            138.48958083760292,
            37.044575873286746,
            652.0
          ],
          [
            138.48951863172832,
            37.04465092646515,
            650.0
          ],
          [
            138.4894564258537,
            37.04472597964355,
            649.0
          ],
          [
            138.4893942199791,
            37.04480103282196,
            647.0
          ],
          [
            138.4893320141045,
            37.044876086000365,
            645.0
          ],
          [
            138.4892698082299,
            37.044951139178764,
            644.0
          ],
          [
            138.4892071737749,
            37.045025952111985,
            642.0
          ],
          [
            138.4891405679861,
            37.045098538872736,
            640.0
          ],
          [
            138.48907396219732,
            37.04517112563348,
            638.0
          ],
          [
            138.4890073564085,
            37.04524371239423,
            637.0
          ],
          [
            138.4889415804002,
            37.045316741770236,
            632.0
          ],
          [
            138.48888377493518,
            37.04539402273347,
            631.0
          ],
          [
            138.48882596947018,
            37.04547130369671,
            629.0
          ],
          [
            138.48876816400517,
            37.04554858465994,
            627.0
          ],
          [
            138.4887143787781,
            37.04562763762989,
            623.7
          ],
          [
            138.48866393406297,
            37.045708163002644,
            621.0
          ],
          [
            138.48861348934784,
            37.0457886883754,
            618.7
          ],
          [
            138.4885630446327,
            37.045869213748155,
            615.7
          ],
          [
            138.48851625905195,
            37.04595104304601,
            614.1
          ],
          [
            138.48847547726808,
            37.04603501178472,
            611.9
          ],
          [
            138.4884346954842,
            37.04611898052343,
            610.3
          ],
          [
            138.48839391370032,
            37.04620294926214,
            608.6
          ],
          [
            138.48835313191645,
            37.046286918000845,
            606.4
          ],
          [
            138.4883123501326,
            37.04637088673956,
            604.8
          ],
          [
            138.48827105670452,
            37.04645469261506,
            603.0
          ],
          [
            138.48822885030475,
            37.046538207879436,
            601.9
          ],
          [
            138.48818664390498,
            37.046621723143815,
            599.9
          ],
          [
            138.48814443750524,
            37.046705238408194,
            598.3
          ],
          [
            138.48810223110547,
            37.046788753672566,
            596.5
          ],
          [
            138.4880600247057,
            37.046872268936944,
            596.0
          ],
          [
            138.48801938176007,
            37.046956271400326,
            595.0
          ],
          [
            138.48798013764937,
            37.04704070976457,
            592.8
          ],
          [
            138.4879408935387,
            37.04712514812882,
            591.0
          ],
          [
            138.487901649428,
            37.04720958649307,
            587.8
          ],
          [
            138.48786240531732,
            37.047294024857315,
            585.7
          ],
          [
            138.48782316120665,
            37.047378463221555,
            582.2
          ],
          [
            138.48777947629998,
            37.04746146524365,
            580.0
          ],
          [
            138.48773461794718,
            37.0475440877234,
            576.7
          ],
          [
            138.48768990059023,
            37.04762675475989,
            574.5
          ],
          [
            138.4876523491758,
            37.04771168633915,
            571.4
          ],
          [
            138.48761479776138,
            37.04779661791841,
            569.5
          ],
          [
            138.48757724634694,
            37.04788154949767,
            567.9
          ],
          [
            138.4875396949325,
            37.04796648107693,
            567.1
          ],
          [
            138.4875021435181,
            37.048051412656186,
            566.4
          ],
          [
            138.48746263274518,
            37.048135750798075,
            564.9
          ],
          [
            138.48742072814275,
            37.04821936391292,
            563.7
          ],
          [
            138.4873788235403,
            37.04830297702777,
            562.7
          ],
          [
            138.48733691893787,
            37.04838659014261,
            562.4
          ],
          [
            138.48729757752318,
            37.04847094514297,
            561.0
          ],
          [
            138.48726317070987,
            37.04855672840752,
            560.3
          ],
          [
            138.48722302912006,
            37.04864088727528,
            559.5
          ],
          [
            138.48718255228286,
            37.04872495118297,
            558.9
          ],
          [
            138.48714207544563,
            37.048809015090654,
            557.7
          ],
          [
            138.48710159860843,
            37.04889307899834,
            557.2
          ],
          [
            138.4870611217712,
            37.048977142906026,
            556.3
          ],
          [
            138.487020644934,
            37.04906120681371,
            553.7
          ],
          [
            138.48698016809678,
            37.0491452707214,
            552.1
          ],
          [
            138.48693969125958,
            37.04922933462908,
            550.2
          ],
          [
            138.48689921442238,
            37.04931339853677,
            550.0
          ],
          [
            138.48686231701132,
            37.049398499478706,
            548.4
          ],
          [
            138.4868263878159,
            37.04948388093287,
            547.1
          ],
          [
            138.4867904586205,
            37.049569262387024,
            545.4
          ],
          [
            138.48675452942507,
            37.04965464384118,
            544.1
          ],
          [
            138.48671860022966,
            37.04974002529534,
            541.8
          ],
          [
            138.48668308008655,
            37.04982551507277,
            540.3
          ],
          [
            138.48664848777574,
            37.049911250554295,
            538.2
          ],
          [
            138.48661389546493,
            37.04999698603582,
            536.3
          ],
          [
            138.48657930315412,
            37.050082721517356,
            533.3
          ],
          [
            138.4865447108433,
            37.05016845699888,
            531.3
          ],
          [
            138.48651011853246,
            37.05025419248041,
            528.0
          ],
          [
            138.4864817140055,
            37.05032459181891,
            525.7
          ]
        ]
      }
    },
    {
      "type": "Feature",
      "properties": {
        "name": "センターゲレンデ",
        "slope_deg": [
          9.926245506651705,
          9.926245506651705,
          9.926245506651705,
          11.996899307923577,
          13.224551192213497,
          14.036243467926479,
          14.439965121002807,
          13.360218444764483,
          13.901350769509168,
          11.859779120948026,
          12.1338801706333,
          11.996899307923577,
          12.1338801706333,
          13.088732789694076,
          13.360218444764483,
          13.360218444764483,
          12.40741852740076,
          12.270720357815309,
          12.68038349181982,
          13.088732789694,
          14.574216198038783,
          14.842227057911055,
          14.30555184662194,
          14.43996512100273,
          14.708303899682749,
          14.574216198038783,
          14.170977562933123,
          12.543973346572155,
          10.0651693527598,
          8.39062701325255,
          8.250387228905515,
          8.670801453590913,
          9.926245506651705,
          10.896152141141116,
          11.309932474020215,
          11.859779120948026,
          11.172136252167194,
          13.088732789694076,
          12.270720357815309,
          13.224551192213497,
          12.68038349181982,
          10.203973721731668,
          8.11004782941908,
          5.284821092509,
          3.4336303624504896,
          3.4336303624504896,
          3.4336303624504896,
          3.4336303624504896
        ],
        "horizontal_dist_map": 464,
        "slope_dist_map": 474,
        "elevation_diff_map": 93.8,
        "avg_slope_deg_map": 11.2,
        "max_slope_deg_map": 14.8
      },
      "geometry": {
        "type": "LineString",
        "coordinates": [
          [
            138.48645952984316,
            37.05040254395868,
            524.7
          ],
          [
            138.48642288852707,
            37.05048773096295,
            523.4
          ],
          [
            138.486386247211,
            37.050572917967216,
            522.0
          ],
          [
            138.48634960589487,
            37.05065810497148,
            519.6
          ],
          [
            138.4863129645788,
            37.05074329197574,
            517.7
          ],
          [
            138.4862763232627,
            37.05082847898001,
            514.9
          ],
          [
            138.4862396819466,
            37.050913665984275,
            512.6
          ],
          [
            138.48620304063053,
            37.05099885298854,
            509.6
          ],
          [
            138.4861663993144,
            37.05108403999281,
            507.4
          ],
          [
            138.48612975799833,
            37.051169226997075,
            505.4
          ],
          [
            138.48609311668224,
            37.051254414001335,
            502.7
          ],
          [
            138.48605647536615,
            37.0513396010056,
            501.2
          ],
          [
            138.48601983405007,
            37.05142478800987,
            498.8
          ],
          [
            138.48598319273398,
            37.051509975014135,
            496.9
          ],
          [
            138.48594655141787,
            37.0515951620184,
            494.1
          ],
          [
            138.48590991010178,
            37.05168034902267,
            491.9
          ],
          [
            138.4858732687857,
            37.051765536026934,
            489.3
          ],
          [
            138.4858366274696,
            37.051850723031194,
            487.4
          ],
          [
            138.48579998615352,
            37.05193591003546,
            485.3
          ],
          [
            138.4857633448374,
            37.05202109703973,
            483.2
          ],
          [
            138.48572670352132,
            37.052106284043994,
            480.3
          ],
          [
            138.48569006220524,
            37.05219147104826,
            478.1
          ],
          [
            138.48565601514196,
            37.052277343137064,
            474.9
          ],
          [
            138.48562231699327,
            37.05236330736648,
            472.6
          ],
          [
            138.48558861884462,
            37.05244927159588,
            470.1
          ],
          [
            138.48555492069593,
            37.05253523582529,
            467.8
          ],
          [
            138.48552122254728,
            37.052621200054695,
            464.4
          ],
          [
            138.4854875243986,
            37.0527071642841,
            462.2
          ],
          [
            138.48545382624994,
            37.05279312851351,
            460.0
          ],
          [
            138.48542012810125,
            37.05287909274291,
            458.9
          ],
          [
            138.4853864299526,
            37.05296505697232,
            457.3
          ],
          [
            138.4853527318039,
            37.05305102120173,
            456.3
          ],
          [
            138.48531903365523,
            37.05313698543114,
            454.2
          ],
          [
            138.48528533550657,
            37.053222949660544,
            452.8
          ],
          [
            138.4852516373579,
            37.05330891388995,
            450.3
          ],
          [
            138.48521793920924,
            37.053394878119356,
            448.6
          ],
          [
            138.48518446280573,
            37.05348089806053,
            446.2
          ],
          [
            138.4851510099627,
            37.05356692392108,
            444.4
          ],
          [
            138.48511755711968,
            37.05365294978163,
            442.4
          ],
          [
            138.48508410427664,
            37.05373897564218,
            439.3
          ],
          [
            138.4850506514336,
            37.05382500150274,
            437.5
          ],
          [
            138.48501719859058,
            37.05391102736329,
            435.0
          ],
          [
            138.48498374574754,
            37.053997053223846,
            433.4
          ],
          [
            138.4849502929045,
            37.0540830790844,
            432.1
          ],
          [
            138.4849168400615,
            37.054169104944954,
            431.8
          ],
          [
            138.48488338721845,
            37.0542551308055,
            431.3
          ],
          [
            138.4848499343754,
            37.054341156666055,
            431.0
          ],
          [
            138.48483620790682,
            37.054376455049265,
            430.9
          ]
        ]
      }
    },
    {
      "type": "Feature",
      "properties": {
        "name": "エトワール",
        "slope_deg": [
          7.125016348901798,
          7.125016348901798,
          7.125016348901798,
          7.125016348901798,
          5.710593137499643,
          5.710593137499643,
          8.530765609948133,
          11.309932474020215,
          11.309932474020215,
          11.309932474020215,
          8.530765609948133,
          11.309932474020215,
          14.036243467926479,
          15.37625124882619,
          18.00416160591338,
          11.309932474020215,
          11.309932474020215,
          11.309932474020215,
          11.309932474020215,
          14.036243467926479,
          12.68038349181982,
          12.68038349181982,
          12.68038349181982,
          12.68038349181982,
          11.309932474020215,
          11.309932474020215,
          11.309932474020215,
          15.242997742901547,
          14.708303899682749,
          13.766300685466197,
          11.447596263685636,
          5.852378988915653,
          6.983937460085259,
          7.829076510059608,
          9.22988624372772,
          12.95276451337558,
          11.996899307923577,
          10.481218144131045,
          8.9505586562316,
          5.284821092508918,
          6.135733340186889,
          6.56019640057118,
          6.418786730238786,
          7.547725773843206,
          6.56019640057118,
          5.568737077976766,
          5.426812498572917,
          3.7189939731579127,
          4.289153328819018,
          4.431564716435714,
          3.7189939731579127,
          3.718993973158075,
          3.2908836860673905,
          4.431564716435877,
          5.2848210925090795,
          7.266008446996026,
          8.250387228905435,
          9.090276920822289,
          11.034209003250188,
          10.481218144130889,
          13.495733280795843,
          14.036243467926479,
          14.708303899682749,
          14.842227057911131,
          14.170977562933123,
          14.170977562933123,
          13.766300685466351,
          15.242997742901547,
          14.57421619803871,
          13.631094443421603,
          12.13388017063338,
          12.407418527400838,
          13.088732789694,
          12.68038349181982,
          14.439965121002654,
          13.49573328079569,
          13.360218444764483,
          14.439965121002654,
          12.13388017063338,
          11.722520970102357,
          9.926245506651705,
          10.065169352759877,
          11.172136252167116,
          10.20397372173159,
          9.926245506651705,
          8.250387228905435,
          6.418786730238786,
          6.277298489597683,
          5.852378988915653,
          5.852378988915653,
          6.842773412630876,
          6.277298489597523,
          6.418786730238786,
          7.266008446996026,
          7.266008446996026,
          7.547725773843047,
          8.11004782941916,
          6.983937460085259,
          7.125016348901798,
          6.701525844729548,
          5.142764557884274,
          5.142764557884274,
          3.718993973158075,
          4.7162212343382155,
          4.146688825965976,
          3.8616074096751394,
          4.431564716435877,
          3.4336303624504896,
          5.710593137499643,
          7.266008446995867,
          8.670801453590993,
          7.829076510059608,
          9.508771958297752,
          9.926245506651705,
          8.9505586562316,
          11.996899307923577,
          10.342657140474707,
          9.369385096487514,
          11.034209003250188,
          9.926245506651705,
          11.585126224854955,
          13.360218444764483,
          15.242997742901624,
          15.642246457208788,
          14.842227057911131,
          13.224551192213573,
          12.270720357815309,
          11.996899307923577,
          10.619655276155134,
          10.619655276155134,
          10.619655276155134,
          10.619655276155134
        ],
        "horizontal_dist_map": 1303,
        "slope_dist_map": 1328,
        "elevation_diff_map": 222.8,
        "avg_slope_deg_map": 9.5,
        "max_slope_deg_map": 18.0
      },
      "geometry": {
        "type": "LineString",
        "coordinates": [
          [
            138.49099352040258,
            37.04156217177645,
            717.0
          ],
          [
            138.49093216535948,
            37.0416376724165,
            716.0
          ],
          [
            138.49087081031638,
            37.04171317305655,
            714.0
          ],
          [
            138.49080945527328,
            37.0417886736966,
            713.0
          ],
          [
            138.49074810023018,
            37.04186417433666,
            712.0
          ],
          [
            138.49068674518708,
            37.04193967497671,
            711.0
          ],
          [
            138.49060988047646,
            37.042004330988654,
            710.0
          ],
          [
            138.49052490145084,
            37.04206331333103,
            709.0
          ],
          [
            138.49043992242522,
            37.0421222956734,
            706.0
          ],
          [
            138.4903549433996,
            37.042181278015775,
            703.0
          ],
          [
            138.49025579549337,
            37.04222352888236,
            702.0
          ],
          [
            138.49015604597383,
            37.04226506932743,
            701.0
          ],
          [
            138.49005629645433,
            37.042306609772496,
            700.0
          ],
          [
            138.48995654693482,
            37.042348150217556,
            695.0
          ],
          [
            138.48986121888424,
            37.04239462133669,
            692.0
          ],
          [
            138.48978031612572,
            37.04245717905849,
            690.0
          ],
          [
            138.4896994133672,
            37.04251973678028,
            687.0
          ],
          [
            138.4896205796284,
            37.042583932556504,
            687.0
          ],
          [
            138.48954355863927,
            37.04264956349676,
            684.0
          ],
          [
            138.48946653765015,
            37.04271519443701,
            682.0
          ],
          [
            138.48938951666105,
            37.042780825377264,
            679.0
          ],
          [
            138.48931249567192,
            37.04284645631751,
            677.0
          ],
          [
            138.4892354746828,
            37.04291208725777,
            675.0
          ],
          [
            138.48915845369368,
            37.04297771819802,
            673.0
          ],
          [
            138.48908645217514,
            37.04304690810018,
            670.0
          ],
          [
            138.48901460208305,
            37.04311620536842,
            668.0
          ],
          [
            138.48894275199092,
            37.04318550263666,
            667.0
          ],
          [
            138.48887090189882,
            37.0432547999049,
            665.0
          ],
          [
            138.48879837983253,
            37.043323640722186,
            662.0
          ],
          [
            138.4887248817457,
            37.04339181855934,
            657.1
          ],
          [
            138.48865138365883,
            37.0434599963965,
            656.5
          ],
          [
            138.488577885572,
            37.04352817423366,
            655.2
          ],
          [
            138.48849505797853,
            37.04358906459398,
            653.9
          ],
          [
            138.488411935237,
            37.04364972440783,
            653.0
          ],
          [
            138.48832700102972,
            37.043708170573865,
            651.6
          ],
          [
            138.48822448043208,
            37.04374512581462,
            649.7
          ],
          [
            138.488121952772,
            37.043782068378015,
            647.4
          ],
          [
            138.48801918068656,
            37.04381857218853,
            643.8
          ],
          [
            138.48791765910883,
            37.04385644085369,
            643.1
          ],
          [
            138.48784345740847,
            37.04392412753757,
            642.3
          ],
          [
            138.48776925570812,
            37.043991814221464,
            641.1
          ],
          [
            138.48770192752215,
            37.04406359627601,
            640.1
          ],
          [
            138.48764246330617,
            37.044140063833545,
            638.8
          ],
          [
            138.48758299909022,
            37.044216531391086,
            637.7
          ],
          [
            138.48752353487427,
            37.04429299894862,
            636.6
          ],
          [
            138.48746403555387,
            37.044369448994054,
            634.8
          ],
          [
            138.48740446539597,
            37.04444586370171,
            634.2
          ],
          [
            138.4873448952381,
            37.04452227840936,
            633.8
          ],
          [
            138.4872853250802,
            37.04459869311701,
            632.8
          ],
          [
            138.48722575492232,
            37.04467510782466,
            632.2
          ],
          [
            138.48716618476445,
            37.04475152253231,
            631.2
          ],
          [
            138.48710661460655,
            37.04482793723996,
            630.7
          ],
          [
            138.48705696940075,
            37.04490873091874,
            630.2
          ],
          [
            138.48700829969232,
            37.04498995499504,
            629.6
          ],
          [
            138.4869596299839,
            37.04507117907134,
            628.9
          ],
          [
            138.48691096027545,
            37.04515240314764,
            627.6
          ],
          [
            138.48686229056702,
            37.04523362722394,
            626.5
          ],
          [
            138.48681362085858,
            37.04531485130024,
            624.5
          ],
          [
            138.48677042570435,
            37.0453979913646,
            623.1
          ],
          [
            138.48672919778204,
            37.04548181992208,
            621.2
          ],
          [
            138.48668796985976,
            37.04556564847955,
            618.7
          ],
          [
            138.48664674193745,
            37.04564947703703,
            617.1
          ],
          [
            138.48660551401514,
            37.04573330559451,
            613.5
          ],
          [
            138.48656428609286,
            37.04581713415198,
            611.2
          ],
          [
            138.48652305817055,
            37.04590096270946,
            608.2
          ],
          [
            138.4864821681581,
            37.045984889922174,
            606.5
          ],
          [
            138.48644648283383,
            37.0460703366815,
            603.4
          ],
          [
            138.4864107975096,
            37.04615578344084,
            601.1
          ],
          [
            138.48637511218536,
            37.04624123020017,
            598.4
          ],
          [
            138.48633942686112,
            37.0463266769595,
            595.6
          ],
          [
            138.48630285004293,
            37.0464118794552,
            593.0
          ],
          [
            138.4862658114096,
            37.046496955416515,
            591.4
          ],
          [
            138.4862287727763,
            37.046582031377824,
            589.8
          ],
          [
            138.48617168410425,
            37.04665794240067,
            586.8
          ],
          [
            138.48609919906414,
            37.04672681569317,
            583.7
          ],
          [
            138.48602148885482,
            37.046791832694886,
            582.4
          ],
          [
            138.485941830214,
            37.04685541171095,
            579.5
          ],
          [
            138.48586243476575,
            37.04691919588812,
            577.2
          ],
          [
            138.4857853750312,
            37.04698480077615,
            574.2
          ],
          [
            138.48570831529668,
            37.04705040566417,
            572.1
          ],
          [
            138.48562961189546,
            37.04711472946966,
            570.9
          ],
          [
            138.485549953208,
            37.04717830871997,
            568.9
          ],
          [
            138.48547098235568,
            37.04724237053601,
            567.2
          ],
          [
            138.48540291525325,
            37.047314082115044,
            565.0
          ],
          [
            138.4853348481508,
            37.047385793694076,
            563.0
          ],
          [
            138.48528403076347,
            37.04746557732998,
            561.7
          ],
          [
            138.4852395879518,
            37.04754834396805,
            560.2
          ],
          [
            138.4851969306724,
            37.04763163965366,
            559.2
          ],
          [
            138.4851635282051,
            37.04771767751071,
            558.5
          ],
          [
            138.48513012573784,
            37.047803715367756,
            557.3
          ],
          [
            138.48509672327054,
            37.0478897532248,
            556.1
          ],
          [
            138.48506332080328,
            37.04797579108185,
            555.1
          ],
          [
            138.48505588146995,
            37.04806566297353,
            553.7
          ],
          [
            138.4850488391864,
            37.04815559349844,
            552.9
          ],
          [
            138.4850466353031,
            37.048245472355546,
            551.6
          ],
          [
            138.4850566639501,
            37.04833522058517,
            550.0
          ],
          [
            138.48506669259712,
            37.04842496881481,
            548.6
          ],
          [
            138.48507672124416,
            37.048514717044434,
            547.6
          ],
          [
            138.4850872529926,
            37.048604426965454,
            545.9
          ],
          [
            138.48509848640015,
            37.0486940834587,
            545.1
          ],
          [
            138.48510971980767,
            37.04878373995195,
            543.6
          ],
          [
            138.48513055673584,
            37.04887205097853,
            542.9
          ],
          [
            138.48515793202176,
            37.04895944597203,
            542.3
          ],
          [
            138.48518530730772,
            37.04904684096554,
            541.5
          ],
          [
            138.48521268259367,
            37.049134235959045,
            541.0
          ],
          [
            138.4852400578796,
            37.04922163095255,
            539.6
          ],
          [
            138.48526743316555,
            37.04930902594605,
            539.4
          ],
          [
            138.48529347332882,
            37.04939662707573,
            538.8
          ],
          [
            138.48530855819953,
            37.04948591964706,
            537.9
          ],
          [
            138.48532364307025,
            37.04957521221839,
            537.2
          ],
          [
            138.48533872794098,
            37.049664504789725,
            535.4
          ],
          [
            138.4853538128117,
            37.04975379736105,
            533.7
          ],
          [
            138.48536807661748,
            37.049843140864915,
            531.8
          ],
          [
            138.4853703118428,
            37.049933230529135,
            531.7
          ],
          [
            138.48537254706812,
            37.050023320193354,
            528.7
          ],
          [
            138.48537478229346,
            37.05011340985757,
            526.7
          ],
          [
            138.4853770175188,
            37.05020349952179,
            525.5
          ],
          [
            138.4853792527441,
            37.05029358918601,
            523.2
          ],
          [
            138.48539122783387,
            37.05038264016859,
            521.4
          ],
          [
            138.48541845857176,
            37.05047006425363,
            520.1
          ],
          [
            138.48544568930964,
            37.05055748833866,
            517.7
          ],
          [
            138.48547292004753,
            37.0506449124237,
            516.2
          ],
          [
            138.48550015078544,
            37.05073233650874,
            513.2
          ],
          [
            138.48552832979675,
            37.050819557546745,
            510.6
          ],
          [
            138.48555912245925,
            37.05090621894229,
            506.8
          ],
          [
            138.48558991512175,
            37.05099288033782,
            505.0
          ],
          [
            138.48562070778422,
            37.051079541733365,
            502.6
          ],
          [
            138.48564601093022,
            37.05116712614509,
            501.2
          ],
          [
            138.48566126441656,
            37.05125640032288,
            498.1
          ],
          [
            138.4856765179029,
            37.05134567450066,
            496.5
          ],
          [
            138.48569177138924,
            37.05143494867844,
            495.1
          ],
          [
            138.48569769670036,
            37.051469627784996,
            494.2
          ]
        ]
      }
    },
    {
      "type": "Feature",
      "properties": {
        "name": "メモワール",
        "slope_deg": [
          7.125016348901798,
          7.125016348901798,
          7.125016348901798,
          8.530765609948133,
          9.926245506651705,
          9.926245506651705,
          11.309932474020215,
          8.530765609948133,
          7.125016348901798,
          8.530765609948133,
          7.125016348901798,
          8.530765609948133,
          9.926245506651705,
          12.68038349181982,
          14.036243467926479,
          14.036243467926479,
          14.036243467926479,
          9.926245506651705,
          8.530765609948133,
          8.530765609948133,
          7.125016348901798,
          8.530765609948133,
          11.309932474020215,
          11.309932474020215,
          12.68038349181982,
          12.68038349181982,
          12.68038349181982,
          12.68038349181982,
          12.68038349181982,
          11.309932474020215,
          12.68038349181982,
          9.926245506651705,
          9.926245506651705,
          8.530765609948133,
          5.710593137499643,
          8.530765609948133,
          8.530765609948133,
          12.68038349181982,
          12.68038349181982,
          12.68038349181982,
          12.68038349181982,
          9.926245506651705,
          9.926245506651705,
          8.530765609948133,
          7.125016348901798,
          9.926245506651705,
          8.530765609948133,
          8.530765609948133,
          9.926245506651705,
          8.530765609948133,
          9.926245506651705,
          14.036243467926479,
          12.68038349181982,
          12.68038349181982,
          12.68038349181982,
          8.530765609948133,
          11.309932474020215,
          9.926245506651705,
          8.530765609948133,
          9.926245506651705,
          9.926245506651705,
          9.926245506651705,
          8.530765609948133,
          8.530765609948133,
          4.289153328819018,
          4.289153328819018,
          5.710593137499643,
          5.710593137499643,
          8.530765609948133,
          9.926245506651705,
          12.68038349181982,
          12.68038349181982,
          14.036243467926479,
          12.68038349181982,
          14.036243467926479,
          14.036243467926479,
          11.309932474020215,
          11.309932474020215,
          7.125016348901798,
          7.125016348901798,
          8.530765609948133,
          7.125016348901798,
          8.530765609948133,
          15.37625124882619,
          13.90135076950909,
          16.43605922463559,
          15.37625124882619,
          8.9505586562316,
          9.50877195829791,
          8.810732985984973,
          10.619655276155134,
          9.50877195829791,
          10.896152141141036,
          10.757967088390036,
          9.50877195829791,
          9.50877195829791,
          9.50877195829791,
          9.50877195829791
        ],
        "horizontal_dist_map": 965,
        "slope_dist_map": 985,
        "elevation_diff_map": 174.0,
        "avg_slope_deg_map": 10.0,
        "max_slope_deg_map": 16.4
      },
      "geometry": {
        "type": "LineString",
        "coordinates": [
          [
            138.49122943233567,
            37.041867527062806,
            709.0
          ],
          [
            138.4912446153099,
            37.04195680890174,
            707.0
          ],
          [
            138.49125979828415,
            37.04204609074066,
            706.0
          ],
          [
            138.49127498125839,
            37.042135372579594,
            705.0
          ],
          [
            138.49129016423262,
            37.042224654418526,
            704.0
          ],
          [
            138.49130534720686,
            37.04231393625746,
            701.0
          ],
          [
            138.4913205301811,
            37.04240321809638,
            699.0
          ],
          [
            138.49133571315534,
            37.042492499935314,
            698.0
          ],
          [
            138.49135089612957,
            37.042581781774246,
            696.0
          ],
          [
            138.4913660205525,
            37.04267107000103,
            695.0
          ],
          [
            138.491381137459,
            37.04276035904784,
            694.0
          ],
          [
            138.4913962543655,
            37.04284964809465,
            692.0
          ],
          [
            138.491411371272,
            37.042938937141464,
            691.0
          ],
          [
            138.4914264881785,
            37.04302822618828,
            689.0
          ],
          [
            138.491441605085,
            37.04311751523509,
            687.0
          ],
          [
            138.49145470610915,
            37.04320699687391,
            683.0
          ],
          [
            138.49146619139316,
            37.04329663287622,
            681.0
          ],
          [
            138.4914776766772,
            37.043386268878535,
            679.0
          ],
          [
            138.4914891619612,
            37.04347590488085,
            677.0
          ],
          [
            138.49150064724523,
            37.04356554088316,
            676.0
          ],
          [
            138.49150406151136,
            37.04365542031379,
            675.0
          ],
          [
            138.49150101150053,
            37.04374549471215,
            673.0
          ],
          [
            138.49149796148973,
            37.043835569110506,
            672.0
          ],
          [
            138.49149491147892,
            37.043925643508864,
            670.0
          ],
          [
            138.4914814804788,
            37.044014432277756,
            667.0
          ],
          [
            138.49145047659752,
            37.04410104474021,
            665.0
          ],
          [
            138.49141947271625,
            37.04418765720266,
            663.0
          ],
          [
            138.49138846883497,
            37.04427426966512,
            661.0
          ],
          [
            138.49135468429415,
            37.04436019548909,
            658.0
          ],
          [
            138.49131951168476,
            37.0444457785522,
            656.0
          ],
          [
            138.4912843390754,
            37.044531361615306,
            654.0
          ],
          [
            138.49124916646605,
            37.04461694467842,
            653.0
          ],
          [
            138.49120574124657,
            37.04469953725731,
            649.0
          ],
          [
            138.49114882663042,
            37.04477724170656,
            649.0
          ],
          [
            138.49109191201427,
            37.044854946155816,
            647.0
          ],
          [
            138.49103499739812,
            37.04493265060507,
            647.0
          ],
          [
            138.49097864957082,
            37.04501060727977,
            645.0
          ],
          [
            138.49092647665802,
            37.04509042182394,
            643.0
          ],
          [
            138.4908743037452,
            37.04517023636811,
            641.0
          ],
          [
            138.49082213083238,
            37.04525005091227,
            638.0
          ],
          [
            138.49076995791955,
            37.045329865456445,
            636.0
          ],
          [
            138.49070876284955,
            37.045405263159374,
            634.0
          ],
          [
            138.4906440052355,
            37.04547891680142,
            632.0
          ],
          [
            138.49057924762144,
            37.045552570443476,
            631.0
          ],
          [
            138.49051449000737,
            37.045626224085524,
            629.0
          ],
          [
            138.4904591621414,
            37.045704516672544,
            628.0
          ],
          [
            138.49040655992005,
            37.04578415013477,
            627.0
          ],
          [
            138.49035395769872,
            37.045863783597,
            624.0
          ],
          [
            138.49030135547736,
            37.04594341705923,
            623.0
          ],
          [
            138.49024802215558,
            37.04602271817855,
            622.0
          ],
          [
            138.49018976152152,
            37.04609977944509,
            620.0
          ],
          [
            138.49013150088746,
            37.04617684071164,
            618.0
          ],
          [
            138.49008371615517,
            37.046258059484906,
            616.0
          ],
          [
            138.49004258347432,
            37.04634191821692,
            612.0
          ],
          [
            138.49000145079347,
            37.04642577694892,
            611.0
          ],
          [
            138.4899603181126,
            37.04650963568093,
            609.0
          ],
          [
            138.48991918543175,
            37.04659349441294,
            607.0
          ],
          [
            138.48988397869553,
            37.04667899900379,
            606.0
          ],
          [
            138.48985156766986,
            37.04676528006914,
            603.0
          ],
          [
            138.4898191566442,
            37.046851561134496,
            602.0
          ],
          [
            138.48978674561852,
            37.046937842199846,
            601.0
          ],
          [
            138.48975433459282,
            37.047024123265196,
            599.0
          ],
          [
            138.48972192356715,
            37.04711040433055,
            596.0
          ],
          [
            138.48968945678823,
            37.04719667191953,
            595.0
          ],
          [
            138.48965689708214,
            37.047282917046644,
            595.0
          ],
          [
            138.48962433737603,
            37.04736916217376,
            593.0
          ],
          [
            138.48959044255952,
            37.047455033728674,
            593.0
          ],
          [
            138.48954896926645,
            37.04753878477873,
            592.0
          ],
          [
            138.4895074959734,
            37.047622535828786,
            591.0
          ],
          [
            138.48944469361746,
            37.04769719262773,
            589.0
          ],
          [
            138.48938123017135,
            37.047771567552125,
            587.0
          ],
          [
            138.4893177667252,
            37.04784594247652,
            585.0
          ],
          [
            138.48927384851308,
            37.0479286499803,
            582.0
          ],
          [
            138.48923238768757,
            37.04801240512409,
            580.0
          ],
          [
            138.48919092686205,
            37.04809616026788,
            577.0
          ],
          [
            138.48914946603654,
            37.04817991541168,
            576.0
          ],
          [
            138.48910800521105,
            37.04826367055547,
            572.0
          ],
          [
            138.48906654438554,
            37.04834742569926,
            570.0
          ],
          [
            138.48902508356002,
            37.04843118084305,
            569.0
          ],
          [
            138.4889836227345,
            37.048514935986844,
            568.0
          ],
          [
            138.488942161909,
            37.04859869113064,
            567.0
          ],
          [
            138.48890070108348,
            37.048682446274434,
            565.0
          ],
          [
            138.488859240258,
            37.048766201418225,
            563.0
          ],
          [
            138.48881848369393,
            37.04885017426538,
            563.0
          ],
          [
            138.4887790653054,
            37.04893456077327,
            561.0
          ],
          [
            138.48873964691688,
            37.049018947281155,
            554.0
          ],
          [
            138.48870022852836,
            37.04910333378904,
            553.1
          ],
          [
            138.48866081013983,
            37.04918772029693,
            551.2
          ],
          [
            138.48862139175128,
            37.049272106804814,
            550.0
          ],
          [
            138.48858197336276,
            37.0493564933127,
            547.7
          ],
          [
            138.48854255497423,
            37.04944087982059,
            546.4
          ],
          [
            138.4885031365857,
            37.04952526632847,
            545.0
          ],
          [
            138.48846371819718,
            37.04960965283636,
            542.5
          ],
          [
            138.48842429980863,
            37.04969403934424,
            541.0
          ],
          [
            138.4883848814201,
            37.049778425852125,
            538.7
          ],
          [
            138.48834546303158,
            37.04986281236001,
            537.4
          ],
          [
            138.48830604464305,
            37.0499471988679,
            535.8
          ],
          [
            138.4882845966656,
            37.04999311449217,
            535.0
          ]
        ]
      }
    },
    {
      "type": "Feature",
      "properties": {
        "name": "キューパイ",
        "slope_deg": [
          15.37625124882619,
          15.37625124882619,
          15.37625124882619,
          19.290046219188735,
          16.69924423399362,
          16.69924423399362,
          16.69924423399362,
          12.68038349181982,
          11.309932474020215,
          12.68038349181982,
          11.309932474020215,
          9.926245506651705,
          11.309932474020215,
          11.309932474020215,
          11.309932474020215,
          11.309932474020215,
          14.036243467926479,
          12.68038349181982,
          11.309932474020215,
          11.309932474020215,
          11.309932474020215,
          11.309932474020215
        ],
        "horizontal_dist_map": 203,
        "slope_dist_map": 210,
        "elevation_diff_map": 48.0,
        "avg_slope_deg_map": 12.9,
        "max_slope_deg_map": 19.3
      },
      "geometry": {
        "type": "LineString",
        "coordinates": [
          [
            138.49023071638953,
            37.04631177893695,
            617.0
          ],
          [
            138.49023736005637,
            37.046401728964476,
            615.0
          ],
          [
            138.49024400372323,
            37.046491678992,
            611.0
          ],
          [
            138.49025064739007,
            37.04658162901952,
            609.0
          ],
          [
            138.49025729105693,
            37.04667157904704,
            606.0
          ],
          [
            138.49026393472377,
            37.046761529074566,
            601.0
          ],
          [
            138.49027066853222,
            37.04685147474908,
            599.0
          ],
          [
            138.4902775392491,
            37.04694141381217,
            597.0
          ],
          [
            138.49028440996597,
            37.04703135287526,
            594.0
          ],
          [
            138.49029128068284,
            37.04712129193835,
            592.0
          ],
          [
            138.49030078742845,
            37.04721099385227,
            591.0
          ],
          [
            138.49031896102926,
            37.04729991605636,
            588.0
          ],
          [
            138.49033713463004,
            37.04738883826045,
            586.0
          ],
          [
            138.49035530823082,
            37.047477760464545,
            585.0
          ],
          [
            138.49037342592322,
            37.04756668999908,
            583.0
          ],
          [
            138.49039152710762,
            37.04765562169806,
            580.0
          ],
          [
            138.490409628292,
            37.047744553397045,
            578.0
          ],
          [
            138.4904278126873,
            37.04783347358889,
            577.0
          ],
          [
            138.4904479349198,
            37.04792212579914,
            573.0
          ],
          [
            138.49046805715236,
            37.04801077800939,
            571.0
          ],
          [
            138.4904881793849,
            37.048099430219644,
            570.0
          ],
          [
            138.49049535599949,
            37.04813104812017,
            569.0
          ]
        ]
      }
    },
    {
      "type": "Feature",
      "properties": {
        "name": "ソレイユ",
        "slope_deg": [
          7.125016348901798,
          7.125016348901798,
          7.125016348901798,
          7.125016348901798,
          8.530765609948133,
          9.926245506651705,
          9.926245506651705,
          11.309932474020215,
          11.309932474020215,
          12.68038349181982,
          12.68038349181982,
          12.68038349181982,
          11.309932474020215,
          9.926245506651705,
          8.530765609948133,
          7.125016348901798,
          8.530765609948133,
          7.125016348901798,
          8.530765609948133,
          7.125016348901798,
          7.125016348901798,
          7.125016348901798,
          7.125016348901798,
          8.530765609948133,
          9.926245506651705,
          12.68038349181982,
          12.68038349181982,
          11.309932474020215,
          8.530765609948133,
          5.710593137499643,
          2.862405226111748,
          4.289153328819018,
          4.289153328819018,
          4.289153328819018,
          5.710593137499643,
          5.710593137499643,
          5.710593137499643,
          5.710593137499643,
          5.710593137499643,
          5.710593137499643,
          7.125016348901798,
          7.125016348901798,
          8.530765609948133,
          9.926245506651705,
          8.530765609948133,
          11.309932474020215,
          11.309932474020215,
          12.68038349181982,
          12.68038349181982,
          11.309932474020215,
          8.530765609948133,
          4.289153328819018,
          4.289153328819018,
          2.862405226111748,
          4.289153328819018,
          2.862405226111748,
          4.289153328819018,
          2.862405226111748,
          2.862405226111748,
          4.289153328819018,
          4.289153328819018,
          4.289153328819018,
          5.710593137499643,
          7.125016348901798,
          8.530765609948133,
          12.68038349181982,
          12.68038349181982,
          14.036243467926479,
          16.69924423399362,
          16.69924423399362,
          16.69924423399362,
          21.80140948635181,
          18.00416160591338,
          18.00416160591338,
          21.80140948635181,
          18.00416160591338,
          19.290046219188735,
          21.80140948635181,
          19.290046219188735,
          16.69924423399362,
          16.69924423399362,
          11.309932474020215,
          7.125016348901798,
          7.125016348901798,
          5.710593137499643,
          7.125016348901798,
          9.926245506651705,
          9.926245506651705,
          12.68038349181982,
          11.309932474020215,
          11.309932474020215,
          11.309932474020215,
          11.309932474020215,
          11.309932474020215,
          9.926245506651705,
          9.926245506651705,
          4.289153328819018,
          4.289153328819018,
          5.710593137499643,
          4.289153328819018,
          4.289153328819018,
          4.289153328819018,
          5.710593137499643,
          8.530765609948133,
          12.68038349181982,
          14.036243467926479,
          14.036243467926479,
          19.290046219188735,
          20.556045219583467,
          23.025492008528037,
          23.025492008528037,
          15.37625124882619,
          11.309932474020215,
          14.036243467926479,
          14.036243467926479,
          19.290046219188735,
          21.80140948635181,
          15.37625124882619,
          14.036243467926479,
          9.926245506651705,
          11.309932474020215,
          12.68038349181982,
          9.926245506651705,
          12.68038349181982,
          7.125016348901798,
          9.926245506651705,
          15.37625124882619,
          14.036243467926479,
          15.37625124882619,
          14.036243467926479,
          12.68038349181982,
          11.309932474020215,
          12.68038349181982,
          12.68038349181982,
          9.926245506651705,
          11.309932474020215,
          11.309932474020215,
          7.125016348901798,
          5.710593137499643,
          1.4320961841646465,
          0.0,
          -1.4320961841646465,
          0.0,
          2.862405226111748,
          2.862405226111748,
          7.125016348901798,
          9.926245506651705,
          9.926245506651705,
          9.926245506651705,
          8.530765609948133,
          7.125016348901798,
          8.530765609948133,
          7.125016348901798,
          8.530765609948133,
          7.125016348901798,
          7.125016348901798,
          8.530765609948133,
          8.530765609948133,
          7.125016348901798,
          5.710593137499643,
          5.710593137499643,
          4.289153328819018,
          5.710593137499643,
          7.125016348901798,
          5.710593137499643,
          7.125016348901798,
          5.710593137499643,
          4.289153328819018,
          5.710593137499643,
          4.289153328819018,
          5.710593137499643,
          7.125016348901798,
          7.125016348901798,
          7.125016348901798,
          8.530765609948133,
          9.926245506651705,
          11.309932474020215,
          12.68038349181982,
          12.68038349181982,
          12.68038349181982,
          12.68038349181982,
          11.309932474020215,
          11.309932474020215,
          8.530765609948133,
          8.530765609948133,
          9.926245506651705,
          8.530765609948133,
          9.926245506651705,
          8.530765609948133,
          7.125016348901798,
          7.125016348901798,
          7.125016348901798,
          8.530765609948133,
          9.926245506651705,
          12.68038349181982,
          9.926245506651705,
          8.530765609948133,
          7.125016348901798,
          2.862405226111748,
          2.862405226111748,
          1.4320961841646465,
          0.0,
          1.4320961841646465,
          4.289153328819018,
          4.289153328819018,
          5.710593137499643,
          5.710593137499643,
          4.289153328819018,
          7.125016348901798,
          5.710593137499643,
          5.710593137499643,
          5.710593137499643,
          4.289153328819018,
          7.125016348901798,
          7.125016348901798,
          7.125016348901798,
          5.710593137499643,
          4.289153328819018,
          4.289153328819018,
          2.862405226111748,
          4.289153328819018,
          2.862405226111748,
          4.289153328819018,
          5.710593137499643,
          8.530765609948133,
          11.309932474020215,
          11.309932474020215,
          11.309932474020215,
          8.530765609948133,
          5.710593137499643,
          2.862405226111748,
          2.862405226111748,
          2.862405226111748,
          4.289153328819018,
          5.710593137499643,
          7.125016348901798,
          7.125016348901798,
          5.710593137499643,
          12.95276451337558,
          11.447596263685636,
          11.309932474020215,
          12.270720357815385,
          4.431564716435714,
          4.146688825965976,
          4.0041729407093225,
          5.710593137499643,
          8.250387228905595,
          9.369385096487514,
          10.342657140474707,
          12.133880170633224,
          11.309932474020215,
          12.816647648997467,
          13.495733280795843,
          11.447596263685636,
          11.7225209701022,
          9.648045316098093,
          9.926245506651625,
          9.50877195829791,
          9.22988624372772,
          11.309932474020215,
          11.859779120948026,
          12.68038349181982,
          13.088732789694076,
          11.585126224855031,
          7.68844776990284,
          9.787203664656081,
          8.95055865623168,
          9.78720366465616,
          13.631094443421526,
          12.816647648997467,
          13.495733280795843,
          12.952764513375502,
          12.13388017063338,
          10.342657140474548,
          9.787203664656081,
          9.648045316098171,
          8.39062701325255,
          9.09027692082237,
          9.787203664656081,
          9.22988624372772,
          9.50877195829783,
          8.250387228905515,
          7.688447769902922,
          8.39062701325255,
          8.530765609948133,
          8.530765609948133,
          8.810732985984894,
          8.39062701325255,
          9.09027692082237,
          10.0651693527598,
          9.22988624372772,
          9.22988624372772,
          9.22988624372772,
          9.22988624372772
        ],
        "horizontal_dist_map": 2926,
        "slope_dist_map": 2982,
        "elevation_diff_map": 469.4,
        "avg_slope_deg_map": 8.9,
        "max_slope_deg_map": 23.0
      },
      "geometry": {
        "type": "LineString",
        "coordinates": [
          [
            138.49338627796027,
            37.03539574612084,
            916.0
          ],
          [
            138.49348718787235,
            37.0354354301323,
            915.0
          ],
          [
            138.49358809778442,
            37.03547511414376,
            914.0
          ],
          [
            138.4936890076965,
            37.03551479815522,
            913.0
          ],
          [
            138.49378991760858,
            37.03555448216668,
            911.0
          ],
          [
            138.49389513387823,
            37.03558600724824,
            910.0
          ],
          [
            138.49400092678445,
            37.03561643982015,
            908.0
          ],
          [
            138.49410671969068,
            37.03564687239207,
            906.0
          ],
          [
            138.49421546903613,
            37.03566880859623,
            904.0
          ],
          [
            138.49432563566194,
            37.03568667174701,
            902.0
          ],
          [
            138.49443580228774,
            37.03570453489779,
            900.0
          ],
          [
            138.4945449440787,
            37.03572490801255,
            897.0
          ],
          [
            138.49464696236586,
            37.0357627275854,
            895.0
          ],
          [
            138.49474898065304,
            37.035800547158246,
            893.0
          ],
          [
            138.4948509989402,
            37.0358383667311,
            892.0
          ],
          [
            138.49495301722735,
            37.035876186303945,
            890.0
          ],
          [
            138.49505418614987,
            37.03591541813023,
            889.0
          ],
          [
            138.49515462292638,
            37.03595586730845,
            888.0
          ],
          [
            138.4952550597029,
            37.035996316486674,
            886.0
          ],
          [
            138.49535549647942,
            37.036036765664896,
            885.0
          ],
          [
            138.49545593325593,
            37.03607721484312,
            883.0
          ],
          [
            138.49555257591376,
            37.036122684480304,
            883.0
          ],
          [
            138.49564379725453,
            37.03617532772021,
            881.0
          ],
          [
            138.49573501859527,
            37.03622797096011,
            880.0
          ],
          [
            138.495826239936,
            37.03628061420001,
            878.0
          ],
          [
            138.4959175181404,
            37.03633319066858,
            877.0
          ],
          [
            138.4960118994705,
            37.03638212333487,
            874.0
          ],
          [
            138.49610628080055,
            37.036431056001156,
            871.0
          ],
          [
            138.49620066213063,
            37.036479988667445,
            869.0
          ],
          [
            138.49629504346072,
            37.03652892133373,
            869.0
          ],
          [
            138.49638942479078,
            37.03657785400002,
            868.0
          ],
          [
            138.49647975840608,
            37.036631096481976,
            867.0
          ],
          [
            138.49656450411604,
            37.03669028870179,
            867.0
          ],
          [
            138.496649249826,
            37.036749480921614,
            866.0
          ],
          [
            138.4967332327296,
            37.03680934679785,
            865.0
          ],
          [
            138.49681489243704,
            37.036871264356115,
            864.0
          ],
          [
            138.49689655214445,
            37.03693318191438,
            863.0
          ],
          [
            138.49697821185185,
            37.036995099472634,
            862.0
          ],
          [
            138.4970598715593,
            37.0370570170309,
            861.0
          ],
          [
            138.49713827451683,
            37.03712135785055,
            860.0
          ],
          [
            138.49720921585032,
            37.03719125066723,
            859.0
          ],
          [
            138.49728015718378,
            37.03726114348391,
            858.0
          ],
          [
            138.49735109851727,
            37.037331036300586,
            856.0
          ],
          [
            138.49742203985073,
            37.03740092911727,
            855.0
          ],
          [
            138.49748711256495,
            37.0374741920021,
            853.0
          ],
          [
            138.4975468305643,
            37.03755052984432,
            851.0
          ],
          [
            138.49760654856362,
            37.037626867686534,
            850.0
          ],
          [
            138.49764970714517,
            37.03770914830145,
            847.0
          ],
          [
            138.49768095097104,
            37.037795704832675,
            845.0
          ],
          [
            138.49771219479695,
            37.037882261363904,
            842.0
          ],
          [
            138.49773986461275,
            37.037969453000485,
            841.0
          ],
          [
            138.49775717211324,
            37.03805848603138,
            839.0
          ],
          [
            138.49777411961497,
            37.03814756332215,
            839.0
          ],
          [
            138.497790887827,
            37.0382366626556,
            839.0
          ],
          [
            138.49780765603902,
            37.03832576198905,
            838.0
          ],
          [
            138.49782442425104,
            37.0384148613225,
            837.0
          ],
          [
            138.49784119246306,
            37.03850396065595,
            836.0
          ],
          [
            138.49787041738568,
            37.0385906305441,
            837.0
          ],
          [
            138.49790658063873,
            37.038675947242425,
            835.0
          ],
          [
            138.49794274389177,
            37.03876126394074,
            835.0
          ],
          [
            138.4979789071448,
            37.03884658063906,
            834.0
          ],
          [
            138.49801343258113,
            37.03893233017587,
            834.0
          ],
          [
            138.4980476461795,
            37.0390181621245,
            832.0
          ],
          [
            138.4980818597778,
            37.03910399407313,
            832.0
          ],
          [
            138.4981156916603,
            37.03918991714245,
            830.0
          ],
          [
            138.49814562131985,
            37.03927677172465,
            829.0
          ],
          [
            138.49817555097943,
            37.039363626306844,
            826.0
          ],
          [
            138.49820548063897,
            37.039450480889045,
            823.0
          ],
          [
            138.49823541029852,
            37.03953733547124,
            821.0
          ],
          [
            138.49825479206197,
            37.039625556458226,
            819.0
          ],
          [
            138.4982605107494,
            37.03971554739937,
            814.0
          ],
          [
            138.4982662294368,
            37.0398055383405,
            811.0
          ],
          [
            138.49827194812423,
            37.039895529281644,
            809.0
          ],
          [
            138.49827379817302,
            37.03998560131764,
            803.0
          ],
          [
            138.498273954363,
            37.04007570886049,
            801.0
          ],
          [
            138.49827411055296,
            37.04016581640335,
            798.0
          ],
          [
            138.49827869281532,
            37.04025569520017,
            793.0
          ],
          [
            138.49829297119123,
            37.04034507288736,
            790.0
          ],
          [
            138.49830724956715,
            37.040434450574544,
            787.0
          ],
          [
            138.49832152794306,
            37.04052382826173,
            782.0
          ],
          [
            138.4983381373318,
            37.04061288537693,
            779.0
          ],
          [
            138.49836183664144,
            37.04070096745242,
            778.0
          ],
          [
            138.49838553595103,
            37.04078904952792,
            775.0
          ],
          [
            138.49840923526062,
            37.040877131603416,
            774.0
          ],
          [
            138.49843344903363,
            37.04096511635148,
            774.0
          ],
          [
            138.4984613771085,
            37.04105239841882,
            773.0
          ],
          [
            138.4984893051834,
            37.04113968048617,
            771.0
          ],
          [
            138.4985172332583,
            37.04122696255351,
            769.0
          ],
          [
            138.49855092752898,
            37.041312685503726,
            767.0
          ],
          [
            138.49859465354587,
            37.04139569597801,
            766.0
          ],
          [
            138.49863837956275,
            37.0414787064523,
            762.0
          ],
          [
            138.49867086649428,
            37.041564819651185,
            761.0
          ],
          [
            138.49870017323104,
            37.04165181079238,
            759.0
          ],
          [
            138.4987294799678,
            37.041738801933576,
            758.0
          ],
          [
            138.49876257598376,
            37.04182484131297,
            754.0
          ],
          [
            138.4988004347569,
            37.04190968441989,
            753.0
          ],
          [
            138.49883829353007,
            37.04199452752682,
            752.0
          ],
          [
            138.49887615230324,
            37.042079370633736,
            751.0
          ],
          [
            138.4989268858573,
            37.04215951534517,
            751.0
          ],
          [
            138.4989818483327,
            37.042238116795765,
            750.0
          ],
          [
            138.4990368108081,
            37.04231671824636,
            748.0
          ],
          [
            138.4990917732835,
            37.04239531969696,
            748.0
          ],
          [
            138.49916565119682,
            37.04246233290034,
            748.0
          ],
          [
            138.49924583387678,
            37.04252548358704,
            747.0
          ],
          [
            138.49932601655672,
            37.04258863427375,
            744.0
          ],
          [
            138.49939954566992,
            37.04265677864975,
            742.0
          ],
          [
            138.49946135249027,
            37.04272954159875,
            739.0
          ],
          [
            138.49946099315616,
            37.04281799059727,
            737.0
          ],
          [
            138.49943035612566,
            37.042904129875375,
            734.0
          ],
          [
            138.4993846224297,
            37.04298644254745,
            728.0
          ],
          [
            138.49933888873375,
            37.04306875521952,
            724.0
          ],
          [
            138.49929315503778,
            37.0431510678916,
            720.0
          ],
          [
            138.49923969786397,
            37.04323032358747,
            717.0
          ],
          [
            138.4991859739923,
            37.04330947372351,
            717.0
          ],
          [
            138.49913225012062,
            37.04338862385955,
            716.0
          ],
          [
            138.49907852624895,
            37.04346777399559,
            710.0
          ],
          [
            138.4990248576595,
            37.04354694811932,
            707.0
          ],
          [
            138.49897159882136,
            37.0436263000397,
            703.0
          ],
          [
            138.49891833998322,
            37.043705651960074,
            700.0
          ],
          [
            138.49886508114508,
            37.04378500388045,
            699.0
          ],
          [
            138.4988074628573,
            37.04386234367488,
            697.0
          ],
          [
            138.49874858484938,
            37.043939102039154,
            696.0
          ],
          [
            138.4986821593426,
            37.044011676549616,
            692.0
          ],
          [
            138.49861334796572,
            37.0440829284853,
            690.0
          ],
          [
            138.49852360138095,
            37.04413316049878,
            690.0
          ],
          [
            138.4984216822519,
            37.04417117071179,
            687.0
          ],
          [
            138.49831976312282,
            37.0442091809248,
            687.0
          ],
          [
            138.49821503158174,
            37.044241634278734,
            683.0
          ],
          [
            138.49810715827434,
            37.04426381675164,
            679.0
          ],
          [
            138.49799478121201,
            37.04426499419257,
            677.0
          ],
          [
            138.49788258692055,
            37.044266652968844,
            676.0
          ],
          [
            138.49777125942458,
            37.04427912817775,
            673.0
          ],
          [
            138.4976599319286,
            37.044291603386654,
            670.0
          ],
          [
            138.4975481999689,
            37.044296841728666,
            669.0
          ],
          [
            138.4974359267944,
            37.04429239638619,
            667.0
          ],
          [
            138.49732365361987,
            37.04428795104372,
            664.0
          ],
          [
            138.49721138044535,
            37.044283505701245,
            663.0
          ],
          [
            138.4970991413365,
            37.04427854831796,
            661.0
          ],
          [
            138.49698691486915,
            37.044273400919394,
            659.0
          ],
          [
            138.49687463335073,
            37.044269439089874,
            659.0
          ],
          [
            138.49676224007248,
            37.044267884097046,
            659.0
          ],
          [
            138.49665090766374,
            37.04427051794715,
            660.0
          ],
          [
            138.49654816860598,
            37.044307082640245,
            659.0
          ],
          [
            138.4964454295482,
            37.04434364733335,
            660.0
          ],
          [
            138.49636975685002,
            37.044408213592774,
            659.0
          ],
          [
            138.49629993107067,
            37.04447882879586,
            658.0
          ],
          [
            138.4962301052913,
            37.04454944399895,
            657.0
          ],
          [
            138.49616801899026,
            37.0446243350506,
            655.0
          ],
          [
            138.49611054744489,
            37.0447017756276,
            652.0
          ],
          [
            138.4960530758995,
            37.044779216204596,
            651.0
          ],
          [
            138.49599560435414,
            37.04485665678159,
            650.0
          ],
          [
            138.49593350780063,
            37.044931418353364,
            649.0
          ],
          [
            138.49585982184533,
            37.044999466841176,
            647.0
          ],
          [
            138.49578613589003,
            37.04506751532899,
            645.0
          ],
          [
            138.49571244993473,
            37.0451355638168,
            645.0
          ],
          [
            138.4956388827621,
            37.04520369455606,
            643.0
          ],
          [
            138.49556564304166,
            37.045272052040666,
            642.0
          ],
          [
            138.4954924033212,
            37.045340409525274,
            640.0
          ],
          [
            138.49542045433978,
            37.04540957247968,
            639.0
          ],
          [
            138.49535574729614,
            37.0454832546763,
            637.0
          ],
          [
            138.49529104025254,
            37.04555693687292,
            637.0
          ],
          [
            138.4952218499669,
            37.0456276160178,
            636.0
          ],
          [
            138.49514288525518,
            37.04569174786782,
            635.0
          ],
          [
            138.49505185513092,
            37.04574242685926,
            634.0
          ],
          [
            138.49495128442956,
            37.04578265728336,
            633.0
          ],
          [
            138.49485225520496,
            37.04582529759455,
            631.0
          ],
          [
            138.49474906136373,
            37.045857638797614,
            631.0
          ],
          [
            138.49463765600262,
            37.04586967288995,
            629.0
          ],
          [
            138.49452625064154,
            37.045881706982286,
            629.0
          ],
          [
            138.49441831727447,
            37.04590369251128,
            628.0
          ],
          [
            138.49431528659005,
            37.04593973011973,
            627.0
          ],
          [
            138.49421225590564,
            37.04597576772817,
            626.0
          ],
          [
            138.49411496344894,
            37.04602034604034,
            625.0
          ],
          [
            138.4940207249363,
            37.046069469803285,
            623.0
          ],
          [
            138.49393510745838,
            37.04612662770054,
            622.0
          ],
          [
            138.4938604210378,
            37.046193972493604,
            621.0
          ],
          [
            138.4937857346172,
            37.046261317286664,
            619.0
          ],
          [
            138.4937188335779,
            37.04633370310131,
            616.0
          ],
          [
            138.4936524031575,
            37.04640639364094,
            614.0
          ],
          [
            138.49358037110386,
            37.04647544631408,
            612.0
          ],
          [
            138.49350543693996,
            37.04654261427091,
            610.0
          ],
          [
            138.49342240503404,
            37.04660253499915,
            607.0
          ],
          [
            138.49333089015238,
            37.04665486372655,
            605.0
          ],
          [
            138.49325290377826,
            37.04671890040462,
            604.0
          ],
          [
            138.49318081204547,
            37.04678803847099,
            602.0
          ],
          [
            138.49311222259445,
            37.046859175373456,
            601.0
          ],
          [
            138.49305430459225,
            37.04693640272736,
            599.0
          ],
          [
            138.49299638659008,
            37.04701363008127,
            597.0
          ],
          [
            138.49293846858788,
            37.04709085743517,
            596.0
          ],
          [
            138.49287958048666,
            37.047167515235984,
            594.0
          ],
          [
            138.49280519484125,
            37.04723507430152,
            593.0
          ],
          [
            138.49273080919585,
            37.047302633367046,
            592.0
          ],
          [
            138.4926522436105,
            37.04736703774994,
            591.0
          ],
          [
            138.49256894257985,
            37.047427040992744,
            589.0
          ],
          [
            138.4924734217502,
            37.04747380928415,
            587.0
          ],
          [
            138.492366397959,
            37.04748455066787,
            585.0
          ],
          [
            138.4922586862226,
            37.0474587600558,
            582.0
          ],
          [
            138.4921507758666,
            37.04743351127169,
            582.0
          ],
          [
            138.49204268028925,
            37.04740884228491,
            581.0
          ],
          [
            138.49193197795782,
            37.04739317497536,
            580.0
          ],
          [
            138.49182051843584,
            37.0473864456895,
            580.0
          ],
          [
            138.49170818999576,
            37.047389973280524,
            580.0
          ],
          [
            138.49160326441444,
            37.047420346568664,
            580.0
          ],
          [
            138.4915056597628,
            37.04746408201974,
            580.0
          ],
          [
            138.49141981054902,
            37.04752071112023,
            579.0
          ],
          [
            138.4913538848141,
            37.04759369689644,
            577.0
          ],
          [
            138.49128795907913,
            37.047666682672656,
            577.0
          ],
          [
            138.49121766004745,
            37.04773686492407,
            576.0
          ],
          [
            138.491143320319,
            37.04780445686563,
            575.0
          ],
          [
            138.49106898059054,
            37.04787204880719,
            574.0
          ],
          [
            138.49099464086206,
            37.04793964074875,
            572.0
          ],
          [
            138.49091931685354,
            37.04800650200606,
            572.0
          ],
          [
            138.49084092583846,
            37.04807108645883,
            571.0
          ],
          [
            138.49076253482338,
            37.048135670911606,
            570.0
          ],
          [
            138.49068414380832,
            37.04820025536437,
            569.0
          ],
          [
            138.49060575279324,
            37.04826483981714,
            567.0
          ],
          [
            138.4905301725651,
            37.04833150366637,
            566.0
          ],
          [
            138.49045613701045,
            37.04839931025205,
            565.0
          ],
          [
            138.49038210145582,
            37.048467116837735,
            565.0
          ],
          [
            138.4903080659012,
            37.04853492342341,
            564.0
          ],
          [
            138.49023403034656,
            37.048602730009094,
            563.0
          ],
          [
            138.49015999479192,
            37.04867053659478,
            563.0
          ],
          [
            138.4900859592373,
            37.04873834318046,
            562.0
          ],
          [
            138.49001192368266,
            37.048806149766136,
            562.0
          ],
          [
            138.4899425717312,
            37.0488768598034,
            560.0
          ],
          [
            138.4898793147992,
            37.048951348255045,
            559.0
          ],
          [
            138.48981605786716,
            37.0490258367067,
            556.0
          ],
          [
            138.48975280093515,
            37.04910032515834,
            554.0
          ],
          [
            138.4896895440031,
            37.049174813609994,
            552.0
          ],
          [
            138.4896262870711,
            37.04924930206164,
            551.0
          ],
          [
            138.48955414804067,
            37.04931828901685,
            550.0
          ],
          [
            138.48948017491904,
            37.04938613995152,
            550.0
          ],
          [
            138.4894062017974,
            37.04945399088619,
            550.0
          ],
          [
            138.48933222867578,
            37.049521841820855,
            549.0
          ],
          [
            138.48925825555415,
            37.049589692755525,
            548.0
          ],
          [
            138.48918068845296,
            37.04965482108945,
            547.0
          ],
          [
            138.48910034009103,
            37.04971784249358,
            546.0
          ],
          [
            138.48901999172912,
            37.04978086389771,
            544.0
          ],
          [
            138.4889396433672,
            37.04984388530184,
            543.0
          ],
          [
            138.4888529144229,
            37.04990012218538,
            543.0
          ],
          [
            138.48875520526684,
            37.04994468372832,
            536.8
          ],
          [
            138.48865749611082,
            37.04998924527127,
            535.9
          ],
          [
            138.4885593664638,
            37.050032948633344,
            535.0
          ],
          [
            138.48844993774898,
            37.05005359170733,
            534.3
          ],
          [
            138.4883405090342,
            37.05007423478133,
            533.7
          ],
          [
            138.48823174640938,
            37.050096516328225,
            533.0
          ],
          [
            138.48812815217215,
            37.050131511267026,
            532.2
          ],
          [
            138.48803511656428,
            37.05017837627189,
            530.3
          ],
          [
            138.48796007365803,
            37.05024546876559,
            527.9
          ],
          [
            138.48788955692135,
            37.05031542104144,
            526.4
          ],
          [
            138.48782569040685,
            37.050389575145466,
            524.9
          ],
          [
            138.48776182389233,
            37.050463729249486,
            521.7
          ],
          [
            138.4877130659961,
            37.05054478529911,
            519.9
          ],
          [
            138.48766601541,
            37.05062662128517,
            517.3
          ],
          [
            138.48761896482392,
            37.05070845727122,
            515.3
          ],
          [
            138.48757191423783,
            37.05079029325727,
            513.6
          ],
          [
            138.48752376704084,
            37.05087171695514,
            511.6
          ],
          [
            138.48747532708265,
            37.050953030584814,
            510.5
          ],
          [
            138.48742688712443,
            37.05103434421448,
            508.3
          ],
          [
            138.4873784471662,
            37.05111565784415,
            506.9
          ],
          [
            138.4873368795758,
            37.05119918954927,
            505.1
          ],
          [
            138.4873015013664,
            37.051284718894024,
            502.5
          ],
          [
            138.487266123157,
            37.05137024823878,
            499.9
          ],
          [
            138.48723074494762,
            37.051455777583534,
            497.9
          ],
          [
            138.48719536673823,
            37.051541306928286,
            495.8
          ],
          [
            138.48715967287694,
            37.051626747033986,
            494.3
          ],
          [
            138.48712027072315,
            37.05171113875538,
            494.5
          ],
          [
            138.48708086856936,
            37.05179553047678,
            491.0
          ],
          [
            138.4870414664156,
            37.051879922198175,
            489.5
          ],
          [
            138.48700206426182,
            37.05196431391958,
            487.4
          ],
          [
            138.48696266210806,
            37.05204870564097,
            484.8
          ],
          [
            138.48691573406117,
            37.052130553180234,
            481.9
          ],
          [
            138.48686782822926,
            37.052212070172246,
            479.9
          ],
          [
            138.4868199223974,
            37.052293587164264,
            478.2
          ],
          [
            138.48677201656548,
            37.052375104156276,
            476.2
          ],
          [
            138.48672411073358,
            37.052456621148295,
            474.6
          ],
          [
            138.48667620490167,
            37.052538138140314,
            473.0
          ],
          [
            138.48662829906976,
            37.052619655132325,
            471.4
          ],
          [
            138.48658039323786,
            37.052701172124344,
            470.3
          ],
          [
            138.48653248740595,
            37.052782689116356,
            468.2
          ],
          [
            138.4864714657523,
            37.05285789800003,
            466.1
          ],
          [
            138.486404260623,
            37.05293013291571,
            464.9
          ],
          [
            138.48633705549375,
            37.0530023678314,
            463.6
          ],
          [
            138.4862445899835,
            37.05305251881334,
            462.4
          ],
          [
            138.48614898017806,
            37.05309992088948,
            460.7
          ],
          [
            138.4860533703726,
            37.05314732296563,
            459.0
          ],
          [
            138.48595776056715,
            37.05319472504178,
            457.6
          ],
          [
            138.48586215076168,
            37.053242127117926,
            456.4
          ],
          [
            138.48577322794534,
            37.053297063122834,
            454.5
          ],
          [
            138.48568600488179,
            37.05335391416246,
            453.1
          ],
          [
            138.4855987818182,
            37.05341076520209,
            451.2
          ],
          [
            138.48551155875464,
            37.05346761624171,
            449.3
          ],
          [
            138.48542433569108,
            37.053524467281335,
            448.0
          ],
          [
            138.48536641244306,
            37.053562221021394,
            446.6
          ]
        ]
      }
    },
    {
      "type": "Feature",
      "properties": {
        "name": "マリオネット",
        "slope_deg": [
          14.036243467926479,
          14.036243467926479,
          14.036243467926479,
          12.68038349181982,
          9.926245506651705,
          9.926245506651705,
          9.926245506651705,
          12.68038349181982,
          12.68038349181982,
          12.68038349181982,
          11.309932474020215,
          11.309932474020215,
          9.926245506651705,
          8.530765609948133,
          8.530765609948133,
          5.710593137499643,
          5.710593137499643,
          5.710593137499643,
          5.710593137499643,
          4.289153328819018,
          4.289153328819018,
          2.862405226111748,
          9.926245506651705,
          12.68038349181982,
          20.556045219583467,
          28.810793742973065,
          26.565051177077994,
          32.005383208083494,
          25.407718108948472,
          19.290046219188735,
          19.290046219188735,
          14.036243467926479,
          18.00416160591338,
          21.80140948635181,
          20.556045219583467,
          21.80140948635181,
          20.556045219583467,
          21.80140948635181,
          20.556045219583467,
          18.00416160591338,
          18.00416160591338,
          12.68038349181982,
          12.68038349181982,
          12.68038349181982,
          11.309932474020215,
          12.68038349181982,
          11.309932474020215,
          11.309932474020215,
          12.68038349181982,
          9.926245506651705,
          9.926245506651705,
          8.530765609948133,
          5.710593137499643,
          5.710593137499643,
          7.125016348901798,
          8.530765609948133,
          8.530765609948133,
          9.926245506651705,
          9.926245506651705,
          9.926245506651705,
          11.309932474020215,
          11.309932474020215,
          12.68038349181982,
          11.309932474020215,
          11.309932474020215,
          12.68038349181982,
          9.926245506651705,
          11.309932474020215,
          12.68038349181982,
          11.309932474020215,
          11.309932474020215,
          11.309932474020215,
          12.68038349181982,
          12.68038349181982,
          14.036243467926479,
          16.69924423399362,
          14.036243467926479,
          14.036243467926479,
          18.00416160591338,
          16.69924423399362,
          18.00416160591338,
          20.556045219583467,
          16.69924423399362,
          15.37625124882619,
          14.036243467926479,
          14.036243467926479,
          12.68038349181982,
          11.309932474020215,
          8.530765609948133,
          2.862405226111748,
          2.862405226111748,
          2.862405226111748,
          4.289153328819018,
          5.710593137499643,
          5.710593137499643,
          5.710593137499643,
          5.710593137499643
        ],
        "horizontal_dist_map": 955,
        "slope_dist_map": 989,
        "elevation_diff_map": 217.0,
        "avg_slope_deg_map": 12.4,
        "max_slope_deg_map": 32.0
      },
      "geometry": {
        "type": "LineString",
        "coordinates": [
          [
            138.49503193901404,
            37.03604205205866,
            886.0
          ],
          [
            138.49508052134587,
            37.03612330768583,
            884.0
          ],
          [
            138.4951291036777,
            37.03620456331299,
            880.0
          ],
          [
            138.49517768600953,
            37.036285818940165,
            878.0
          ],
          [
            138.49522743364605,
            37.03636656317242,
            876.0
          ],
          [
            138.49528663822602,
            37.036443157217384,
            875.0
          ],
          [
            138.495345842806,
            37.03651975126235,
            873.0
          ],
          [
            138.49540504738593,
            37.03659634530731,
            871.0
          ],
          [
            138.4954642519659,
            37.03667293935227,
            869.0
          ],
          [
            138.49550311848827,
            37.03675668604296,
            866.0
          ],
          [
            138.4955333213073,
            37.03684347965199,
            864.0
          ],
          [
            138.49556352412637,
            37.036930273261014,
            862.0
          ],
          [
            138.4955937269454,
            37.037017066870035,
            861.0
          ],
          [
            138.49561324262365,
            37.03710441624735,
            858.0
          ],
          [
            138.49559728004004,
            37.037193610617,
            857.0
          ],
          [
            138.49555242812642,
            37.03727289525873,
            856.0
          ],
          [
            138.49548297118199,
            37.03734373978915,
            855.0
          ],
          [
            138.49541248070167,
            37.03741389357652,
            854.0
          ],
          [
            138.49533804690623,
            37.03748141192785,
            853.0
          ],
          [
            138.49526361311078,
            37.03754893027918,
            852.0
          ],
          [
            138.49517241697336,
            37.037597032301434,
            851.0
          ],
          [
            138.49506737215307,
            37.037629092974306,
            851.0
          ],
          [
            138.49496232733276,
            37.037661153647186,
            850.0
          ],
          [
            138.49485954405273,
            37.037697453985196,
            850.0
          ],
          [
            138.4947580632113,
            37.03773619597925,
            844.0
          ],
          [
            138.49465647577136,
            37.03777475775677,
            842.0
          ],
          [
            138.49455481570195,
            37.03781319674615,
            835.0
          ],
          [
            138.49450240454286,
            37.037891020469374,
            828.0
          ],
          [
            138.49445942393112,
            37.03797421027809,
            824.0
          ],
          [
            138.4944196966844,
            37.03805850205439,
            817.0
          ],
          [
            138.4943799694377,
            37.03814279383069,
            816.0
          ],
          [
            138.494340242191,
            37.03822708560699,
            814.0
          ],
          [
            138.494278632295,
            37.03830203299529,
            810.0
          ],
          [
            138.49421353913655,
            37.038375492951445,
            807.0
          ],
          [
            138.49415050485024,
            37.03844971007564,
            803.0
          ],
          [
            138.49412350684852,
            37.03853717985518,
            798.0
          ],
          [
            138.49409650884684,
            37.038624649634734,
            795.0
          ],
          [
            138.49407397777983,
            37.03871290202531,
            791.0
          ],
          [
            138.49405299660268,
            37.038801425958,
            788.0
          ],
          [
            138.49404238953866,
            37.03889086758506,
            782.0
          ],
          [
            138.49403878867372,
            37.03898092898071,
            780.0
          ],
          [
            138.49403518780875,
            37.03907099037636,
            778.0
          ],
          [
            138.4940315869438,
            37.03916105177201,
            775.0
          ],
          [
            138.49402798607886,
            37.039251113167666,
            773.0
          ],
          [
            138.49401852366174,
            37.03934050092995,
            771.0
          ],
          [
            138.493990416679,
            37.03942774598312,
            769.0
          ],
          [
            138.49396230969623,
            37.039514991036285,
            767.0
          ],
          [
            138.4939342027135,
            37.03960223608945,
            764.0
          ],
          [
            138.49388676488843,
            37.03968353435824,
            763.0
          ],
          [
            138.4938348488256,
            37.03976345497808,
            761.0
          ],
          [
            138.49378293276274,
            37.03984337559791,
            758.0
          ],
          [
            138.49372193766283,
            37.03991803825512,
            757.0
          ],
          [
            138.49364359685666,
            37.03998265545544,
            756.0
          ],
          [
            138.4935652560505,
            37.040047272655755,
            755.0
          ],
          [
            138.49348691524432,
            37.04011188985608,
            754.0
          ],
          [
            138.49340857443815,
            37.040176507056394,
            753.0
          ],
          [
            138.49333087636657,
            37.0402416157284,
            751.0
          ],
          [
            138.49325407194576,
            37.04030740773695,
            749.0
          ],
          [
            138.49317726752494,
            37.040373199745495,
            748.0
          ],
          [
            138.49310046310413,
            37.04043899175404,
            746.0
          ],
          [
            138.49301321910755,
            37.04049578812685,
            744.0
          ],
          [
            138.49292582083882,
            37.04055245156547,
            742.0
          ],
          [
            138.49283842257006,
            37.04060911500408,
            740.0
          ],
          [
            138.4927534145953,
            37.04066733889069,
            738.0
          ],
          [
            138.49270189329732,
            37.04074742377717,
            735.0
          ],
          [
            138.4926503719993,
            37.04082750866365,
            734.0
          ],
          [
            138.4926252208684,
            37.04091410119925,
            732.0
          ],
          [
            138.49261163776052,
            37.041003548500015,
            729.0
          ],
          [
            138.4925980546526,
            37.04109299580078,
            728.0
          ],
          [
            138.4925844715447,
            37.04118244310155,
            726.0
          ],
          [
            138.49256690383697,
            37.04127143746703,
            723.0
          ],
          [
            138.4925489302882,
            37.04136038569997,
            721.0
          ],
          [
            138.4925309567394,
            37.04144933393291,
            720.0
          ],
          [
            138.4925129831906,
            37.041538282165845,
            718.0
          ],
          [
            138.49249500964183,
            37.04162723039879,
            714.0
          ],
          [
            138.49248252503622,
            37.041716687393375,
            712.0
          ],
          [
            138.49247470327703,
            37.04180657657998,
            710.0
          ],
          [
            138.49246688151783,
            37.041896465766584,
            706.0
          ],
          [
            138.49245905975863,
            37.04198635495319,
            704.0
          ],
          [
            138.49245166712373,
            37.042076247034835,
            702.0
          ],
          [
            138.49245760040165,
            37.04216622901836,
            697.0
          ],
          [
            138.49246353367954,
            37.04225621100189,
            694.0
          ],
          [
            138.49246946695743,
            37.04234619298542,
            691.0
          ],
          [
            138.49247331219235,
            37.042436243436875,
            687.0
          ],
          [
            138.4924765672765,
            37.04252631323965,
            685.0
          ],
          [
            138.49247982236065,
            37.04261638304242,
            683.0
          ],
          [
            138.4924830774448,
            37.042706452845195,
            681.0
          ],
          [
            138.49248633252896,
            37.042796522647976,
            677.0
          ],
          [
            138.4924895876131,
            37.04288659245075,
            676.0
          ],
          [
            138.492467654058,
            37.042974564706924,
            675.0
          ],
          [
            138.49244137298956,
            37.04306217493038,
            675.0
          ],
          [
            138.49241509192115,
            37.04314978515383,
            675.0
          ],
          [
            138.4923888108527,
            37.043237395377275,
            674.0
          ],
          [
            138.49236144892666,
            37.043324790707,
            673.0
          ],
          [
            138.4923336082481,
            37.043412090852186,
            672.0
          ],
          [
            138.4923057675695,
            37.04349939099738,
            671.0
          ],
          [
            138.49229071236095,
            37.043546599684746,
            669.0
          ]
        ]
      }
    },
    {
      "type": "Feature",
      "properties": {
        "name": "エトル",
        "slope_deg": [
          18.00416160591338,
          18.00416160591338,
          18.00416160591338,
          21.80140948635181,
          19.290046219188735,
          18.00416160591338,
          18.00416160591338,
          18.00416160591338,
          18.00416160591338,
          21.80140948635181,
          24.22774531795417,
          23.025492008528037,
          25.407718108948472,
          21.80140948635181,
          16.69924423399362,
          18.00416160591338,
          15.37625124882619,
          19.290046219188735,
          20.556045219583467,
          21.80140948635181,
          20.556045219583467,
          15.37625124882619,
          19.290046219188735,
          14.036243467926479,
          16.69924423399362,
          18.00416160591338,
          15.37625124882619,
          18.00416160591338,
          20.556045219583467,
          21.80140948635181,
          20.556045219583467,
          21.80140948635181,
          20.556045219583467,
          16.69924423399362,
          16.69924423399362,
          19.290046219188735,
          16.69924423399362,
          16.69924423399362,
          16.69924423399362,
          15.37625124882619,
          15.37625124882619,
          15.37625124882619,
          18.00416160591338,
          15.37625124882619,
          14.036243467926479,
          14.036243467926479,
          11.309932474020215,
          8.530765609948133,
          8.530765609948133,
          9.926245506651705,
          9.926245506651705,
          8.530765609948133,
          7.125016348901798,
          8.530765609948133,
          8.530765609948133,
          11.309932474020215,
          12.68038349181982,
          7.125016348901798,
          4.289153328819018,
          0.0,
          0.0,
          1.4320961841646465,
          2.862405226111748,
          5.710593137499643,
          5.710593137499643,
          5.710593137499643,
          5.710593137499643
        ],
        "horizontal_dist_map": 655,
        "slope_dist_map": 687,
        "elevation_diff_map": 176.0,
        "avg_slope_deg_map": 14.4,
        "max_slope_deg_map": 25.4
      },
      "geometry": {
        "type": "LineString",
        "coordinates": [
          [
            138.49790631172533,
            37.03917966921236,
            831.0
          ],
          [
            138.49782530566162,
            37.039242138192925,
            830.0
          ],
          [
            138.49774429959788,
            37.039304607173484,
            826.0
          ],
          [
            138.49766329353417,
            37.03936707615405,
            821.0
          ],
          [
            138.49758625091465,
            37.03943254539907,
            818.0
          ],
          [
            138.49751309479208,
            37.039500956660696,
            814.0
          ],
          [
            138.49743993866952,
            37.03956936792232,
            812.0
          ],
          [
            138.49736678254695,
            37.03963777918394,
            808.0
          ],
          [
            138.49729362642438,
            37.039706190445564,
            805.0
          ],
          [
            138.49721242550157,
            37.039768478781355,
            801.0
          ],
          [
            138.49713099289687,
            37.03983059078322,
            799.0
          ],
          [
            138.49706257476538,
            37.03990166539773,
            792.0
          ],
          [
            138.4969982565937,
            37.03997556351121,
            787.0
          ],
          [
            138.49693393842205,
            37.0400494616247,
            784.0
          ],
          [
            138.49686962025038,
            37.04012335973818,
            780.0
          ],
          [
            138.49681349496126,
            37.04020123054911,
            776.0
          ],
          [
            138.49676170978393,
            37.040281205863636,
            775.0
          ],
          [
            138.49670992460656,
            37.04036118117817,
            771.0
          ],
          [
            138.4966600140989,
            37.04044176971196,
            769.0
          ],
          [
            138.49662721999894,
            37.040527957158034,
            762.0
          ],
          [
            138.49659442589902,
            37.0406141446041,
            760.0
          ],
          [
            138.4965616317991,
            37.04070033205017,
            755.0
          ],
          [
            138.49652883769917,
            37.04078651949624,
            754.0
          ],
          [
            138.49649604359925,
            37.04087270694231,
            751.0
          ],
          [
            138.49647027999384,
            37.0409604065267,
            746.0
          ],
          [
            138.49644485139413,
            37.04104817816504,
            745.0
          ],
          [
            138.49641942279442,
            37.041135949803376,
            742.0
          ],
          [
            138.49639399419468,
            37.04122372144172,
            738.0
          ],
          [
            138.49636856559496,
            37.04131149308006,
            735.0
          ],
          [
            138.49634266267142,
            37.041399169751195,
            732.0
          ],
          [
            138.4963136206044,
            37.04148621791562,
            727.0
          ],
          [
            138.49628457853737,
            37.04157326608005,
            722.0
          ],
          [
            138.49625553647036,
            37.04166031424448,
            720.0
          ],
          [
            138.49622649440332,
            37.04174736240891,
            716.0
          ],
          [
            138.4961974523363,
            37.04183441057334,
            712.0
          ],
          [
            138.4961684102693,
            37.04192145873777,
            710.0
          ],
          [
            138.496143207291,
            37.04200917955179,
            708.0
          ],
          [
            138.4961242968478,
            37.04209800288557,
            702.0
          ],
          [
            138.4961053864046,
            37.042186826219336,
            700.0
          ],
          [
            138.4960864759614,
            37.04227564955311,
            698.0
          ],
          [
            138.4960675655182,
            37.04236447288689,
            696.0
          ],
          [
            138.496048655075,
            37.04245329622066,
            691.0
          ],
          [
            138.4960263548397,
            37.04254160670656,
            689.0
          ],
          [
            138.49600357675166,
            37.04262984489723,
            687.0
          ],
          [
            138.49598079866365,
            37.0427180830879,
            683.0
          ],
          [
            138.4959580205756,
            37.042806321278576,
            680.0
          ],
          [
            138.4959352424876,
            37.04289455946925,
            679.0
          ],
          [
            138.49591246439957,
            37.04298279765992,
            677.0
          ],
          [
            138.49590340369963,
            37.0430725429466,
            675.0
          ],
          [
            138.49589572456156,
            37.043162440022115,
            674.0
          ],
          [
            138.4958880454235,
            37.04325233709763,
            673.0
          ],
          [
            138.49588036628543,
            37.043342234173146,
            670.0
          ],
          [
            138.49587951775635,
            37.04343173741903,
            668.0
          ],
          [
            138.4959106928246,
            37.04351733710734,
            668.0
          ],
          [
            138.49597147154046,
            37.04359313742638,
            668.0
          ],
          [
            138.49602981562703,
            37.043669869403644,
            664.0
          ],
          [
            138.49606512386163,
            37.04375541649748,
            662.0
          ],
          [
            138.49610043209623,
            37.04384096359132,
            660.0
          ],
          [
            138.49612683368306,
            37.04392827815109,
            659.0
          ],
          [
            138.4961453908891,
            37.04401714937687,
            659.0
          ],
          [
            138.49614898335403,
            37.04410701760303,
            659.0
          ],
          [
            138.49614898335403,
            37.04419712517106,
            660.0
          ],
          [
            138.49614605022754,
            37.04428717564337,
            659.0
          ],
          [
            138.4961405941096,
            37.044377177003575,
            658.0
          ],
          [
            138.49613222406154,
            37.04446697424679,
            657.0
          ],
          [
            138.49611812308282,
            37.04455637004582,
            656.0
          ],
          [
            138.49611019768605,
            37.044606614585106,
            655.0
          ]
        ]
      }
    },
    {
      "type": "Feature",
      "properties": {
        "name": "エトル_2",
        "slope_deg": [
          1.4320961841646465,
          1.4320961841646465,
          1.4320961841646465,
          5.710593137499643,
          5.710593137499643,
          11.309932474020215,
          14.036243467926479,
          15.37625124882619,
          16.69924423399362,
          12.68038349181982,
          9.926245506651705,
          5.710593137499643,
          0.0,
          0.0,
          0.0,
          4.289153328819018,
          12.68038349181982,
          12.68038349181982,
          12.68038349181982,
          9.926245506651705,
          7.125016348901798,
          4.289153328819018,
          4.289153328819018,
          0.0,
          -7.125016348901798,
          -4.289153328819018,
          -2.862405226111748,
          0.0,
          4.289153328819018,
          1.4320961841646465,
          8.530765609948133,
          9.926245506651705,
          18.00416160591338,
          21.80140948635181,
          16.69924423399362,
          15.37625124882619,
          12.68038349181982,
          9.926245506651705,
          11.309932474020215,
          12.68038349181982,
          8.530765609948133,
          7.125016348901798,
          5.710593137499643,
          4.289153328819018,
          4.289153328819018,
          2.862405226111748,
          4.289153328819018,
          2.862405226111748,
          5.710593137499643,
          5.710593137499643,
          5.710593137499643,
          5.710593137499643
        ],
        "horizontal_dist_map": 500,
        "slope_dist_map": 513,
        "elevation_diff_map": 63.0,
        "avg_slope_deg_map": 7.0,
        "max_slope_deg_map": 21.8
      },
      "geometry": {
        "type": "LineString",
        "coordinates": [
          [
            138.49651267753336,
            37.040449893345865,
            762.0
          ],
          [
            138.4964103622678,
            37.0404125822577,
            763.0
          ],
          [
            138.4963080470022,
            37.04037527116953,
            762.0
          ],
          [
            138.49620573173664,
            37.04033796008137,
            760.0
          ],
          [
            138.49610341647104,
            37.040300648993195,
            761.0
          ],
          [
            138.49600110120548,
            37.04026333790503,
            759.0
          ],
          [
            138.4958987987176,
            37.040226004434004,
            758.0
          ],
          [
            138.49579654046724,
            37.04018859347146,
            752.0
          ],
          [
            138.4956942822169,
            37.04015118250892,
            751.0
          ],
          [
            138.49559202396654,
            37.04011377154638,
            748.0
          ],
          [
            138.49548945786077,
            37.04007701229152,
            746.0
          ],
          [
            138.49538193805043,
            37.040050739670676,
            743.0
          ],
          [
            138.4952744182401,
            37.04002446704984,
            744.0
          ],
          [
            138.49516512889943,
            37.040007713450976,
            744.0
          ],
          [
            138.49505272516302,
            37.040007713450976,
            746.0
          ],
          [
            138.49495508664654,
            37.04004385541541,
            743.0
          ],
          [
            138.49486445911958,
            37.04009715871814,
            744.0
          ],
          [
            138.49477563837735,
            37.04015219392479,
            741.0
          ],
          [
            138.49469416442244,
            37.04021427143673,
            737.0
          ],
          [
            138.49459675134364,
            37.04025401737744,
            734.0
          ],
          [
            138.49448870607668,
            37.04027886704979,
            735.0
          ],
          [
            138.49438066080972,
            37.04030371672214,
            734.0
          ],
          [
            138.49427409423757,
            37.04033198477032,
            732.0
          ],
          [
            138.49417005396478,
            37.04036609299627,
            731.0
          ],
          [
            138.49406601369196,
            37.040400201222226,
            732.0
          ],
          [
            138.4939673161098,
            37.04044039210419,
            734.0
          ],
          [
            138.4938921871857,
            37.04050741591526,
            737.0
          ],
          [
            138.49386258951148,
            37.04059258740308,
            734.0
          ],
          [
            138.49385762157243,
            37.04068147127218,
            734.0
          ],
          [
            138.4938719758315,
            37.04077084114947,
            734.0
          ],
          [
            138.4938878335004,
            37.04086003497475,
            734.0
          ],
          [
            138.49390596979288,
            37.04094896196909,
            733.0
          ],
          [
            138.49392050356005,
            37.04103794979011,
            728.0
          ],
          [
            138.49390705431824,
            37.04112741008897,
            727.0
          ],
          [
            138.49387729510056,
            37.04121403543784,
            721.0
          ],
          [
            138.49379693218216,
            37.04127082654874,
            717.0
          ],
          [
            138.49368791419013,
            37.041291749146595,
            716.0
          ],
          [
            138.49358855947833,
            37.04132890848141,
            716.0
          ],
          [
            138.4934999458866,
            37.04138434663463,
            712.0
          ],
          [
            138.49341179746887,
            37.041440148992706,
            710.0
          ],
          [
            138.49334474979216,
            37.04151247203439,
            708.0
          ],
          [
            138.49327770211545,
            37.04158479507607,
            707.0
          ],
          [
            138.49321065443874,
            37.041657118117755,
            706.0
          ],
          [
            138.49314106750086,
            37.041727868078254,
            705.0
          ],
          [
            138.49307066442233,
            37.04179811243679,
            704.0
          ],
          [
            138.49300026134384,
            37.04186835679532,
            704.0
          ],
          [
            138.49291574622498,
            37.04192694533284,
            703.0
          ],
          [
            138.49282605299206,
            37.04198125701389,
            703.0
          ],
          [
            138.49272990941853,
            37.04202773246292,
            701.0
          ],
          [
            138.49263233755516,
            37.04207247274613,
            702.0
          ],
          [
            138.4925347656918,
            37.042117213029336,
            699.0
          ],
          [
            138.49253173105882,
            37.04211860452003,
            699.0
          ]
        ]
      }
    },
    {
      "type": "Feature",
      "properties": {
        "name": "ソレイユハイヤー",
        "slope_deg": [
          12.68038349181982,
          12.68038349181982,
          12.68038349181982,
          11.309932474020215,
          12.68038349181982,
          11.309932474020215,
          11.309932474020215,
          15.37625124882619,
          15.37625124882619,
          16.69924423399362,
          16.69924423399362,
          20.556045219583467,
          27.699472808055,
          30.96375653207352,
          33.02386755579665,
          28.810793742973065,
          24.22774531795417,
          23.025492008528037,
          18.00416160591338,
          18.00416160591338,
          15.37625124882619,
          12.68038349181982,
          15.37625124882619,
          14.036243467926479,
          11.309932474020215,
          9.926245506651705,
          7.125016348901798,
          4.289153328819018,
          2.862405226111748,
          2.862405226111748,
          2.862405226111748,
          2.862405226111748,
          2.862405226111748
        ],
        "horizontal_dist_map": 311,
        "slope_dist_map": 327,
        "elevation_diff_map": 85.0,
        "avg_slope_deg_map": 14.5,
        "max_slope_deg_map": 33.0
      },
      "geometry": {
        "type": "LineString",
        "coordinates": [
          [
            138.4989374282951,
            37.04238883094624,
            745.0
          ],
          [
            138.49889886824624,
            37.04247347094453,
            743.0
          ],
          [
            138.4988603081974,
            37.04255811094283,
            741.0
          ],
          [
            138.49882174814854,
            37.04264275094112,
            739.0
          ],
          [
            138.49878188411768,
            37.04272695871338,
            736.0
          ],
          [
            138.49873461211007,
            37.042808710991316,
            735.0
          ],
          [
            138.49868734010246,
            37.04289046326925,
            732.0
          ],
          [
            138.49863997197144,
            37.04297217462865,
            731.0
          ],
          [
            138.49858195612612,
            37.04304935338749,
            728.0
          ],
          [
            138.4985239402808,
            37.04312653214633,
            724.0
          ],
          [
            138.4984551860353,
            37.043196761294084,
            721.0
          ],
          [
            138.4983732986959,
            37.043258491047716,
            719.0
          ],
          [
            138.49829141135646,
            37.043320220801355,
            716.0
          ],
          [
            138.4982029911634,
            37.04337563550558,
            709.0
          ],
          [
            138.4981121573545,
            37.04342871706357,
            700.0
          ],
          [
            138.49802132354563,
            37.043481798621556,
            695.0
          ],
          [
            138.49793048973677,
            37.04353488017954,
            690.0
          ],
          [
            138.49783515803415,
            37.04358257518449,
            687.0
          ],
          [
            138.49773931149167,
            37.043629653631434,
            682.0
          ],
          [
            138.4976434649492,
            37.04367673207839,
            678.0
          ],
          [
            138.4975476184067,
            37.04372381052534,
            677.0
          ],
          [
            138.49745177186423,
            37.0437708889723,
            674.0
          ],
          [
            138.4973550895388,
            37.04381685287905,
            671.0
          ],
          [
            138.49725824539536,
            37.04386260099693,
            669.0
          ],
          [
            138.4971614012519,
            37.04390834911482,
            666.0
          ],
          [
            138.49706627036485,
            37.04395632006693,
            664.0
          ],
          [
            138.4969719015617,
            37.044005279771376,
            663.0
          ],
          [
            138.49687753275856,
            37.04405423947581,
            662.0
          ],
          [
            138.4967831639554,
            37.04410319918025,
            661.0
          ],
          [
            138.49669031018087,
            37.04415396979351,
            661.0
          ],
          [
            138.49659799075857,
            37.04420537911629,
            661.0
          ],
          [
            138.4965056713363,
            37.04425678843907,
            660.0
          ],
          [
            138.49649122206665,
            37.0442648347109,
            660.0
          ]
        ]
      }
    },
    {
      "type": "Feature",
      "properties": {
        "name": "マツカゼ",
        "slope_deg": [
          11.309932474020215,
          11.309932474020215,
          11.309932474020215,
          9.926245506651705,
          11.309932474020215,
          11.309932474020215,
          12.68038349181982,
          11.309932474020215,
          12.68038349181982,
          9.926245506651705,
          9.926245506651705,
          15.37625124882619,
          15.37625124882619,
          15.37625124882619,
          15.37625124882619
        ],
        "horizontal_dist_map": 138,
        "slope_dist_map": 142,
        "elevation_diff_map": 31.0,
        "avg_slope_deg_map": 12.3,
        "max_slope_deg_map": 15.4
      },
      "geometry": {
        "type": "LineString",
        "coordinates": [
          [
            138.49017662186384,
            37.043987239601876,
            673.0
          ],
          [
            138.4902829892571,
            37.044016384228634,
            670.0
          ],
          [
            138.49038935665035,
            37.0440455288554,
            669.0
          ],
          [
            138.49049060929488,
            37.04408257075221,
            666.0
          ],
          [
            138.49058154780562,
            37.04413553786912,
            665.0
          ],
          [
            138.49065400552334,
            37.04420246031081,
            663.0
          ],
          [
            138.49070617573963,
            37.04428034592991,
            661.0
          ],
          [
            138.49070617573815,
            37.0443704534947,
            658.0
          ],
          [
            138.490701897408,
            37.044460366729055,
            656.0
          ],
          [
            138.49068919885883,
            37.044549897499856,
            655.0
          ],
          [
            138.4906765003097,
            37.04463942827065,
            652.0
          ],
          [
            138.49066380176052,
            37.04472895904144,
            651.0
          ],
          [
            138.49064883309603,
            37.04481822631668,
            649.0
          ],
          [
            138.49062932822574,
            37.044906967067966,
            644.0
          ],
          [
            138.4906129760442,
            37.04498136412121,
            642.0
          ]
        ]
      }
    }
  ]
}