{
  "type": "FeatureCollection",
  "features": [
    {
      "type": "Feature",
      "properties": {
        "name": "中の原_#下部",
        "slope_deg": [
          12.816647648997467,
          12.816647648997467,
          12.816647648997467,
          12.68038349181982,
          11.996899307923577,
          10.757967088390036,
          10.065169352759877,
          9.648045316098093,
          9.369385096487514,
          10.481218144130889,
          10.065169352759877,
          8.530765609948133,
          8.250387228905435,
          7.406912128495294,
          7.125016348901798,
          8.250387228905595,
          8.250387228905595,
          8.110047829419,
          8.110047829419,
          6.983937460085259,
          5.852378988915493,
          4.573921259900927,
          4.573921259900927,
          4.573921259900927,
          4.573921259900927
        ],
        "horizontal_dist_map": 236,
        "slope_dist_map": 239,
        "elevation_diff_map": 35.9,
        "avg_slope_deg_map": 8.5,
        "max_slope_deg_map": 12.8
      },
      "geometry": {
        "type": "LineString",
        "coordinates": [
          [
            133.53758489451957,
            35.39442705990656,
            853.2
          ],
          [
            133.53751194511202,
            35.39449455642056,
            850.9
          ],
          [
            133.53743899570446,
            35.39456205293455,
            848.5
          ],
          [
            133.53736604629694,
            35.39462954944855,
            846.5
          ],
          [
            133.53729309688939,
            35.39469704596255,
            844.1
          ],
          [
            133.53721674164404,
            35.39476191921971,
            841.9
          ],
          [
            133.5371389176341,
            35.394825661199654,
            840.0
          ],
          [
            133.5370610936242,
            35.3948894031796,
            838.9
          ],
          [
            133.53698326961427,
            35.39495314515954,
            837.0
          ],
          [
            133.53690544560433,
            35.395016887139484,
            835.1
          ],
          [
            133.53682762159443,
            35.39508062911943,
            833.4
          ],
          [
            133.5367497975845,
            35.39514437109937,
            831.5
          ],
          [
            133.53667197357456,
            35.39520811307931,
            829.9
          ],
          [
            133.53659414956465,
            35.395271855059256,
            829.1
          ],
          [
            133.53650922804428,
            35.395328758702625,
            827.6
          ],
          [
            133.53641984872814,
            35.39538136733182,
            826.3
          ],
          [
            133.53633046941204,
            35.39543397596101,
            824.9
          ],
          [
            133.5362410900959,
            35.39548658459021,
            823.3
          ],
          [
            133.53615171077976,
            35.3955391932194,
            821.8
          ],
          [
            133.53606105346208,
            35.39559030763813,
            820.6
          ],
          [
            133.53597011260106,
            35.39564109054444,
            819.2
          ],
          [
            133.53587951534013,
            35.39569226713451,
            818.4
          ],
          [
            133.53579138939648,
            35.39574627526497,
            817.7
          ],
          [
            133.53570326345286,
            35.39580028339543,
            817.4
          ],
          [
            133.5356469342717,
            35.39583480482736,
            817.3
          ]
        ]
      }
    },
    {
      "type": "Feature",
      "properties": {
        "name": "上の原 U2",
        "slope_deg": [
          19.290046219188735,
          19.290046219188735,
          19.290046219188735,
          18.906332035086518,
          19.162339354972016,
          18.64953875405141,
          20.556045219583467,
          20.806791012711287,
          20.178380074508645,
          19.544862326628827,
          17.484427323220732,
          18.520849477471074,
          17.6146433000071,
          18.133621430820266,
          18.520849477471074,
          16.830565983210626,
          17.223436191131434,
          15.642246457208788,
          16.304198003832376,
          16.69924423399362,
          16.961705886532968,
          18.77803322244557,
          17.744671625056874,
          18.39196625070533,
          17.61464330000695,
          15.774985955414008,
          14.97598451475675,
          14.036243467926479,
          15.109575122340555,
          14.97598451475675,
          16.17215901578243,
          15.37625124882619,
          14.036243467926479,
          15.109575122340402,
          13.766300685466351,
          14.036243467926479,
          13.49573328079569,
          11.447596263685636,
          12.13388017063338,
          11.722520970102357,
          13.088732789694154,
          13.360218444764483,
          12.407418527400683,
          13.360218444764483,
          12.13388017063338,
          13.631094443421603,
          13.90135076950909,
          13.224551192213497,
          14.305551846621862,
          12.407418527400683,
          12.270720357815385,
          11.309932474020215,
          9.50877195829791,
          10.896152141141194,
          10.619655276155134,
          12.543973346572077,
          13.360218444764483,
          12.407418527400683,
          13.766300685466197,
          12.407418527400683,
          12.816647648997467,
          12.407418527400683,
          11.996899307923577,
          11.996899307923577,
          11.996899307923577,
          11.996899307923577
        ],
        "horizontal_dist_map": 649,
        "slope_dist_map": 673,
        "elevation_diff_map": 173.5,
        "avg_slope_deg_map": 14.4,
        "max_slope_deg_map": 20.8
      },
      "geometry": {
        "type": "LineString",
        "coordinates": [
          [
            133.5417269420542,
            35.39108219486545,
            998.0
          ],
          [
            133.54168320876613,
            35.39116490756637,
            994.8
          ],
          [
            133.5416394754781,
            35.39124762026729,
            991.2
          ],
          [
            133.54159574219003,
            35.391330332968224,
            987.0
          ],
          [
            133.54155200890196,
            35.39141304566915,
            984.0
          ],
          [
            133.54150827561392,
            35.39149575837007,
            981.1
          ],
          [
            133.54146454232585,
            35.39157847107099,
            977.3
          ],
          [
            133.5414208090378,
            35.39166118377192,
            973.5
          ],
          [
            133.54138117910887,
            35.391745221078864,
            969.0
          ],
          [
            133.54134422397635,
            35.39183012183727,
            965.9
          ],
          [
            133.54130726884384,
            35.39191502259568,
            962.6
          ],
          [
            133.5412703137113,
            35.39199992335409,
            959.3
          ],
          [
            133.54123335857878,
            35.3920848241125,
            956.4
          ],
          [
            133.54119640344626,
            35.392169724870904,
            952.5
          ],
          [
            133.54115944831375,
            35.39225462562931,
            949.9
          ],
          [
            133.54112249318123,
            35.39233952638772,
            946.2
          ],
          [
            133.5410855380487,
            35.39242442714613,
            943.0
          ],
          [
            133.54104858291618,
            35.39250932790454,
            940.4
          ],
          [
            133.54101162778366,
            35.392594228662944,
            937.5
          ],
          [
            133.54097458131088,
            35.39267910208192,
            935.0
          ],
          [
            133.5409359402561,
            35.39276349821992,
            931.3
          ],
          [
            133.5408972992013,
            35.39284789435793,
            928.4
          ],
          [
            133.54085865814653,
            35.39293229049593,
            925.3
          ],
          [
            133.54082001709176,
            35.39301668663393,
            921.4
          ],
          [
            133.54078137603696,
            35.39310108277193,
            918.5
          ],
          [
            133.5407427349822,
            35.393185478909935,
            915.1
          ],
          [
            133.5407040939274,
            35.393269875047935,
            912.6
          ],
          [
            133.54066545287262,
            35.393354271185935,
            910.1
          ],
          [
            133.54062681181782,
            35.393438667323935,
            907.8
          ],
          [
            133.54058817076304,
            35.393523063461934,
            905.1
          ],
          [
            133.54054952970824,
            35.39360745959994,
            901.8
          ],
          [
            133.54051088865347,
            35.39369185573794,
            899.4
          ],
          [
            133.5404722475987,
            35.39377625187594,
            896.2
          ],
          [
            133.5404336065439,
            35.39386064801394,
            894.1
          ],
          [
            133.54039496548913,
            35.39394504415195,
            891.8
          ],
          [
            133.54035632443433,
            35.39402944028995,
            888.6
          ],
          [
            133.54031768337956,
            35.39411383642795,
            886.4
          ],
          [
            133.54027858682622,
            35.39419808975842,
            884.1
          ],
          [
            133.54023848431913,
            35.39428202770308,
            882.2
          ],
          [
            133.54019838181205,
            35.39436596564774,
            880.5
          ],
          [
            133.54015827930496,
            35.394449903592395,
            877.8
          ],
          [
            133.54011817679788,
            35.39453384153706,
            875.8
          ],
          [
            133.5400780742908,
            35.39461777948172,
            872.9
          ],
          [
            133.54003797178368,
            35.39470171742638,
            871.0
          ],
          [
            133.5399978692766,
            35.39478565537104,
            869.0
          ],
          [
            133.5399577667695,
            35.3948695933157,
            866.3
          ],
          [
            133.53991766426242,
            35.394953531260356,
            864.3
          ],
          [
            133.53987756175533,
            35.395037469205015,
            861.3
          ],
          [
            133.53983745924825,
            35.39512140714968,
            859.1
          ],
          [
            133.53979735674116,
            35.39520534509434,
            856.9
          ],
          [
            133.53975725423405,
            35.395289283039,
            854.1
          ],
          [
            133.53971732842533,
            35.39537327720268,
            852.5
          ],
          [
            133.53967775410854,
            35.39545738319839,
            850.4
          ],
          [
            133.53963817979175,
            35.395541489194095,
            848.9
          ],
          [
            133.539598605475,
            35.395625595189806,
            847.4
          ],
          [
            133.5395590311582,
            35.39570970118551,
            844.8
          ],
          [
            133.53951945684142,
            35.39579380718122,
            842.9
          ],
          [
            133.53947988252463,
            35.395877913176925,
            840.0
          ],
          [
            133.53944030820784,
            35.39596201917263,
            837.9
          ],
          [
            133.53940073389106,
            35.39604612516834,
            836.0
          ],
          [
            133.53936145193993,
            35.39613032127707,
            833.1
          ],
          [
            133.53932348238834,
            35.39621492189397,
            831.2
          ],
          [
            133.53928551283678,
            35.39629952251087,
            828.8
          ],
          [
            133.53924754328523,
            35.396384123127774,
            827.2
          ],
          [
            133.53920957373367,
            35.39646872374468,
            824.6
          ],
          [
            133.53917433482673,
            35.39654724016491,
            824.5
          ]
        ]
      }
    },
    {
      "type": "Feature",
      "properties": {
        "name": "上の原 U1",
        "slope_deg": [
          12.816647648997467,
          12.816647648997467,
          12.816647648997467,
          11.447596263685636,
          8.670801453590993,
          7.406912128495294,
          5.852378988915493,
          6.560196400571341,
          8.670801453590993,
          10.20397372173159,
          11.034209003250343,
          10.757967088390036,
          11.172136252167116,
          9.50877195829791,
          9.648045316098093,
          9.22988624372772,
          9.648045316098251,
          9.648045316098093,
          10.203973721731748,
          9.926245506651705,
          8.9505586562316,
          9.926245506651705,
          8.9505586562316,
          8.9505586562316,
          9.648045316098093,
          8.950558656231758,
          8.950558656231758,
          10.065169352759877,
          9.926245506651705,
          9.508771958297752,
          10.342657140474548,
          9.090276920822289,
          8.390627013252708,
          9.787203664656081,
          8.810732985984973,
          8.950558656231758,
          9.369385096487358,
          7.969610394321392,
          7.266008446995867,
          7.406912128495133,
          6.418786730238786,
          5.994092949108534,
          6.560196400571341,
          5.852378988915653,
          6.135733340186889,
          6.701525844729388,
          6.277298489597523,
          4.7162212343382155,
          4.7162212343382155,
          4.7162212343382155,
          4.7162212343382155
        ],
        "horizontal_dist_map": 493,
        "slope_dist_map": 499,
        "elevation_diff_map": 75.2,
        "avg_slope_deg_map": 8.6,
        "max_slope_deg_map": 12.8
      },
      "geometry": {
        "type": "LineString",
        "coordinates": [
          [
            133.53964290445634,
            35.39613868340567,
            835.9
          ],
          [
            133.5396125389459,
            35.396225318559104,
            833.2
          ],
          [
            133.53958217343546,
            35.39631195371255,
            831.2
          ],
          [
            133.53955180792502,
            35.396398588865985,
            829.0
          ],
          [
            133.53952144241458,
            35.39648522401943,
            826.8
          ],
          [
            133.53949932745022,
            35.39657344570585,
            825.1
          ],
          [
            133.53947942071252,
            35.39666209202168,
            825.1
          ],
          [
            133.53945951397486,
            35.39675073833751,
            823.8
          ],
          [
            133.53943960723717,
            35.39683938465333,
            822.7
          ],
          [
            133.53942119411047,
            35.396928142507896,
            820.5
          ],
          [
            133.53942118780213,
            35.39701827493268,
            819.0
          ],
          [
            133.5394211814938,
            35.39710840735746,
            816.6
          ],
          [
            133.53942117518545,
            35.39719853978224,
            814.9
          ],
          [
            133.53942117025855,
            35.397288672202855,
            812.9
          ],
          [
            133.53942116566492,
            35.39737880462248,
            811.1
          ],
          [
            133.53942116107126,
            35.39746893704209,
            809.9
          ],
          [
            133.53942115647763,
            35.39755906946171,
            808.1
          ],
          [
            133.53940944036344,
            35.39764753771739,
            806.4
          ],
          [
            133.53937235515224,
            35.397732401117814,
            804.3
          ],
          [
            133.53933526994103,
            35.39781726451823,
            803.1
          ],
          [
            133.53929818472983,
            35.397902127918655,
            800.9
          ],
          [
            133.53926109951863,
            35.39798699131908,
            799.4
          ],
          [
            133.53922401430742,
            35.398071854719504,
            798.0
          ],
          [
            133.53918280199986,
            35.39815533829021,
            796.1
          ],
          [
            133.53913674084038,
            35.39823720072357,
            794.6
          ],
          [
            133.5390906796809,
            35.39831906315694,
            793.1
          ],
          [
            133.53904461852142,
            35.39840092559031,
            791.2
          ],
          [
            133.5389985573619,
            35.39848278802368,
            789.8
          ],
          [
            133.53895249620243,
            35.39856465045705,
            788.3
          ],
          [
            133.53890643504295,
            35.398646512890416,
            786.0
          ],
          [
            133.53885922163906,
            35.39872793240577,
            784.2
          ],
          [
            133.53881170540993,
            35.39880923551634,
            783.1
          ],
          [
            133.53876418918077,
            35.398890538626915,
            781.0
          ],
          [
            133.53871667295164,
            35.398971841737485,
            779.6
          ],
          [
            133.5386691567225,
            35.39905314484806,
            778.3
          ],
          [
            133.53862164049337,
            35.39913444795863,
            776.2
          ],
          [
            133.53857412426422,
            35.39921575106921,
            774.8
          ],
          [
            133.53852660803508,
            35.399297054179776,
            773.3
          ],
          [
            133.53847909180595,
            35.39937835729035,
            771.7
          ],
          [
            133.53843157557682,
            35.39945966040092,
            770.6
          ],
          [
            133.53838145272104,
            35.39953990058881,
            769.7
          ],
          [
            133.53833082556292,
            35.39961993513374,
            768.1
          ],
          [
            133.5382801984048,
            35.39969996967867,
            767.2
          ],
          [
            133.53822996896545,
            35.39978017199928,
            766.4
          ],
          [
            133.53817980369334,
            35.39986040138853,
            765.1
          ],
          [
            133.53812963842122,
            35.39994063077778,
            764.0
          ],
          [
            133.53807947314914,
            35.400020860167025,
            762.9
          ],
          [
            133.53802930787703,
            35.40010108955627,
            761.7
          ],
          [
            133.53797914260494,
            35.40018131894552,
            760.7
          ],
          [
            133.53792897733283,
            35.40026154833477,
            760.7
          ],
          [
            133.53791237966453,
            35.40028809300868,
            760.7
          ]
        ]
      }
    },
    {
      "type": "Feature",
      "properties": {
        "name": "リーゼン_#下部",
        "slope_deg": [
          21.056705590704752,
          21.056705590704752,
          21.056705590704752,
          22.293629159694188,
          20.556045219583606,
          21.924785220541203,
          21.924785220541203,
          21.181349500266236,
          23.38848242899485,
          22.904057803636878,
          23.38848242899485,
          24.346751854704948,
          22.416147479343643,
          21.43000730175244,
          20.931852540892464,
          19.417554141579483,
          20.806791012711287,
          22.660536301999365,
          21.67782085250454,
          23.509040224192432,
          24.465535110662668,
          23.749494492866653,
          25.056088833535288,
          24.465535110662668,
          21.80140948635181,
          21.80140948635181,
          18.906332035086663,
          16.69924423399362,
          16.961705886532968,
          15.642246457208788,
          15.774985955414008,
          15.642246457208788,
          14.036243467926479,
          13.360218444764483,
          12.68038349181982,
          12.816647648997467,
          13.495733280795843,
          11.7225209701022,
          11.172136252167116,
          8.810732985984814,
          7.829076510059608,
          8.11004782941916,
          9.50877195829791,
          10.757967088390036,
          12.407418527400683,
          13.360218444764483,
          14.170977562933123,
          14.439965121002807,
          14.439965121002807,
          14.305551846622015,
          14.708303899682749,
          14.708303899682749,
          15.242997742901547,
          15.109575122340402,
          15.642246457208639,
          15.774985955414008,
          16.830565983210626,
          18.133621430820412,
          16.567741642975037,
          14.708303899682749,
          10.481218144130889,
          7.547725773843047,
          5.4268124985727555,
          6.418786730238786,
          6.842773412630876,
          7.547725773843206,
          9.090276920822289,
          8.9505586562316,
          10.203973721731748,
          10.896152141141036,
          10.619655276155134,
          11.172136252167274,
          11.172136252167116,
          11.172136252167116,
          10.757967088390036,
          11.44759626368548,
          10.342657140474548,
          10.481218144131045,
          9.090276920822289,
          7.125016348901798,
          5.852378988915653,
          4.146688825965976,
          3.576334374997351,
          2.719505461272635,
          2.004534032105872,
          0.4297102894009785,
          -0.5729386976834533,
          -0.14323915036833912,
          2.862405226111748,
          0.8593722436447134,
          0.7161599454704085,
          0.14323915036833912,
          -2.004534032105872,
          1.0025738037601275,
          1.0025738037601275,
          1.0025738037601275,
          1.0025738037601275
        ],
        "horizontal_dist_map": 955,
        "slope_dist_map": 991,
        "elevation_diff_map": 226.8,
        "avg_slope_deg_map": 12.9,
        "max_slope_deg_map": 25.1
      },
      "geometry": {
        "type": "LineString",
        "coordinates": [
          [
            133.54549795136842,
            35.39172564287283,
            1039.3
          ],
          [
            133.54540582339837,
            35.391774964895134,
            1035.9
          ],
          [
            133.54531369542832,
            35.39182428691744,
            1031.4
          ],
          [
            133.54522156745827,
            35.39187360893975,
            1028.2
          ],
          [
            133.545137725002,
            35.39193196017319,
            1023.9
          ],
          [
            133.54505423717453,
            35.39199069786646,
            1019.5
          ],
          [
            133.54497074934704,
            35.392049435559734,
            1016.4
          ],
          [
            133.54488788363278,
            35.39210864846374,
            1012.1
          ],
          [
            133.5448221212893,
            35.39218092604045,
            1007.8
          ],
          [
            133.5447563589458,
            35.39225320361717,
            1004.0
          ],
          [
            133.5446905966023,
            35.39232548119389,
            999.1
          ],
          [
            133.5446248342588,
            35.39239775877061,
            995.2
          ],
          [
            133.54456631943899,
            35.39247396648217,
            990.5
          ],
          [
            133.544510721525,
            35.3925517559524,
            985.9
          ],
          [
            133.54445512361102,
            35.39262954542263,
            982.6
          ],
          [
            133.54439952569703,
            35.392707334892854,
            979.5
          ],
          [
            133.54434392778305,
            35.39278512436308,
            975.2
          ],
          [
            133.54428832986906,
            35.39286291383331,
            971.8
          ],
          [
            133.5442284673528,
            35.39293839411398,
            967.4
          ],
          [
            133.5441628183008,
            35.39301074111114,
            962.8
          ],
          [
            133.54409716924877,
            35.3930830881083,
            959.3
          ],
          [
            133.54403152019677,
            35.393155435105456,
            954.4
          ],
          [
            133.54396587114476,
            35.39322778210261,
            949.2
          ],
          [
            133.54389576061354,
            35.3932971266356,
            945.2
          ],
          [
            133.54382179559124,
            35.3933638771923,
            940.6
          ],
          [
            133.54374783056898,
            35.393430627749,
            936.2
          ],
          [
            133.5436738655467,
            35.393497378305696,
            933.2
          ],
          [
            133.5435999005244,
            35.393564128862394,
            929.2
          ],
          [
            133.54352593550215,
            35.39363087941909,
            926.9
          ],
          [
            133.5434566867337,
            35.393700921807906,
            924.2
          ],
          [
            133.54338791526146,
            35.39377129733807,
            921.0
          ],
          [
            133.54331914378926,
            35.393841672868234,
            918.0
          ],
          [
            133.54325037231706,
            35.3939120483984,
            915.6
          ],
          [
            133.54318047117803,
            35.39398167196056,
            913.0
          ],
          [
            133.543110366071,
            35.39405115975047,
            911.0
          ],
          [
            133.54304026096398,
            35.394120647540376,
            908.5
          ],
          [
            133.54297473097168,
            35.394192128086196,
            906.6
          ],
          [
            133.54294763114166,
            35.39427915103333,
            903.9
          ],
          [
            133.54294123230682,
            35.394369131075564,
            901.4
          ],
          [
            133.5429450466403,
            35.394458323495805,
            900.2
          ],
          [
            133.54297184961612,
            35.39454574307148,
            898.7
          ],
          [
            133.54299865259193,
            35.39463316264715,
            897.7
          ],
          [
            133.54302492045557,
            35.39472068759295,
            895.9
          ],
          [
            133.54304958737137,
            35.394808527784946,
            894.5
          ],
          [
            133.5430742542872,
            35.39489636797693,
            892.0
          ],
          [
            133.5430709408368,
            35.39498634339106,
            890.1
          ],
          [
            133.54305421863106,
            35.395075069717734,
            887.1
          ],
          [
            133.54302987015384,
            35.3951629694728,
            885.0
          ],
          [
            133.54300575634392,
            35.395250908818525,
            881.9
          ],
          [
            133.54298568783875,
            35.39533953064686,
            879.8
          ],
          [
            133.54296561933361,
            35.39542815247518,
            876.8
          ],
          [
            133.54294555082848,
            35.395516774303516,
            874.8
          ],
          [
            133.54292530908282,
            35.39560536848649,
            871.4
          ],
          [
            133.5429032653548,
            35.39569367511294,
            869.3
          ],
          [
            133.54288122162677,
            35.395781981739376,
            865.9
          ],
          [
            133.54285917789872,
            35.39587028836582,
            864.0
          ],
          [
            133.5428371341707,
            35.39595859499226,
            860.2
          ],
          [
            133.54281509044267,
            35.396046901618696,
            858.0
          ],
          [
            133.54279304671465,
            35.39613520824514,
            853.8
          ],
          [
            133.54275325229065,
            35.39621769078034,
            850.9
          ],
          [
            133.5426947243363,
            35.39629402675146,
            848.3
          ],
          [
            133.5426183371871,
            35.396357743490476,
            847.5
          ],
          [
            133.5425346782705,
            35.39641632202913,
            846.4
          ],
          [
            133.54245614629028,
            35.39647915598952,
            845.6
          ],
          [
            133.54238347683943,
            35.3965468559231,
            844.5
          ],
          [
            133.54231513236527,
            35.39661682808636,
            843.0
          ],
          [
            133.54227025876074,
            35.39669913123092,
            841.6
          ],
          [
            133.5422253851562,
            35.39678143437548,
            840.3
          ],
          [
            133.54218051155166,
            35.39686373752003,
            838.1
          ],
          [
            133.54213563794713,
            35.39694604066459,
            836.7
          ],
          [
            133.54208848997334,
            35.39702745510383,
            834.4
          ],
          [
            133.54203857214046,
            35.39710778722611,
            832.6
          ],
          [
            133.5419886543076,
            35.397188119348385,
            830.6
          ],
          [
            133.54193873647475,
            35.397268451470666,
            828.8
          ],
          [
            133.54188881864187,
            35.39734878359294,
            826.5
          ],
          [
            133.541838900809,
            35.39742911571522,
            824.7
          ],
          [
            133.54178898297613,
            35.39750944783749,
            823.0
          ],
          [
            133.5417546130446,
            35.39759462652766,
            820.7
          ],
          [
            133.54172664941808,
            35.39768180218138,
            819.2
          ],
          [
            133.5417078238015,
            35.39777034346547,
            817.3
          ],
          [
            133.5417425855664,
            35.397852488264846,
            816.6
          ],
          [
            133.54184312822363,
            35.39788918380895,
            815.7
          ],
          [
            133.5419433184755,
            35.3979265155196,
            815.1
          ],
          [
            133.5420435130156,
            35.39796365093255,
            814.4
          ],
          [
            133.5421517017042,
            35.39798028203072,
            814.1
          ],
          [
            133.54225561054346,
            35.39796560547159,
            813.8
          ],
          [
            133.54233949871758,
            35.39790932337768,
            813.7
          ],
          [
            133.54241106043398,
            35.3978409670731,
            814.1
          ],
          [
            133.5424935161868,
            35.39778486396068,
            814.5
          ],
          [
            133.54259514829633,
            35.397755007491995,
            813.9
          ],
          [
            133.54270480789032,
            35.39776286380296,
            811.7
          ],
          [
            133.5428091037838,
            35.39778538234476,
            813.5
          ],
          [
            133.5429059809311,
            35.3978281807978,
            814.0
          ],
          [
            133.54299778943323,
            35.39787687879505,
            813.8
          ],
          [
            133.54307971882392,
            35.397937075378834,
            813.1
          ],
          [
            133.54316164821458,
            35.397997271962616,
            812.8
          ],
          [
            133.54320387939447,
            35.39802830078801,
            812.5
          ]
        ]
      }
    },
    {
      "type": "Feature",
      "properties": {
        "name": "パラダイス_#下部",
        "slope_deg": [
          23.629377730656817,
          23.629377730656817,
          23.629377730656817,
          23.869390064732,
          23.38848242899485,
          23.749494492866788,
          21.924785220541345,
          22.04794746356044,
          22.293629159694188,
          22.416147479343643,
          22.416147479343643,
          23.38848242899485,
          21.677820852504393,
          21.677820852504393,
          21.181349500266236,
          19.290046219188735,
          20.931852540892464,
          20.17838007450879,
          21.4300073017523,
          21.056705590704752,
          18.133621430820412,
          18.00416160591338,
          17.744671625057023,
          17.223436191131583,
          19.544862326628827,
          18.906332035086663,
          18.778033222445426,
          19.290046219188735,
          18.39196625070533,
          18.778033222445426,
          18.52084947747122,
          18.520849477471074,
          17.35402463626132,
          18.39196625070548,
          17.223436191131434,
          18.64953875405141,
          19.544862326628827,
          18.64953875405141,
          19.544862326628685,
          17.744671625056874,
          16.304198003832227,
          16.830565983210626,
          15.37625124882619,
          15.509334522674907,
          16.830565983210626,
          16.039943306049665,
          17.35402463626132,
          17.35402463626132,
          16.172159015782583,
          17.61464330000695,
          16.172159015782583,
          16.039943306049665,
          17.092662950267425,
          15.509334522674907,
          15.642246457208788,
          16.43605922463559,
          14.708303899682749,
          14.036243467926479,
          14.842227057911131,
          13.495733280795843,
          14.708303899682749,
          14.708303899682749,
          13.224551192213497,
          14.305551846622015,
          12.68038349181982,
          11.996899307923577,
          12.543973346572077,
          11.172136252167116,
          12.68038349181982,
          12.543973346572077,
          10.481218144130889,
          9.369385096487514,
          9.369385096487514,
          9.369385096487514,
          9.369385096487514
        ],
        "horizontal_dist_map": 735,
        "slope_dist_map": 773,
        "elevation_diff_map": 231.9,
        "avg_slope_deg_map": 16.7,
        "max_slope_deg_map": 23.9
      },
      "geometry": {
        "type": "LineString",
        "coordinates": [
          [
            133.54604975867244,
            35.39196349685186,
            1042.9
          ],
          [
            133.5460204418383,
            35.39205037357766,
            1039.3
          ],
          [
            133.54599112500418,
            35.39213725030347,
            1034.0
          ],
          [
            133.54596180817003,
            35.39222412702927,
            1030.7
          ],
          [
            133.5459324913359,
            35.392311003755076,
            1025.4
          ],
          [
            133.54590317450177,
            35.39239788048088,
            1021.6
          ],
          [
            133.54587385766763,
            35.39248475720669,
            1016.7
          ],
          [
            133.54584454083349,
            35.39257163393249,
            1013.1
          ],
          [
            133.54581522399934,
            35.39265851065829,
            1009.3
          ],
          [
            133.5457839773364,
            35.392744893610285,
            1005.4
          ],
          [
            133.54574767205722,
            35.39282998224424,
            1000.3
          ],
          [
            133.54571136677802,
            35.39291507087819,
            996.6
          ],
          [
            133.54567506149883,
            35.39300015951214,
            992.8
          ],
          [
            133.5456387562196,
            35.39308524814609,
            988.1
          ],
          [
            133.54559897088862,
            35.393169285632496,
            984.4
          ],
          [
            133.54555909788772,
            35.393253296638235,
            980.7
          ],
          [
            133.5455192248868,
            35.39333730764398,
            977.3
          ],
          [
            133.5454801625772,
            35.393421534072,
            974.1
          ],
          [
            133.54545219438205,
            35.393508708501514,
            969.1
          ],
          [
            133.54542422618687,
            35.39359588293104,
            966.0
          ],
          [
            133.5453962579917,
            35.39368305736056,
            961.6
          ],
          [
            133.5453686227492,
            35.3937702994341,
            958.7
          ],
          [
            133.54534358376713,
            35.39385806897454,
            956.0
          ],
          [
            133.54531854478503,
            35.393945838514966,
            953.0
          ],
          [
            133.54529276298305,
            35.394033461650956,
            948.8
          ],
          [
            133.54526628276406,
            35.394120947134,
            946.3
          ],
          [
            133.5452398025451,
            35.39420843261704,
            941.8
          ],
          [
            133.5452133223261,
            35.394295918100084,
            939.3
          ],
          [
            133.5451868421071,
            35.39438340358313,
            935.2
          ],
          [
            133.5451548168936,
            35.39446944282331,
            932.3
          ],
          [
            133.54511462404977,
            35.394553351786,
            928.5
          ],
          [
            133.54507443120593,
            35.39463726074869,
            925.7
          ],
          [
            133.5450342383621,
            35.39472116971138,
            921.8
          ],
          [
            133.54499404551825,
            35.394805078674075,
            918.9
          ],
          [
            133.5449538526744,
            35.39488898763676,
            916.0
          ],
          [
            133.54491365983057,
            35.394972896599455,
            912.4
          ],
          [
            133.5448707061157,
            35.39505587254716,
            909.4
          ],
          [
            133.54482691810043,
            35.39513856654952,
            905.4
          ],
          [
            133.54478313008514,
            35.39522126055188,
            901.8
          ],
          [
            133.54473934206987,
            35.39530395455424,
            898.9
          ],
          [
            133.5446955540546,
            35.395386648556595,
            895.2
          ],
          [
            133.54465176603935,
            35.395469342558954,
            892.6
          ],
          [
            133.5446079780241,
            35.395552036561305,
            890.1
          ],
          [
            133.5445641900088,
            35.395634730563664,
            886.8
          ],
          [
            133.54452040199354,
            35.39571742456602,
            884.2
          ],
          [
            133.54447661397828,
            35.39580011856838,
            881.5
          ],
          [
            133.54443292646232,
            35.3958828481788,
            878.0
          ],
          [
            133.54438940132425,
            35.395965635321545,
            875.3
          ],
          [
            133.54434587618618,
            35.39604842246429,
            871.7
          ],
          [
            133.5443023510481,
            35.396131209607034,
            869.0
          ],
          [
            133.54425882591002,
            35.39621399674978,
            866.4
          ],
          [
            133.54421530077192,
            35.396296783892524,
            862.6
          ],
          [
            133.54417177563386,
            35.39637957103526,
            860.1
          ],
          [
            133.54412825049576,
            35.396462358178006,
            857.5
          ],
          [
            133.5440847253577,
            35.39654514532075,
            854.1
          ],
          [
            133.5440412002196,
            35.396627932463495,
            851.5
          ],
          [
            133.54399554750358,
            35.396709947076936,
            848.9
          ],
          [
            133.54394981894214,
            35.39679193415069,
            845.7
          ],
          [
            133.54390409038066,
            35.39687392122445,
            843.6
          ],
          [
            133.5438583618192,
            35.3969559082982,
            841.5
          ],
          [
            133.54381263325774,
            35.39703789537195,
            838.3
          ],
          [
            133.54376690469627,
            35.39711988244571,
            836.1
          ],
          [
            133.54372117613482,
            35.39720186951946,
            833.1
          ],
          [
            133.54367544757335,
            35.39728385659322,
            831.0
          ],
          [
            133.54362998854384,
            35.39736593804574,
            828.9
          ],
          [
            133.54358918304607,
            35.3974496489697,
            825.9
          ],
          [
            133.5435483775483,
            35.39753335989365,
            824.1
          ],
          [
            133.5435075720505,
            35.3976170708176,
            822.5
          ],
          [
            133.5434667665527,
            35.397700781741555,
            820.0
          ],
          [
            133.54342596105494,
            35.39778449266551,
            818.0
          ],
          [
            133.54338515555716,
            35.39786820358947,
            815.1
          ],
          [
            133.54334435005939,
            35.39795191451342,
            813.6
          ],
          [
            133.5433035445616,
            35.39803562543737,
            812.6
          ],
          [
            133.54326273906383,
            35.398119336361326,
            811.4
          ],
          [
            133.54324187560712,
            35.39816213694783,
            811.0
          ]
        ]
      }
    },
    {
      "type": "Feature",
      "properties": {
        "name": "パラダイス_2",
        "slope_deg": [
          11.172136252167116,
          11.172136252167116,
          11.172136252167116,
          9.926245506651705,
          9.22988624372772,
          11.309932474020215,
          11.447596263685636,
          13.224551192213497,
          14.439965121002654,
          15.2429977429017,
          17.744671625056874,
          16.436059224635738,
          18.00416160591338,
          16.69924423399362,
          16.567741642974887,
          16.830565983210477,
          17.484427323220732,
          19.034434354835135,
          17.6146433000071,
          19.544862326628827,
          19.544862326628827,
          19.544862326628827,
          19.544862326628827
        ],
        "horizontal_dist_map": 210,
        "slope_dist_map": 218,
        "elevation_diff_map": 57.4,
        "avg_slope_deg_map": 14.7,
        "max_slope_deg_map": 19.5
      },
      "geometry": {
        "type": "LineString",
        "coordinates": [
          [
            133.54449045878732,
            35.392908040069074,
            973.9
          ],
          [
            133.5445489844158,
            35.392984376073635,
            971.0
          ],
          [
            133.54460751004427,
            35.39306071207819,
            969.0
          ],
          [
            133.5446484119164,
            35.39314186346018,
            967.7
          ],
          [
            133.54465759358246,
            35.393231681823316,
            966.0
          ],
          [
            133.5446564289067,
            35.39332161515799,
            964.0
          ],
          [
            133.54465022721857,
            35.3934116044654,
            962.5
          ],
          [
            133.54464402553043,
            35.393501593772804,
            959.7
          ],
          [
            133.5446378238423,
            35.393591583080216,
            957.9
          ],
          [
            133.5446355080541,
            35.3936816428288,
            954.6
          ],
          [
            133.54463684007905,
            35.393771768702685,
            952.2
          ],
          [
            133.54463817210402,
            35.39386189457657,
            948.8
          ],
          [
            133.54463950412895,
            35.39395202045045,
            945.1
          ],
          [
            133.54463648282393,
            35.39404208015435,
            942.8
          ],
          [
            133.54463106715642,
            35.3941321034643,
            939.2
          ],
          [
            133.54462565148887,
            35.394222126774245,
            936.8
          ],
          [
            133.54462023582133,
            35.3943121500842,
            933.2
          ],
          [
            133.5446148201538,
            35.39440217339414,
            930.7
          ],
          [
            133.54460940448627,
            35.39449219670409,
            926.6
          ],
          [
            133.54460367022315,
            35.3945821893555,
            923.0
          ],
          [
            133.54458344961984,
            35.39467078798265,
            920.5
          ],
          [
            133.54456322901652,
            35.394759386609785,
            916.5
          ],
          [
            133.5445628590174,
            35.39476100779849,
            916.5
          ]
        ]
      }
    },
    {
      "type": "Feature",
      "properties": {
        "name": "チャンピオン_#下部",
        "slope_deg": [
          12.27072035781523,
          12.27072035781523,
          12.27072035781523,
          15.242997742901547,
          14.439965121002654,
          15.109575122340402,
          14.439965121002807,
          13.90135076950909,
          13.631094443421603,
          13.088732789694154,
          12.543973346572077,
          12.270720357815385,
          13.360218444764483,
          12.27072035781523,
          13.90135076950909,
          13.224551192213497,
          12.543973346572077,
          14.439965121002807,
          13.495733280795843,
          15.509334522674907,
          15.509334522674907,
          14.708303899682749,
          13.766300685466197,
          12.68038349181982,
          12.133880170633224,
          11.996899307923577,
          11.996899307923577,
          11.859779120947948,
          11.172136252167274,
          10.342657140474548,
          10.203973721731748,
          9.369385096487514,
          9.787203664656081,
          10.896152141141194,
          11.172136252167116,
          12.27072035781523,
          13.360218444764483,
          12.133880170633224,
          12.68038349181982,
          10.342657140474707,
          9.22988624372772,
          9.926245506651705,
          9.50877195829791,
          10.342657140474548,
          12.407418527400683,
          12.407418527400838,
          14.439965121002654,
          15.37625124882619,
          14.57421619803871,
          17.484427323220732,
          16.69924423399362,
          19.290046219188735,
          19.671969989200644,
          18.64953875405141,
          18.00416160591338,
          15.907551930525813,
          14.57421619803871,
          11.585126224854955,
          9.22988624372772,
          5.142764557884274,
          4.573921259900927,
          6.560196400571341,
          8.810732985984973,
          12.407418527400838,
          13.224551192213497,
          12.95276451337558,
          12.816647648997467,
          12.133880170633224,
          12.27072035781523,
          11.859779120947948,
          11.309932474020215,
          11.722520970102357,
          11.859779120948104,
          11.996899307923577,
          13.088732789694,
          13.088732789694,
          12.952764513375426,
          12.68038349181982,
          11.7225209701022,
          11.172136252167116,
          10.342657140474707,
          10.342657140474548,
          9.648045316098251,
          9.78720366465624,
          10.065169352759717,
          10.481218144130889,
          11.172136252167116,
          11.859779120947948,
          11.859779120948104,
          11.58512622485511,
          9.50877195829791,
          9.50877195829791,
          9.50877195829791,
          9.50877195829791
        ],
        "horizontal_dist_map": 928,
        "slope_dist_map": 951,
        "elevation_diff_map": 200.7,
        "avg_slope_deg_map": 11.9,
        "max_slope_deg_map": 19.7
      },
      "geometry": {
        "type": "LineString",
        "coordinates": [
          [
            133.54634798158406,
            35.39689772757261,
            871.9
          ],
          [
            133.54633478868524,
            35.39698721031474,
            870.9
          ],
          [
            133.5463215957864,
            35.39707669305688,
            868.3
          ],
          [
            133.54630840288758,
            35.397166175799015,
            865.9
          ],
          [
            133.54629520998876,
            35.39725565854115,
            863.2
          ],
          [
            133.5462820170899,
            35.39734514128329,
            860.0
          ],
          [
            133.5462688241911,
            35.39743462402542,
            858.0
          ],
          [
            133.54625563129227,
            35.39752410676756,
            855.1
          ],
          [
            133.54624243839342,
            35.397613589509696,
            852.9
          ],
          [
            133.54624859143559,
            35.39770259290824,
            850.1
          ],
          [
            133.5462683682485,
            35.39779125874413,
            848.3
          ],
          [
            133.54628814506137,
            35.39787992458001,
            845.8
          ],
          [
            133.54630792187425,
            35.3979685904159,
            844.0
          ],
          [
            133.5463210023904,
            35.39805754032001,
            841.4
          ],
          [
            133.5463125221201,
            35.39814740486911,
            838.8
          ],
          [
            133.54630404184982,
            35.3982372694182,
            837.1
          ],
          [
            133.5462955615795,
            35.39832713396731,
            834.1
          ],
          [
            133.54626881856973,
            35.398412735771956,
            832.0
          ],
          [
            133.54621815307274,
            35.39849275377855,
            829.9
          ],
          [
            133.54616748757576,
            35.39857277178515,
            826.8
          ],
          [
            133.54611777174952,
            35.398653077198034,
            824.5
          ],
          [
            133.5460926986816,
            35.398740840441775,
            820.9
          ],
          [
            133.54606762561372,
            35.39882860368552,
            818.8
          ],
          [
            133.5460425525458,
            35.398916366929264,
            816.3
          ],
          [
            133.5460174794779,
            35.399004130173005,
            814.7
          ],
          [
            133.54599240641,
            35.39909189341675,
            811.9
          ],
          [
            133.54596733334208,
            35.39917965666049,
            810.2
          ],
          [
            133.5459422602742,
            35.39926741990424,
            807.8
          ],
          [
            133.54592547883186,
            35.399356407928025,
            806.2
          ],
          [
            133.54591151646966,
            35.3994458123663,
            803.5
          ],
          [
            133.54589755410748,
            35.39953521680458,
            802.3
          ],
          [
            133.54588359174528,
            35.39962462124286,
            800.5
          ],
          [
            133.5458696293831,
            35.39971402568114,
            799.0
          ],
          [
            133.5458556670209,
            35.39980343011942,
            796.9
          ],
          [
            133.54584170465873,
            35.3998928345577,
            795.4
          ],
          [
            133.54586915071613,
            35.39997985824563,
            792.8
          ],
          [
            133.5458982357641,
            35.40006678770086,
            791.1
          ],
          [
            133.54594077523672,
            35.40014963159799,
            788.2
          ],
          [
            133.54598795290642,
            35.400231067064496,
            785.9
          ],
          [
            133.54603513057612,
            35.40031250253101,
            784.2
          ],
          [
            133.54608230824581,
            35.400393937997514,
            782.1
          ],
          [
            133.54612948591551,
            35.40047537346402,
            780.9
          ],
          [
            133.54617666358524,
            35.40055680893053,
            779.4
          ],
          [
            133.54622384125494,
            35.40063824439704,
            777.2
          ],
          [
            133.54627101892464,
            35.40071967986354,
            775.4
          ],
          [
            133.54631161631687,
            35.400803457846585,
            773.6
          ],
          [
            133.5463521743956,
            35.40088724982487,
            770.6
          ],
          [
            133.5463927324743,
            35.40097104180315,
            768.4
          ],
          [
            133.54643329055298,
            35.40105483378144,
            765.1
          ],
          [
            133.54647384863168,
            35.40113862575973,
            762.6
          ],
          [
            133.54651440671037,
            35.40122241773801,
            760.2
          ],
          [
            133.5465550803586,
            35.401306172138604,
            755.8
          ],
          [
            133.5465958403369,
            35.40138989846876,
            753.1
          ],
          [
            133.5466230717854,
            35.4014759406728,
            748.6
          ],
          [
            133.546626695283,
            35.4015660241909,
            745.9
          ],
          [
            133.54660898047808,
            35.40165436542797,
            742.3
          ],
          [
            133.5465837002132,
            35.40174208894219,
            740.1
          ],
          [
            133.54655841994833,
            35.40182981245641,
            737.2
          ],
          [
            133.54653313968345,
            35.40191753597063,
            735.5
          ],
          [
            133.54649923329836,
            35.40200312256648,
            734.1
          ],
          [
            133.54646087551282,
            35.402087606432566,
            733.6
          ],
          [
            133.54642251772728,
            35.402172090298656,
            733.6
          ],
          [
            133.5463847401084,
            35.402256721411064,
            732.3
          ],
          [
            133.546358009595,
            35.40234415627932,
            729.5
          ],
          [
            133.5463312790816,
            35.402431591147575,
            727.4
          ],
          [
            133.5463045485682,
            35.402519026015824,
            724.8
          ],
          [
            133.5462777095941,
            35.40260643823828,
            722.9
          ],
          [
            133.54625003047687,
            35.402693675044965,
            720.3
          ],
          [
            133.5462223513596,
            35.40278091185165,
            718.3
          ],
          [
            133.54619467224236,
            35.402868148658335,
            716.2
          ],
          [
            133.5461602326755,
            35.40295274902052,
            714.2
          ],
          [
            133.54609494287044,
            35.40302531838694,
            711.9
          ],
          [
            133.5460296530654,
            35.403097887753354,
            710.3
          ],
          [
            133.54594823644194,
            35.403157520552874,
            707.9
          ],
          [
            133.54586095424014,
            35.40321244811887,
            705.8
          ],
          [
            133.54577367203837,
            35.40326737568487,
            703.4
          ],
          [
            133.5457007233734,
            35.403334415586585,
            701.0
          ],
          [
            133.5456309124628,
            35.40340410699958,
            698.6
          ],
          [
            133.5455611015522,
            35.40347379841258,
            696.6
          ],
          [
            133.54549129064162,
            35.40354348982557,
            694.4
          ],
          [
            133.54542755320887,
            35.403616908796394,
            692.7
          ],
          [
            133.5453654314046,
            35.40369131934879,
            690.7
          ],
          [
            133.5453089309408,
            35.40376820344136,
            689.3
          ],
          [
            133.54526741186385,
            35.40385167974494,
            687.1
          ],
          [
            133.54523033832666,
            35.40393617775711,
            685.9
          ],
          [
            133.5452127324001,
            35.404025149967275,
            683.8
          ],
          [
            133.54519512647352,
            35.40411412217745,
            682.2
          ],
          [
            133.54517752054696,
            35.40420309438761,
            679.7
          ],
          [
            133.54517441672834,
            35.4042931079723,
            678.0
          ],
          [
            133.5451728371344,
            35.40438323100926,
            675.4
          ],
          [
            133.5451712575405,
            35.404473354046225,
            673.8
          ],
          [
            133.54516658455734,
            35.40456329642252,
            671.5
          ],
          [
            133.5451525236443,
            35.40465269052329,
            671.3
          ],
          [
            133.54514118681476,
            35.40472476590554,
            671.2
          ]
        ]
      }
    },
    {
      "type": "Feature",
      "properties": {
        "name": "テクニクダス",
        "slope_deg": [
          9.369385096487514,
          9.369385096487514,
          9.369385096487514,
          12.13388017063338,
          13.90135076950909,
          12.95276451337558,
          14.036243467926479,
          14.305551846621862,
          13.901350769509243,
          15.109575122340402,
          15.37625124882619,
          15.37625124882619,
          15.774985955414008,
          14.57421619803871,
          14.439965121002807,
          14.170977562933123,
          13.495733280795843,
          13.766300685466351,
          12.68038349181982,
          12.543973346572077,
          12.952764513375426,
          12.133880170633224,
          12.407418527400683,
          12.816647648997467,
          12.407418527400838,
          11.172136252167274,
          8.530765609948133,
          5.142764557884274,
          3.8616074096749773,
          3.576334374997351,
          2.862405226111748,
          1.8614576304666637,
          1.8614576304666637,
          1.8614576304666637,
          1.8614576304666637
        ],
        "horizontal_dist_map": 339,
        "slope_dist_map": 346,
        "elevation_diff_map": 62.2,
        "avg_slope_deg_map": 10.2,
        "max_slope_deg_map": 15.8
      },
      "geometry": {
        "type": "LineString",
        "coordinates": [
          [
            133.54593055460884,
            35.396805528835,
            871.7
          ],
          [
            133.54582780167118,
            35.396837857280474,
            871.5
          ],
          [
            133.5457277496937,
            35.396874348791556,
            870.1
          ],
          [
            133.54563751254608,
            35.396925968174926,
            867.0
          ],
          [
            133.54555123721755,
            35.39698104764241,
            865.1
          ],
          [
            133.5454825150323,
            35.3970514572779,
            862.9
          ],
          [
            133.545413792847,
            35.39712186691338,
            860.2
          ],
          [
            133.5453450706617,
            35.39719227654887,
            857.8
          ],
          [
            133.54527634847642,
            35.397262686184355,
            855.1
          ],
          [
            133.54520828257833,
            35.397333487342586,
            852.7
          ],
          [
            133.54514749439392,
            35.39740863018299,
            850.3
          ],
          [
            133.5450867062095,
            35.397483773023396,
            847.0
          ],
          [
            133.5450259180251,
            35.397558915863804,
            844.1
          ],
          [
            133.54496512984065,
            35.397634058704206,
            841.7
          ],
          [
            133.54490434165623,
            35.397709201544615,
            839.0
          ],
          [
            133.5448426683211,
            35.39778384417293,
            836.6
          ],
          [
            133.54477841658058,
            35.39785702970524,
            833.8
          ],
          [
            133.54471416484006,
            35.39793021523756,
            831.6
          ],
          [
            133.54464991309956,
            35.39800340076987,
            829.4
          ],
          [
            133.54458566135904,
            35.39807658630219,
            826.8
          ],
          [
            133.5445214096185,
            35.398149771834504,
            824.8
          ],
          [
            133.54445715787799,
            35.39822295736682,
            822.7
          ],
          [
            133.5443935027015,
            35.39829648928643,
            820.2
          ],
          [
            133.5443304297503,
            35.398370359267766,
            818.2
          ],
          [
            133.5442673567991,
            35.3984442292491,
            816.0
          ],
          [
            133.5442042838479,
            35.39851809923044,
            813.6
          ],
          [
            133.54414121089673,
            35.39859196921177,
            811.4
          ],
          [
            133.5440582927242,
            35.398642897430626,
            810.3
          ],
          [
            133.54395225557093,
            35.39866709930786,
            810.0
          ],
          [
            133.54385048957232,
            35.39864598702501,
            810.0
          ],
          [
            133.54375024344512,
            35.39860874989955,
            808.7
          ],
          [
            133.5436499973179,
            35.39857151277408,
            807.8
          ],
          [
            133.5435765277296,
            35.398506019818306,
            808.0
          ],
          [
            133.54350757432024,
            35.398435761183656,
            808.7
          ],
          [
            133.54344537031892,
            35.3983723797172,
            809.5
          ]
        ]
      }
    },
    {
      "type": "Feature",
      "properties": {
        "name": "国際・上の原連絡路",
        "slope_deg": [
          9.648045316098251,
          9.648045316098251,
          9.648045316098251,
          9.926245506651705,
          10.203973721731748,
          8.250387228905435,
          5.000644597558433,
          0.0,
          0.5729386976834533,
          -0.7161599454704085,
          2.4336061007200236,
          4.7162212343382155,
          6.560196400571341,
          9.50877195829791,
          10.757967088390036,
          12.95276451337558,
          7.406912128495133,
          0.7161599454704085,
          -5.568737077976604,
          -8.670801453590993,
          -7.406912128495133,
          -3.576334374997351,
          -0.42971028940114125,
          1.0025738037601275,
          2.147585428298503,
          3.4336303624504896,
          2.0045340321060343,
          -0.42971028940114125,
          0.8593722436447134,
          0.8593722436447134,
          2.4336061007200236,
          5.142764557884274,
          1.5752369256829246,
          2.862405226111748,
          2.719505461272472,
          3.718993973158075,
          7.406912128495294,
          7.406912128495294,
          7.406912128495294,
          7.406912128495294
        ],
        "horizontal_dist_map": 383,
        "slope_dist_map": 387,
        "elevation_diff_map": 23.4,
        "avg_slope_deg_map": 3.5,
        "max_slope_deg_map": 13.0
      },
      "geometry": {
        "type": "LineString",
        "coordinates": [
          [
            133.54158347063913,
            35.39784768516114,
            816.6
          ],
          [
            133.54149996510657,
            35.397906411738134,
            815.0
          ],
          [
            133.54141645957398,
            35.39796513831513,
            814.1
          ],
          [
            133.54133884373164,
            35.39802896667939,
            811.9
          ],
          [
            133.54126253898,
            35.39809393074106,
            809.8
          ],
          [
            133.541186033909,
            35.39815873655279,
            808.0
          ],
          [
            133.54110030652762,
            35.39821360008497,
            806.9
          ],
          [
            133.54100319231455,
            35.39824316998819,
            806.1
          ],
          [
            133.54093075353043,
            35.39818859920413,
            806.3
          ],
          [
            133.54092227326723,
            35.398098734654035,
            808.0
          ],
          [
            133.54091510637497,
            35.39800879770056,
            806.5
          ],
          [
            133.54090879837395,
            35.39791881339823,
            806.6
          ],
          [
            133.54090249037293,
            35.3978288290959,
            804.6
          ],
          [
            133.54089833756947,
            35.397738827422586,
            804.7
          ],
          [
            133.54090248103935,
            35.39764875888095,
            801.9
          ],
          [
            133.5409066245092,
            35.39755869033931,
            799.9
          ],
          [
            133.5408957704117,
            35.397469518041625,
            797.0
          ],
          [
            133.54087569948342,
            35.39738089653519,
            795.5
          ],
          [
            133.54086049018133,
            35.39729172537458,
            796.7
          ],
          [
            133.54080209776527,
            35.39722649880483,
            799.4
          ],
          [
            133.54069404628262,
            35.397225874529155,
            800.9
          ],
          [
            133.5405904439961,
            35.397253353347004,
            801.6
          ],
          [
            133.54050441744525,
            35.39730888257133,
            801.9
          ],
          [
            133.5404375742154,
            35.39738049478578,
            801.9
          ],
          [
            133.54037513853996,
            35.397454383607126,
            801.2
          ],
          [
            133.5403249937867,
            35.397534620982654,
            800.9
          ],
          [
            133.54027833670497,
            35.397616140193996,
            800.4
          ],
          [
            133.54023844440823,
            35.39770014568986,
            799.5
          ],
          [
            133.54020126622834,
            35.3977848460628,
            799.8
          ],
          [
            133.54017560777646,
            35.39787249575422,
            801.2
          ],
          [
            133.5401499493246,
            35.397960145445644,
            799.8
          ],
          [
            133.54011762354958,
            35.398045760373016,
            798.9
          ],
          [
            133.5400666769866,
            35.39812565588406,
            798.1
          ],
          [
            133.54001397776662,
            35.39820478826149,
            797.6
          ],
          [
            133.53993528556424,
            35.398266760358055,
            798.7
          ],
          [
            133.53984819034937,
            35.39832076848101,
            796.9
          ],
          [
            133.53974752523987,
            35.398357239321314,
            796.2
          ],
          [
            133.53964395664616,
            35.39838731144192,
            795.0
          ],
          [
            133.5395386282716,
            35.39841350534471,
            793.5
          ],
          [
            133.53949873891088,
            35.398423425350046,
            793.2
          ]
        ]
      }
    },
    {
      "type": "Feature",
      "properties": {
        "name": "連絡路",
        "slope_deg": [
          1.288937560186863,
          1.288937560186863,
          1.288937560186863,
          0.2864765102769768,
          -0.8593722436447134,
          -0.8593722436447134,
          -1.5752369256830872,
          -2.004534032105872,
          -2.2906100426385625,
          -2.004534032105872,
          -2.4336061007200236,
          -2.719505461272472,
          -3.148096099562824,
          -3.718993973158075,
          -3.0052693596899664,
          -2.576571830268928,
          -2.004534032105872,
          -2.2906100426383995,
          -2.719505461272472,
          -2.719505461272472,
          -3.0052693596899664,
          -2.719505461272635,
          -3.148096099562824,
          -3.1480960995626615,
          -1.8614576304666637,
          -2.147585428298503,
          -1.8614576304666637,
          -0.2864765102771396,
          -3.148096099562824,
          -2.2906100426383995,
          -1.145762838175201,
          -3.148096099562824,
          -0.8593722436445507,
          -0.5729386976836163,
          -1.288937560186863,
          -0.7161599454704085,
          -0.7161599454704085,
          -1.0025738037599647,
          -0.5729386976834533,
          -0.2864765102769768,
          -1.145762838175201,
          -1.5752369256830872,
          -1.7183580016555222,
          -1.7183580016555222,
          -1.8614576304666637,
          -1.1457628381750384,
          -1.8614576304666637,
          -2.2906100426385625,
          -1.5752369256830872,
          -2.2906100426385625,
          -1.0025738037601275,
          -1.0025738037599647,
          -1.0025738037601275,
          -0.14323915036833912,
          -1.5752369256829246,
          -1.5752369256830872,
          -0.8593722436445507,
          -1.4320961841646465,
          -0.14323915036833912,
          0.14323915036833912,
          0.0,
          0.5729386976834533,
          0.7161599454704085,
          0.7161599454704085,
          1.1457628381750384,
          0.8593722436447134,
          1.1457628381750384,
          1.8614576304666637,
          1.8614576304666637,
          2.433606100720186,
          2.2906100426385625,
          2.147585428298503,
          1.8614576304668264,
          1.4320961841646465,
          0.8593722436447134,
          -1.1457628381750384,
          0.7161599454704085,
          0.7161599454704085,
          0.2864765102769768,
          0.8593722436447134,
          -2.004534032105872,
          -2.719505461272635,
          -3.1480960995626615,
          -1.7183580016555222,
          -2.147585428298503,
          -1.4320961841646465,
          -0.42971028940114125,
          -0.8593722436447134,
          0.8593722436445507,
          1.0025738037601275,
          1.7183580016555222,
          2.576571830268928,
          2.719505461272635,
          3.718993973158075,
          3.8616074096751394,
          4.573921259900764,
          5.000644597558433,
          5.000644597558433,
          5.000644597558433,
          5.000644597558433
        ],
        "horizontal_dist_map": 981,
        "slope_dist_map": 983,
        "elevation_diff_map": -8.5,
        "avg_slope_deg_map": -0.5,
        "max_slope_deg_map": 5.0
      },
      "geometry": {
        "type": "LineString",
        "coordinates": [
          [
            133.533579083054,
            35.39665579489427,
            809.0
          ],
          [
            133.5336776265204,
            35.396615630404895,
            808.3
          ],
          [
            133.5337761699868,
            35.396575465915525,
            807.8
          ],
          [
            133.53387471345317,
            35.39653530142615,
            808.1
          ],
          [
            133.53397325691955,
            35.39649513693677,
            808.1
          ],
          [
            133.53407180038593,
            35.396454972447394,
            808.1
          ],
          [
            133.53417034385234,
            35.396414807958024,
            808.4
          ],
          [
            133.53427188311193,
            35.39638040189913,
            808.7
          ],
          [
            133.53437552615543,
            35.39635003967522,
            809.2
          ],
          [
            133.53447916919893,
            35.39631967745131,
            809.5
          ],
          [
            133.53458281224243,
            35.3962893152274,
            810.0
          ],
          [
            133.53468645528594,
            35.39625895300349,
            810.1
          ],
          [
            133.53479011108544,
            35.39622862129398,
            810.9
          ],
          [
            133.53489473248112,
            35.396200599445834,
            811.4
          ],
          [
            133.5349993538768,
            35.396172577597696,
            812.2
          ],
          [
            133.53510397527248,
            35.39614455574955,
            812.7
          ],
          [
            133.53520859666816,
            35.39611653390141,
            813.0
          ],
          [
            133.53531321806383,
            35.39608851205327,
            813.2
          ],
          [
            133.5354178394595,
            35.39606049020512,
            813.6
          ],
          [
            133.53552002095313,
            35.39602698570526,
            814.3
          ],
          [
            133.53562213482078,
            35.39599332924459,
            814.9
          ],
          [
            133.53572424868844,
            35.395959672783924,
            815.1
          ],
          [
            133.5358263625561,
            35.39592601632326,
            815.7
          ],
          [
            133.53592847642375,
            35.39589235986259,
            816.2
          ],
          [
            133.53603419484182,
            35.39586980958096,
            817.1
          ],
          [
            133.5361432421112,
            35.3958575160067,
            817.3
          ],
          [
            133.5362522893806,
            35.39584522243244,
            817.0
          ],
          [
            133.5363615865986,
            35.3958540955254,
            817.7
          ],
          [
            133.5364709037936,
            35.39586466035554,
            818.4
          ],
          [
            133.53658022098864,
            35.395875225185684,
            817.5
          ],
          [
            133.53668953818365,
            35.395885790015825,
            819.2
          ],
          [
            133.53679885537866,
            35.395896354845966,
            819.3
          ],
          [
            133.53690616794734,
            35.39591514468329,
            819.2
          ],
          [
            133.5370120634565,
            35.3959397487334,
            819.7
          ],
          [
            133.5371179589657,
            35.395964352783494,
            819.8
          ],
          [
            133.5372238544749,
            35.39598895683359,
            819.7
          ],
          [
            133.53732974998408,
            35.39601356088369,
            820.1
          ],
          [
            133.53743564549328,
            35.396038164933785,
            820.2
          ],
          [
            133.5375409921855,
            35.39606428123281,
            820.3
          ],
          [
            133.5376461078722,
            35.3960910340607,
            820.4
          ],
          [
            133.5377512235589,
            35.39611778688859,
            820.5
          ],
          [
            133.53785633924562,
            35.39614453971648,
            820.4
          ],
          [
            133.53796145493232,
            35.39617129254437,
            821.1
          ],
          [
            133.53806657061904,
            35.39619804537226,
            821.5
          ],
          [
            133.5381701530759,
            35.39622818971803,
            821.7
          ],
          [
            133.5382712054425,
            35.39626393064574,
            821.6
          ],
          [
            133.5383722578091,
            35.39629967157344,
            822.4
          ],
          [
            133.5384733101757,
            35.396335412501145,
            822.3
          ],
          [
            133.5385743625423,
            35.396371153428845,
            823.0
          ],
          [
            133.5386754149089,
            35.396406894356545,
            823.2
          ],
          [
            133.53877646727548,
            35.39644263528425,
            823.5
          ],
          [
            133.53887730474,
            35.39647876857125,
            823.9
          ],
          [
            133.53897710120273,
            35.39651680247601,
            823.7
          ],
          [
            133.53907689766544,
            35.39655483638077,
            823.9
          ],
          [
            133.53917669412817,
            35.39659287028554,
            824.2
          ],
          [
            133.53927649059088,
            35.396630904190296,
            824.0
          ],
          [
            133.5393762870536,
            35.39666893809506,
            824.8
          ],
          [
            133.53947608351632,
            35.39670697199982,
            825.0
          ],
          [
            133.5395733148778,
            35.396748470403736,
            824.8
          ],
          [
            133.53966065229173,
            35.396803331856326,
            825.0
          ],
          [
            133.53974798970566,
            35.39685819330892,
            824.9
          ],
          [
            133.5398353271196,
            35.39691305476152,
            824.9
          ],
          [
            133.53992053486834,
            35.39696989282318,
            824.8
          ],
          [
            133.53999790066555,
            35.39703400924609,
            824.6
          ],
          [
            133.54007526646274,
            35.397098125669004,
            824.4
          ],
          [
            133.5401627860907,
            35.397152589407106,
            824.4
          ],
          [
            133.54026858304942,
            35.39714641637076,
            824.0
          ],
          [
            133.54034311338748,
            35.39708706459155,
            824.0
          ],
          [
            133.5403852879475,
            35.397005842820725,
            823.6
          ],
          [
            133.54040780046492,
            35.39691761549063,
            823.1
          ],
          [
            133.54043031298235,
            35.39682938816053,
            822.7
          ],
          [
            133.5404537676137,
            35.39674140435339,
            822.3
          ],
          [
            133.54049720018773,
            35.39665858455836,
            822.0
          ],
          [
            133.54054063276175,
            35.396575764763334,
            821.6
          ],
          [
            133.54058406533576,
            35.39649294496831,
            821.4
          ],
          [
            133.5406459263677,
            35.396418665136295,
            821.3
          ],
          [
            133.54071308922295,
            35.3963473729988,
            821.4
          ],
          [
            133.5407923181103,
            35.39629002835996,
            822.4
          ],
          [
            133.54090090378284,
            35.39628665096229,
            820.9
          ],
          [
            133.54098921984104,
            35.39633164767274,
            820.8
          ],
          [
            133.54104441216123,
            35.39640963172935,
            821.2
          ],
          [
            133.5410996044814,
            35.39648761578596,
            821.8
          ],
          [
            133.54113067997957,
            35.39657368584511,
            822.3
          ],
          [
            133.54115813525624,
            35.39666096970931,
            822.7
          ],
          [
            133.5411855905329,
            35.39674825357351,
            823.4
          ],
          [
            133.54121304580957,
            35.39683553743772,
            823.0
          ],
          [
            133.54123262694415,
            35.396923975647674,
            823.8
          ],
          [
            133.54124386217038,
            35.39701363736412,
            823.7
          ],
          [
            133.54125509739657,
            35.39710329908057,
            823.7
          ],
          [
            133.54125604541045,
            35.39719302219247,
            823.6
          ],
          [
            133.54124640760665,
            35.39728280848193,
            823.2
          ],
          [
            133.54123676980285,
            35.397372594771404,
            823.0
          ],
          [
            133.54122713199905,
            35.39746238106087,
            822.5
          ],
          [
            133.5412228663308,
            35.397551657190256,
            821.8
          ],
          [
            133.54125734625833,
            35.39763725387849,
            821.3
          ],
          [
            133.54130492808343,
            35.397713390036955,
            820.4
          ],
          [
            133.54140433459622,
            35.39775210497466,
            819.8
          ],
          [
            133.541503741109,
            35.39779081991236,
            818.6
          ],
          [
            133.54160668695835,
            35.397821444243704,
            817.8
          ],
          [
            133.54162790732045,
            35.397825768687284,
            817.5
          ]
        ]
      }
    },
    {
      "type": "Feature",
      "properties": {
        "name": "豪円山",
        "slope_deg": [
          9.369385096487514,
          9.369385096487514,
          9.369385096487514,
          7.125016348901798,
          5.852378988915653,
          5.142764557884274,
          5.9940929491083725,
          5.568737077976604,
          6.418786730238786,
          5.9940929491083725,
          6.135733340186889,
          6.135733340186889,
          5.710593137499643,
          5.852378988915653,
          5.284821092508918,
          5.852378988915653,
          5.9940929491083725,
          6.842773412630876,
          6.701525844729548,
          6.983937460085259,
          6.701525844729548,
          6.560196400571341,
          6.983937460085259,
          6.701525844729388,
          6.701525844729548,
          6.135733340186889,
          5.710593137499643,
          4.573921259900927,
          4.7162212343382155,
          4.858462919034255,
          6.277298489597523,
          8.250387228905435,
          9.926245506651705,
          10.342657140474548,
          10.757967088390036,
          10.203973721731748,
          8.39062701325255,
          7.829076510059608,
          5.2848210925090795,
          4.0041729407093225,
          3.2908836860673905,
          4.004172940709484,
          5.852378988915493,
          7.266008446996026,
          7.68844776990284,
          7.406912128495133,
          5.994092949108534,
          5.000644597558433,
          4.858462919034255,
          4.573921259900927,
          4.7162212343382155,
          4.289153328819018,
          4.289153328819018,
          3.4336303624504896,
          3.0052693596899664,
          2.433606100720186,
          1.7183580016555222,
          1.7183580016555222,
          1.7183580016555222,
          1.7183580016555222
        ],
        "horizontal_dist_map": 589,
        "slope_dist_map": 593,
        "elevation_diff_map": 62.2,
        "avg_slope_deg_map": 6.0,
        "max_slope_deg_map": 10.8
      },
      "geometry": {
        "type": "LineString",
        "coordinates": [
          [
            133.53364207023986,
            35.396767108768,
            805.4
          ],
          [
            133.53365502625468,
            35.39685661471211,
            802.6
          ],
          [
            133.5336679822695,
            35.39694612065622,
            801.0
          ],
          [
            133.5336809382843,
            35.39703562660032,
            799.4
          ],
          [
            133.53369389429912,
            35.397125132544424,
            798.8
          ],
          [
            133.53370685031393,
            35.397214638488535,
            797.6
          ],
          [
            133.53371980632875,
            35.39730414443264,
            796.9
          ],
          [
            133.53373276234356,
            35.39739365037674,
            795.8
          ],
          [
            133.53374571835835,
            35.39748315632085,
            794.6
          ],
          [
            133.53375867437316,
            35.397572662264956,
            793.7
          ],
          [
            133.53377184746418,
            35.39766214547208,
            792.4
          ],
          [
            133.53378682575513,
            35.39775143959909,
            791.6
          ],
          [
            133.53380180404608,
            35.39784073372609,
            790.3
          ],
          [
            133.53381678233703,
            35.3979300278531,
            789.4
          ],
          [
            133.53383176062798,
            35.39801932198011,
            788.4
          ],
          [
            133.53384673891892,
            35.39810861610711,
            787.5
          ],
          [
            133.53386171720987,
            35.39819791023412,
            786.6
          ],
          [
            133.53387669550082,
            35.39828720436112,
            785.3
          ],
          [
            133.53389167379177,
            35.398376498488126,
            784.2
          ],
          [
            133.53390665208275,
            35.398465792615134,
            782.7
          ],
          [
            133.5339216303737,
            35.398555086742135,
            781.9
          ],
          [
            133.53393660866465,
            35.39864438086914,
            780.4
          ],
          [
            133.5339515869556,
            35.398733674996144,
            779.5
          ],
          [
            133.53396444095583,
            35.39882318583857,
            778.1
          ],
          [
            133.53397668073706,
            35.39891275934225,
            777.0
          ],
          [
            133.53398892051828,
            35.39900233284594,
            775.7
          ],
          [
            133.5340011602995,
            35.399091906349625,
            774.8
          ],
          [
            133.53401340008077,
            35.399181479853304,
            773.8
          ],
          [
            133.534025639862,
            35.39927105335699,
            773.0
          ],
          [
            133.53403787964322,
            35.39936062686067,
            772.5
          ],
          [
            133.53405011942445,
            35.399450200364356,
            771.5
          ],
          [
            133.53406235920568,
            35.39953977386804,
            770.4
          ],
          [
            133.53408147001562,
            35.3996285278777,
            768.6
          ],
          [
            133.5341009480388,
            35.39971723809057,
            766.7
          ],
          [
            133.53412042606197,
            35.39980594830343,
            764.5
          ],
          [
            133.53413990408515,
            35.399894658516295,
            763.1
          ],
          [
            133.53415938210833,
            35.39998336872916,
            761.0
          ],
          [
            133.5341788601315,
            35.400072078942024,
            759.5
          ],
          [
            133.53419833815468,
            35.40016078915489,
            758.6
          ],
          [
            133.53421781617786,
            35.40024949936775,
            757.6
          ],
          [
            133.53423729420103,
            35.40033820958062,
            757.3
          ],
          [
            133.5342567722242,
            35.40042691979348,
            756.7
          ],
          [
            133.53427812515136,
            35.40051532818785,
            756.3
          ],
          [
            133.5343011163432,
            35.40060347285747,
            754.8
          ],
          [
            133.53432410753504,
            35.40069161752709,
            753.2
          ],
          [
            133.53434709872687,
            35.400779762196706,
            751.6
          ],
          [
            133.53437008991872,
            35.400867906866324,
            750.9
          ],
          [
            133.53439308111055,
            35.40095605153594,
            749.6
          ],
          [
            133.5344160723024,
            35.40104419620556,
            749.0
          ],
          [
            133.53443906349423,
            35.401132340875186,
            748.1
          ],
          [
            133.5344620546861,
            35.401220485544805,
            747.5
          ],
          [
            133.53450168255156,
            35.401304533357006,
            746.4
          ],
          [
            133.53454189191768,
            35.40138843797202,
            745.7
          ],
          [
            133.5345922592999,
            35.401468563405025,
            745.1
          ],
          [
            133.5346430055144,
            35.40154854789749,
            744.5
          ],
          [
            133.53469375172892,
            35.40162853238995,
            744.0
          ],
          [
            133.53474449794342,
            35.401708516882415,
            743.6
          ],
          [
            133.53479524415795,
            35.40178850137488,
            743.4
          ],
          [
            133.5348458229147,
            35.401868556778524,
            743.3
          ],
          [
            133.53489147063124,
            35.40194120067858,
            743.2
          ]
        ]
      }
    },
    {
      "type": "Feature",
      "properties": {
        "name": "帰宅路",
        "slope_deg": [
          6.277298489597683,
          6.277298489597683,
          6.277298489597683,
          6.842773412631036,
          7.829076510059608,
          9.090276920822289,
          6.983937460085259,
          8.250387228905435,
          6.56019640057118,
          4.573921259900764,
          7.969610394321392,
          5.000644597558433,
          5.994092949108534,
          6.135733340186889,
          4.289153328819018,
          6.418786730238786,
          6.701525844729548,
          7.125016348901798,
          7.125016348901798,
          6.418786730238786,
          6.842773412630876,
          6.842773412630876,
          7.266008446995867,
          6.983937460085259,
          7.125016348901798,
          6.842773412631036,
          6.701525844729548,
          7.406912128495294,
          6.701525844729548,
          6.418786730238786,
          6.983937460085259,
          6.418786730238786,
          6.842773412630876,
          6.277298489597523,
          4.858462919034255,
          5.142764557884274,
          5.000644597558433,
          5.000644597558433,
          5.000644597558433,
          5.000644597558433
        ],
        "horizontal_dist_map": 383,
        "slope_dist_map": 386,
        "elevation_diff_map": 43.8,
        "avg_slope_deg_map": 6.5,
        "max_slope_deg_map": 9.1
      },
      "geometry": {
        "type": "LineString",
        "coordinates": [
          [
            133.53384901478495,
            35.396467526341766,
            808.2
          ],
          [
            133.53381978375398,
            35.39638062996077,
            807.6
          ],
          [
            133.533797303774,
            35.39629321709921,
            806.8
          ],
          [
            133.53380636958104,
            35.39620339086746,
            805.3
          ],
          [
            133.53381226683751,
            35.3961134987699,
            803.8
          ],
          [
            133.53380877911283,
            35.39602341158332,
            802.8
          ],
          [
            133.53380529138818,
            35.395933324396744,
            801.3
          ],
          [
            133.53379576357005,
            35.395843626153194,
            798.9
          ],
          [
            133.53377931650635,
            35.39575460651557,
            798.9
          ],
          [
            133.53375323269313,
            35.39566704114818,
            797.0
          ],
          [
            133.5337180109297,
            35.39558210469799,
            796.7
          ],
          [
            133.5336714732119,
            35.39550042375987,
            795.7
          ],
          [
            133.53362493549412,
            35.39541874282175,
            793.3
          ],
          [
            133.5335911942868,
            35.39533375473411,
            793.5
          ],
          [
            133.53357203483355,
            35.39524499811592,
            792.5
          ],
          [
            133.53357783740884,
            35.39515691503004,
            791.4
          ],
          [
            133.53360409123576,
            35.39506938376547,
            790.3
          ],
          [
            133.5336303450627,
            35.39498185250089,
            789.0
          ],
          [
            133.53368029510307,
            35.39490171935567,
            787.8
          ],
          [
            133.533731875986,
            35.394822095370614,
            786.4
          ],
          [
            133.53378345686892,
            35.39474247138556,
            785.3
          ],
          [
            133.53381427449324,
            35.39465861734097,
            784.5
          ],
          [
            133.5337946896022,
            35.39457202145759,
            783.0
          ],
          [
            133.5337107698625,
            35.394519240993695,
            781.6
          ],
          [
            133.533613896693,
            35.39447644248018,
            780.2
          ],
          [
            133.53350855543684,
            35.39446760136235,
            779.6
          ],
          [
            133.53341018317832,
            35.39449799568296,
            778.0
          ],
          [
            133.53332574332202,
            35.39455581620497,
            776.8
          ],
          [
            133.53326358281393,
            35.39462973272765,
            775.5
          ],
          [
            133.53320403817048,
            35.39470553911526,
            774.4
          ],
          [
            133.53314449352703,
            35.394781345502864,
            773.3
          ],
          [
            133.53308345339107,
            35.39485630834774,
            772.3
          ],
          [
            133.53301817005877,
            35.39492887778882,
            770.6
          ],
          [
            133.5329528867265,
            35.3950014472299,
            769.9
          ],
          [
            133.53288596402618,
            35.39507273923957,
            768.5
          ],
          [
            133.5328006803016,
            35.39512972393737,
            767.9
          ],
          [
            133.53271539657698,
            35.39518670863517,
            767.2
          ],
          [
            133.53261980362402,
            35.395230865030946,
            766.3
          ],
          [
            133.53252214547507,
            35.39527245159733,
            765.0
          ],
          [
            133.5324905076078,
            35.395285924208494,
            764.4
          ]
        ]
      }
    },
    {
      "type": "Feature",
      "properties": {
        "name": "中の原_#中部",
        "slope_deg": [
          17.744671625057023,
          17.744671625057023,
          17.744671625057023,
          15.907551930525813,
          15.242997742901547,
          15.109575122340555,
          16.039943306049665,
          16.172159015782583,
          16.172159015782583,
          15.242997742901547,
          15.37625124882619,
          16.304198003832227,
          14.842227057911131,
          15.774985955414008,
          15.509334522674754,
          14.439965121002807,
          15.907551930525813,
          15.242997742901547,
          13.901350769509243,
          14.708303899682749,
          13.088732789694,
          13.360218444764483,
          15.242997742901547,
          14.170977562933123,
          15.242997742901547,
          15.2429977429017,
          13.63109444342145,
          15.109575122340402,
          14.57421619803886,
          14.708303899682749,
          15.907551930525962,
          15.242997742901547,
          14.57421619803871,
          13.360218444764483,
          12.816647648997312,
          11.859779120947948,
          11.034209003250188,
          9.22988624372772,
          6.701525844729548,
          6.701525844729548,
          6.701525844729548,
          6.701525844729548
        ],
        "horizontal_dist_map": 409,
        "slope_dist_map": 423,
        "elevation_diff_map": 103.9,
        "avg_slope_deg_map": 13.8,
        "max_slope_deg_map": 17.7
      },
      "geometry": {
        "type": "LineString",
        "coordinates": [
          [
            133.5407635380854,
            35.391805990105226,
            957.1
          ],
          [
            133.5406859775298,
            35.391869945571095,
            953.4
          ],
          [
            133.54060841697418,
            35.391933901036964,
            949.9
          ],
          [
            133.54053085641857,
            35.39199785650283,
            946.6
          ],
          [
            133.54045329586296,
            35.392061811968695,
            944.3
          ],
          [
            133.54037573530735,
            35.392125767434564,
            942.0
          ],
          [
            133.54029817475174,
            35.39218972290043,
            939.0
          ],
          [
            133.54022061419613,
            35.3922536783663,
            935.8
          ],
          [
            133.54014305364052,
            35.39231763383217,
            932.8
          ],
          [
            133.5400654930849,
            35.39238158929804,
            930.4
          ],
          [
            133.5399879325293,
            35.3924455447639,
            927.4
          ],
          [
            133.53991037197372,
            35.39250950022977,
            924.9
          ],
          [
            133.5398328114181,
            35.39257345569564,
            921.8
          ],
          [
            133.5397552508625,
            35.39263741116151,
            918.7
          ],
          [
            133.5396776903069,
            35.39270136662738,
            916.8
          ],
          [
            133.53960012975128,
            35.39276532209325,
            913.6
          ],
          [
            133.53952256919567,
            35.39282927755911,
            910.7
          ],
          [
            133.53944500864006,
            35.39289323302498,
            908.4
          ],
          [
            133.53936744808445,
            35.39295718849085,
            905.4
          ],
          [
            133.53928988752884,
            35.393021143956716,
            902.7
          ],
          [
            133.53921232697323,
            35.393085099422585,
            900.8
          ],
          [
            133.53913476641762,
            35.393149054888454,
            897.9
          ],
          [
            133.539057205862,
            35.39321301035432,
            896.1
          ],
          [
            133.5389796453064,
            35.393276965820185,
            893.2
          ],
          [
            133.5389020847508,
            35.393340921286054,
            889.9
          ],
          [
            133.53882452419518,
            35.39340487675192,
            887.8
          ],
          [
            133.53874696363957,
            35.39346883221779,
            885.2
          ],
          [
            133.53866940308396,
            35.39353278768366,
            882.3
          ],
          [
            133.53859184252835,
            35.39359674314953,
            880.2
          ],
          [
            133.53851428197274,
            35.39366069861539,
            877.0
          ],
          [
            133.53843672141713,
            35.39372465408126,
            874.8
          ],
          [
            133.53835916086152,
            35.39378860954713,
            871.8
          ],
          [
            133.53828160030594,
            35.393852565013,
            868.8
          ],
          [
            133.53820403975033,
            35.39391652047887,
            866.1
          ],
          [
            133.53812647919472,
            35.39398047594474,
            864.4
          ],
          [
            133.5380489186391,
            35.394044431410606,
            862.3
          ],
          [
            133.5379713580835,
            35.39410838687647,
            859.7
          ],
          [
            133.5378937975279,
            35.39417234234234,
            857.7
          ],
          [
            133.53781623697228,
            35.394236297808206,
            856.6
          ],
          [
            133.53773867641667,
            35.394300253274075,
            855.8
          ],
          [
            133.53766111586106,
            35.394364208739944,
            855.0
          ],
          [
            133.53758489451957,
            35.39442705990656,
            853.2
          ]
        ]
      }
    },
    {
      "type": "Feature",
      "properties": {
        "name": "中の原_#上部",
        "slope_deg": [
          20.30447370996038,
          20.30447370996038,
          20.30447370996038,
          22.538450040827975,
          23.146707841883106,
          22.17089563383452,
          23.749494492866788,
          23.38848242899485,
          21.80140948635181,
          23.025492008528037,
          22.660536301999365,
          21.554019920478925,
          20.931852540892464,
          20.556045219583467,
          18.77803322244557,
          18.64953875405141,
          19.162339354971866,
          17.61464330000695,
          17.484427323220586,
          17.484427323220586,
          17.484427323220586,
          17.484427323220586
        ],
        "horizontal_dist_map": 205,
        "slope_dist_map": 220,
        "elevation_diff_map": 76.9,
        "avg_slope_deg_map": 19.3,
        "max_slope_deg_map": 23.7
      },
      "geometry": {
        "type": "LineString",
        "coordinates": [
          [
            133.54225238674996,
            35.39040642442585,
            1034.0
          ],
          [
            133.54218008862128,
            35.390474386994505,
            1031.1
          ],
          [
            133.5421077904926,
            35.39054234956316,
            1026.9
          ],
          [
            133.5420354923639,
            35.39061031213182,
            1022.7
          ],
          [
            133.54196319423525,
            35.39067827470048,
            1019.2
          ],
          [
            133.54189089610657,
            35.390746237269134,
            1014.5
          ],
          [
            133.54181859797788,
            35.39081419983779,
            1009.8
          ],
          [
            133.5417462998492,
            35.39088216240645,
            1006.4
          ],
          [
            133.5416740017205,
            35.390950124975106,
            1001.6
          ],
          [
            133.54160170359182,
            35.39101808754376,
            997.2
          ],
          [
            133.54152940546317,
            35.39108605011241,
            993.8
          ],
          [
            133.54145710733448,
            35.39115401268107,
            989.4
          ],
          [
            133.5413848092058,
            35.39122197524973,
            984.9
          ],
          [
            133.5413125110771,
            35.391289937818385,
            981.4
          ],
          [
            133.54124021294842,
            35.39135790038704,
            978.5
          ],
          [
            133.54116791481974,
            35.3914258629557,
            974.4
          ],
          [
            133.54109561669108,
            35.39149382552436,
            971.3
          ],
          [
            133.5410233185624,
            35.391561788093014,
            967.9
          ],
          [
            133.5409510204337,
            35.39162975066167,
            964.6
          ],
          [
            133.54087872230502,
            35.39169771323033,
            961.7
          ],
          [
            133.54080642417634,
            35.391765675798986,
            958.7
          ],
          [
            133.5407635380854,
            35.391805990105226,
            957.1
          ]
        ]
      }
    },
    {
      "type": "Feature",
      "properties": {
        "name": "パラダイス_#上部",
        "slope_deg": [
          25.173524524530112,
          25.173524524530112,
          25.173524524530112,
          25.873385226285933,
          25.524475356294534,
          25.407718108948472,
          25.290734392148046,
          21.554019920478787,
          21.554019920478787,
          21.554019920478787,
          21.554019920478787
        ],
        "horizontal_dist_map": 99,
        "slope_dist_map": 110,
        "elevation_diff_map": 46.2,
        "avg_slope_deg_map": 22.8,
        "max_slope_deg_map": 25.9
      },
      "geometry": {
        "type": "LineString",
        "coordinates": [
          [
            133.54648080449766,
            35.39114059550661,
            1089.1
          ],
          [
            133.54643140368145,
            35.39122114019633,
            1083.1
          ],
          [
            133.54638200286522,
            35.391301684886045,
            1078.7
          ],
          [
            133.54633283364782,
            35.391382322119,
            1074.3
          ],
          [
            133.54628570388593,
            35.39146377428625,
            1070.3
          ],
          [
            133.54623857412403,
            35.3915452264535,
            1063.7
          ],
          [
            133.54619629210302,
            35.39162832492493,
            1059.6
          ],
          [
            133.54615919288491,
            35.39171318348839,
            1055.3
          ],
          [
            133.5461220936668,
            35.39179804205186,
            1051.4
          ],
          [
            133.5460849944487,
            35.39188290061532,
            1047.9
          ],
          [
            133.54604975867244,
            35.39196349685186,
            1042.9
          ]
        ]
      }
    },
    {
      "type": "Feature",
      "properties": {
        "name": "リーゼン_#上部",
        "slope_deg": [
          26.45034506503404,
          26.45034506503404,
          26.45034506503404,
          25.98923358383301,
          25.873385226286196,
          25.873385226286196,
          23.869390064732137,
          23.629377730656817,
          24.4655351106628,
          24.4655351106628,
          24.4655351106628,
          24.4655351106628
        ],
        "horizontal_dist_map": 100,
        "slope_dist_map": 111,
        "elevation_diff_map": 47.3,
        "avg_slope_deg_map": 23.0,
        "max_slope_deg_map": 26.5
      },
      "geometry": {
        "type": "LineString",
        "coordinates": [
          [
            133.54626872467554,
            35.391073783575166,
            1086.6
          ],
          [
            133.54619321027252,
            35.39113935900813,
            1081.1
          ],
          [
            133.54611769586953,
            35.39120493444109,
            1076.9
          ],
          [
            133.5460421814665,
            35.391270509874055,
            1071.9
          ],
          [
            133.54596687380965,
            35.39133624366462,
            1066.7
          ],
          [
            133.54589203554445,
            35.39140233698661,
            1061.6
          ],
          [
            133.54581719727926,
            35.3914684303086,
            1057.5
          ],
          [
            133.54574235901407,
            35.39153452363059,
            1052.5
          ],
          [
            133.54566508997357,
            35.39159862743297,
            1049.0
          ],
          [
            133.5455844099678,
            35.39165993945847,
            1044.1
          ],
          [
            133.54550372996204,
            35.39172125148397,
            1039.3
          ],
          [
            133.54549795136842,
            35.39172564287283,
            1039.3
          ]
        ]
      }
    },
    {
      "type": "Feature",
      "properties": {
        "name": "チャンピオン_#上部",
        "slope_deg": [
          19.925580658184323,
          19.925580658184323,
          19.925580658184323,
          24.346751854705083,
          26.565051177077994,
          23.989064009552337,
          25.407718108948472,
          22.90405780363674,
          22.416147479343643,
          22.416147479343643,
          22.04794746356044,
          23.629377730656817,
          21.43000730175244,
          23.26770481005701,
          21.056705590704606,
          20.931852540892606,
          20.430362329285405,
          19.6719699892005,
          21.181349500266375,
          18.906332035086518,
          20.806791012711287,
          18.77803322244557,
          18.520849477471074,
          18.77803322244557,
          18.39196625070533,
          20.178380074508645,
          18.520849477471074,
          19.671969989200644,
          18.64953875405141,
          19.162339354972016,
          20.052082146098567,
          20.30447370996038,
          20.43036232928569,
          19.798876354524904,
          18.77803322244557,
          19.034434354835135,
          18.520849477471074,
          19.034434354835135,
          19.6719699892005,
          19.162339354972016,
          19.290046219188735,
          17.6146433000071,
          19.417554141579483,
          18.26288994219404,
          18.26288994219404,
          19.290046219188735,
          16.961705886532968,
          17.744671625057023,
          16.961705886532968,
          15.109575122340402,
          16.304198003832227,
          14.9759845147566,
          16.69924423399362,
          16.567741642974887,
          16.039943306049665,
          16.172159015782583,
          16.039943306049665,
          16.039943306049665,
          16.039943306049665,
          15.109575122340402,
          14.170977562933123,
          14.57421619803886,
          14.57421619803886,
          14.57421619803886,
          14.57421619803886
        ],
        "horizontal_dist_map": 636,
        "slope_dist_map": 675,
        "elevation_diff_map": 220.1,
        "avg_slope_deg_map": 18.1,
        "max_slope_deg_map": 26.6
      },
      "geometry": {
        "type": "LineString",
        "coordinates": [
          [
            133.54731077924987,
            35.391310678294815,
            1092.0
          ],
          [
            133.54731782200514,
            35.39140062611282,
            1090.2
          ],
          [
            133.54732486476038,
            35.391490573930824,
            1086.8
          ],
          [
            133.54733190751566,
            35.391580521748836,
            1081.3
          ],
          [
            133.54733895027093,
            35.39167046956684,
            1077.5
          ],
          [
            133.54734574582326,
            35.391760429940895,
            1072.1
          ],
          [
            133.54735233480483,
            35.391850400807186,
            1066.8
          ],
          [
            133.54735892378636,
            35.391940371673485,
            1063.5
          ],
          [
            133.54736551276793,
            35.392030342539776,
            1058.5
          ],
          [
            133.5473721017495,
            35.392120313406075,
            1055.2
          ],
          [
            133.54737869073105,
            35.392210284272366,
            1050.3
          ],
          [
            133.5473855760077,
            35.39230023890568,
            1047.0
          ],
          [
            133.5473936816047,
            35.39239012668191,
            1042.3
          ],
          [
            133.54740178720166,
            35.39248001445813,
            1037.7
          ],
          [
            133.54740989279867,
            35.39256990223436,
            1034.6
          ],
          [
            133.54741799839564,
            35.392659790010576,
            1029.8
          ],
          [
            133.54742610399265,
            35.3927496777868,
            1026.9
          ],
          [
            133.54743420958962,
            35.39283956556302,
            1022.4
          ],
          [
            133.54744231518663,
            35.39292945333924,
            1019.7
          ],
          [
            133.54744577183882,
            35.39301951816588,
            1015.5
          ],
          [
            133.54744789046134,
            35.39310963395003,
            1011.4
          ],
          [
            133.54745000908386,
            35.393199749734194,
            1008.7
          ],
          [
            133.54745212770638,
            35.39328986551835,
            1004.5
          ],
          [
            133.5474542463289,
            35.3933799813025,
            1001.9
          ],
          [
            133.5474563649514,
            35.39347009708666,
            998.0
          ],
          [
            133.5474584835739,
            35.39356021287082,
            995.1
          ],
          [
            133.54746060219642,
            35.39365032865498,
            991.2
          ],
          [
            133.5474441929066,
            35.39373942586084,
            987.2
          ],
          [
            133.54742738226398,
            35.393828501002204,
            984.6
          ],
          [
            133.54741057162136,
            35.393917576143565,
            980.8
          ],
          [
            133.54739376097874,
            35.394006651284926,
            977.7
          ],
          [
            133.54737475739614,
            35.394095419066474,
            973.3
          ],
          [
            133.54735443032826,
            35.394184001349934,
            970.0
          ],
          [
            133.54733410326037,
            35.394272583633395,
            966.0
          ],
          [
            133.54731377619248,
            35.39436116591685,
            962.8
          ],
          [
            133.5472934491246,
            35.39444974820031,
            958.9
          ],
          [
            133.5472731220567,
            35.39453833048377,
            956.4
          ],
          [
            133.54725279498882,
            35.39462691276723,
            952.2
          ],
          [
            133.54721962935776,
            35.39471254507149,
            949.4
          ],
          [
            133.54718070624506,
            35.39479685445116,
            945.1
          ],
          [
            133.54714178313236,
            35.39488116383083,
            942.1
          ],
          [
            133.54710286001966,
            35.394965473210505,
            938.3
          ],
          [
            133.54706393690697,
            35.39504978259017,
            935.4
          ],
          [
            133.54701806220348,
            35.39513171173213,
            932.4
          ],
          [
            133.54697210283706,
            35.395213611885325,
            928.0
          ],
          [
            133.54692614347067,
            35.39529551203853,
            925.1
          ],
          [
            133.54688018410425,
            35.395377412191735,
            922.2
          ],
          [
            133.54683488413966,
            35.39545953847212,
            918.4
          ],
          [
            133.54679585223286,
            35.39554381424341,
            915.8
          ],
          [
            133.54675682032604,
            35.3956280900147,
            912.3
          ],
          [
            133.54671778841924,
            35.39571236578599,
            910.0
          ],
          [
            133.54667875651245,
            35.39579664155728,
            907.6
          ],
          [
            133.54663972460565,
            35.39588091732857,
            904.1
          ],
          [
            133.54660069269886,
            35.39596519309986,
            901.6
          ],
          [
            133.5465616954064,
            35.396049477808205,
            898.0
          ],
          [
            133.5465346309322,
            35.39613684344107,
            895.7
          ],
          [
            133.546507566458,
            35.396224209073935,
            892.6
          ],
          [
            133.54648050198378,
            35.3963115747068,
            890.0
          ],
          [
            133.54645343750954,
            35.396398940339665,
            886.5
          ],
          [
            133.54642804944956,
            35.39648658890983,
            884.2
          ],
          [
            133.54641071546203,
            35.39657559680844,
            881.1
          ],
          [
            133.5463933814745,
            35.39666460470704,
            879.2
          ],
          [
            133.54637604748697,
            35.39675361260564,
            876.4
          ],
          [
            133.54635871349944,
            35.39684262050425,
            873.8
          ],
          [
            133.54634798158406,
            35.39689772757261,
            871.9
          ]
        ]
      }
    }
  ]
}