{
  "type": "FeatureCollection",
  "features": [
    {
      "type": "Feature",
      "properties": {
        "name": "F1",
        "slope_deg": [
          5.710593137499643,
          5.710593137499643,
          5.710593137499643,
          8.530765609948133,
          9.926245506651705,
          9.926245506651705,
          9.926245506651705,
          11.309932474020215,
          9.926245506651705,
          11.309932474020215,
          14.036243467926479,
          15.37625124882619,
          18.00416160591338,
          15.37625124882619,
          14.036243467926479,
          12.68038349181982,
          9.926245506651705,
          8.530765609948133,
          7.125016348901798,
          5.710593137499643,
          7.125016348901798,
          11.309932474020215,
          16.69924423399362,
          16.69924423399362,
          15.37625124882619,
          15.37625124882619,
          9.926245506651705,
          8.530765609948133,
          8.530765609948133,
          7.125016348901798,
          8.530765609948133,
          9.926245506651705,
          9.926245506651705,
          9.926245506651705,
          12.68038349181982,
          11.309932474020215,
          12.68038349181982,
          15.37625124882619,
          11.309932474020215,
          15.37625124882619,
          14.036243467926479,
          12.68038349181982,
          12.68038349181982,
          11.309932474020215,
          11.309932474020215,
          8.530765609948133,
          12.68038349181982,
          9.926245506651705,
          12.68038349181982,
          15.37625124882619,
          15.37625124882619,
          18.00416160591338,
          19.290046219188735,
          19.290046219188735,
          19.290046219188735,
          16.69924423399362,
          14.036243467926479,
          14.036243467926479,
          11.309932474020215,
          14.036243467926479,
          14.036243467926479,
          14.036243467926479,
          14.036243467926479,
          15.37625124882619,
          15.37625124882619,
          14.036243467926479,
          14.036243467926479,
          11.309932474020215,
          9.926245506651705,
          12.68038349181982,
          14.036243467926479,
          16.69924423399362,
          20.556045219583467,
          19.290046219188735,
          19.290046219188735,
          15.37625124882619,
          15.37625124882619,
          11.309932474020215,
          12.68038349181982,
          15.37625124882619,
          11.309932474020215,
          16.69924423399362,
          12.68038349181982,
          18.00416160591338,
          19.290046219188735,
          18.00416160591338,
          23.025492008528037,
          14.036243467926479,
          18.00416160591338,
          15.37625124882619,
          12.68038349181982,
          15.37625124882619,
          8.530765609948133,
          8.530765609948133,
          5.710593137499643,
          2.862405226111748,
          4.289153328819018,
          4.289153328819018,
          5.710593137499643,
          8.530765609948133,
          9.926245506651705,
          11.309932474020215,
          8.530765609948133,
          9.926245506651705,
          7.125016348901798,
          7.125016348901798,
          8.530765609948133,
          7.125016348901798,
          12.68038349181982,
          11.309932474020215,
          12.68038349181982,
          12.68038349181982,
          7.125016348901798,
          7.125016348901798,
          5.710593137499643,
          8.530765609948133,
          9.926245506651705,
          8.530765609948133,
          11.309932474020215,
          5.710593137499643,
          5.710593137499643,
          8.530765609948133,
          11.309932474020215,
          14.036243467926479,
          14.036243467926479,
          12.68038349181982,
          7.125016348901798,
          2.862405226111748,
          1.4320961841646465,
          7.125016348901798,
          4.289153328819018,
          1.4320961841646465,
          8.530765609948133,
          4.289153328819018,
          5.710593137499643,
          14.036243467926479,
          8.530765609948133,
          9.926245506651705,
          12.68038349181982,
          12.68038349181982,
          11.309932474020215,
          7.125016348901798,
          8.530765609948133,
          5.710593137499643,
          8.530765609948133,
          9.926245506651705,
          7.125016348901798,
          8.530765609948133,
          7.125016348901798,
          9.926245506651705,
          9.926245506651705,
          8.530765609948133,
          12.68038349181982,
          9.926245506651705,
          11.309932474020215,
          4.716221234338296,
          1.288937560186863,
          1.4320961841646465,
          1.14576283817512,
          9.22988624372772,
          8.530765609948133,
          8.530765609948133,
          7.969610394321312,
          7.266008446995947,
          7.547725773843127,
          7.125016348901798,
          6.983937460085339,
          6.983937460085339,
          7.547725773843127,
          7.406912128495215,
          7.68844776990284,
          7.68844776990284,
          7.125016348901798,
          7.406912128495215,
          6.560196400571341,
          6.701525844729468,
          6.701525844729468,
          6.701525844729548,
          8.11004782941908,
          7.829076510059608,
          7.829076510059608,
          7.829076510059608
        ],
        "horizontal_dist_map": 1810,
        "slope_dist_map": 1860,
        "elevation_diff_map": 341.4,
        "avg_slope_deg_map": 10.4,
        "max_slope_deg_map": 23.0
      },
      "geometry": {
        "type": "LineString",
        "coordinates": [
          [
            142.3362493,
            43.3410703,
            658.0
          ],
          [
            142.33615724464957,
            43.34101040530194,
            658.0
          ],
          [
            142.33612005741008,
            43.340926133059185,
            657.0
          ],
          [
            142.33608944057227,
            43.34083894162973,
            655.0
          ],
          [
            142.33611631753055,
            43.340753814436226,
            654.0
          ],
          [
            142.33615851087208,
            43.340669237156476,
            652.0
          ],
          [
            142.3362007042136,
            43.340584659876725,
            650.0
          ],
          [
            142.33624289755514,
            43.340500082596975,
            648.0
          ],
          [
            142.33627334421428,
            43.3404131715576,
            647.0
          ],
          [
            142.33629570506284,
            43.34032465407842,
            644.0
          ],
          [
            142.336310267813,
            43.340235515529415,
            643.0
          ],
          [
            142.33631458875925,
            43.3401455612847,
            640.0
          ],
          [
            142.33631418783474,
            43.34005558774253,
            637.0
          ],
          [
            142.33629013146754,
            43.33996897796634,
            633.0
          ],
          [
            142.3362412910501,
            43.339886328509955,
            630.0
          ],
          [
            142.33619008174932,
            43.33980449919619,
            629.0
          ],
          [
            142.33613328928502,
            43.339724602856606,
            627.0
          ],
          [
            142.33607649682068,
            43.33964470651702,
            624.0
          ],
          [
            142.33600646136756,
            43.33957135287507,
            623.0
          ],
          [
            142.33592594002815,
            43.33950317978447,
            623.0
          ],
          [
            142.3358454186887,
            43.339435006693876,
            622.0
          ],
          [
            142.3357648973493,
            43.33936683360328,
            620.0
          ],
          [
            142.33568709312584,
            43.339297377399085,
            618.0
          ],
          [
            142.3356620818778,
            43.33922491953302,
            615.0
          ],
          [
            142.3357807845912,
            43.33920052460975,
            610.0
          ],
          [
            142.33589976976552,
            43.33917907687099,
            608.0
          ],
          [
            142.33602196969505,
            43.33919117174456,
            607.0
          ],
          [
            142.33614416962456,
            43.33920326661813,
            604.0
          ],
          [
            142.33626636955407,
            43.339215361491696,
            603.0
          ],
          [
            142.33638856948357,
            43.339227456365265,
            602.0
          ],
          [
            142.33651076941308,
            43.33923955123883,
            601.0
          ],
          [
            142.3366329693426,
            43.3392516461124,
            599.0
          ],
          [
            142.3367551692721,
            43.33926374098598,
            597.0
          ],
          [
            142.3368773692016,
            43.339275835859546,
            595.0
          ],
          [
            142.3369995691311,
            43.339287930733114,
            594.0
          ],
          [
            142.33712249127083,
            43.339294201121994,
            592.0
          ],
          [
            142.33724568093865,
            43.339298313948724,
            588.0
          ],
          [
            142.3373688706065,
            43.339302426775454,
            587.0
          ],
          [
            142.33749206027431,
            43.339306539602184,
            585.0
          ],
          [
            142.33761524994213,
            43.33931065242892,
            581.0
          ],
          [
            142.33773843960998,
            43.33931476525565,
            580.0
          ],
          [
            142.33786163798854,
            43.3393186,
            576.0
          ],
          [
            142.33798495648796,
            43.3393186,
            575.0
          ],
          [
            142.33810827498738,
            43.3393186,
            572.0
          ],
          [
            142.33823159348677,
            43.3393186,
            571.0
          ],
          [
            142.33835426510387,
            43.3393112920446,
            568.0
          ],
          [
            142.33847655840705,
            43.33929971020306,
            567.0
          ],
          [
            142.3385988517102,
            43.339288128361524,
            566.0
          ],
          [
            142.33872114501338,
            43.33927654651998,
            562.0
          ],
          [
            142.33884075551987,
            43.33925832462073,
            561.0
          ],
          [
            142.33894882310724,
            43.33921623538169,
            558.0
          ],
          [
            142.33903495109595,
            43.33915211426329,
            555.0
          ],
          [
            142.33908169438465,
            43.339068821469304,
            551.0
          ],
          [
            142.3391284376733,
            43.33898552867531,
            548.0
          ],
          [
            142.33916294754133,
            43.33889929947276,
            544.0
          ],
          [
            142.33919305865103,
            43.33881201442885,
            541.0
          ],
          [
            142.33922313414246,
            43.33872472293029,
            537.0
          ],
          [
            142.33925246226477,
            43.33863729599548,
            536.0
          ],
          [
            142.33928179038708,
            43.33854986906068,
            534.0
          ],
          [
            142.33931111850939,
            43.33846244212587,
            531.0
          ],
          [
            142.3393404466317,
            43.33837501519107,
            529.0
          ],
          [
            142.339369774754,
            43.338287588256264,
            526.0
          ],
          [
            142.33941213339853,
            43.338203706940504,
            524.0
          ],
          [
            142.33946836879937,
            43.338123601505,
            521.0
          ],
          [
            142.3395246042002,
            43.338043496069496,
            519.0
          ],
          [
            142.33958083960104,
            43.337963390633995,
            515.0
          ],
          [
            142.33964331939237,
            43.337887051865906,
            513.0
          ],
          [
            142.3397405058982,
            43.33783164847188,
            511.0
          ],
          [
            142.33983769240405,
            43.33777624507785,
            509.0
          ],
          [
            142.3399348789099,
            43.337720841683826,
            507.0
          ],
          [
            142.34003206541573,
            43.3376654382898,
            506.0
          ],
          [
            142.34012925192158,
            43.337610034895775,
            502.0
          ],
          [
            142.3402264384274,
            43.337554631501746,
            499.0
          ],
          [
            142.34032362493326,
            43.33749922810772,
            495.0
          ],
          [
            142.3404208114391,
            43.337443824713695,
            491.0
          ],
          [
            142.3405214027768,
            43.33739234984429,
            488.0
          ],
          [
            142.34063161804198,
            43.337351979146106,
            485.0
          ],
          [
            142.34074183330713,
            43.337311608447926,
            484.0
          ],
          [
            142.34085204857232,
            43.337271237749746,
            480.0
          ],
          [
            142.34096226383747,
            43.33723086705157,
            480.0
          ],
          [
            142.34107247910265,
            43.33719049635338,
            476.0
          ],
          [
            142.3411826943678,
            43.3371501256552,
            473.0
          ],
          [
            142.34129420095033,
            43.33711199022502,
            472.0
          ],
          [
            142.34141073897007,
            43.33708256420355,
            468.0
          ],
          [
            142.34152727698984,
            43.33705313818208,
            467.0
          ],
          [
            142.3416438150096,
            43.337023712160615,
            460.0
          ],
          [
            142.34176035302934,
            43.336994286139145,
            458.0
          ],
          [
            142.34188219502985,
            43.33698336158663,
            455.0
          ],
          [
            142.34200511912994,
            43.33697621163898,
            450.0
          ],
          [
            142.34212743908012,
            43.336982224071235,
            450.0
          ],
          [
            142.3422494318838,
            43.336995363917524,
            445.0
          ],
          [
            142.34237142468749,
            43.33700850376381,
            444.0
          ],
          [
            142.3424934174912,
            43.3370216436101,
            441.0
          ],
          [
            142.34261541029488,
            43.33703478345639,
            439.0
          ],
          [
            142.34273740309857,
            43.33704792330268,
            439.0
          ],
          [
            142.34285939590225,
            43.337061063148965,
            438.0
          ],
          [
            142.34297888818142,
            43.33708196615594,
            437.0
          ],
          [
            142.34309612123857,
            43.33710988317278,
            437.0
          ],
          [
            142.3432133542957,
            43.337137800189616,
            436.0
          ],
          [
            142.34333058735285,
            43.33716571720645,
            435.0
          ],
          [
            142.34344782040998,
            43.33719363422329,
            433.0
          ],
          [
            142.34356505346713,
            43.33722155124013,
            431.0
          ],
          [
            142.34368228652428,
            43.33724946825696,
            429.0
          ],
          [
            142.3437995195814,
            43.337277385273794,
            427.0
          ],
          [
            142.34391675263856,
            43.33730530229063,
            427.0
          ],
          [
            142.3440339856957,
            43.33733321930747,
            424.0
          ],
          [
            142.34415113104828,
            43.3373613322823,
            424.0
          ],
          [
            142.34426824715797,
            43.337389510594406,
            422.0
          ],
          [
            142.34438536326766,
            43.337417688906505,
            421.0
          ],
          [
            142.34450247937735,
            43.33744586721861,
            419.0
          ],
          [
            142.34461959548705,
            43.33747404553072,
            415.0
          ],
          [
            142.34473671159674,
            43.337502223842826,
            414.0
          ],
          [
            142.34485382770646,
            43.33753040215493,
            412.0
          ],
          [
            142.34496536376068,
            43.337568687274256,
            410.0
          ],
          [
            142.3450765195307,
            43.337607661178716,
            410.0
          ],
          [
            142.3451876753007,
            43.337646635083175,
            409.0
          ],
          [
            142.34529883107072,
            43.33768560898763,
            408.0
          ],
          [
            142.34540998684074,
            43.337724582892086,
            404.0
          ],
          [
            142.34552114261072,
            43.33776355679654,
            403.0
          ],
          [
            142.34563229838074,
            43.337802530701,
            403.0
          ],
          [
            142.34574345415075,
            43.33784150460546,
            400.0
          ],
          [
            142.34585460992076,
            43.33788047850991,
            400.0
          ],
          [
            142.34596520938692,
            43.33792028138654,
            399.0
          ],
          [
            142.34607549624968,
            43.33796055008682,
            397.0
          ],
          [
            142.34618578311245,
            43.33800081878711,
            392.0
          ],
          [
            142.3462960699752,
            43.33804108748739,
            390.0
          ],
          [
            142.34640635683797,
            43.33808135618767,
            389.0
          ],
          [
            142.34651664370074,
            43.33812162488796,
            388.0
          ],
          [
            142.3466269305635,
            43.33816189358824,
            387.0
          ],
          [
            142.3467372174263,
            43.33820216228853,
            388.0
          ],
          [
            142.34684750428906,
            43.338242430988814,
            388.0
          ],
          [
            142.34695779115182,
            43.3382826996891,
            383.0
          ],
          [
            142.3470680780146,
            43.338322968389384,
            384.0
          ],
          [
            142.34717836487735,
            43.33836323708967,
            387.0
          ],
          [
            142.3472940859729,
            43.33839221762077,
            382.0
          ],
          [
            142.34741464372877,
            43.33841115128008,
            380.0
          ],
          [
            142.34753520148462,
            43.33843008493939,
            380.0
          ],
          [
            142.3476557592405,
            43.338449018598695,
            377.0
          ],
          [
            142.34777631699635,
            43.33846795225801,
            376.0
          ],
          [
            142.34789687475222,
            43.33848688591731,
            373.0
          ],
          [
            142.3480174325081,
            43.338505819576625,
            371.0
          ],
          [
            142.34813799026395,
            43.33852475323593,
            368.0
          ],
          [
            142.34825854801983,
            43.33854368689524,
            368.0
          ],
          [
            142.34837910577568,
            43.33856262055455,
            368.0
          ],
          [
            142.34849966353156,
            43.33858155421386,
            365.0
          ],
          [
            142.34862022128743,
            43.338600487873165,
            364.0
          ],
          [
            142.34874077904328,
            43.33861942153248,
            362.0
          ],
          [
            142.34886133679916,
            43.33863835519178,
            361.0
          ],
          [
            142.34898162105523,
            43.33865816560022,
            360.0
          ],
          [
            142.34910151396952,
            43.33867923051986,
            358.0
          ],
          [
            142.3492214068838,
            43.3387002954395,
            357.0
          ],
          [
            142.34934129979808,
            43.33872136035914,
            354.0
          ],
          [
            142.3494611927124,
            43.338742425278774,
            353.0
          ],
          [
            142.34958108562668,
            43.33876349019841,
            352.0
          ],
          [
            142.34970097854097,
            43.338784555118046,
            348.0
          ],
          [
            142.34982087145525,
            43.33880562003769,
            347.0
          ],
          [
            142.34994076436953,
            43.338826684957326,
            345.0
          ],
          [
            142.35006065728385,
            43.33884774987696,
            348.7
          ],
          [
            142.35018055019813,
            43.3388688147966,
            347.1
          ],
          [
            142.35030044311242,
            43.338889879716234,
            346.0
          ],
          [
            142.3504203360267,
            43.33891094463588,
            344.2
          ],
          [
            142.350540228941,
            43.33893200955551,
            342.2
          ],
          [
            142.3506601218553,
            43.33895307447515,
            341.1
          ],
          [
            142.35078001476958,
            43.338974139394786,
            340.0
          ],
          [
            142.35089990768387,
            43.33899520431442,
            338.6
          ],
          [
            142.35101731922182,
            43.33901956238631,
            337.1
          ],
          [
            142.35110589837728,
            43.339082185280915,
            335.8
          ],
          [
            142.35119447753274,
            43.33914480817552,
            335.0
          ],
          [
            142.3512830566882,
            43.33920743107013,
            333.7
          ],
          [
            142.35137163584366,
            43.33927005396473,
            332.2
          ],
          [
            142.3514602149991,
            43.339332676859335,
            330.5
          ],
          [
            142.35156787269625,
            43.33936872886768,
            329.8
          ],
          [
            142.3516888302114,
            43.339386258079216,
            328.3
          ],
          [
            142.35180978772652,
            43.33940378729075,
            326.8
          ],
          [
            142.35193074524167,
            43.33942131650228,
            325.5
          ],
          [
            142.3520517027568,
            43.339438845713815,
            324.6
          ],
          [
            142.35216861153535,
            43.33946600991424,
            323.7
          ],
          [
            142.3522822334735,
            43.33950099597969,
            322.1
          ],
          [
            142.3523958523847,
            43.33953598751673,
            320.8
          ],
          [
            142.35250947023115,
            43.33957098097841,
            319.9
          ],
          [
            142.35262308807765,
            43.33960597444008,
            318.0
          ],
          [
            142.35273670592412,
            43.33964096790176,
            316.6
          ]
        ]
      }
    },
    {
      "type": "Feature",
      "properties": {
        "name": "F4",
        "slope_deg": [
          14.036243467926479,
          14.036243467926479,
          14.036243467926479,
          14.305551846622015,
          15.109575122340479,
          15.774985955414085,
          17.484427323220732,
          19.41755414157941,
          19.034434354835135,
          18.520849477471074,
          16.436059224635663,
          15.37625124882619,
          15.509334522674907,
          14.975984514756677,
          14.170977562933048,
          12.68038349181982,
          11.034209003250266,
          8.530765609948133,
          6.418786730238786,
          5.852378988915653,
          5.852378988915572,
          5.710593137499643,
          5.994092949108534,
          4.716221234338296,
          2.862405226111748,
          2.576571830268847,
          2.004534032105872,
          1.288937560186863,
          2.862405226111748,
          2.862405226111748,
          3.576334374997351,
          5.426812498572835,
          5.568737077976685,
          5.710593137499643,
          5.000644597558433,
          3.290883686067309,
          1.14576283817512,
          0.4297102894010599,
          2.576571830268847,
          3.4336303624504896,
          4.573921259900844,
          7.68844776990284,
          6.1357333401868095,
          6.418786730238786,
          8.11004782941908,
          6.983937460085339,
          8.530765609948133,
          8.810732985984894,
          6.983937460085259,
          5.994092949108454,
          4.7162212343382155,
          4.431564716435877,
          4.289153328819018,
          5.000644597558433,
          6.1357333401868095,
          7.125016348901798,
          7.969610394321392,
          7.125016348901798,
          7.969610394321392,
          7.547725773843127,
          8.670801453590993,
          9.090276920822289,
          8.11004782941908,
          8.530765609948133,
          7.125016348901798,
          5.568737077976685,
          5.000644597558433,
          4.7162212343382155,
          5.142764557884194,
          7.125016348901798,
          7.68844776990284,
          6.983937460085339,
          7.406912128495215,
          8.11004782941908,
          8.670801453590993,
          8.810732985984894,
          6.701525844729548,
          4.716221234338296,
          4.146688825965976,
          4.858462919034255,
          4.858462919034255,
          4.146688825965976,
          3.433630362450571,
          2.576571830268847,
          4.146688825965976,
          6.1357333401868095,
          5.994092949108454,
          10.065169352759877,
          11.996899307923618,
          9.50877195829783,
          5.710593137499643,
          -2.147585428298503,
          -6.560196400571301,
          -5.000644597558433,
          -1.14576283817512,
          -1.14576283817512,
          -1.14576283817512
        ],
        "horizontal_dist_map": 962,
        "slope_dist_map": 974,
        "elevation_diff_map": 119.3,
        "avg_slope_deg_map": 7.0,
        "max_slope_deg_map": 19.4
      },
      "geometry": {
        "type": "LineString",
        "coordinates": [
          [
            142.35142024887884,
            43.34197919220053,
            372.1
          ],
          [
            142.35144195420372,
            43.34189058779859,
            370.1
          ],
          [
            142.3514636595286,
            43.34180198339665,
            367.7
          ],
          [
            142.35148536485352,
            43.341713378994704,
            364.7
          ],
          [
            142.3515070701784,
            43.34162477459276,
            362.1
          ],
          [
            142.35152877550328,
            43.34153617019082,
            359.9
          ],
          [
            142.35155048082817,
            43.341447565788876,
            356.9
          ],
          [
            142.35158504937573,
            43.341361269548685,
            353.4
          ],
          [
            142.3516221070638,
            43.34127541995698,
            349.5
          ],
          [
            142.351648401488,
            43.34118782104346,
            345.8
          ],
          [
            142.35166475495535,
            43.34109860645528,
            343.1
          ],
          [
            142.35168110842272,
            43.341009391867104,
            340.0
          ],
          [
            142.35169746189007,
            43.340920177278925,
            337.7
          ],
          [
            142.3517138153574,
            43.340830962690745,
            334.8
          ],
          [
            142.35175217726396,
            43.34074554336488,
            332.0
          ],
          [
            142.35179225796776,
            43.34066042043835,
            329.3
          ],
          [
            142.35183233867158,
            43.340575297511805,
            327.6
          ],
          [
            142.35189041115675,
            43.340496882941466,
            325.8
          ],
          [
            142.35196141564163,
            43.340423290153836,
            324.2
          ],
          [
            142.35203242012648,
            43.34034969736621,
            323.3
          ],
          [
            142.35202902973262,
            43.34034611515185,
            323.1
          ],
          [
            142.3521104045115,
            43.34027848339382,
            321.7
          ],
          [
            142.3521917792904,
            43.34021085163578,
            320.1
          ],
          [
            142.3522691809291,
            43.34014103748155,
            319.3
          ],
          [
            142.35233569350453,
            43.340065242101105,
            318.9
          ],
          [
            142.35240220607994,
            43.33998944672066,
            318.4
          ],
          [
            142.3524687186554,
            43.33991365134021,
            318.1
          ],
          [
            142.3525351965973,
            43.33983783985264,
            317.5
          ],
          [
            142.35260166266542,
            43.33976202284289,
            317.5
          ],
          [
            142.3526831100038,
            43.33969466382399,
            317.5
          ],
          [
            142.3527722164734,
            43.33963342925269,
            316.1
          ],
          [
            142.352878433002,
            43.33958769813097,
            315.5
          ],
          [
            142.3529846495306,
            43.33954196700925,
            315.0
          ],
          [
            142.3530908660592,
            43.33949623588752,
            313.7
          ],
          [
            142.35319708258783,
            43.33945050476581,
            312.2
          ],
          [
            142.35330329911642,
            43.339404773644084,
            311.5
          ],
          [
            142.35341847768893,
            43.3393752825546,
            311.5
          ],
          [
            142.35353846703546,
            43.33935450902168,
            311.4
          ],
          [
            142.35365845638196,
            43.33933373548877,
            311.4
          ],
          [
            142.35378122433193,
            43.3393303,
            311.2
          ],
          [
            142.35389962692028,
            43.339350627232726,
            309.7
          ],
          [
            142.35401549271984,
            43.33938144400596,
            309.0
          ],
          [
            142.35413135851937,
            43.33941226077919,
            308.2
          ],
          [
            142.3542472243189,
            43.33944307755243,
            305.8
          ],
          [
            142.35434512660999,
            43.33949678933445,
            305.4
          ],
          [
            142.3544401767899,
            43.33955413621425,
            304.5
          ],
          [
            142.35453522696983,
            43.339611483094046,
            302.5
          ],
          [
            142.35463027714977,
            43.33966882997385,
            300.9
          ],
          [
            142.35472532732967,
            43.33972617685365,
            299.4
          ],
          [
            142.3548203775096,
            43.33978352373345,
            298.3
          ],
          [
            142.35491542768955,
            43.33984087061326,
            297.6
          ],
          [
            142.35501047786946,
            43.33989821749306,
            296.7
          ],
          [
            142.3551055280494,
            43.33995556437286,
            296.1
          ],
          [
            142.35520057822933,
            43.340012911252664,
            295.2
          ],
          [
            142.3553009015048,
            43.340065006821455,
            294.6
          ],
          [
            142.3554044516571,
            43.34011388884444,
            293.2
          ],
          [
            142.35550800180945,
            43.34016277086743,
            291.8
          ],
          [
            142.35561155196177,
            43.34021165289042,
            290.2
          ],
          [
            142.35571510211412,
            43.340260534913405,
            289.0
          ],
          [
            142.35581865226644,
            43.340309416936385,
            288.2
          ],
          [
            142.35592220241878,
            43.34035829895937,
            286.2
          ],
          [
            142.3560257525711,
            43.34040718098236,
            284.9
          ],
          [
            142.35612930272345,
            43.34045606300535,
            282.9
          ],
          [
            142.35623285287576,
            43.340504945028336,
            281.8
          ],
          [
            142.35633752766967,
            43.340552326859445,
            280.5
          ],
          [
            142.35644976666472,
            43.3405896185839,
            278.9
          ],
          [
            142.35656200565978,
            43.34062691030836,
            277.9
          ],
          [
            142.35668176873432,
            43.34064785255139,
            277.9
          ],
          [
            142.35680209330465,
            43.34066757468966,
            277.0
          ],
          [
            142.356922417875,
            43.34068729682794,
            275.6
          ],
          [
            142.35704274244534,
            43.340707018966214,
            274.3
          ],
          [
            142.35716306701568,
            43.34072674110448,
            272.9
          ],
          [
            142.35728339158604,
            43.34074646324276,
            271.6
          ],
          [
            142.35740371615637,
            43.340766185381035,
            270.7
          ],
          [
            142.3575246024856,
            43.3407834489249,
            269.1
          ],
          [
            142.35764718462963,
            43.340793290564335,
            267.2
          ],
          [
            142.35776976677369,
            43.340803132203774,
            265.5
          ],
          [
            142.35789234891772,
            43.34081297384321,
            264.5
          ],
          [
            142.35801493106177,
            43.34082281548264,
            264.4
          ],
          [
            142.3581375132058,
            43.34083265712207,
            263.9
          ],
          [
            142.35826009534986,
            43.34084249876151,
            262.6
          ],
          [
            142.3583787114448,
            43.340859887105715,
            261.1
          ],
          [
            142.35847886632845,
            43.34091240393891,
            261.0
          ],
          [
            142.3585790212121,
            43.3409649207721,
            261.0
          ],
          [
            142.35867917609576,
            43.34101743760529,
            260.2
          ],
          [
            142.35871838423233,
            43.341102016909446,
            259.3
          ],
          [
            142.35875497510364,
            43.34118797308761,
            258.1
          ],
          [
            142.35879156597494,
            43.341273929265775,
            256.7
          ],
          [
            142.35882815684624,
            43.34135988544394,
            256.0
          ],
          [
            142.35885662746963,
            43.34144731592387,
            252.2
          ],
          [
            142.35887947754964,
            43.34153576686244,
            249.6
          ],
          [
            142.35890232762964,
            43.341624217801005,
            250.0
          ],
          [
            142.35892517770964,
            43.341712668739575,
            252.0
          ],
          [
            142.35894866021266,
            43.34180103111676,
            253.7
          ],
          [
            142.3589722902517,
            43.34188937283374,
            254.2
          ],
          [
            142.35899592029074,
            43.34197771455072,
            253.5
          ],
          [
            142.35901955032978,
            43.342066056267704,
            252.8
          ]
        ]
      }
    },
    {
      "type": "Feature",
      "properties": {
        "name": "F5",
        "slope_deg": [
          7.125016348901798,
          7.125016348901798,
          7.125016348901798,
          9.926245506651705,
          6.842773412630957,
          7.266008446996026,
          7.969610394321392,
          8.39062701325255,
          12.68038349181982,
          11.034209003250188,
          10.619655276155134,
          10.619655276155134,
          10.481218144130889,
          11.034209003250266,
          8.810732985984894,
          7.406912128495294,
          6.2772984895976025,
          5.568737077976685,
          6.1357333401868095,
          6.701525844729468,
          7.829076510059608,
          9.648045316098093,
          11.859779120947948,
          11.996899307923577,
          11.034209003250188,
          9.22988624372772,
          6.418786730238786,
          6.277298489597523,
          6.701525844729548,
          6.560196400571341,
          7.125016348901798,
          5.000644597558433,
          3.718993973157994,
          4.146688825965976,
          3.718993973158075,
          6.1357333401868095,
          6.842773412630957,
          7.125016348901798,
          9.369385096487436,
          8.11004782941908,
          10.896152141141116,
          11.859779120948026,
          10.757967088390036,
          11.72252097010228,
          10.757967088390036,
          10.342657140474627,
          9.926245506651705,
          10.481218144130889,
          9.648045316098171,
          9.648045316098093,
          10.481218144130889,
          8.530765609948133,
          8.9505586562316,
          8.810732985984973,
          9.09027692082237,
          9.926245506651705,
          10.065169352759877,
          10.757967088389957,
          11.447596263685558,
          13.088732789694076,
          13.766300685466273,
          13.088732789694076,
          13.495733280795843,
          14.30555184662194,
          14.708303899682749,
          16.304198003832298,
          16.830565983210555,
          16.961705886532968,
          17.35402463626132,
          16.172159015782583,
          16.172159015782583,
          15.774985955414008,
          15.109575122340479,
          15.907551930525813,
          15.109575122340479,
          14.842227057911131,
          13.90135076950909,
          13.901350769509168,
          12.952764513375502,
          11.996899307923577,
          11.996899307923577,
          10.757967088389957,
          10.203973721731668,
          9.22988624372772,
          8.250387228905515,
          8.670801453590993,
          9.09027692082237,
          9.090276920822289,
          9.090276920822289,
          7.969610394321312,
          7.266008446995947,
          6.418786730238786,
          6.2772984895976025,
          6.560196400571341,
          6.560196400571341,
          7.266008446996026,
          7.68844776990284,
          8.11004782941908,
          7.68844776990284,
          7.969610394321392,
          7.829076510059608,
          7.547725773843127,
          8.670801453590993,
          10.481218144130889,
          11.996899307923577,
          12.543973346572116,
          11.447596263685595,
          11.447596263685595,
          11.447596263685595
        ],
        "horizontal_dist_map": 1084,
        "slope_dist_map": 1104,
        "elevation_diff_map": 189.1,
        "avg_slope_deg_map": 9.7,
        "max_slope_deg_map": 17.4
      },
      "geometry": {
        "type": "LineString",
        "coordinates": [
          [
            142.34590444590341,
            43.34156130764644,
            439.0
          ],
          [
            142.34602519989468,
            43.34157958508656,
            439.0
          ],
          [
            142.34614595388592,
            43.34159786252668,
            438.0
          ],
          [
            142.3462667078772,
            43.34161613996681,
            436.0
          ],
          [
            142.34638746186846,
            43.34163441740693,
            434.0
          ],
          [
            142.34650821585973,
            43.341652694847056,
            432.0
          ],
          [
            142.34662896985097,
            43.34167097228718,
            433.2
          ],
          [
            142.34674972384224,
            43.3416892497273,
            430.9
          ],
          [
            142.3468704778335,
            43.34170752716743,
            428.4
          ],
          [
            142.34699123182477,
            43.34172580460755,
            426.1
          ],
          [
            142.347111985816,
            43.341744082047676,
            424.2
          ],
          [
            142.34723273980728,
            43.341762359487795,
            423.1
          ],
          [
            142.34735349379855,
            43.34178063692792,
            420.9
          ],
          [
            142.34747424778982,
            43.34179891436805,
            418.6
          ],
          [
            142.34759500178106,
            43.34181719180817,
            416.8
          ],
          [
            142.34771550853395,
            43.34183630763022,
            415.3
          ],
          [
            142.34783586171451,
            43.3418559442138,
            414.7
          ],
          [
            142.3479562148951,
            43.341875580797385,
            413.4
          ],
          [
            142.3480765680757,
            43.34189521738097,
            412.4
          ],
          [
            142.34819692125626,
            43.34191485396455,
            411.4
          ],
          [
            142.34831727443685,
            43.34193449054814,
            410.4
          ],
          [
            142.34843762761741,
            43.34195412713172,
            408.7
          ],
          [
            142.3485588839485,
            43.341970142214215,
            406.9
          ],
          [
            142.3486809993799,
            43.341982712430486,
            404.6
          ],
          [
            142.34880311481126,
            43.34199528264676,
            402.0
          ],
          [
            142.34892523024263,
            43.34200785286303,
            400.2
          ],
          [
            142.34904734567402,
            43.3420204230793,
            399.1
          ],
          [
            142.3491694611054,
            43.34203299329557,
            398.1
          ],
          [
            142.34929157653679,
            43.34204556351184,
            397.5
          ],
          [
            142.34941369196815,
            43.34205813372811,
            395.8
          ],
          [
            142.34953580739952,
            43.34207070394437,
            394.4
          ],
          [
            142.34965805357643,
            43.34208255713698,
            393.5
          ],
          [
            142.3497804268456,
            43.34209371334081,
            392.5
          ],
          [
            142.3499028001148,
            43.34210486954463,
            392.3
          ],
          [
            142.35002517338395,
            43.34211602574845,
            391.8
          ],
          [
            142.35014754665312,
            43.34212718195228,
            390.6
          ],
          [
            142.35026991992228,
            43.3421383381561,
            389.9
          ],
          [
            142.35039229319148,
            43.34214949435992,
            388.0
          ],
          [
            142.35051466646064,
            43.34216065056374,
            387.0
          ],
          [
            142.3506370397298,
            43.34217180676757,
            385.6
          ],
          [
            142.35075941299897,
            43.34218296297139,
            383.3
          ],
          [
            142.35088178626816,
            43.34219411917521,
            382.3
          ],
          [
            142.35100399592076,
            43.34219532527532,
            379.3
          ],
          [
            142.351125967095,
            43.342182028660844,
            377.2
          ],
          [
            142.3512479382692,
            43.34216873204637,
            375.7
          ],
          [
            142.35136990944343,
            43.34215543543189,
            374.0
          ],
          [
            142.3514918806177,
            43.342142138817415,
            371.7
          ],
          [
            142.3516138517919,
            43.34212884220294,
            369.9
          ],
          [
            142.35173582296613,
            43.34211554558847,
            368.7
          ],
          [
            142.3518577941404,
            43.342102248973994,
            366.6
          ],
          [
            142.35197933468044,
            43.34208745552181,
            364.9
          ],
          [
            142.35209833323987,
            43.342063826420286,
            363.1
          ],
          [
            142.3522173317993,
            43.34204019731877,
            361.3
          ],
          [
            142.35233633035872,
            43.34201656821724,
            360.6
          ],
          [
            142.35245532891815,
            43.34199293911571,
            358.6
          ],
          [
            142.35257432747758,
            43.34196931001419,
            356.9
          ],
          [
            142.352693326037,
            43.341945680912666,
            354.9
          ],
          [
            142.35281232459644,
            43.34192205181114,
            353.6
          ],
          [
            142.35293132315587,
            43.34189842270961,
            351.5
          ],
          [
            142.3530503217153,
            43.34187479360809,
            349.3
          ],
          [
            142.35317198738437,
            43.34186353559561,
            346.8
          ],
          [
            142.3532951774527,
            43.34185934833817,
            344.3
          ],
          [
            142.35341836752107,
            43.34185516108072,
            341.7
          ],
          [
            142.3535415575894,
            43.34185097382328,
            340.0
          ],
          [
            142.35366474765777,
            43.34184678656584,
            337.2
          ],
          [
            142.3537879377261,
            43.34184259930839,
            334.1
          ],
          [
            142.35391112779448,
            43.34183841205095,
            331.2
          ],
          [
            142.3540343178628,
            43.34183422479351,
            328.3
          ],
          [
            142.35415750793118,
            43.34183003753606,
            325.1
          ],
          [
            142.3542806979995,
            43.34182585027862,
            321.9
          ],
          [
            142.35440388806785,
            43.34182166302118,
            318.7
          ],
          [
            142.35452707813621,
            43.34181747576373,
            316.7
          ],
          [
            142.35465026820455,
            43.34181328850629,
            313.5
          ],
          [
            142.35477345827292,
            43.34180910124885,
            310.6
          ],
          [
            142.35489664834125,
            43.3418049139914,
            307.9
          ],
          [
            142.35501983840962,
            43.34180072673396,
            305.3
          ],
          [
            142.35514302847795,
            43.34179653947652,
            302.7
          ],
          [
            142.35526611253,
            43.34180104225345,
            300.0
          ],
          [
            142.3553891809031,
            43.34180683021432,
            298.0
          ],
          [
            142.35551224927622,
            43.34181261817519,
            295.4
          ],
          [
            142.35563531764933,
            43.341818406136056,
            293.5
          ],
          [
            142.35575838602244,
            43.34182419409693,
            291.5
          ],
          [
            142.35588145439556,
            43.341829982057796,
            289.5
          ],
          [
            142.35600452276867,
            43.34183577001867,
            287.8
          ],
          [
            142.35612759114179,
            43.341841557979535,
            286.3
          ],
          [
            142.35625065951493,
            43.34184734594041,
            285.0
          ],
          [
            142.35637372788804,
            43.34185313390128,
            283.7
          ],
          [
            142.35649679626115,
            43.34185892186215,
            281.7
          ],
          [
            142.35661986463427,
            43.34186470982302,
            279.9
          ],
          [
            142.35674293300738,
            43.34187049778389,
            278.6
          ],
          [
            142.3568660013805,
            43.34187628574476,
            277.3
          ],
          [
            142.3569890697536,
            43.34188207370563,
            276.1
          ],
          [
            142.35711213812672,
            43.3418878616665,
            274.8
          ],
          [
            142.3572308585766,
            43.34190973007285,
            274.1
          ],
          [
            142.35734771264723,
            43.34193850113334,
            272.9
          ],
          [
            142.35746456671785,
            43.34196727219384,
            271.5
          ],
          [
            142.35758142078848,
            43.34199604325433,
            270.2
          ],
          [
            142.3576982748591,
            43.342024814314826,
            269.0
          ],
          [
            142.35781512892973,
            43.342053585375325,
            267.5
          ],
          [
            142.35793198300036,
            43.34208235643582,
            265.8
          ],
          [
            142.35804883707098,
            43.34211112749632,
            264.8
          ],
          [
            142.3581656911416,
            43.34213989855681,
            263.4
          ],
          [
            142.35828205867054,
            43.342169699832446,
            262.0
          ],
          [
            142.35839836313258,
            43.34219963464745,
            260.5
          ],
          [
            142.35851466759462,
            43.34222956946246,
            258.7
          ],
          [
            142.35863097205663,
            43.34225950427747,
            256.0
          ],
          [
            142.35874727651867,
            43.34228943909248,
            253.5
          ],
          [
            142.3588635809807,
            43.34231937390749,
            251.6
          ],
          [
            142.35897988544275,
            43.342349308722504,
            250.6
          ]
        ]
      }
    },
    {
      "type": "Feature",
      "properties": {
        "name": "F6",
        "slope_deg": [
          1.5752369256830872,
          1.5752369256830872,
          1.5752369256830872,
          4.7162212343382155,
          4.431564716435795,
          5.284821092509,
          5.994092949108454,
          5.2848210925090795,
          5.994092949108534,
          5.142764557884274,
          5.426812498572835,
          6.277298489597523,
          8.39062701325255,
          8.670801453590913,
          8.250387228905515,
          7.68844776990284,
          6.277298489597523,
          5.852378988915653,
          5.852378988915572,
          5.426812498572835,
          5.2848210925090795,
          5.568737077976604,
          5.710593137499643,
          4.858462919034335,
          5.142764557884194,
          5.426812498572835,
          5.710593137499643,
          7.125016348901798,
          7.688447769902922,
          8.95055865623168,
          9.09027692082237,
          10.0651693527598,
          11.7225209701022,
          11.72252097010228,
          12.1338801706333,
          12.13388017063338,
          11.447596263685636,
          10.757967088389957,
          10.757967088390036,
          9.787203664656081,
          9.50877195829783,
          9.78720366465616,
          9.926245506651705,
          11.034209003250266,
          10.757967088390036,
          11.309932474020215,
          12.543973346572077,
          12.816647648997467,
          13.495733280795767,
          12.81664764899739,
          10.619655276155134,
          11.034209003250188,
          11.58512622485511,
          13.631094443421526,
          15.907551930525889,
          15.37625124882619,
          13.631094443421526,
          11.72252097010228,
          11.996899307923577,
          11.309932474020215,
          10.896152141141116,
          10.342657140474627,
          8.39062701325255,
          8.390627013252628,
          9.369385096487514,
          9.648045316098171,
          9.50877195829783,
          9.090276920822289,
          8.530765609948133,
          8.11004782941908,
          8.11004782941908,
          8.670801453590993,
          8.9505586562316,
          10.757967088390036,
          12.270720357815385,
          11.996899307923577,
          11.996899307923577,
          10.0651693527598,
          8.530765609948133,
          7.829076510059608,
          8.250387228905515,
          8.95055865623168,
          9.50877195829783,
          11.447596263685558,
          13.088732789694076,
          14.842227057911131,
          16.436059224635663,
          15.37625124882619,
          14.975984514756677,
          14.439965121002654,
          13.495733280795767,
          13.631094443421603,
          12.270720357815309,
          11.034209003250266,
          9.50877195829783,
          9.22988624372772,
          8.95055865623168,
          9.09027692082237,
          10.065169352759877,
          10.342657140474548,
          10.757967088390036,
          10.896152141141116,
          10.203973721731668,
          10.619655276155134,
          10.896152141141116,
          10.896152141141116,
          10.896152141141153,
          9.78720366465616,
          9.78720366465616,
          9.78720366465616
        ],
        "horizontal_dist_map": 1096,
        "slope_dist_map": 1114,
        "elevation_diff_map": 185.0,
        "avg_slope_deg_map": 9.4,
        "max_slope_deg_map": 16.4
      },
      "geometry": {
        "type": "LineString",
        "coordinates": [
          [
            142.34583804137293,
            43.34237918221798,
            433.3
          ],
          [
            142.3459599109718,
            43.34239296868488,
            433.9
          ],
          [
            142.34608178057064,
            43.342406755151764,
            433.7
          ],
          [
            142.3462036501695,
            43.34242054161866,
            432.7
          ],
          [
            142.34632551976836,
            43.342434328085545,
            432.2
          ],
          [
            142.34644738936723,
            43.34244811455244,
            430.6
          ],
          [
            142.3465692589661,
            43.34246190101933,
            430.6
          ],
          [
            142.34669140726808,
            43.34247261676497,
            429.0
          ],
          [
            142.3468147036698,
            43.342470682871,
            428.0
          ],
          [
            142.34693800007148,
            43.34246874897704,
            426.9
          ],
          [
            142.34706129647319,
            43.34246681508307,
            426.4
          ],
          [
            142.3471845928749,
            43.3424648811891,
            425.4
          ],
          [
            142.34730788927658,
            43.34246294729514,
            424.2
          ],
          [
            142.3474311856783,
            43.34246101340117,
            422.5
          ],
          [
            142.34755448351538,
            43.34245925257874,
            420.5
          ],
          [
            142.34767780295502,
            43.34246009646081,
            419.3
          ],
          [
            142.34780112239466,
            43.342460940342875,
            418.4
          ],
          [
            142.3479244418343,
            43.342461784224945,
            417.1
          ],
          [
            142.34804776127393,
            43.34246262810701,
            416.1
          ],
          [
            142.34817108131702,
            43.342463421915056,
            415.2
          ],
          [
            142.3482944021256,
            43.34246415220086,
            414.3
          ],
          [
            142.3484177229342,
            43.342464882486674,
            413.3
          ],
          [
            142.34854104374278,
            43.34246561277248,
            412.4
          ],
          [
            142.34866436455135,
            43.342466343058284,
            411.3
          ],
          [
            142.34878752509152,
            43.342468451380725,
            410.3
          ],
          [
            142.3489092501101,
            43.3424829027528,
            409.9
          ],
          [
            142.34903097512867,
            43.342497354124866,
            408.8
          ],
          [
            142.3491541274869,
            43.34250132433049,
            407.5
          ],
          [
            142.3492773685851,
            43.34250464290552,
            406.3
          ],
          [
            142.34940060968327,
            43.34250796148054,
            404.9
          ],
          [
            142.34952292084395,
            43.34251712643782,
            403.4
          ],
          [
            142.34964392575148,
            43.34253450361934,
            401.2
          ],
          [
            142.34976493065903,
            43.34255188080087,
            399.9
          ],
          [
            142.3498833233839,
            43.34257500816083,
            397.8
          ],
          [
            142.34999508116036,
            43.34261285012552,
            395.1
          ],
          [
            142.35011427441344,
            43.34263595418551,
            392.9
          ],
          [
            142.35023346766656,
            43.3426590582455,
            391.3
          ],
          [
            142.35035266091964,
            43.34268216230549,
            389.2
          ],
          [
            142.35047264758947,
            43.342702899180715,
            387.0
          ],
          [
            142.35059299618894,
            43.34272255622702,
            385.3
          ],
          [
            142.3507133447884,
            43.342742213273326,
            383.7
          ],
          [
            142.35083369338787,
            43.342761870319634,
            382.3
          ],
          [
            142.35095404198734,
            43.342781527365936,
            380.3
          ],
          [
            142.3510743905868,
            43.342801184412245,
            378.4
          ],
          [
            142.3511956557504,
            43.342817203598884,
            376.7
          ],
          [
            142.35131771350075,
            43.34283007699419,
            374.5
          ],
          [
            142.35143977125108,
            43.342842950389496,
            372.7
          ],
          [
            142.3515620654945,
            43.34285385766526,
            370.4
          ],
          [
            142.35168532955552,
            43.342856702220516,
            367.8
          ],
          [
            142.35180859361657,
            43.34285954677577,
            365.4
          ],
          [
            142.35193010257714,
            43.34287133038425,
            363.1
          ],
          [
            142.35204950048762,
            43.34289386596405,
            361.3
          ],
          [
            142.35216889839808,
            43.34291640154386,
            360.3
          ],
          [
            142.35228829630856,
            43.34293893712366,
            357.6
          ],
          [
            142.352407694219,
            43.342961472703465,
            354.9
          ],
          [
            142.3525300198462,
            43.34297020936822,
            351.6
          ],
          [
            142.3526531647315,
            43.34297508470559,
            348.9
          ],
          [
            142.3527763096168,
            43.34297996004297,
            346.6
          ],
          [
            142.35289945450208,
            43.34298483538034,
            345.2
          ],
          [
            142.35302259938737,
            43.34298971071772,
            343.3
          ],
          [
            142.35314574427267,
            43.34299458605509,
            340.4
          ],
          [
            142.35326888915796,
            43.342999461392466,
            338.6
          ],
          [
            142.35339203404325,
            43.34300433672984,
            337.5
          ],
          [
            142.35351517892855,
            43.343009212067216,
            336.0
          ],
          [
            142.35363844511915,
            43.34300660057202,
            334.5
          ],
          [
            142.3537617135378,
            43.34300385156223,
            332.7
          ],
          [
            142.35388498195647,
            43.343001102552435,
            330.9
          ],
          [
            142.35400825037516,
            43.34299835354264,
            329.2
          ],
          [
            142.35413151879382,
            43.342995604532845,
            327.8
          ],
          [
            142.35425478721248,
            43.34299285552305,
            326.3
          ],
          [
            142.35437805563117,
            43.342990106513255,
            324.9
          ],
          [
            142.3545010779089,
            43.342983913482804,
            323.5
          ],
          [
            142.354624300739,
            43.34298277752417,
            322.1
          ],
          [
            142.35474761755944,
            43.3429838708081,
            320.2
          ],
          [
            142.35487093437987,
            43.342984964092025,
            318.6
          ],
          [
            142.35499415225286,
            43.34298452495767,
            315.9
          ],
          [
            142.3551167816895,
            43.34297497259809,
            313.4
          ],
          [
            142.35523941112615,
            43.34296542023851,
            311.7
          ],
          [
            142.3553625179268,
            43.34296175014616,
            310.1
          ],
          [
            142.35548583491916,
            43.34296067011861,
            308.8
          ],
          [
            142.35560915191152,
            43.342959590091056,
            307.4
          ],
          [
            142.3557323998518,
            43.34295947235575,
            306.2
          ],
          [
            142.35585488761294,
            43.342969948282686,
            304.3
          ],
          [
            142.3559773753741,
            43.34298042420963,
            302.5
          ],
          [
            142.3561002492386,
            43.342975973190846,
            300.7
          ],
          [
            142.35622319146367,
            43.34296887932078,
            298.1
          ],
          [
            142.35634613368873,
            43.34296178545071,
            295.0
          ],
          [
            142.3564690759138,
            43.34295469158065,
            291.9
          ],
          [
            142.35659201813885,
            43.342947597710584,
            288.9
          ],
          [
            142.35671496036392,
            43.342940503840516,
            287.1
          ],
          [
            142.35683790258895,
            43.34293340997045,
            284.3
          ],
          [
            142.356960844814,
            43.34292631610039,
            281.6
          ],
          [
            142.35708378703907,
            43.34291922223032,
            279.3
          ],
          [
            142.35720672926413,
            43.342912128360254,
            277.4
          ],
          [
            142.3573296714892,
            43.342905034490194,
            275.6
          ],
          [
            142.357452910559,
            43.34290585825346,
            273.8
          ],
          [
            142.3575762003078,
            43.34290803375803,
            272.6
          ],
          [
            142.35769949005655,
            43.3429102092626,
            270.9
          ],
          [
            142.3578227798053,
            43.342912384767175,
            269.3
          ],
          [
            142.3579460695541,
            43.342914560271744,
            267.4
          ],
          [
            142.35806935930285,
            43.34291673577631,
            265.5
          ],
          [
            142.35819264905163,
            43.34291891128088,
            263.6
          ],
          [
            142.3583159388004,
            43.34292108678545,
            261.7
          ],
          [
            142.35843922854914,
            43.34292326229002,
            259.7
          ],
          [
            142.35856080701495,
            43.34290927303314,
            258.3
          ],
          [
            142.35868217555705,
            43.34289330083905,
            256.1
          ],
          [
            142.35880354409915,
            43.34287732864496,
            254.0
          ],
          [
            142.3589191687464,
            43.34284640100986,
            252.0
          ],
          [
            142.35903422915823,
            43.34281400426875,
            250.6
          ],
          [
            142.35914928957004,
            43.34278160752765,
            249.2
          ]
        ]
      }
    },
    {
      "type": "Feature",
      "properties": {
        "name": "F7",
        "slope_deg": [
          3.8616074096750577,
          3.8616074096750577,
          3.8616074096750577,
          3.718993973157994,
          4.146688825965976,
          3.8616074096750577,
          3.8616074096750577,
          4.004172940709404,
          4.858462919034335,
          5.710593137499643,
          7.547725773843127,
          9.648045316098171,
          11.7225209701022,
          13.495733280795843,
          15.109575122340479,
          15.509334522674907,
          17.223436191131505,
          16.830565983210626,
          15.642246457208712,
          15.37625124882619,
          13.088732789694076,
          13.495733280795767,
          11.585126224855031,
          10.203973721731668,
          9.22988624372772,
          8.11004782941908,
          9.090276920822289,
          9.787203664656081,
          9.090276920822289,
          8.390627013252628,
          8.11004782941916,
          6.983937460085339,
          7.68844776990284,
          9.369385096487436,
          10.896152141141116,
          12.68038349181982,
          12.13388017063338,
          12.816647648997467,
          13.631094443421526,
          13.360218444764483,
          14.036243467926479,
          11.034209003250266,
          9.648045316098171,
          9.50877195829783,
          8.810732985984894,
          8.810732985984894,
          6.701525844729468,
          4.858462919034255,
          4.431564716435877,
          4.858462919034255,
          5.284821092509,
          5.142764557884274,
          4.858462919034255,
          5.568737077976685,
          7.266008446996026,
          10.342657140474627,
          12.270720357815309,
          14.036243467926479,
          13.495733280795767,
          11.447596263685558,
          10.065169352759877,
          7.68844776990284,
          6.418786730238786,
          6.418786730238786,
          6.418786730238786,
          6.701525844729468,
          7.547725773843127,
          7.125016348901798,
          8.39062701325255,
          8.250387228905515,
          8.530765609948133,
          9.369385096487514,
          8.530765609948133,
          9.22988624372772,
          10.342657140474627,
          11.447596263685558,
          13.360218444764483,
          14.036243467926479,
          12.13388017063338,
          10.481218144130967,
          8.390627013252628,
          7.406912128495215,
          10.203973721731668,
          12.81664764899739,
          14.708303899682749,
          15.109575122340479,
          14.842227057911055,
          13.088732789694076,
          11.72252097010228,
          11.447596263685636,
          9.369385096487514,
          9.22988624372772,
          8.250387228905435,
          8.670801453590913,
          9.50877195829783,
          9.787203664656122,
          10.896152141141153,
          9.926245506651744,
          10.065169352759877,
          10.065169352759836,
          9.787203664656122,
          10.619655276155134,
          9.648045316098132,
          9.648045316098171,
          9.787203664656122,
          10.342657140474588,
          11.034209003250266,
          8.670801453590954,
          5.710593137499643,
          5.710593137499643,
          5.710593137499643
        ],
        "horizontal_dist_map": 1101,
        "slope_dist_map": 1119,
        "elevation_diff_map": 184.8,
        "avg_slope_deg_map": 9.4,
        "max_slope_deg_map": 17.2
      },
      "geometry": {
        "type": "LineString",
        "coordinates": [
          [
            142.34760670753406,
            43.3426562284822,
            420.9
          ],
          [
            142.34771705771018,
            43.34269641690749,
            420.2
          ],
          [
            142.3478274078863,
            43.34273660533279,
            419.7
          ],
          [
            142.34793775806244,
            43.342776793758084,
            418.8
          ],
          [
            142.34804810823854,
            43.342816982183386,
            418.2
          ],
          [
            142.34815845841467,
            43.34285717060868,
            417.6
          ],
          [
            142.34826820840402,
            43.34289820219391,
            416.8
          ],
          [
            142.34837668281233,
            43.3429410257526,
            416.1
          ],
          [
            142.34848515722067,
            43.34298384931129,
            415.5
          ],
          [
            142.34859363162897,
            43.34302667286998,
            414.8
          ],
          [
            142.34870210603728,
            43.343069496428676,
            413.4
          ],
          [
            142.34881058044562,
            43.34311231998737,
            412.1
          ],
          [
            142.34891905485392,
            43.343155143546056,
            410.2
          ],
          [
            142.34902752926223,
            43.34319796710475,
            408.0
          ],
          [
            142.34913600367057,
            43.343240790663444,
            405.1
          ],
          [
            142.34924447807887,
            43.34328361422214,
            402.5
          ],
          [
            142.34935295248718,
            43.34332643778083,
            399.4
          ],
          [
            142.34946142689552,
            43.34336926133952,
            396.9
          ],
          [
            142.34956990130382,
            43.34341208489821,
            392.7
          ],
          [
            142.34967837571216,
            43.343454908456906,
            390.4
          ],
          [
            142.34978685012047,
            43.3434977320156,
            388.2
          ],
          [
            142.34989532452877,
            43.34354055557429,
            385.9
          ],
          [
            142.3500037989371,
            43.34358337913298,
            383.4
          ],
          [
            142.35011240144462,
            43.34362596495475,
            380.8
          ],
          [
            142.3502317884349,
            43.34364853605709,
            380.0
          ],
          [
            142.35035117542517,
            43.34367110715943,
            378.7
          ],
          [
            142.35047056241544,
            43.34369367826178,
            376.9
          ],
          [
            142.35058994940573,
            43.34371624936412,
            375.1
          ],
          [
            142.350709336396,
            43.34373882046646,
            373.6
          ],
          [
            142.3508287233863,
            43.343761391568805,
            371.8
          ],
          [
            142.35094811037655,
            43.34378396267115,
            370.5
          ],
          [
            142.3510674973668,
            43.34380653377349,
            369.2
          ],
          [
            142.3511868843571,
            43.34382910487584,
            367.9
          ],
          [
            142.35130627134737,
            43.34385167597818,
            366.9
          ],
          [
            142.35142565833763,
            43.34387424708052,
            365.1
          ],
          [
            142.35154504532792,
            43.34389681818286,
            362.6
          ],
          [
            142.35166460135892,
            43.34391888535751,
            360.2
          ],
          [
            142.35178478500998,
            43.343939081532675,
            357.9
          ],
          [
            142.35190496866105,
            43.34395927770784,
            356.5
          ],
          [
            142.35202515231214,
            43.343979473883,
            353.5
          ],
          [
            142.3521453359632,
            43.34399967005817,
            350.5
          ],
          [
            142.35226551961426,
            43.34401986623333,
            348.4
          ],
          [
            142.35238570326533,
            43.344040062408496,
            346.5
          ],
          [
            142.3525058869164,
            43.34406025858366,
            345.7
          ],
          [
            142.35262607056745,
            43.344080454758824,
            343.7
          ],
          [
            142.35274625421852,
            43.34410065093399,
            341.7
          ],
          [
            142.35286643786958,
            43.34412084710915,
            340.3
          ],
          [
            142.35298662152064,
            43.34414104328432,
            339.5
          ],
          [
            142.3531068051717,
            43.34416123945948,
            339.0
          ],
          [
            142.35322698882277,
            43.344181435634646,
            338.3
          ],
          [
            142.35334717247383,
            43.34420163180981,
            337.2
          ],
          [
            142.3534673561249,
            43.344221827984974,
            336.1
          ],
          [
            142.353587539776,
            43.34424202416014,
            335.3
          ],
          [
            142.35370772342705,
            43.3442622203353,
            334.7
          ],
          [
            142.3538279070781,
            43.34428241651047,
            333.8
          ],
          [
            142.35394809072918,
            43.34430261268563,
            332.2
          ],
          [
            142.35406827438024,
            43.344322808860795,
            330.2
          ],
          [
            142.3541884580313,
            43.34434300503596,
            327.4
          ],
          [
            142.35430864168237,
            43.344363201211124,
            325.1
          ],
          [
            142.3544305479758,
            43.34437562407781,
            322.2
          ],
          [
            142.35455332846078,
            43.34438410221363,
            320.6
          ],
          [
            142.35467610894577,
            43.34439258034946,
            319.3
          ],
          [
            142.35479888943073,
            43.34440105848528,
            318.0
          ],
          [
            142.3549216699157,
            43.34440953662111,
            316.8
          ],
          [
            142.3550444504007,
            43.344418014756926,
            316.1
          ],
          [
            142.35516723088566,
            43.34442649289275,
            314.8
          ],
          [
            142.35529001137064,
            43.344434971028576,
            313.5
          ],
          [
            142.35540963966602,
            43.34442527479336,
            312.1
          ],
          [
            142.3555256529747,
            43.344394735868704,
            310.8
          ],
          [
            142.3556416662834,
            43.34436419694404,
            309.8
          ],
          [
            142.35575767959207,
            43.34433365801939,
            307.6
          ],
          [
            142.35584719382706,
            43.34427176272398,
            306.3
          ],
          [
            142.35593665762195,
            43.344209807742764,
            304.8
          ],
          [
            142.35602252754688,
            43.344145302755,
            303.2
          ],
          [
            142.35610486565142,
            43.34407829178755,
            301.6
          ],
          [
            142.35618720375598,
            43.344011280820084,
            299.8
          ],
          [
            142.3562695418605,
            43.34394426985263,
            297.5
          ],
          [
            142.35635187996505,
            43.34387725888517,
            295.1
          ],
          [
            142.3564342180696,
            43.343810247917716,
            292.1
          ],
          [
            142.35651655617414,
            43.34374323695026,
            289.8
          ],
          [
            142.35662716878522,
            43.34370582856942,
            288.9
          ],
          [
            142.35674179890128,
            43.3436726263995,
            287.7
          ],
          [
            142.3568564290173,
            43.343639424229586,
            286.2
          ],
          [
            142.35697105913337,
            43.34360622205967,
            284.6
          ],
          [
            142.3570856892494,
            43.34357301988975,
            281.7
          ],
          [
            142.35720031936546,
            43.34353981771984,
            278.6
          ],
          [
            142.35732189062952,
            43.34352664226302,
            275.7
          ],
          [
            142.35744436370928,
            43.34351606873953,
            273.8
          ],
          [
            142.35756683678903,
            43.34350549521604,
            271.1
          ],
          [
            142.35768930986882,
            43.34349492169256,
            269.3
          ],
          [
            142.35781178294857,
            43.34348434816907,
            267.4
          ],
          [
            142.35793425602836,
            43.34347377464558,
            265.7
          ],
          [
            142.3580567291081,
            43.34346320112209,
            264.5
          ],
          [
            142.35817987740478,
            43.34345899008023,
            262.8
          ],
          [
            142.35830312044925,
            43.34345567183465,
            261.6
          ],
          [
            142.35842465721183,
            43.34346502777813,
            259.6
          ],
          [
            142.35854465825741,
            43.343485790961985,
            257.8
          ],
          [
            142.358664659303,
            43.34350655414584,
            255.9
          ],
          [
            142.3587846603486,
            43.3435273173297,
            253.9
          ],
          [
            142.35890466139418,
            43.34354808051356,
            252.6
          ],
          [
            142.35902466243977,
            43.34356884369741,
            250.7
          ],
          [
            142.35914466348535,
            43.34358960688127,
            248.8
          ],
          [
            142.35926466453094,
            43.34361037006513,
            247.0
          ],
          [
            142.35938466557653,
            43.343631133248984,
            245.1
          ],
          [
            142.35950466662212,
            43.34365189643284,
            243.9
          ],
          [
            142.3596246676677,
            43.3436726596167,
            242.0
          ],
          [
            142.3597446687133,
            43.343693422800555,
            240.1
          ],
          [
            142.35986466975888,
            43.34371418598441,
            237.8
          ],
          [
            142.35998467080447,
            43.343734949168265,
            236.1
          ],
          [
            142.36004607164958,
            43.343810978473094,
            235.9
          ],
          [
            142.36010371595165,
            43.343890550591084,
            236.1
          ]
        ]
      }
    },
    {
      "type": "Feature",
      "properties": {
        "name": "G1",
        "slope_deg": [
          21.677820852504393,
          21.677820852504393,
          21.677820852504393,
          19.6719699892005,
          12.68038349181982,
          11.309932474020215,
          11.309932474020215,
          9.926245506651705,
          8.530765609948133,
          9.926245506651705,
          11.309932474020215,
          12.68038349181982,
          15.37625124882619,
          16.69924423399362,
          14.036243467926479,
          12.68038349181982,
          12.68038349181982,
          12.68038349181982,
          16.69924423399362,
          19.290046219188735,
          20.556045219583467,
          16.69924423399362,
          15.37625124882619,
          19.290046219188735,
          14.036243467926479,
          11.309932474020215,
          8.530765609948133,
          1.4320961841646465,
          4.289153328819018,
          7.125016348901798,
          7.125016348901798,
          8.530765609948133,
          11.309932474020215,
          12.68038349181982,
          15.37625124882619,
          15.37625124882619,
          16.69924423399362,
          14.036243467926479,
          12.68038349181982,
          15.37625124882619,
          12.68038349181982,
          16.69924423399362,
          18.00416160591338,
          16.69924423399362,
          20.556045219583467,
          19.290046219188735,
          20.556045219583467,
          19.290046219188735,
          15.37625124882619,
          16.69924423399362,
          12.68038349181982,
          12.68038349181982,
          15.37625124882619,
          12.68038349181982,
          16.69924423399362,
          18.00416160591338,
          15.37625124882619,
          18.00416160591338,
          15.37625124882619,
          14.036243467926479,
          15.37625124882619,
          12.68038349181982,
          14.036243467926479,
          15.37625124882619,
          15.37625124882619,
          15.37625124882619,
          16.69924423399362,
          14.036243467926479,
          12.68038349181982,
          12.68038349181982,
          9.926245506651705,
          9.926245506651705,
          11.309932474020215,
          9.926245506651705,
          9.926245506651705,
          14.036243467926479,
          12.68038349181982,
          14.036243467926479,
          14.036243467926479,
          14.036243467926479,
          14.036243467926479
        ],
        "horizontal_dist_map": 808,
        "slope_dist_map": 840,
        "elevation_diff_map": 205.9,
        "avg_slope_deg_map": 13.8,
        "max_slope_deg_map": 21.7
      },
      "geometry": {
        "type": "LineString",
        "coordinates": [
          [
            142.33769399648847,
            43.34170576386516,
            647.9
          ],
          [
            142.33780137884506,
            43.34166150250487,
            644.3
          ],
          [
            142.33790876120162,
            43.34161724114458,
            638.0
          ],
          [
            142.3380161435582,
            43.341572979784296,
            634.0
          ],
          [
            142.3381235259148,
            43.34152871842401,
            632.0
          ],
          [
            142.33823090827138,
            43.341484457063714,
            630.0
          ],
          [
            142.33833829062795,
            43.34144019570343,
            629.0
          ],
          [
            142.33844567298453,
            43.34139593434314,
            626.0
          ],
          [
            142.33855305534112,
            43.34135167298285,
            624.0
          ],
          [
            142.33866043769768,
            43.341307411622566,
            623.0
          ],
          [
            142.33876782015707,
            43.34126315048855,
            623.0
          ],
          [
            142.3388752034988,
            43.341218891296656,
            619.0
          ],
          [
            142.3389825868405,
            43.34117463210475,
            616.0
          ],
          [
            142.33908997018221,
            43.34113037291286,
            614.0
          ],
          [
            142.33919735352396,
            43.34108611372096,
            612.0
          ],
          [
            142.33930473686567,
            43.34104185452907,
            607.0
          ],
          [
            142.33941212020738,
            43.34099759533717,
            606.0
          ],
          [
            142.3395195035491,
            43.340953336145276,
            605.0
          ],
          [
            142.33962567309518,
            43.340907678918676,
            603.0
          ],
          [
            142.33972636295772,
            43.340855710260854,
            598.0
          ],
          [
            142.33982705282025,
            43.34080374160303,
            594.0
          ],
          [
            142.3399277426828,
            43.34075177294521,
            591.0
          ],
          [
            142.34002843254535,
            43.34069980428739,
            588.0
          ],
          [
            142.3401291224079,
            43.34064783562957,
            586.0
          ],
          [
            142.34022981227042,
            43.340595866971746,
            583.0
          ],
          [
            142.34033050213299,
            43.340543898313925,
            577.0
          ],
          [
            142.34040958487788,
            43.3404758552436,
            578.0
          ],
          [
            142.34048269628292,
            43.34040336985099,
            578.0
          ],
          [
            142.340555807688,
            43.34033088445839,
            577.0
          ],
          [
            142.34062891909304,
            43.34025839906578,
            576.0
          ],
          [
            142.34070203049808,
            43.34018591367318,
            575.0
          ],
          [
            142.3407801880832,
            43.34011636044484,
            573.0
          ],
          [
            142.3408605781535,
            43.34004810443801,
            572.0
          ],
          [
            142.34094096822383,
            43.33997984843119,
            570.0
          ],
          [
            142.34102135829414,
            43.339911592424365,
            567.0
          ],
          [
            142.34110174836448,
            43.339843336417545,
            564.0
          ],
          [
            142.34120526180178,
            43.33980397314783,
            561.0
          ],
          [
            142.34132620493864,
            43.339786388355634,
            559.0
          ],
          [
            142.3414471480755,
            43.339768803563445,
            555.0
          ],
          [
            142.34156817472442,
            43.339775071403785,
            554.0
          ],
          [
            142.34168923941695,
            43.339792205231284,
            552.0
          ],
          [
            142.3418103041095,
            43.339809339058775,
            548.0
          ],
          [
            142.34193136880202,
            43.33982647288627,
            546.0
          ],
          [
            142.34205243349456,
            43.339843606713764,
            542.0
          ],
          [
            142.34217349818712,
            43.33986074054126,
            539.0
          ],
          [
            142.34229456287966,
            43.33987787436875,
            536.0
          ],
          [
            142.3424156275722,
            43.33989500819625,
            531.0
          ],
          [
            142.34253669226473,
            43.33991214202374,
            528.0
          ],
          [
            142.34265775695727,
            43.33992927585124,
            524.0
          ],
          [
            142.34277485962903,
            43.339957335622486,
            522.0
          ],
          [
            142.3428916841003,
            43.33998616257878,
            520.0
          ],
          [
            142.34300850857156,
            43.34001498953507,
            516.0
          ],
          [
            142.3431253330428,
            43.34004381649136,
            515.0
          ],
          [
            142.34324215751406,
            43.340072643447655,
            513.0
          ],
          [
            142.34335898198532,
            43.340101470403944,
            509.0
          ],
          [
            142.34347580645658,
            43.34013029736024,
            507.0
          ],
          [
            142.34359263092784,
            43.34015912431653,
            503.0
          ],
          [
            142.34370945539908,
            43.340187951272824,
            500.0
          ],
          [
            142.3438252867173,
            43.34021878515321,
            498.0
          ],
          [
            142.34394037377015,
            43.34025112301549,
            494.0
          ],
          [
            142.34405546082297,
            43.34028346087778,
            492.0
          ],
          [
            142.3441705478758,
            43.34031579874006,
            490.0
          ],
          [
            142.3442856349286,
            43.34034813660234,
            487.0
          ],
          [
            142.34440072198143,
            43.34038047446462,
            485.0
          ],
          [
            142.34451580903425,
            43.340412812326896,
            482.0
          ],
          [
            142.34463089608707,
            43.34044515018918,
            479.0
          ],
          [
            142.3447459831399,
            43.34047748805146,
            476.0
          ],
          [
            142.3448610701927,
            43.34050982591374,
            474.0
          ],
          [
            142.34497615724553,
            43.34054216377602,
            470.0
          ],
          [
            142.34509124429835,
            43.3405745016383,
            469.0
          ],
          [
            142.34520633135116,
            43.34060683950059,
            467.0
          ],
          [
            142.34532141840398,
            43.34063917736287,
            465.0
          ],
          [
            142.3454365054568,
            43.34067151522515,
            463.0
          ],
          [
            142.34555159250962,
            43.340703853087426,
            462.0
          ],
          [
            142.34566458641976,
            43.34073973175457,
            459.0
          ],
          [
            142.345775774228,
            43.3407786656622,
            458.0
          ],
          [
            142.34588696203622,
            43.34081759956983,
            456.0
          ],
          [
            142.34599814984446,
            43.340856533477464,
            452.0
          ],
          [
            142.34610933765268,
            43.340895467385096,
            450.0
          ],
          [
            142.34622052546092,
            43.34093440129273,
            448.0
          ],
          [
            142.34633171326917,
            43.34097333520037,
            446.0
          ]
        ]
      }
    },
    {
      "type": "Feature",
      "properties": {
        "name": "K4",
        "slope_deg": [
          0.0,
          0.0,
          0.0,
          0.0,
          -2.862405226111748,
          -1.4320961841646465,
          2.862405226111748,
          2.862405226111748,
          5.710593137499643,
          11.309932474020215,
          15.37625124882619,
          21.80140948635181,
          23.025492008528037,
          21.80140948635181,
          18.00416160591338,
          14.036243467926479,
          14.036243467926479,
          15.37625124882619,
          14.036243467926479,
          12.68038349181982,
          11.309932474020215,
          11.309932474020215,
          11.309932474020215,
          12.68038349181982,
          15.37625124882619,
          12.68038349181982,
          15.37625124882619,
          16.69924423399362,
          20.556045219583467,
          20.556045219583467,
          21.80140948635181,
          19.290046219188735,
          15.37625124882619,
          15.37625124882619,
          12.68038349181982,
          12.68038349181982,
          12.68038349181982
        ],
        "horizontal_dist_map": 367,
        "slope_dist_map": 380,
        "elevation_diff_map": 81.0,
        "avg_slope_deg_map": 12.0,
        "max_slope_deg_map": 23.0
      },
      "geometry": {
        "type": "LineString",
        "coordinates": [
          [
            142.33619616176392,
            43.34100475923039,
            658.0
          ],
          [
            142.33631591268943,
            43.34098325621246,
            657.0
          ],
          [
            142.33643566361496,
            43.340961753194534,
            656.0
          ],
          [
            142.33655541454047,
            43.34094025017661,
            657.0
          ],
          [
            142.336675165466,
            43.34091874715868,
            658.0
          ],
          [
            142.3367949163915,
            43.340897244140756,
            657.0
          ],
          [
            142.33691466731702,
            43.34087574112283,
            658.0
          ],
          [
            142.33703441824255,
            43.3408542381049,
            658.0
          ],
          [
            142.33715416916806,
            43.34083273508698,
            656.0
          ],
          [
            142.33727474528814,
            43.34081456955188,
            655.0
          ],
          [
            142.33739723962168,
            43.34080416219247,
            654.0
          ],
          [
            142.3375197339552,
            43.340793754833065,
            650.0
          ],
          [
            142.33764222828873,
            43.34078334747365,
            645.0
          ],
          [
            142.33776472262227,
            43.34077294011425,
            639.0
          ],
          [
            142.33788721695578,
            43.34076253275484,
            637.0
          ],
          [
            142.33800971128932,
            43.34075212539543,
            634.0
          ],
          [
            142.33812626038838,
            43.340729455633515,
            632.0
          ],
          [
            142.33823045937862,
            43.34068131303182,
            629.0
          ],
          [
            142.3383346583689,
            43.340633170430124,
            627.0
          ],
          [
            142.33843885735914,
            43.34058502782843,
            623.0
          ],
          [
            142.33854694034113,
            43.34054305134586,
            622.0
          ],
          [
            142.33866484294643,
            43.34051666422899,
            620.0
          ],
          [
            142.33878274555175,
            43.34049027711212,
            619.0
          ],
          [
            142.33890064815708,
            43.34046388999524,
            615.0
          ],
          [
            142.33901855076238,
            43.34043750287837,
            614.0
          ],
          [
            142.3391391226924,
            43.340418739939466,
            611.0
          ],
          [
            142.339259913876,
            43.3404006032371,
            608.0
          ],
          [
            142.33938070505963,
            43.340382466534734,
            606.0
          ],
          [
            142.33950149624323,
            43.34036432983237,
            603.0
          ],
          [
            142.33962228742683,
            43.340346193129996,
            599.0
          ],
          [
            142.33974307861047,
            43.34032805642763,
            593.0
          ],
          [
            142.33986386979407,
            43.340309919725264,
            591.0
          ],
          [
            142.3399846609777,
            43.3402917830229,
            587.0
          ],
          [
            142.34009619384784,
            43.340254146721364,
            585.0
          ],
          [
            142.34020645985595,
            43.340213842190735,
            582.0
          ],
          [
            142.34031672586408,
            43.340173537660114,
            580.0
          ],
          [
            142.34042699187222,
            43.34013323312949,
            578.0
          ]
        ]
      }
    },
    {
      "type": "Feature",
      "properties": {
        "name": "F2",
        "slope_deg": [
          0.0,
          0.0,
          0.0,
          -1.4320961841646465,
          -1.4320961841646465,
          -7.125016348901798,
          -5.710593137499643,
          -7.125016348901798,
          -9.926245506651705,
          -5.710593137499643,
          -4.289153328819018,
          -4.289153328819018,
          0.0,
          1.4320961841646465,
          1.4320961841646465,
          4.289153328819018,
          7.125016348901798,
          7.125016348901798,
          12.68038349181982,
          12.68038349181982,
          11.309932474020215,
          14.036243467926479,
          11.309932474020215,
          15.37625124882619,
          15.37625124882619,
          14.036243467926479,
          18.00416160591338,
          15.37625124882619,
          20.556045219583467,
          21.80140948635181,
          20.556045219583467,
          20.556045219583467,
          18.00416160591338,
          15.37625124882619,
          12.68038349181982,
          14.036243467926479,
          11.309932474020215,
          15.37625124882619,
          15.37625124882619,
          16.69924423399362,
          16.69924423399362,
          14.036243467926479,
          16.69924423399362,
          14.036243467926479,
          15.37625124882619,
          15.37625124882619,
          15.37625124882619,
          15.37625124882619,
          14.036243467926479,
          16.69924423399362,
          14.036243467926479,
          15.37625124882619,
          15.37625124882619,
          14.036243467926479,
          14.036243467926479,
          11.309932474020215,
          12.68038349181982,
          11.309932474020215,
          14.036243467926479,
          14.036243467926479,
          15.37625124882619,
          15.37625124882619,
          11.309932474020215,
          16.69924423399362,
          14.036243467926479,
          18.00416160591338,
          20.556045219583467,
          20.556045219583467,
          26.565051177077994,
          24.22774531795417,
          26.565051177077994,
          23.025492008528037,
          20.556045219583467,
          19.290046219188735,
          16.69924423399362,
          20.556045219583467,
          18.00416160591338,
          20.556045219583467,
          19.290046219188735,
          18.00416160591338,
          16.69924423399362,
          14.036243467926479,
          18.00416160591338,
          15.37625124882619,
          18.00416160591338,
          18.00416160591338,
          16.69924423399362,
          23.025492008528037,
          19.290046219188735,
          19.290046219188735,
          9.369385096487514,
          2.576571830268847,
          4.716221234338296,
          4.289153328819018,
          12.81664764899739,
          12.40741852740076,
          10.619655276155134,
          9.926245506651705,
          7.969610394321392,
          7.125016348901798,
          7.406912128495215,
          6.983937460085259,
          7.68844776990284,
          7.68844776990284,
          7.68844776990284
        ],
        "horizontal_dist_map": 1041,
        "slope_dist_map": 1084,
        "elevation_diff_map": 233.0,
        "avg_slope_deg_map": 12.1,
        "max_slope_deg_map": 26.6
      },
      "geometry": {
        "type": "LineString",
        "coordinates": [
          [
            142.338789699393,
            43.339298978182185,
            563.0
          ],
          [
            142.33891089816078,
            43.339315595651904,
            562.0
          ],
          [
            142.33903209692852,
            43.33933221312162,
            562.0
          ],
          [
            142.3391532956963,
            43.33934883059134,
            561.0
          ],
          [
            142.33927449446404,
            43.33936544806106,
            563.0
          ],
          [
            142.3393956932318,
            43.33938206553078,
            563.0
          ],
          [
            142.33951689199958,
            43.339398683000496,
            563.0
          ],
          [
            142.33963809076732,
            43.339415300470215,
            566.0
          ],
          [
            142.33975926414436,
            43.339432000278045,
            567.0
          ],
          [
            142.33987852692223,
            43.33945489585909,
            568.0
          ],
          [
            142.3399977897001,
            43.33947779144014,
            570.0
          ],
          [
            142.34011705247795,
            43.33950068702118,
            570.0
          ],
          [
            142.34023631525582,
            43.339523582602226,
            570.0
          ],
          [
            142.3403555780337,
            43.33954647818327,
            571.0
          ],
          [
            142.34047484081154,
            43.33956937376432,
            570.0
          ],
          [
            142.3405941035894,
            43.33959226934537,
            569.0
          ],
          [
            142.34071336636728,
            43.33961516492641,
            569.0
          ],
          [
            142.34083262914513,
            43.339638060507454,
            568.0
          ],
          [
            142.340951891923,
            43.3396609560885,
            565.0
          ],
          [
            142.34107115470087,
            43.33968385166955,
            564.0
          ],
          [
            142.3411904174787,
            43.33970674725059,
            560.0
          ],
          [
            142.3413096802566,
            43.339729642831635,
            559.0
          ],
          [
            142.34142894303446,
            43.33975253841268,
            557.0
          ],
          [
            142.3415501720064,
            43.339766875060015,
            554.0
          ],
          [
            142.34167314478748,
            43.33977362082552,
            552.0
          ],
          [
            142.34179611756858,
            43.33978036659102,
            548.0
          ],
          [
            142.34191909034968,
            43.339787112356525,
            546.0
          ],
          [
            142.34204206313078,
            43.33979385812203,
            544.0
          ],
          [
            142.34216503591185,
            43.33980060388753,
            539.0
          ],
          [
            142.34228800869295,
            43.339807349653036,
            537.0
          ],
          [
            142.34241098147405,
            43.33981409541854,
            531.0
          ],
          [
            142.34253395425515,
            43.33982084118405,
            528.0
          ],
          [
            142.34265692703622,
            43.33982758694955,
            524.0
          ],
          [
            142.34277989981732,
            43.33983433271506,
            522.0
          ],
          [
            142.34290287259842,
            43.33984107848056,
            518.0
          ],
          [
            142.34302584537951,
            43.339847824246064,
            517.0
          ],
          [
            142.34314881816059,
            43.33985457001157,
            515.0
          ],
          [
            142.34327179094169,
            43.33986131577707,
            512.0
          ],
          [
            142.34339476372278,
            43.339868061542575,
            510.0
          ],
          [
            142.34351773650388,
            43.33987480730808,
            506.0
          ],
          [
            142.34364070928495,
            43.33988155307358,
            504.0
          ],
          [
            142.34376368206605,
            43.339888298839085,
            500.0
          ],
          [
            142.34388665484715,
            43.33989504460459,
            498.0
          ],
          [
            142.34400962762825,
            43.33990179037009,
            496.0
          ],
          [
            142.34413260040932,
            43.339908536135596,
            492.0
          ],
          [
            142.34425557319042,
            43.3399152819011,
            490.0
          ],
          [
            142.34437854597152,
            43.3399220276666,
            487.0
          ],
          [
            142.34450151875262,
            43.339928773432106,
            485.0
          ],
          [
            142.3446244915337,
            43.33993551919761,
            481.0
          ],
          [
            142.3447474643148,
            43.33994226496311,
            479.0
          ],
          [
            142.3448704370959,
            43.33994901072862,
            477.0
          ],
          [
            142.344993409877,
            43.33995575649412,
            473.0
          ],
          [
            142.34511578702575,
            43.339950394802315,
            471.0
          ],
          [
            142.34523778034762,
            43.33993723103617,
            468.0
          ],
          [
            142.3453597736695,
            43.33992406727002,
            466.0
          ],
          [
            142.34548176699136,
            43.33991090350387,
            463.0
          ],
          [
            142.34560376031322,
            43.33989773973772,
            461.0
          ],
          [
            142.3457257536351,
            43.33988457597158,
            460.0
          ],
          [
            142.34584774695696,
            43.33987141220543,
            457.0
          ],
          [
            142.34596974027883,
            43.339858248439285,
            455.0
          ],
          [
            142.3460917336007,
            43.33984508467314,
            451.0
          ],
          [
            142.34621372692257,
            43.33983192090699,
            450.0
          ],
          [
            142.34633572024444,
            43.33981875714084,
            446.0
          ],
          [
            142.34645771356628,
            43.3398055933747,
            444.0
          ],
          [
            142.34657970688815,
            43.33979242960855,
            443.0
          ],
          [
            142.34670170021002,
            43.3397792658424,
            438.0
          ],
          [
            142.3468236935319,
            43.339766102076254,
            436.0
          ],
          [
            142.34694568685376,
            43.339752938310106,
            431.0
          ],
          [
            142.34706768017563,
            43.33973977454396,
            428.0
          ],
          [
            142.3471896734975,
            43.33972661077782,
            423.0
          ],
          [
            142.34731166681937,
            43.33971344701167,
            416.0
          ],
          [
            142.34743366014123,
            43.33970028324552,
            413.0
          ],
          [
            142.3475556534631,
            43.33968711947937,
            408.0
          ],
          [
            142.34767764678497,
            43.339673955713224,
            406.0
          ],
          [
            142.34779964010684,
            43.339660791947075,
            401.0
          ],
          [
            142.3479216334287,
            43.339647628180934,
            399.0
          ],
          [
            142.34804362675058,
            43.339634464414786,
            396.0
          ],
          [
            142.34816562007245,
            43.33962130064864,
            391.0
          ],
          [
            142.34828761339432,
            43.33960813688249,
            388.0
          ],
          [
            142.3484096067162,
            43.33959497311634,
            384.0
          ],
          [
            142.34853160003806,
            43.33958180935019,
            382.0
          ],
          [
            142.34865359335993,
            43.33956864558405,
            378.0
          ],
          [
            142.3487755866818,
            43.339555481817904,
            376.0
          ],
          [
            142.34889758000367,
            43.339542318051755,
            374.0
          ],
          [
            142.34901957332553,
            43.33952915428561,
            369.0
          ],
          [
            142.3491415666474,
            43.33951599051946,
            367.0
          ],
          [
            142.34926355996927,
            43.33950282675331,
            363.0
          ],
          [
            142.34938555329114,
            43.33948966298717,
            361.0
          ],
          [
            142.349507546613,
            43.33947649922102,
            357.0
          ],
          [
            142.34962953993488,
            43.33946333545487,
            350.0
          ],
          [
            142.34975153325675,
            43.339450171688725,
            349.0
          ],
          [
            142.3498735265786,
            43.33943700792258,
            347.0
          ],
          [
            142.34999657404774,
            43.33943104451007,
            350.4
          ],
          [
            142.3501196221517,
            43.33942508543368,
            348.2
          ],
          [
            142.35024267025568,
            43.3394191263573,
            345.7
          ],
          [
            142.35036571835963,
            43.33941316728092,
            344.0
          ],
          [
            142.3504887664636,
            43.339407208204534,
            341.3
          ],
          [
            142.35061181456754,
            43.33940124912815,
            339.4
          ],
          [
            142.35073486267152,
            43.33939529005177,
            338.2
          ],
          [
            142.3508579107755,
            43.339389330975386,
            337.0
          ],
          [
            142.35098095887943,
            43.339383371899,
            335.7
          ],
          [
            142.3511040069834,
            43.339377412822614,
            334.4
          ],
          [
            142.35122705508735,
            43.33937145374623,
            333.0
          ],
          [
            142.35135010319132,
            43.33936549466985,
            332.1
          ],
          [
            142.35147315129527,
            43.339359535593466,
            330.3
          ]
        ]
      }
    },
    {
      "type": "Feature",
      "properties": {
        "name": "K2",
        "slope_deg": [
          25.407718108948472,
          25.407718108948472,
          25.407718108948472,
          28.810793742973065,
          26.565051177077994,
          28.810793742973065,
          27.699472808055,
          25.407718108948472,
          28.810793742973065,
          25.407718108948472,
          24.22774531795417,
          25.407718108948472,
          23.025492008528037,
          29.89890183861456,
          29.89890183861456,
          32.005383208083494,
          32.005383208083494,
          27.699472808055,
          30.96375653207352,
          25.407718108948472,
          26.565051177077994,
          24.22774531795417,
          16.69924423399362,
          18.00416160591338,
          12.68038349181982,
          11.309932474020215,
          14.036243467926479,
          9.926245506651705,
          7.125016348901798,
          7.125016348901798,
          1.4320961841646465,
          1.4320961841646465,
          1.4320961841646465
        ],
        "horizontal_dist_map": 322,
        "slope_dist_map": 355,
        "elevation_diff_map": 130.0,
        "avg_slope_deg_map": 20.1,
        "max_slope_deg_map": 32.0
      },
      "geometry": {
        "type": "LineString",
        "coordinates": [
          [
            142.332024,
            43.3385198,
            738.0
          ],
          [
            142.33214603712042,
            43.33853273402367,
            734.0
          ],
          [
            142.3322680742409,
            43.338545668047345,
            728.0
          ],
          [
            142.33238981275588,
            43.33855956397472,
            724.0
          ],
          [
            142.33250756842847,
            43.338586289911746,
            719.0
          ],
          [
            142.3326253241011,
            43.33861301584877,
            712.0
          ],
          [
            142.33274307977368,
            43.3386397417858,
            708.0
          ],
          [
            142.3328608354463,
            43.338666467722824,
            702.0
          ],
          [
            142.3329785911189,
            43.33869319365985,
            698.0
          ],
          [
            142.33309742837557,
            43.33871689266624,
            693.0
          ],
          [
            142.33321806902924,
            43.3387355446699,
            686.0
          ],
          [
            142.33333870968292,
            43.33875419667357,
            683.0
          ],
          [
            142.33345935033662,
            43.33877284867723,
            680.0
          ],
          [
            142.3335799909903,
            43.3387915006809,
            674.0
          ],
          [
            142.33370063164398,
            43.33881015268456,
            669.0
          ],
          [
            142.33382127229768,
            43.33882880468822,
            660.0
          ],
          [
            142.3339419536344,
            43.33884731463217,
            657.0
          ],
          [
            142.33406275053028,
            43.338865421059054,
            649.0
          ],
          [
            142.33418354742616,
            43.33888352748594,
            644.0
          ],
          [
            142.33430434432205,
            43.338901633912826,
            639.0
          ],
          [
            142.33442514121793,
            43.338919740339705,
            633.0
          ],
          [
            142.3345459381138,
            43.33893784676659,
            630.0
          ],
          [
            142.33466673500968,
            43.33895595319348,
            624.0
          ],
          [
            142.33478753190556,
            43.33897405962036,
            621.0
          ],
          [
            142.33490832880145,
            43.33899216604724,
            621.0
          ],
          [
            142.33502912569733,
            43.33901027247413,
            617.0
          ],
          [
            142.3351499225932,
            43.33902837890101,
            615.0
          ],
          [
            142.3352702647811,
            43.339047833040595,
            613.0
          ],
          [
            142.33538876533555,
            43.33907274561245,
            611.0
          ],
          [
            142.33550726589002,
            43.33909765818431,
            610.0
          ],
          [
            142.33562576644445,
            43.33912257075617,
            610.0
          ],
          [
            142.33574426699892,
            43.33914748332802,
            608.0
          ],
          [
            142.33586276755338,
            43.33917239589988,
            610.0
          ]
        ]
      }
    },
    {
      "type": "Feature",
      "properties": {
        "name": "K3",
        "slope_deg": [
          25.407718108948472,
          25.407718108948472,
          25.407718108948472,
          25.407718108948472,
          25.407718108948472,
          26.565051177077994,
          19.290046219188735,
          20.556045219583467,
          18.00416160591338,
          19.290046219188735,
          20.556045219583467,
          21.80140948635181,
          23.025492008528037,
          24.22774531795417,
          26.565051177077994,
          26.565051177077994,
          25.407718108948472,
          23.025492008528037,
          21.80140948635181,
          19.290046219188735,
          20.556045219583467,
          19.290046219188735,
          20.556045219583467,
          20.556045219583467,
          20.556045219583467,
          20.556045219583467,
          25.407718108948472,
          23.025492008528037,
          24.22774531795417,
          29.89890183861456,
          24.22774531795417,
          26.565051177077994,
          26.565051177077994,
          23.025492008528037,
          25.407718108948472,
          24.22774531795417,
          23.025492008528037,
          20.556045219583467,
          16.69924423399362,
          14.036243467926479,
          14.036243467926479,
          14.036243467926479
        ],
        "horizontal_dist_map": 419,
        "slope_dist_map": 457,
        "elevation_diff_map": 170.0,
        "avg_slope_deg_map": 20.4,
        "max_slope_deg_map": 29.9
      },
      "geometry": {
        "type": "LineString",
        "coordinates": [
          [
            142.32910220602636,
            43.338143426459226,
            867.0
          ],
          [
            142.329206852807,
            43.338191044511824,
            862.0
          ],
          [
            142.32931149958765,
            43.33823866256442,
            857.0
          ],
          [
            142.32941614636826,
            43.33828628061701,
            855.0
          ],
          [
            142.3295207931489,
            43.33833389866961,
            848.0
          ],
          [
            142.32962543992954,
            43.33838151672221,
            843.0
          ],
          [
            142.32973008671019,
            43.338429134774806,
            838.0
          ],
          [
            142.3298347334908,
            43.3384767528274,
            835.0
          ],
          [
            142.32993938027144,
            43.338524370879995,
            834.0
          ],
          [
            142.33004402705208,
            43.33857198893259,
            828.0
          ],
          [
            142.33014867383272,
            43.33861960698519,
            825.0
          ],
          [
            142.33025332061337,
            43.33866722503779,
            821.0
          ],
          [
            142.33035796739398,
            43.33871484309038,
            819.0
          ],
          [
            142.33046261417462,
            43.33876246114298,
            812.0
          ],
          [
            142.33056726095526,
            43.338810079195575,
            808.0
          ],
          [
            142.3306730181165,
            43.338856335290664,
            803.0
          ],
          [
            142.33078029105312,
            43.33890073218392,
            799.0
          ],
          [
            142.33088756398973,
            43.33894512907718,
            792.0
          ],
          [
            142.33099483692635,
            43.33898952597044,
            789.0
          ],
          [
            142.33110210986297,
            43.3390339228637,
            786.0
          ],
          [
            142.33120938279956,
            43.33907831975696,
            783.0
          ],
          [
            142.33131665573617,
            43.339122716650216,
            778.0
          ],
          [
            142.3314239286728,
            43.339167113543475,
            774.0
          ],
          [
            142.33153481927428,
            43.339205980233096,
            772.0
          ],
          [
            142.33164956565338,
            43.33923895272404,
            768.0
          ],
          [
            142.3317643120325,
            43.33927192521498,
            763.0
          ],
          [
            142.3318790584116,
            43.339304897705915,
            759.0
          ],
          [
            142.3319938047907,
            43.33933787019686,
            757.0
          ],
          [
            142.33210855116982,
            43.3393708426878,
            749.0
          ],
          [
            142.33222329754892,
            43.33940381517874,
            746.0
          ],
          [
            142.33233783985506,
            43.339437131891366,
            741.0
          ],
          [
            142.33244931448056,
            43.33947562303852,
            734.0
          ],
          [
            142.33256078910603,
            43.339514114185675,
            731.0
          ],
          [
            142.33267226373152,
            43.33955260533283,
            726.0
          ],
          [
            142.33278373835702,
            43.339591096479985,
            721.0
          ],
          [
            142.3328952129825,
            43.33962958762714,
            717.0
          ],
          [
            142.333006687608,
            43.339668078774295,
            712.0
          ],
          [
            142.33311816223346,
            43.33970656992145,
            708.0
          ],
          [
            142.33322963685896,
            43.339745061068605,
            704.0
          ],
          [
            142.33334111148446,
            43.339783552215756,
            702.0
          ],
          [
            142.33345258610993,
            43.339822043362915,
            700.0
          ],
          [
            142.33356406073543,
            43.339860534510066,
            698.0
          ]
        ]
      }
    },
    {
      "type": "Feature",
      "properties": {
        "name": "K1",
        "slope_deg": [
          8.530765609948133,
          8.530765609948133,
          8.530765609948133,
          8.530765609948133,
          7.125016348901798,
          9.926245506651705,
          9.926245506651705,
          12.68038349181982,
          18.00416160591338,
          19.290046219188735,
          20.556045219583467,
          21.80140948635181,
          24.22774531795417,
          25.407718108948472,
          24.22774531795417,
          25.407718108948472,
          20.556045219583467,
          16.69924423399362,
          18.00416160591338,
          14.036243467926479,
          12.68038349181982,
          15.37625124882619,
          14.036243467926479,
          14.036243467926479,
          18.00416160591338,
          18.00416160591338,
          18.00416160591338,
          19.290046219188735,
          15.37625124882619,
          20.556045219583467,
          23.025492008528037,
          24.22774531795417,
          26.565051177077994,
          18.00416160591338,
          11.309932474020215,
          11.309932474020215,
          8.530765609948133,
          11.309932474020215,
          14.036243467926479,
          8.530765609948133,
          9.926245506651705,
          7.125016348901798,
          7.125016348901798,
          7.125016348901798,
          12.68038349181982,
          12.68038349181982,
          11.309932474020215,
          12.68038349181982,
          4.289153328819018,
          7.125016348901798,
          12.68038349181982,
          18.00416160591338,
          20.556045219583467,
          24.22774531795417,
          23.025492008528037,
          21.80140948635181,
          20.556045219583467,
          15.37625124882619,
          12.68038349181982,
          9.926245506651705,
          8.530765609948133,
          11.309932474020215,
          4.289153328819018,
          2.862405226111748,
          8.530765609948133,
          9.926245506651705,
          19.290046219188735,
          21.80140948635181,
          18.00416160591338,
          18.00416160591338,
          19.290046219188735,
          16.69924423399362,
          15.37625124882619,
          18.00416160591338,
          11.309932474020215,
          8.530765609948133,
          5.710593137499643,
          -4.289153328819018,
          -2.862405226111748,
          -2.862405226111748,
          -5.710593137499643,
          -2.862405226111748,
          -2.862405226111748,
          0.0,
          14.036243467926479,
          16.69924423399362,
          21.80140948635181,
          25.407718108948472,
          20.556045219583467,
          20.556045219583467,
          14.036243467926479,
          5.710593137499643,
          4.289153328819018,
          4.289153328819018,
          8.530765609948133,
          15.37625124882619,
          18.00416160591338,
          16.69924423399362,
          15.37625124882619,
          12.68038349181982,
          7.125016348901798,
          5.710593137499643,
          2.862405226111748,
          2.862405226111748,
          2.862405226111748,
          2.862405226111748,
          4.289153328819018,
          2.862405226111748,
          4.289153328819018,
          4.289153328819018,
          5.710593137499643,
          8.530765609948133,
          9.926245506651705,
          11.309932474020215,
          9.926245506651705,
          9.926245506651705,
          11.309932474020215,
          9.926245506651705,
          11.309932474020215,
          12.68038349181982,
          9.926245506651705,
          9.926245506651705,
          9.926245506651705,
          9.926245506651705,
          9.926245506651705,
          9.926245506651705
        ],
        "horizontal_dist_map": 1252,
        "slope_dist_map": 1303,
        "elevation_diff_map": 277.0,
        "avg_slope_deg_map": 12.0,
        "max_slope_deg_map": 26.6
      },
      "geometry": {
        "type": "LineString",
        "coordinates": [
          [
            142.32630836896087,
            43.33715257846788,
            940.0
          ],
          [
            142.3264236003027,
            43.337184629975894,
            939.0
          ],
          [
            142.32653883164448,
            43.33721668148391,
            937.0
          ],
          [
            142.3266540629863,
            43.337248732991924,
            937.0
          ],
          [
            142.32676929432813,
            43.33728078449994,
            934.0
          ],
          [
            142.32688452566993,
            43.337312836007946,
            933.0
          ],
          [
            142.32699975701175,
            43.33734488751596,
            932.0
          ],
          [
            142.32711498835357,
            43.337376939023976,
            930.0
          ],
          [
            142.3272302196954,
            43.33740899053199,
            927.0
          ],
          [
            142.32734375282556,
            43.33744384000051,
            924.0
          ],
          [
            142.32745369393595,
            43.337484607653295,
            919.0
          ],
          [
            142.32756363504637,
            43.33752537530608,
            916.0
          ],
          [
            142.32767357615677,
            43.33756614295886,
            912.0
          ],
          [
            142.327785082787,
            43.337604553753124,
            908.0
          ],
          [
            142.3278970365722,
            43.337642291364524,
            901.0
          ],
          [
            142.32800899035743,
            43.337680028975925,
            897.0
          ],
          [
            142.32812094414265,
            43.33771776658732,
            894.0
          ],
          [
            142.32823289792788,
            43.33775550419872,
            889.0
          ],
          [
            142.3283448517131,
            43.33779324181012,
            886.0
          ],
          [
            142.32845680549832,
            43.33783097942152,
            885.0
          ],
          [
            142.32856875928354,
            43.33786871703291,
            881.0
          ],
          [
            142.32868071306876,
            43.33790645464431,
            879.0
          ],
          [
            142.32879266685396,
            43.33794419225571,
            877.0
          ],
          [
            142.32890462063918,
            43.337981929867105,
            874.0
          ],
          [
            142.3290165744244,
            43.338019667478505,
            871.0
          ],
          [
            142.32913424742523,
            43.33802178864003,
            869.0
          ],
          [
            142.3292551224854,
            43.338003968957295,
            864.0
          ],
          [
            142.32937087298333,
            43.33797833849248,
            861.0
          ],
          [
            142.32946567031868,
            43.33792077152686,
            858.0
          ],
          [
            142.32956710395524,
            43.33789206740482,
            855.0
          ],
          [
            142.32968245460833,
            43.33792389167908,
            853.0
          ],
          [
            142.3297935407765,
            43.33796280157641,
            846.0
          ],
          [
            142.32990368150212,
            43.33800328236682,
            841.0
          ],
          [
            142.33002444197183,
            43.33800249126117,
            837.0
          ],
          [
            142.3300640155235,
            43.337950671970965,
            833.0
          ],
          [
            142.3300350164991,
            43.33786318660928,
            833.0
          ],
          [
            142.33006998705903,
            43.337786874657375,
            833.0
          ],
          [
            142.33015707214597,
            43.337758287176975,
            829.0
          ],
          [
            142.33025817643752,
            43.33780982034415,
            827.0
          ],
          [
            142.33032702930709,
            43.33788127786495,
            825.0
          ],
          [
            142.33037995160757,
            43.33796257700738,
            823.0
          ],
          [
            142.33043287390805,
            43.33804387614981,
            823.0
          ],
          [
            142.33046383459333,
            43.33813094660851,
            820.0
          ],
          [
            142.33049405668302,
            43.33821821116354,
            820.0
          ],
          [
            142.33051990016082,
            43.33830611364914,
            818.0
          ],
          [
            142.33053789256618,
            43.338395159976514,
            818.0
          ],
          [
            142.33055588497152,
            43.33848420630388,
            811.0
          ],
          [
            142.33057387737685,
            43.33857325263125,
            811.0
          ],
          [
            142.33059186978218,
            43.338662298958624,
            810.0
          ],
          [
            142.3305965183897,
            43.33875202758326,
            809.0
          ],
          [
            142.33059571091988,
            43.33884203518894,
            808.0
          ],
          [
            142.33059490345008,
            43.33893204279462,
            806.0
          ],
          [
            142.33066764198986,
            43.338996369663285,
            801.0
          ],
          [
            142.33076416166915,
            43.339052392652604,
            796.0
          ],
          [
            142.33087294003752,
            43.339087525937906,
            793.0
          ],
          [
            142.33099509348588,
            43.33909986710732,
            788.0
          ],
          [
            142.33111724693424,
            43.33911220827674,
            784.0
          ],
          [
            142.33123940038257,
            43.33912454944616,
            780.0
          ],
          [
            142.33136155383093,
            43.33913689061558,
            778.0
          ],
          [
            142.33146665799404,
            43.33909859298178,
            777.0
          ],
          [
            142.33156295388196,
            43.33904515242915,
            775.0
          ],
          [
            142.3315382817854,
            43.338956962733775,
            773.0
          ],
          [
            142.3315136096889,
            43.3388687730384,
            772.0
          ],
          [
            142.33148893759235,
            43.33878058334302,
            769.0
          ],
          [
            142.3314749724565,
            43.33869145271396,
            772.0
          ],
          [
            142.33147026054615,
            43.338601508906265,
            771.0
          ],
          [
            142.33152281454215,
            43.338521961468324,
            766.0
          ],
          [
            142.33158470533735,
            43.338444109084605,
            762.0
          ],
          [
            142.33168314788335,
            43.338390296494325,
            758.0
          ],
          [
            142.33178280767675,
            43.33833728447791,
            755.0
          ],
          [
            142.33188282735568,
            43.33828465150841,
            753.0
          ],
          [
            142.33198581811894,
            43.338235147812654,
            749.0
          ],
          [
            142.3320888088822,
            43.338185644116905,
            744.0
          ],
          [
            142.33219179964544,
            43.33813614042115,
            743.0
          ],
          [
            142.3323004252547,
            43.338094625169155,
            742.0
          ],
          [
            142.33235923080696,
            43.338136385643075,
            736.0
          ],
          [
            142.33227727332215,
            43.33820125317254,
            736.0
          ],
          [
            142.33219232206775,
            43.33826643698367,
            737.0
          ],
          [
            142.33211014245506,
            43.33833340640631,
            738.0
          ],
          [
            142.33207072640832,
            43.33841869418453,
            739.0
          ],
          [
            142.33203131036154,
            43.33850398196275,
            738.0
          ],
          [
            142.33204200282822,
            43.33859192859513,
            739.0
          ],
          [
            142.33208543295117,
            43.338673844433785,
            742.0
          ],
          [
            142.3321576574587,
            43.338746800946474,
            741.0
          ],
          [
            142.33224668304464,
            43.33880847611244,
            740.0
          ],
          [
            142.3323402778867,
            43.338867083179956,
            739.0
          ],
          [
            142.33243387272876,
            43.33892569024748,
            732.0
          ],
          [
            142.33253181481615,
            43.338980337171755,
            729.0
          ],
          [
            142.3326305883819,
            43.33903422665698,
            724.0
          ],
          [
            142.33272936194766,
            43.3390881161422,
            720.0
          ],
          [
            142.33281820326917,
            43.33914896202131,
            717.0
          ],
          [
            142.3328878964066,
            43.33922321899944,
            714.0
          ],
          [
            142.332957589544,
            43.339297475977574,
            714.0
          ],
          [
            142.33302728268146,
            43.3393717329557,
            716.0
          ],
          [
            142.33309697581888,
            43.33944598993383,
            714.0
          ],
          [
            142.3331666689563,
            43.33952024691196,
            711.0
          ],
          [
            142.33323636209374,
            43.33959450389009,
            708.0
          ],
          [
            142.33333274432863,
            43.33964891541158,
            705.0
          ],
          [
            142.33343575961752,
            43.339698394732366,
            701.0
          ],
          [
            142.33353877490643,
            43.33974787405316,
            699.0
          ],
          [
            142.33364179019532,
            43.339797353373946,
            697.0
          ],
          [
            142.33373204693206,
            43.33985795115007,
            696.0
          ],
          [
            142.3338168566089,
            43.33992329577296,
            696.0
          ],
          [
            142.33390166628578,
            43.339988640395845,
            695.0
          ],
          [
            142.33398647596263,
            43.34005398501873,
            695.0
          ],
          [
            142.33407083921298,
            43.34011963118361,
            694.0
          ],
          [
            142.33415352306085,
            43.34018641171299,
            694.0
          ],
          [
            142.33423620690874,
            43.340253192242365,
            693.0
          ],
          [
            142.3343188907566,
            43.34031997277174,
            692.0
          ],
          [
            142.33439922336424,
            43.34038820826237,
            692.0
          ],
          [
            142.3344759513741,
            43.340458674299256,
            691.0
          ],
          [
            142.33455267938393,
            43.340529140336145,
            690.0
          ],
          [
            142.3346294073938,
            43.34059960637303,
            688.0
          ],
          [
            142.33470613540365,
            43.340670072409914,
            686.0
          ],
          [
            142.3347828634135,
            43.3407405384468,
            684.0
          ],
          [
            142.3348694343952,
            43.340804539720544,
            682.0
          ],
          [
            142.3349573823557,
            43.34086763660871,
            681.0
          ],
          [
            142.3350453303162,
            43.34093073349687,
            679.0
          ],
          [
            142.33513327827671,
            43.34099383038504,
            676.0
          ],
          [
            142.33522122623722,
            43.3410569272732,
            675.0
          ],
          [
            142.33532998015676,
            43.34109912499588,
            673.0
          ],
          [
            142.33543937127243,
            43.3411406826679,
            670.0
          ],
          [
            142.3355487623881,
            43.341182240339926,
            669.0
          ],
          [
            142.3356581535038,
            43.341223798011946,
            668.0
          ],
          [
            142.33576754461947,
            43.34126535568397,
            666.0
          ],
          [
            142.33587693573514,
            43.34130691335599,
            663.0
          ]
        ]
      }
    },
    {
      "type": "Feature",
      "properties": {
        "name": "B2",
        "slope_deg": [
          8.530765609948133,
          8.530765609948133,
          8.530765609948133,
          9.926245506651705,
          9.926245506651705,
          8.530765609948133,
          7.125016348901798,
          9.926245506651705,
          11.309932474020215,
          12.68038349181982,
          12.68038349181982,
          11.309932474020215,
          11.309932474020215,
          9.926245506651705,
          9.926245506651705,
          7.125016348901798,
          5.710593137499643,
          8.530765609948133,
          9.926245506651705,
          11.309932474020215,
          11.309932474020215,
          8.530765609948133,
          9.926245506651705,
          9.926245506651705,
          11.309932474020215,
          14.036243467926479,
          14.036243467926479,
          12.68038349181982,
          12.68038349181982,
          11.309932474020215,
          12.68038349181982,
          14.036243467926479,
          15.37625124882619,
          15.37625124882619,
          15.37625124882619,
          14.036243467926479,
          11.309932474020215,
          11.447596263685636,
          10.757967088390036,
          14.170977562933123,
          17.35402463626132,
          18.00416160591338,
          18.262889942194118,
          17.48442732322066,
          16.69924423399362,
          17.223436191131434,
          15.109575122340479,
          12.68038349181982,
          11.172136252167116,
          9.50877195829783,
          8.9505586562316,
          9.50877195829783,
          8.390627013252628,
          7.125016348901798,
          6.1357333401868095,
          5.142764557884274,
          5.568737077976604,
          5.852378988915653,
          6.2772984895976025,
          6.418786730238786,
          5.852378988915653,
          5.568737077976604,
          5.000644597558433,
          5.142764557884274,
          6.1357333401868095,
          8.390627013252628,
          10.203973721731668,
          10.203973721731668,
          10.203973721731668
        ],
        "horizontal_dist_map": 680,
        "slope_dist_map": 695,
        "elevation_diff_map": 128.3,
        "avg_slope_deg_map": 10.5,
        "max_slope_deg_map": 18.3
      },
      "geometry": {
        "type": "LineString",
        "coordinates": [
          [
            142.3462435,
            43.3230346,
            451.0
          ],
          [
            142.34632703429122,
            43.32310079868023,
            450.0
          ],
          [
            142.34640695369228,
            43.32316932349673,
            449.0
          ],
          [
            142.34648641112287,
            43.3232381455854,
            447.0
          ],
          [
            142.34656586855345,
            43.32330696767407,
            445.0
          ],
          [
            142.34665079145768,
            43.32337195670338,
            443.0
          ],
          [
            142.34674179071243,
            43.32343268425166,
            442.0
          ],
          [
            142.34683278996718,
            43.32349341179993,
            441.0
          ],
          [
            142.3469321480814,
            43.32354555600099,
            440.0
          ],
          [
            142.34704060204322,
            43.32358836007403,
            436.0
          ],
          [
            142.347149056005,
            43.323631164147066,
            434.0
          ],
          [
            142.34725618343268,
            43.32367560291526,
            432.0
          ],
          [
            142.34735970068445,
            43.323724490522764,
            431.0
          ],
          [
            142.34746321793622,
            43.32377337813026,
            428.0
          ],
          [
            142.34756673518797,
            43.32382226573776,
            426.0
          ],
          [
            142.34766847922162,
            43.323872914031156,
            425.0
          ],
          [
            142.3477632578799,
            43.323930478472114,
            424.0
          ],
          [
            142.34785803653818,
            43.323988042913065,
            423.0
          ],
          [
            142.3479528151965,
            43.32404560735402,
            422.0
          ],
          [
            142.34805154359208,
            43.32409907459258,
            419.0
          ],
          [
            142.34815775374145,
            43.324144780743,
            417.0
          ],
          [
            142.34826396389082,
            43.32419048689341,
            415.0
          ],
          [
            142.34837017404018,
            43.324236193043824,
            414.0
          ],
          [
            142.34847638418955,
            43.32428189919423,
            413.0
          ],
          [
            142.34858259433892,
            43.32432760534464,
            410.0
          ],
          [
            142.34868616064875,
            43.32437596393191,
            408.0
          ],
          [
            142.3487783947597,
            43.32443569156846,
            406.0
          ],
          [
            142.34887062887063,
            43.32449541920502,
            403.0
          ],
          [
            142.34896286298158,
            43.324555146841575,
            400.0
          ],
          [
            142.34905509709253,
            43.32461487447814,
            399.0
          ],
          [
            142.34914733120345,
            43.32467460211469,
            397.0
          ],
          [
            142.34924751606195,
            43.324726486062936,
            395.0
          ],
          [
            142.34935271448043,
            43.324773423960316,
            391.0
          ],
          [
            142.34945791289888,
            43.3248203618577,
            389.0
          ],
          [
            142.34956311131737,
            43.32486729975508,
            386.0
          ],
          [
            142.34967657935553,
            43.324901768039005,
            384.0
          ],
          [
            142.349792257881,
            43.324932903168175,
            380.0
          ],
          [
            142.34990793640648,
            43.32496403829735,
            379.0
          ],
          [
            142.35002528542472,
            43.324991168623164,
            378.0
          ],
          [
            142.35014510053205,
            43.32501238680013,
            375.9
          ],
          [
            142.3502649156394,
            43.3250336049771,
            372.4
          ],
          [
            142.35038473074673,
            43.32505482315407,
            368.9
          ],
          [
            142.35050454585408,
            43.32507604133104,
            365.5
          ],
          [
            142.3506243609614,
            43.325097259508006,
            362.9
          ],
          [
            142.35074417606876,
            43.325118477684974,
            359.2
          ],
          [
            142.35086555928743,
            43.325133328044764,
            356.3
          ],
          [
            142.35098799512772,
            43.32514390389808,
            353.5
          ],
          [
            142.35111043096802,
            43.32515447975139,
            350.5
          ],
          [
            142.35123286680832,
            43.32516505560471,
            348.4
          ],
          [
            142.3513554501628,
            43.32517389350436,
            347.3
          ],
          [
            142.35147873783183,
            43.32517443345036,
            345.6
          ],
          [
            142.35160202550085,
            43.32517497339636,
            343.8
          ],
          [
            142.35172531316988,
            43.32517551334235,
            342.1
          ],
          [
            142.3518486008389,
            43.325176053288345,
            340.6
          ],
          [
            142.35197188850793,
            43.32517659323434,
            339.7
          ],
          [
            142.35209517617696,
            43.32517713318033,
            338.8
          ],
          [
            142.352218463846,
            43.32517767312633,
            337.8
          ],
          [
            142.35234144842457,
            43.325171530747745,
            337.0
          ],
          [
            142.35246441712786,
            43.325165038362826,
            335.8
          ],
          [
            142.35258738583119,
            43.32515854597791,
            334.7
          ],
          [
            142.3527103545345,
            43.32515205359298,
            333.4
          ],
          [
            142.3528333232378,
            43.32514556120806,
            332.5
          ],
          [
            142.35295629194113,
            43.32513906882314,
            331.7
          ],
          [
            142.35307926064445,
            43.32513257643822,
            330.8
          ],
          [
            142.3532020661957,
            43.32512474658152,
            329.9
          ],
          [
            142.3533246716393,
            43.325115276302114,
            328.9
          ],
          [
            142.35344727708295,
            43.32510580602271,
            327.4
          ],
          [
            142.35356988252656,
            43.325096335743304,
            324.9
          ],
          [
            142.3536924879702,
            43.325086865463895,
            322.7
          ]
        ]
      }
    },
    {
      "type": "Feature",
      "properties": {
        "name": "C2",
        "slope_deg": [
          12.68038349181982,
          12.68038349181982,
          12.68038349181982,
          15.37625124882619,
          14.036243467926479,
          18.00416160591338,
          16.69924423399362,
          18.00416160591338,
          18.00416160591338,
          14.036243467926479,
          18.00416160591338,
          14.036243467926479,
          15.37625124882619,
          15.37625124882619,
          9.926245506651705,
          12.68038349181982,
          9.926245506651705,
          9.926245506651705,
          9.926245506651705,
          7.125016348901798,
          8.530765609948133,
          8.530765609948133,
          9.926245506651705,
          11.309932474020215,
          9.926245506651705,
          11.309932474020215,
          10.896152141141116,
          10.481218144130889,
          13.90135076950909,
          14.842227057911131,
          16.436059224635663,
          17.35402463626132,
          14.842227057911131,
          13.224551192213497,
          12.40741852740076,
          11.172136252167194,
          10.203973721731668,
          8.810732985984894,
          7.266008446995947,
          7.125016348901798,
          7.266008446996026,
          6.560196400571341,
          6.701525844729548,
          6.418786730238786,
          6.983937460085259,
          6.842773412630957,
          6.983937460085259,
          6.842773412630957,
          6.842773412630957,
          7.547725773843047,
          6.842773412630957,
          7.969610394321312,
          8.39062701325255,
          7.688447769902922,
          7.125016348901798,
          5.284821092509,
          3.0052693596899664,
          2.147585428298503,
          3.1480960995627427,
          4.289153328819018,
          6.983937460085259,
          8.11004782941908,
          9.090276920822289,
          9.78720366465616,
          9.78720366465616,
          9.78720366465616
        ],
        "horizontal_dist_map": 652,
        "slope_dist_map": 665,
        "elevation_diff_map": 118.8,
        "avg_slope_deg_map": 10.1,
        "max_slope_deg_map": 18.0
      },
      "geometry": {
        "type": "LineString",
        "coordinates": [
          [
            142.3466077,
            43.3233432,
            443.0
          ],
          [
            142.3467300489914,
            43.32333212337235,
            442.0
          ],
          [
            142.34685239798276,
            43.32332104674471,
            439.0
          ],
          [
            142.34697474697415,
            43.323309970117066,
            437.0
          ],
          [
            142.34709709596552,
            43.32329889348942,
            434.0
          ],
          [
            142.34721944495692,
            43.32328781686178,
            431.0
          ],
          [
            142.3473417939483,
            43.323276740234135,
            429.0
          ],
          [
            142.34746414293969,
            43.32326566360649,
            424.0
          ],
          [
            142.34758649193105,
            43.32325458697885,
            422.0
          ],
          [
            142.34770884092245,
            43.323243510351205,
            418.0
          ],
          [
            142.34783118991382,
            43.323232433723554,
            416.0
          ],
          [
            142.34795245920026,
            43.32323758312227,
            414.0
          ],
          [
            142.34807276135166,
            43.32325726682366,
            409.0
          ],
          [
            142.34819306350306,
            43.32327695052504,
            408.0
          ],
          [
            142.34831336565446,
            43.32329663422642,
            405.0
          ],
          [
            142.34843366780584,
            43.323316317927805,
            403.0
          ],
          [
            142.34855396995724,
            43.323336001629194,
            402.0
          ],
          [
            142.34867427210864,
            43.323355685330576,
            399.0
          ],
          [
            142.34879457426004,
            43.32337536903196,
            398.0
          ],
          [
            142.34891487641144,
            43.323395052733346,
            396.0
          ],
          [
            142.34903517856284,
            43.32341473643473,
            395.0
          ],
          [
            142.34915548071422,
            43.32343442013611,
            394.0
          ],
          [
            142.34927578286562,
            43.3234541038375,
            392.0
          ],
          [
            142.34939608501702,
            43.32347378753888,
            390.0
          ],
          [
            142.3495155671337,
            43.32349587225394,
            388.0
          ],
          [
            142.34963443720503,
            43.323519749001996,
            386.0
          ],
          [
            142.34975330727636,
            43.32354362575004,
            385.0
          ],
          [
            142.34987217734766,
            43.323567502498086,
            382.0
          ],
          [
            142.349991047419,
            43.32359137924613,
            380.3
          ],
          [
            142.35010991749033,
            43.323615255994184,
            378.6
          ],
          [
            142.35022878756163,
            43.32363913274223,
            375.1
          ],
          [
            142.35034765763297,
            43.323663009490275,
            371.4
          ],
          [
            142.3504665277043,
            43.32368688623832,
            368.5
          ],
          [
            142.3505853977756,
            43.323710762986366,
            366.1
          ],
          [
            142.35070426784694,
            43.32373463973442,
            364.5
          ],
          [
            142.35082313791827,
            43.323758516482464,
            362.0
          ],
          [
            142.35094200798957,
            43.32378239323051,
            359.7
          ],
          [
            142.3510608780609,
            43.323806269978554,
            358.2
          ],
          [
            142.35117974813224,
            43.32383014672661,
            357.3
          ],
          [
            142.35129861820354,
            43.32385402347465,
            355.8
          ],
          [
            142.35141748827488,
            43.3238779002227,
            354.6
          ],
          [
            142.35153668597914,
            43.32390088045585,
            353.2
          ],
          [
            142.35165607148988,
            43.32392334678672,
            352.2
          ],
          [
            142.35177545700063,
            43.32394581311759,
            351.2
          ],
          [
            142.35189484251137,
            43.32396827944846,
            349.9
          ],
          [
            142.35201422802214,
            43.32399074577933,
            348.7
          ],
          [
            142.35213361353289,
            43.324013212110195,
            347.3
          ],
          [
            142.35225299904363,
            43.324035678441064,
            346.4
          ],
          [
            142.35237238455437,
            43.32405814477193,
            345.0
          ],
          [
            142.35249177006514,
            43.3240806111028,
            343.9
          ],
          [
            142.3526111555759,
            43.32410307743367,
            342.5
          ],
          [
            142.35273054108663,
            43.32412554376454,
            341.1
          ],
          [
            142.35284992659737,
            43.324148010095406,
            340.2
          ],
          [
            142.35296931210812,
            43.324170476426275,
            338.3
          ],
          [
            142.3530886976189,
            43.32419294275714,
            336.6
          ],
          [
            142.35320808312963,
            43.32421540908801,
            335.7
          ],
          [
            142.35332746864037,
            43.32423787541888,
            335.2
          ],
          [
            142.35344878146964,
            43.324247158778455,
            334.6
          ],
          [
            142.35357197270855,
            43.32424359370609,
            334.5
          ],
          [
            142.35369516394744,
            43.32424002863373,
            334.2
          ],
          [
            142.35381835518635,
            43.32423646356137,
            333.0
          ],
          [
            142.35394154642526,
            43.32423289848901,
            331.6
          ],
          [
            142.35406473766417,
            43.32422933341665,
            329.6
          ],
          [
            142.3541879289031,
            43.32422576834429,
            328.5
          ],
          [
            142.354311120142,
            43.32422220327193,
            326.6
          ],
          [
            142.3544343113809,
            43.32421863819957,
            324.7
          ]
        ]
      }
    },
    {
      "type": "Feature",
      "properties": {
        "name": "C1",
        "slope_deg": [
          9.926245506651705,
          9.926245506651705,
          9.926245506651705,
          11.309932474020215,
          11.309932474020215,
          8.530765609948133,
          11.309932474020215,
          8.530765609948133,
          11.309932474020215,
          12.68038349181982,
          12.68038349181982,
          14.036243467926479,
          12.68038349181982,
          14.036243467926479,
          12.68038349181982,
          15.37625124882619,
          15.37625124882619,
          15.37625124882619,
          15.37625124882619,
          12.68038349181982,
          14.036243467926479,
          14.036243467926479,
          15.37625124882619,
          15.37625124882619,
          12.68038349181982,
          12.68038349181982,
          9.926245506651705,
          9.926245506651705,
          14.708303899682749,
          11.447596263685636,
          11.447596263685636,
          10.342657140474627,
          6.418786730238786,
          7.266008446995947,
          7.969610394321312,
          8.250387228905515,
          7.125016348901798,
          7.547725773843127,
          7.125016348901798,
          6.277298489597523,
          6.418786730238786,
          5.994092949108454,
          6.560196400571341,
          7.406912128495215,
          8.39062701325255,
          8.670801453590993,
          7.68844776990284,
          7.829076510059608,
          6.842773412630957,
          6.842773412630957,
          8.390627013252628,
          7.829076510059608,
          7.969610394321392,
          7.406912128495215,
          5.852378988915572,
          5.000644597558433,
          5.284821092509,
          5.284821092509,
          5.142764557884274,
          5.994092949108454,
          5.142764557884274,
          5.568737077976604,
          7.266008446995947,
          7.266008446995947,
          7.266008446995947
        ],
        "horizontal_dist_map": 645,
        "slope_dist_map": 657,
        "elevation_diff_map": 110.3,
        "avg_slope_deg_map": 9.5,
        "max_slope_deg_map": 15.4
      },
      "geometry": {
        "type": "LineString",
        "coordinates": [
          [
            142.3463282865168,
            43.32252063683487,
            447.0
          ],
          [
            142.34645123375424,
            43.322513983969756,
            445.0
          ],
          [
            142.34657418099167,
            43.32250733110465,
            444.0
          ],
          [
            142.3466971282291,
            43.32250067823954,
            441.0
          ],
          [
            142.34682007546652,
            43.32249402537444,
            440.0
          ],
          [
            142.34694302270393,
            43.32248737250933,
            437.0
          ],
          [
            142.34706596994135,
            43.322480719644226,
            436.0
          ],
          [
            142.34718891717878,
            43.322474066779115,
            435.0
          ],
          [
            142.3473118644162,
            43.32246741391401,
            432.0
          ],
          [
            142.34743481165364,
            43.3224607610489,
            431.0
          ],
          [
            142.34755697902958,
            43.32244921313394,
            428.0
          ],
          [
            142.34767873585167,
            43.32243508824674,
            426.0
          ],
          [
            142.3478004926738,
            43.32242096335954,
            423.0
          ],
          [
            142.3479222494959,
            43.32240683847234,
            421.0
          ],
          [
            142.348044006318,
            43.32239271358514,
            419.0
          ],
          [
            142.34816576314012,
            43.32237858869794,
            416.0
          ],
          [
            142.3482875199622,
            43.322364463810736,
            414.0
          ],
          [
            142.34840927678434,
            43.322350338923535,
            410.0
          ],
          [
            142.34853102296512,
            43.32233616581577,
            408.0
          ],
          [
            142.34865272451205,
            43.32232179045219,
            405.0
          ],
          [
            142.34877442605898,
            43.32230741508862,
            403.0
          ],
          [
            142.3488961276059,
            43.32229303972505,
            401.0
          ],
          [
            142.34901782915284,
            43.32227866436148,
            398.0
          ],
          [
            142.34913953069977,
            43.3222642889979,
            395.0
          ],
          [
            142.3492612322467,
            43.32224991363433,
            392.0
          ],
          [
            142.34938293379363,
            43.32223553827075,
            390.0
          ],
          [
            142.34950463534054,
            43.322221162907184,
            389.0
          ],
          [
            142.34962633688747,
            43.32220678754361,
            386.0
          ],
          [
            142.3497480384344,
            43.32219241218004,
            385.0
          ],
          [
            142.34986787830417,
            43.32217143021775,
            383.0
          ],
          [
            142.34998746948546,
            43.322149565725994,
            378.5
          ],
          [
            142.35010706066674,
            43.322127701234244,
            377.9
          ],
          [
            142.35022665184803,
            43.32210583674249,
            376.9
          ],
          [
            142.35034545762892,
            43.32209203459924,
            375.7
          ],
          [
            142.35045960651036,
            43.322126036793634,
            374.0
          ],
          [
            142.3505737553918,
            43.32216003898804,
            372.8
          ],
          [
            142.35068790427323,
            43.322194041182435,
            371.3
          ],
          [
            142.35080205315464,
            43.32222804337683,
            369.9
          ],
          [
            142.35091620203607,
            43.32226204557123,
            369.0
          ],
          [
            142.35101562228652,
            43.322313804578975,
            367.5
          ],
          [
            142.3511097811584,
            43.32237190669609,
            366.3
          ],
          [
            142.3512039400303,
            43.32243000881321,
            365.5
          ],
          [
            142.3512980989022,
            43.32248811093032,
            364.5
          ],
          [
            142.35139225777408,
            43.32254621304744,
            363.3
          ],
          [
            142.35148641664597,
            43.32260431516455,
            361.7
          ],
          [
            142.35158057551783,
            43.32266241728166,
            360.3
          ],
          [
            142.35167473438972,
            43.32272051939878,
            358.6
          ],
          [
            142.35176582656274,
            43.32278112718909,
            357.2
          ],
          [
            142.35185544615413,
            43.32284293816513,
            356.3
          ],
          [
            142.35194506574553,
            43.322904749141166,
            354.8
          ],
          [
            142.35203468533692,
            43.32296656011721,
            353.8
          ],
          [
            142.35212430492834,
            43.323028371093244,
            352.4
          ],
          [
            142.35221392451973,
            43.32309018206928,
            350.4
          ],
          [
            142.35230354411112,
            43.32315199304532,
            349.3
          ],
          [
            142.35239182226601,
            43.32321479423683,
            348.2
          ],
          [
            142.35247745630585,
            43.32327954724912,
            347.2
          ],
          [
            142.3525630903457,
            43.323344300261404,
            346.3
          ],
          [
            142.3526423555872,
            43.323412930683524,
            345.8
          ],
          [
            142.35271424143272,
            43.32348605594019,
            344.5
          ],
          [
            142.3528076730878,
            43.32354406436261,
            343.5
          ],
          [
            142.35290489686398,
            43.32359941218107,
            342.7
          ],
          [
            142.35300212064016,
            43.32365475999953,
            341.6
          ],
          [
            142.35309934441634,
            43.32371010781799,
            340.9
          ],
          [
            142.35319656819252,
            43.32376545563645,
            339.6
          ],
          [
            142.3532937919687,
            43.32382080345491,
            337.6
          ]
        ]
      }
    },
    {
      "type": "Feature",
      "properties": {
        "name": "D1",
        "slope_deg": [
          9.926245506651705,
          9.926245506651705,
          9.926245506651705,
          11.309932474020215,
          11.309932474020215,
          14.036243467926479,
          20.556045219583467,
          20.556045219583467,
          20.556045219583467,
          21.80140948635181,
          15.37625124882619,
          16.69924423399362,
          14.036243467926479,
          12.68038349181982,
          12.68038349181982,
          9.926245506651705,
          12.68038349181982,
          9.926245506651705,
          14.036243467926479,
          15.37625124882619,
          18.00416160591338,
          18.00416160591338,
          15.37625124882619,
          18.00416160591338,
          12.68038349181982,
          16.69924423399362,
          15.37625124882619,
          12.68038349181982,
          15.37625124882619,
          12.68038349181982,
          14.036243467926479,
          12.68038349181982,
          11.309932474020215,
          15.37625124882619,
          14.036243467926479,
          15.37625124882619,
          19.290046219188735,
          15.37625124882619,
          16.69924423399362,
          16.69924423399362,
          12.68038349181982,
          15.37625124882619,
          14.036243467926479,
          14.036243467926479,
          15.37625124882619,
          12.68038349181982,
          11.309932474020215,
          12.68038349181982,
          11.309932474020215,
          9.926245506651705,
          14.036243467926479,
          11.309932474020215,
          11.309932474020215,
          14.036243467926479,
          9.926245506651705,
          9.926245506651705,
          11.309932474020215,
          8.530765609948133,
          8.530765609948133,
          9.926245506651705,
          7.125016348901798,
          7.125016348901798,
          7.125016348901798,
          5.710593137499643,
          7.125016348901798,
          7.125016348901798,
          8.530765609948133,
          8.530765609948133,
          7.125016348901798,
          7.125016348901798,
          7.125016348901798
        ],
        "horizontal_dist_map": 706,
        "slope_dist_map": 729,
        "elevation_diff_map": 161.0,
        "avg_slope_deg_map": 12.4,
        "max_slope_deg_map": 21.8
      },
      "geometry": {
        "type": "LineString",
        "coordinates": [
          [
            142.3250403,
            43.3284093,
            888.0
          ],
          [
            142.32513097719232,
            43.32847028981921,
            887.0
          ],
          [
            142.32522165438462,
            43.32853127963841,
            884.0
          ],
          [
            142.32531233157692,
            43.32859226945762,
            883.0
          ],
          [
            142.3254030087692,
            43.32865325927683,
            881.0
          ],
          [
            142.3254936859615,
            43.32871424909604,
            879.0
          ],
          [
            142.3255843631538,
            43.32877523891525,
            876.0
          ],
          [
            142.32570603414544,
            43.328789243049,
            873.0
          ],
          [
            142.32582788972593,
            43.32880296735151,
            866.0
          ],
          [
            142.3259497453064,
            43.32881669165401,
            864.0
          ],
          [
            142.32607160088688,
            43.328830415956524,
            861.0
          ],
          [
            142.32619345646734,
            43.32884414025903,
            857.0
          ],
          [
            142.32631531204783,
            43.328857864561535,
            855.0
          ],
          [
            142.3264371676283,
            43.32887158886404,
            852.0
          ],
          [
            142.32655970001693,
            43.32887327789526,
            851.0
          ],
          [
            142.32668268655218,
            43.32886689111114,
            848.0
          ],
          [
            142.3268056730874,
            43.32886050432702,
            846.0
          ],
          [
            142.32692865962264,
            43.328854117542896,
            845.0
          ],
          [
            142.32705164615788,
            43.32884773075878,
            842.0
          ],
          [
            142.3271746326931,
            43.32884134397466,
            841.0
          ],
          [
            142.32729761922835,
            43.32883495719054,
            836.0
          ],
          [
            142.3274206057636,
            43.32882857040642,
            834.0
          ],
          [
            142.3275434360204,
            43.328821450342545,
            829.0
          ],
          [
            142.32766326772932,
            43.32880026068372,
            828.0
          ],
          [
            142.32778309943828,
            43.3287790710249,
            825.0
          ],
          [
            142.32790293114724,
            43.32875788136607,
            821.0
          ],
          [
            142.3280227628562,
            43.32873669170724,
            820.0
          ],
          [
            142.32814259456515,
            43.32871550204842,
            816.0
          ],
          [
            142.32826242627408,
            43.328694312389594,
            814.0
          ],
          [
            142.32838225798304,
            43.32867312273076,
            812.0
          ],
          [
            142.328502089692,
            43.32865193307194,
            809.0
          ],
          [
            142.32862192140095,
            43.328630743413115,
            807.0
          ],
          [
            142.32874175310988,
            43.32860955375429,
            804.0
          ],
          [
            142.32886158481884,
            43.32858836409546,
            803.0
          ],
          [
            142.3289814165278,
            43.328567174436635,
            801.0
          ],
          [
            142.32910073323848,
            43.32854470231891,
            796.0
          ],
          [
            142.32921727327135,
            43.32851531566301,
            794.0
          ],
          [
            142.32933381330423,
            43.328485929007115,
            792.0
          ],
          [
            142.32945035333708,
            43.32845654235121,
            787.0
          ],
          [
            142.32956689336996,
            43.328427155695316,
            785.0
          ],
          [
            142.32968343340283,
            43.32839776903942,
            782.0
          ],
          [
            142.32979997343568,
            43.32836838238352,
            780.0
          ],
          [
            142.32991651346856,
            43.32833899572762,
            778.0
          ],
          [
            142.33003305350144,
            43.328309609071724,
            774.0
          ],
          [
            142.3301495935343,
            43.32828022241583,
            772.0
          ],
          [
            142.33026613356716,
            43.32825083575993,
            770.0
          ],
          [
            142.33038267360004,
            43.32822144910403,
            767.0
          ],
          [
            142.3304992136329,
            43.32819206244813,
            765.0
          ],
          [
            142.33061575366577,
            43.328162675792235,
            764.0
          ],
          [
            142.33073126916094,
            43.32813133810854,
            761.0
          ],
          [
            142.33084486059536,
            43.328096336434726,
            759.0
          ],
          [
            142.33095845202982,
            43.32806133476091,
            758.0
          ],
          [
            142.33107204346425,
            43.32802633308709,
            754.0
          ],
          [
            142.33118563489867,
            43.32799133141327,
            753.0
          ],
          [
            142.3312992263331,
            43.32795632973946,
            751.0
          ],
          [
            142.33141281776753,
            43.32792132806564,
            748.0
          ],
          [
            142.33152640920196,
            43.32788632639183,
            747.0
          ],
          [
            142.33164000063638,
            43.32785132471801,
            746.0
          ],
          [
            142.33175359207084,
            43.32781632304419,
            743.0
          ],
          [
            142.33186718350527,
            43.327781321370374,
            742.0
          ],
          [
            142.3319807749397,
            43.32774631969656,
            741.0
          ],
          [
            142.33209356606795,
            43.32771002797598,
            739.0
          ],
          [
            142.33220453513619,
            43.32767079920126,
            738.0
          ],
          [
            142.33231550420442,
            43.327631570426526,
            737.0
          ],
          [
            142.33242647327268,
            43.327592341651794,
            736.0
          ],
          [
            142.33253678157988,
            43.32755218303272,
            735.0
          ],
          [
            142.3326446228019,
            43.32750855265149,
            733.0
          ],
          [
            142.33275246402394,
            43.32746492227025,
            732.0
          ],
          [
            142.33286030524596,
            43.32742129188902,
            730.0
          ],
          [
            142.332968146468,
            43.32737766150778,
            729.0
          ],
          [
            142.33307598769005,
            43.32733403112655,
            728.0
          ]
        ]
      }
    },
    {
      "type": "Feature",
      "properties": {
        "name": "A2",
        "slope_deg": [
          18.00416160591338,
          18.00416160591338,
          18.00416160591338,
          18.00416160591338,
          16.69924423399362,
          19.290046219188735,
          15.37625124882619,
          19.290046219188735,
          19.290046219188735,
          19.290046219188735,
          19.290046219188735,
          16.69924423399362,
          19.290046219188735,
          15.37625124882619,
          18.00416160591338,
          16.69924423399362,
          14.036243467926479,
          16.69924423399362,
          15.37625124882619,
          16.69924423399362,
          18.00416160591338,
          16.69924423399362,
          16.69924423399362,
          18.00416160591338,
          16.69924423399362,
          16.69924423399362,
          20.556045219583467,
          19.290046219188735,
          19.290046219188735,
          19.290046219188735,
          18.00416160591338,
          18.00416160591338,
          18.00416160591338,
          18.00416160591338,
          16.69924423399362,
          14.036243467926479,
          15.37625124882619,
          16.69924423399362,
          14.036243467926479,
          15.37625124882619,
          15.37625124882619,
          14.036243467926479,
          15.37625124882619,
          15.37625124882619,
          12.68038349181982,
          12.68038349181982,
          11.309932474020215,
          9.926245506651705,
          14.036243467926479,
          12.68038349181982,
          14.036243467926479,
          18.00416160591338,
          16.69924423399362,
          16.69924423399362,
          18.00416160591338,
          15.37625124882619,
          16.69924423399362,
          18.00416160591338,
          16.69924423399362,
          16.69924423399362,
          12.68038349181982,
          11.309932474020215,
          9.926245506651705,
          11.309932474020215,
          12.68038349181982,
          12.68038349181982,
          14.036243467926479,
          12.68038349181982,
          11.309932474020215,
          14.036243467926479,
          11.309932474020215,
          12.68038349181982,
          12.68038349181982,
          9.926245506651705,
          12.68038349181982,
          9.926245506651705,
          12.68038349181982,
          12.68038349181982,
          11.309932474020215,
          15.37625124882619,
          14.036243467926479,
          15.37625124882619,
          14.036243467926479,
          9.926245506651705,
          9.926245506651705,
          8.530765609948133,
          11.309932474020215,
          12.68038349181982,
          14.036243467926479,
          14.036243467926479,
          12.68038349181982,
          15.37625124882619,
          14.036243467926479,
          16.69924423399362,
          15.37625124882619,
          15.37625124882619,
          14.036243467926479,
          12.68038349181982,
          14.036243467926479,
          11.309932474020215,
          12.68038349181982,
          9.926245506651705,
          9.926245506651705,
          8.530765609948133,
          8.530765609948133,
          11.309932474020215,
          11.309932474020215,
          14.036243467926479,
          12.68038349181982,
          11.309932474020215,
          12.68038349181982,
          9.926245506651705,
          11.309932474020215,
          9.926245506651705,
          8.530765609948133,
          9.926245506651705,
          9.926245506651705,
          11.309932474020215,
          9.926245506651705,
          8.530765609948133,
          7.125016348901798,
          7.125016348901798,
          8.530765609948133,
          9.926245506651705,
          9.926245506651705,
          9.926245506651705,
          9.926245506651705,
          9.926245506651705,
          9.926245506651705,
          11.309932474020215,
          11.309932474020215,
          14.036243467926479,
          14.036243467926479,
          14.036243467926479,
          15.37625124882619,
          11.309932474020215,
          14.036243467926479,
          11.309932474020215,
          11.309932474020215,
          11.859779120947948,
          10.757967088390036,
          12.270720357815309,
          10.619655276155134,
          10.757967088390036,
          10.203973721731668,
          8.95055865623168,
          8.250387228905515,
          8.250387228905515,
          7.266008446995947,
          7.829076510059608,
          7.68844776990284,
          8.250387228905515,
          8.95055865623168,
          7.969610394321392,
          8.11004782941908,
          6.418786730238786,
          5.142764557884274,
          4.858462919034255,
          4.146688825966058,
          4.431564716435795,
          5.142764557884194,
          5.000644597558433,
          5.142764557884194,
          3.290883686067309,
          2.004534032105953,
          1.0025738037600465,
          -0.5729386976834533,
          -0.5729386976834533,
          -0.5729386976834533
        ],
        "horizontal_dist_map": 1682,
        "slope_dist_map": 1733,
        "elevation_diff_map": 375.3,
        "avg_slope_deg_map": 12.2,
        "max_slope_deg_map": 20.6
      },
      "geometry": {
        "type": "LineString",
        "coordinates": [
          [
            142.33383,
            43.3267426,
            707.0
          ],
          [
            142.33395318347564,
            43.32674639475162,
            705.0
          ],
          [
            142.33407636695128,
            43.32675018950324,
            702.0
          ],
          [
            142.33419955042692,
            43.32675398425486,
            699.0
          ],
          [
            142.33432273390255,
            43.32675777900648,
            694.0
          ],
          [
            142.3344459173782,
            43.3267615737581,
            692.0
          ],
          [
            142.33456910085383,
            43.32676536850971,
            690.0
          ],
          [
            142.33469228432946,
            43.32676916326133,
            685.0
          ],
          [
            142.3348154678051,
            43.32677295801295,
            683.0
          ],
          [
            142.33493865128074,
            43.32677675276457,
            678.0
          ],
          [
            142.33506183475637,
            43.32678054751619,
            676.0
          ],
          [
            142.3351836680651,
            43.326769995659994,
            671.0
          ],
          [
            142.33530498317904,
            43.32675393756828,
            669.0
          ],
          [
            142.33542629829302,
            43.32673787947656,
            666.0
          ],
          [
            142.335547613407,
            43.32672182138484,
            662.0
          ],
          [
            142.33566656512807,
            43.32669976525219,
            660.0
          ],
          [
            142.33578102570183,
            43.32666631106318,
            656.0
          ],
          [
            142.3358954862756,
            43.32663285687418,
            654.0
          ],
          [
            142.33600994684937,
            43.32659940268517,
            652.0
          ],
          [
            142.33612440742314,
            43.32656594849617,
            648.0
          ],
          [
            142.33623686159856,
            43.326530079702025,
            645.0
          ],
          [
            142.3363303836627,
            43.326471427011235,
            642.0
          ],
          [
            142.33642390572686,
            43.32641277432045,
            639.0
          ],
          [
            142.336517427791,
            43.32635412162966,
            636.0
          ],
          [
            142.33661094985516,
            43.32629546893888,
            633.0
          ],
          [
            142.3367044719193,
            43.32623681624809,
            629.0
          ],
          [
            142.33679799398345,
            43.32617816355731,
            627.0
          ],
          [
            142.3368915160476,
            43.32611951086652,
            624.0
          ],
          [
            142.33698503811175,
            43.32606085817574,
            618.0
          ],
          [
            142.33709079033204,
            43.32601536817365,
            615.0
          ],
          [
            142.33720001081355,
            43.325973610882876,
            613.0
          ],
          [
            142.33730923129502,
            43.3259318535921,
            610.0
          ],
          [
            142.3374184517765,
            43.325890096301336,
            605.0
          ],
          [
            142.337527672258,
            43.32584833901056,
            602.0
          ],
          [
            142.33763689273948,
            43.32580658171979,
            600.0
          ],
          [
            142.337746113221,
            43.32576482442902,
            597.0
          ],
          [
            142.33785533370246,
            43.32572306713825,
            593.0
          ],
          [
            142.33796455418394,
            43.325681309847475,
            592.0
          ],
          [
            142.33807377466545,
            43.32563955255671,
            589.0
          ],
          [
            142.33818299514692,
            43.325597795265935,
            585.0
          ],
          [
            142.33829221562843,
            43.32555603797516,
            583.0
          ],
          [
            142.3384014361099,
            43.32551428068439,
            581.0
          ],
          [
            142.33851065659138,
            43.32547252339362,
            578.0
          ],
          [
            142.3386198770729,
            43.32543076610285,
            575.0
          ],
          [
            142.33872909755436,
            43.325389008812074,
            572.0
          ],
          [
            142.33883831803584,
            43.32534725152131,
            570.0
          ],
          [
            142.33894753851735,
            43.325305494230534,
            569.0
          ],
          [
            142.33905675899882,
            43.32526373693976,
            566.0
          ],
          [
            142.33916597948033,
            43.32522197964899,
            564.0
          ],
          [
            142.3392751999618,
            43.32518022235822,
            563.0
          ],
          [
            142.33938878607907,
            43.32514568243598,
            559.0
          ],
          [
            142.33950462713685,
            43.325114870432834,
            557.0
          ],
          [
            142.33962046819465,
            43.32508405842969,
            554.0
          ],
          [
            142.33973630925246,
            43.32505324642654,
            550.0
          ],
          [
            142.33985477313968,
            43.3250328786649,
            547.0
          ],
          [
            142.3399780518726,
            43.325031683866044,
            545.0
          ],
          [
            142.3401013306055,
            43.325030489067196,
            541.0
          ],
          [
            142.34022441850598,
            43.325030887003344,
            539.0
          ],
          [
            142.34034554077635,
            43.32504769057853,
            535.0
          ],
          [
            142.34046666304673,
            43.325064494153715,
            532.0
          ],
          [
            142.3405877853171,
            43.3250812977289,
            529.0
          ],
          [
            142.34070890758747,
            43.32509810130408,
            527.0
          ],
          [
            142.34083002985784,
            43.325114904879264,
            526.0
          ],
          [
            142.3409511521282,
            43.32513170845445,
            524.0
          ],
          [
            142.34107227439858,
            43.325148512029635,
            522.0
          ],
          [
            142.34119339666898,
            43.32516531560482,
            519.0
          ],
          [
            142.34131451893936,
            43.32518211918,
            517.0
          ],
          [
            142.34143240597245,
            43.325207339967946,
            515.0
          ],
          [
            142.3415478194378,
            43.325238996310496,
            512.0
          ],
          [
            142.34166323290316,
            43.32527065265305,
            510.0
          ],
          [
            142.34177864636854,
            43.3253023089956,
            509.0
          ],
          [
            142.3418940598339,
            43.32533396533816,
            505.0
          ],
          [
            142.34201168829028,
            43.32535867086844,
            504.0
          ],
          [
            142.34213438987115,
            43.325367456543795,
            501.0
          ],
          [
            142.342257091452,
            43.32537624221916,
            500.0
          ],
          [
            142.34237979303288,
            43.32538502789452,
            498.0
          ],
          [
            142.34250249461374,
            43.32539381356988,
            495.0
          ],
          [
            142.3426251961946,
            43.32540259924524,
            494.0
          ],
          [
            142.34274461432466,
            43.32538310494367,
            491.0
          ],
          [
            142.3428635397544,
            43.32535936707194,
            489.0
          ],
          [
            142.34298246518415,
            43.325335629200204,
            487.0
          ],
          [
            142.3431013906139,
            43.325311891328475,
            483.0
          ],
          [
            142.34322031604364,
            43.32528815345674,
            481.0
          ],
          [
            142.3433392414734,
            43.32526441558501,
            478.0
          ],
          [
            142.34345816690313,
            43.325240677713275,
            477.0
          ],
          [
            142.34358063293269,
            43.32523647035928,
            476.0
          ],
          [
            142.34370392210138,
            43.32523680357325,
            474.0
          ],
          [
            142.3438272112701,
            43.325237136787216,
            472.0
          ],
          [
            142.3439505004388,
            43.325237470001184,
            469.0
          ],
          [
            142.34407378960753,
            43.32523780321515,
            467.0
          ],
          [
            142.34419707877623,
            43.32523813642913,
            464.0
          ],
          [
            142.34432036794496,
            43.3252384696431,
            462.0
          ],
          [
            142.34444365711366,
            43.325238802857065,
            460.0
          ],
          [
            142.34456694628236,
            43.32523913607103,
            456.0
          ],
          [
            142.34469023545108,
            43.325239469285,
            454.0
          ],
          [
            142.34481352461978,
            43.32523980249898,
            450.0
          ],
          [
            142.34493653859673,
            43.3252381411286,
            449.0
          ],
          [
            142.34505732124214,
            43.3252210720656,
            445.0
          ],
          [
            142.34517956070042,
            43.325232797772465,
            444.0
          ],
          [
            142.34530180015867,
            43.325244523479334,
            441.0
          ],
          [
            142.34542403961694,
            43.325256249186204,
            439.0
          ],
          [
            142.34554627907522,
            43.32526797489307,
            437.0
          ],
          [
            142.34566851853347,
            43.32527970059994,
            435.0
          ],
          [
            142.34579075799175,
            43.32529142630681,
            434.0
          ],
          [
            142.34591299745,
            43.32530315201368,
            432.0
          ],
          [
            142.34603523690828,
            43.32531487772055,
            431.0
          ],
          [
            142.34615747636656,
            43.32532660342742,
            429.0
          ],
          [
            142.34627787986534,
            43.325344341719976,
            426.0
          ],
          [
            142.34639536611448,
            43.325371633716756,
            424.0
          ],
          [
            142.3465128523636,
            43.325398925713536,
            421.0
          ],
          [
            142.34663033861273,
            43.325426217710316,
            420.0
          ],
          [
            142.34674782486184,
            43.3254535097071,
            418.0
          ],
          [
            142.34686531111097,
            43.32548080170388,
            415.0
          ],
          [
            142.34696382694088,
            43.32553450914159,
            414.0
          ],
          [
            142.34706139526347,
            43.325589535939905,
            412.0
          ],
          [
            142.34715896358605,
            43.32564456273821,
            411.0
          ],
          [
            142.34725653190867,
            43.325699589536526,
            409.0
          ],
          [
            142.34735410023126,
            43.325754616334834,
            407.0
          ],
          [
            142.34745166855384,
            43.32580964313314,
            405.0
          ],
          [
            142.34754923687643,
            43.325864669931455,
            403.0
          ],
          [
            142.34764680519902,
            43.32591969672976,
            402.0
          ],
          [
            142.3477443735216,
            43.32597472352807,
            401.0
          ],
          [
            142.34784970177654,
            43.326020817368445,
            400.0
          ],
          [
            142.34795948221225,
            43.32606178601672,
            398.0
          ],
          [
            142.34806926264798,
            43.326102754665,
            396.0
          ],
          [
            142.3481790430837,
            43.32614372331328,
            394.0
          ],
          [
            142.34828882351943,
            43.32618469196156,
            393.0
          ],
          [
            142.34839860395513,
            43.326225660609836,
            391.0
          ],
          [
            142.34850838439087,
            43.326266629258114,
            389.0
          ],
          [
            142.34861816482658,
            43.32630759790639,
            387.0
          ],
          [
            142.3487279452623,
            43.32634856655467,
            386.0
          ],
          [
            142.34884542313452,
            43.32637482160529,
            383.0
          ],
          [
            142.3489646636467,
            43.3263977073816,
            381.0
          ],
          [
            142.3490839041589,
            43.326420593157906,
            377.0
          ],
          [
            142.3492031446711,
            43.32644347893421,
            376.0
          ],
          [
            142.34932482690544,
            43.3264565812608,
            373.0
          ],
          [
            142.34944746138603,
            43.3264658681438,
            370.0
          ],
          [
            142.34957034170486,
            43.3264657706512,
            369.0
          ],
          [
            142.34969337289442,
            43.3264599139734,
            366.0
          ],
          [
            142.349816404084,
            43.3264540572956,
            365.0
          ],
          [
            142.34993943527357,
            43.326448200617804,
            362.0
          ],
          [
            142.35006246646316,
            43.32644234394,
            360.6
          ],
          [
            142.35018549765272,
            43.3264364872622,
            358.4
          ],
          [
            142.3503085288423,
            43.326430630584404,
            356.3
          ],
          [
            142.35043071936732,
            43.32642057595468,
            354.5
          ],
          [
            142.35055089816123,
            43.32640047552165,
            353.0
          ],
          [
            142.3506710769551,
            43.32638037508862,
            351.2
          ],
          [
            142.350791255749,
            43.326360274655585,
            350.0
          ],
          [
            142.3509027220098,
            43.32632185144507,
            348.7
          ],
          [
            142.35101411190257,
            43.32628326762976,
            347.2
          ],
          [
            142.35112550179534,
            43.32624468381446,
            346.1
          ],
          [
            142.3512368916881,
            43.32620609999915,
            344.5
          ],
          [
            142.35134828158087,
            43.326167516183844,
            343.3
          ],
          [
            142.35145967147363,
            43.32612893236853,
            341.4
          ],
          [
            142.3515710613664,
            43.32609034855323,
            339.8
          ],
          [
            142.35168245125917,
            43.32605176473792,
            338.9
          ],
          [
            142.35179384115193,
            43.326013180922615,
            337.6
          ],
          [
            142.35188746238978,
            43.32595519637934,
            336.9
          ],
          [
            142.35197886614012,
            43.32589479066955,
            336.2
          ],
          [
            142.35207026989045,
            43.32583438495976,
            335.5
          ],
          [
            142.35216167364078,
            43.32577397924997,
            334.7
          ],
          [
            142.3522530773911,
            43.325713573540185,
            333.8
          ],
          [
            142.35234448114147,
            43.325653167830396,
            332.6
          ],
          [
            142.3524358848918,
            43.32559276212061,
            332.0
          ],
          [
            142.3525175715285,
            43.325525474882035,
            331.1
          ],
          [
            142.35259749839278,
            43.32545694139636,
            331.5
          ],
          [
            142.35267742525707,
            43.32538840791069,
            331.2
          ],
          [
            142.35275735212136,
            43.32531987442501,
            331.3
          ],
          [
            142.35283727898565,
            43.32525134093934,
            331.5
          ]
        ]
      }
    },
    {
      "type": "Feature",
      "properties": {
        "name": "A1",
        "slope_deg": [
          8.530765609948133,
          8.530765609948133,
          8.530765609948133,
          5.710593137499643,
          5.710593137499643,
          5.710593137499643,
          4.289153328819018,
          7.125016348901798,
          8.530765609948133,
          8.530765609948133,
          9.926245506651705,
          9.926245506651705,
          8.530765609948133,
          8.530765609948133,
          9.926245506651705,
          9.926245506651705,
          9.926245506651705,
          11.309932474020215,
          15.37625124882619,
          15.37625124882619,
          16.69924423399362,
          20.556045219583467,
          19.290046219188735,
          19.290046219188735,
          21.80140948635181,
          21.80140948635181,
          23.025492008528037,
          23.025492008528037,
          19.290046219188735,
          19.290046219188735,
          18.00416160591338,
          20.556045219583467,
          19.290046219188735,
          16.69924423399362,
          16.69924423399362,
          12.68038349181982,
          14.036243467926479,
          11.309932474020215,
          8.530765609948133,
          8.530765609948133,
          7.125016348901798,
          9.926245506651705,
          8.530765609948133,
          8.530765609948133,
          11.309932474020215,
          8.530765609948133,
          8.530765609948133,
          11.309932474020215,
          7.125016348901798,
          7.125016348901798,
          8.530765609948133,
          7.125016348901798,
          8.530765609948133,
          8.530765609948133,
          8.530765609948133,
          8.530765609948133,
          12.68038349181982,
          14.036243467926479,
          12.68038349181982,
          12.68038349181982,
          8.530765609948133,
          11.309932474020215,
          12.68038349181982,
          14.036243467926479,
          15.37625124882619,
          14.036243467926479,
          16.69924423399362,
          16.69924423399362,
          19.290046219188735,
          18.00416160591338,
          18.00416160591338,
          21.80140948635181,
          20.556045219583467,
          19.290046219188735,
          18.00416160591338,
          14.036243467926479,
          12.68038349181982,
          15.37625124882619,
          15.37625124882619,
          15.37625124882619,
          16.69924423399362,
          15.37625124882619,
          18.00416160591338,
          16.69924423399362,
          18.00416160591338,
          24.22774531795417,
          20.556045219583467,
          21.80140948635181,
          23.025492008528037,
          18.00416160591338,
          18.00416160591338,
          18.00416160591338
        ],
        "horizontal_dist_map": 916,
        "slope_dist_map": 952,
        "elevation_diff_map": 228.0,
        "avg_slope_deg_map": 13.5,
        "max_slope_deg_map": 24.2
      },
      "geometry": {
        "type": "LineString",
        "coordinates": [
          [
            142.3247632,
            43.327315,
            890.0
          ],
          [
            142.32488581380926,
            43.32730555703623,
            888.0
          ],
          [
            142.3250084276185,
            43.32729611407246,
            886.0
          ],
          [
            142.32513058135365,
            43.327284535696414,
            885.0
          ],
          [
            142.3252512460041,
            43.327266045803945,
            884.0
          ],
          [
            142.32537191065455,
            43.32724755591148,
            884.0
          ],
          [
            142.325492575305,
            43.327229066019,
            882.0
          ],
          [
            142.32561323995543,
            43.32721057612653,
            881.0
          ],
          [
            142.3257339046059,
            43.32719208623406,
            881.0
          ],
          [
            142.32583993504088,
            43.32714908437512,
            879.0
          ],
          [
            142.32594062754592,
            43.3270971416091,
            876.0
          ],
          [
            142.32604132005093,
            43.32704519884308,
            875.0
          ],
          [
            142.32614201255595,
            43.32699325607706,
            874.0
          ],
          [
            142.32623538284003,
            43.32693521530494,
            872.0
          ],
          [
            142.32631910680308,
            43.326869140997,
            870.0
          ],
          [
            142.32640283076614,
            43.326803066689045,
            869.0
          ],
          [
            142.32649522217966,
            43.32674478223259,
            867.0
          ],
          [
            142.32660096645122,
            43.32669849862705,
            865.0
          ],
          [
            142.32671071108487,
            43.32665754606474,
            863.0
          ],
          [
            142.32682106282886,
            43.326617402562064,
            861.0
          ],
          [
            142.3269382663561,
            43.326601351164214,
            856.0
          ],
          [
            142.32706138702162,
            43.326606105490846,
            854.0
          ],
          [
            142.32718315555687,
            43.3266144496414,
            851.0
          ],
          [
            142.32729229574252,
            43.32665632129437,
            846.0
          ],
          [
            142.32740143592818,
            43.32669819294735,
            842.0
          ],
          [
            142.32751954615327,
            43.3267195245017,
            840.0
          ],
          [
            142.32764174372105,
            43.32673149662985,
            835.0
          ],
          [
            142.32776394128882,
            43.32674346875799,
            830.0
          ],
          [
            142.3278861388566,
            43.32675544088614,
            825.0
          ],
          [
            142.32800833642438,
            43.32676741301428,
            823.0
          ],
          [
            142.32812965388348,
            43.326783337231376,
            821.0
          ],
          [
            142.32825075216934,
            43.32680024563623,
            816.0
          ],
          [
            142.32837185045517,
            43.32681715404109,
            812.0
          ],
          [
            142.32849294874103,
            43.32683406244594,
            808.0
          ],
          [
            142.3286140470269,
            43.3268509708508,
            807.0
          ],
          [
            142.32873564193548,
            43.32686527555401,
            804.0
          ],
          [
            142.32885846120072,
            43.326873161180686,
            800.0
          ],
          [
            142.32898128046594,
            43.32688104680735,
            799.0
          ],
          [
            142.32910409973118,
            43.326888932434024,
            797.0
          ],
          [
            142.3292254186782,
            43.32688606229033,
            796.0
          ],
          [
            142.32934353950648,
            43.3268602648569,
            794.0
          ],
          [
            142.32946166033474,
            43.32683446742346,
            793.0
          ],
          [
            142.32957978116303,
            43.32680866999003,
            792.0
          ],
          [
            142.3296979019913,
            43.3267828725566,
            789.0
          ],
          [
            142.32981602281956,
            43.32675707512317,
            788.0
          ],
          [
            142.32993289160595,
            43.326729019572774,
            787.0
          ],
          [
            142.33004233517067,
            43.32668757228267,
            784.0
          ],
          [
            142.33015177873537,
            43.326646124992564,
            783.0
          ],
          [
            142.33026122230007,
            43.326604677702456,
            782.0
          ],
          [
            142.33037066586476,
            43.326563230412354,
            779.0
          ],
          [
            142.3304801094295,
            43.326521783122246,
            779.0
          ],
          [
            142.33058955299418,
            43.32648033583214,
            778.0
          ],
          [
            142.3306973395631,
            43.326436808288676,
            776.0
          ],
          [
            142.33080081707334,
            43.326387870994736,
            774.0
          ],
          [
            142.3309042945836,
            43.3263389337008,
            773.0
          ],
          [
            142.33100777209384,
            43.32628999640686,
            772.0
          ],
          [
            142.33111124960408,
            43.32624105911292,
            770.0
          ],
          [
            142.33121472711431,
            43.32619212181898,
            768.0
          ],
          [
            142.3313178115591,
            43.32614274619037,
            764.0
          ],
          [
            142.33142074620068,
            43.32609320350582,
            762.0
          ],
          [
            142.33152368084228,
            43.32604366082127,
            761.0
          ],
          [
            142.33162661548388,
            43.32599411813672,
            759.0
          ],
          [
            142.33172955012546,
            43.32594457545217,
            758.0
          ],
          [
            142.33183248476706,
            43.32589503276761,
            754.0
          ],
          [
            142.33193541940867,
            43.32584549008306,
            752.0
          ],
          [
            142.33203835405024,
            43.32579594739851,
            749.0
          ],
          [
            142.33214128869184,
            43.32574640471396,
            747.0
          ],
          [
            142.33224422333342,
            43.32569686202941,
            744.0
          ],
          [
            142.33234715797502,
            43.32564731934486,
            740.0
          ],
          [
            142.33245009261663,
            43.32559777666031,
            737.0
          ],
          [
            142.3325530272582,
            43.32554823397576,
            733.0
          ],
          [
            142.3326559618998,
            43.32549869129121,
            731.0
          ],
          [
            142.3327588965414,
            43.32544914860666,
            727.0
          ],
          [
            142.33286183118298,
            43.32539960592211,
            721.0
          ],
          [
            142.33296476582458,
            43.32535006323756,
            718.0
          ],
          [
            142.33307264798316,
            43.32530707815637,
            717.0
          ],
          [
            142.33318501076343,
            43.32527003184006,
            714.0
          ],
          [
            142.3332973735437,
            43.325232985523755,
            711.0
          ],
          [
            142.33340973632397,
            43.32519593920745,
            709.0
          ],
          [
            142.33352209910424,
            43.32515889289114,
            706.0
          ],
          [
            142.33363446188454,
            43.32512184657483,
            703.0
          ],
          [
            142.33374682466481,
            43.32508480025852,
            700.0
          ],
          [
            142.33385918744509,
            43.32504775394221,
            697.0
          ],
          [
            142.33397155022536,
            43.3250107076259,
            695.0
          ],
          [
            142.33408391300563,
            43.32497366130959,
            690.0
          ],
          [
            142.33419627578593,
            43.324936614993284,
            688.0
          ],
          [
            142.3343086385662,
            43.324899568676976,
            684.0
          ],
          [
            142.33442100134647,
            43.32486252236067,
            677.0
          ],
          [
            142.33453336412674,
            43.32482547604436,
            675.0
          ],
          [
            142.334645726907,
            43.32478842972805,
            672.0
          ],
          [
            142.3347580896873,
            43.324751383411744,
            667.0
          ],
          [
            142.33487045246758,
            43.324714337095436,
            664.0
          ]
        ]
      }
    },
    {
      "type": "Feature",
      "properties": {
        "name": "A3",
        "slope_deg": [
          12.68038349181982,
          12.68038349181982,
          12.68038349181982,
          4.289153328819018,
          8.530765609948133,
          8.530765609948133,
          8.530765609948133,
          15.37625124882619,
          15.37625124882619,
          18.00416160591338,
          16.69924423399362,
          19.290046219188735,
          18.00416160591338,
          15.37625124882619,
          11.309932474020215,
          7.125016348901798,
          4.289153328819018,
          2.862405226111748,
          9.926245506651705,
          9.926245506651705,
          12.68038349181982,
          18.00416160591338,
          15.37625124882619,
          16.69924423399362,
          18.00416160591338,
          12.68038349181982,
          16.69924423399362,
          15.37625124882619,
          16.69924423399362,
          20.556045219583467,
          19.290046219188735,
          26.565051177077994,
          24.22774531795417,
          24.22774531795417,
          26.565051177077994,
          21.80140948635181,
          27.699472808055,
          27.699472808055,
          24.22774531795417,
          26.565051177077994,
          21.80140948635181,
          24.22774531795417,
          23.025492008528037,
          21.80140948635181,
          20.556045219583467,
          16.69924423399362,
          24.22774531795417,
          24.22774531795417,
          29.89890183861456,
          26.565051177077994,
          21.80140948635181,
          16.69924423399362,
          12.68038349181982,
          25.407718108948472,
          25.407718108948472,
          27.699472808055,
          30.96375653207352,
          23.025492008528037,
          26.565051177077994,
          27.699472808055,
          23.025492008528037,
          27.699472808055,
          23.025492008528037,
          21.80140948635181,
          20.556045219583467,
          19.290046219188735,
          18.00416160591338,
          18.00416160591338,
          19.290046219188735,
          14.036243467926479,
          19.290046219188735,
          19.290046219188735,
          18.00416160591338,
          18.00416160591338,
          14.036243467926479,
          12.68038349181982,
          12.68038349181982,
          11.309932474020215,
          8.530765609948133,
          8.530765609948133,
          8.530765609948133,
          7.125016348901798,
          7.125016348901798,
          7.125016348901798,
          7.125016348901798,
          9.926245506651705,
          9.926245506651705,
          11.309932474020215,
          9.926245506651705,
          9.926245506651705,
          12.68038349181982,
          8.530765609948133,
          9.926245506651705,
          8.530765609948133,
          5.710593137499643,
          9.926245506651705,
          11.309932474020215,
          11.309932474020215,
          14.036243467926479,
          11.309932474020215,
          12.68038349181982,
          14.036243467926479,
          12.68038349181982,
          16.69924423399362,
          14.036243467926479,
          18.00416160591338,
          18.00416160591338,
          15.37625124882619,
          19.290046219188735,
          15.37625124882619,
          20.556045219583467,
          23.025492008528037,
          19.290046219188735,
          23.025492008528037,
          19.290046219188735,
          20.556045219583467,
          20.556045219583467,
          21.80140948635181,
          20.556045219583467,
          16.69924423399362,
          20.556045219583467,
          15.37625124882619,
          16.69924423399362,
          21.80140948635181,
          19.290046219188735,
          23.025492008528037,
          21.80140948635181,
          15.37625124882619,
          14.036243467926479,
          11.309932474020215,
          8.530765609948133,
          9.926245506651705,
          8.530765609948133,
          5.710593137499643,
          7.125016348901798,
          5.710593137499643,
          5.710593137499643,
          5.710593137499643,
          7.125016348901798,
          7.125016348901798,
          7.125016348901798,
          7.125016348901798,
          5.710593137499643,
          7.125016348901798,
          7.125016348901798,
          9.926245506651705,
          9.926245506651705,
          8.530765609948133,
          8.530765609948133,
          5.710593137499643,
          4.289153328819018,
          7.125016348901798,
          7.125016348901798,
          7.125016348901798,
          10.065169352759877,
          7.68844776990284,
          7.547725773843127,
          6.560196400571341,
          3.8616074096750577,
          3.290883686067309,
          4.289153328819018,
          5.000644597558433,
          4.431564716435795,
          4.146688825966058,
          2.719505461272472,
          2.147585428298503,
          3.718993973158075,
          3.576334374997351,
          3.290883686067309,
          3.290883686067228,
          3.290883686067228,
          3.290883686067228
        ],
        "horizontal_dist_map": 1711,
        "slope_dist_map": 1795,
        "elevation_diff_map": 443.0,
        "avg_slope_deg_map": 13.9,
        "max_slope_deg_map": 31.0
      },
      "geometry": {
        "type": "LineString",
        "coordinates": [
          [
            142.3330943516299,
            43.3300069911329,
            793.0
          ],
          [
            142.3332078464041,
            43.32997181628545,
            789.0
          ],
          [
            142.3333213411783,
            43.329936641438,
            789.0
          ],
          [
            142.3334348359525,
            43.329901466590556,
            787.0
          ],
          [
            142.33353980957878,
            43.32985425893323,
            784.0
          ],
          [
            142.33364474826254,
            43.32980700193316,
            786.0
          ],
          [
            142.3337496869463,
            43.32975974493309,
            783.0
          ],
          [
            142.33383604713973,
            43.32969597573694,
            781.0
          ],
          [
            142.3339199376285,
            43.32963001151597,
            778.0
          ],
          [
            142.3340083016348,
            43.32956825674045,
            775.0
          ],
          [
            142.33411667559844,
            43.329525330732935,
            772.0
          ],
          [
            142.33422504956204,
            43.32948240472542,
            768.0
          ],
          [
            142.33433342352566,
            43.32943947871791,
            766.0
          ],
          [
            142.3344463853784,
            43.32941136687274,
            761.0
          ],
          [
            142.33456951437987,
            43.329416084459,
            759.0
          ],
          [
            142.33469264338132,
            43.32942080204526,
            757.0
          ],
          [
            142.3348157723828,
            43.32942551963152,
            758.0
          ],
          [
            142.33493138318295,
            43.329449444381474,
            756.0
          ],
          [
            142.33503933697762,
            43.329492930905786,
            756.0
          ],
          [
            142.33515237805582,
            43.32952192581115,
            755.0
          ],
          [
            142.3352756763521,
            43.32952170203929,
            751.0
          ],
          [
            142.33539897464837,
            43.329521478267424,
            749.0
          ],
          [
            142.33551910685216,
            43.32950511458506,
            747.0
          ],
          [
            142.3356375360019,
            43.329480069179475,
            742.0
          ],
          [
            142.3357559651517,
            43.329455023773896,
            740.0
          ],
          [
            142.33587439430147,
            43.32942997836831,
            737.0
          ],
          [
            142.33599282345125,
            43.329404932962724,
            734.0
          ],
          [
            142.33611125260103,
            43.329379887557145,
            733.0
          ],
          [
            142.3362296817508,
            43.32935484215156,
            728.0
          ],
          [
            142.3363481109006,
            43.329329796745974,
            726.0
          ],
          [
            142.33646654005037,
            43.329304751340395,
            722.0
          ],
          [
            142.33658606689724,
            43.329282733521744,
            718.0
          ],
          [
            142.33670595886352,
            43.329261722748484,
            714.0
          ],
          [
            142.33682819213666,
            43.32927334895511,
            706.0
          ],
          [
            142.33693595480005,
            43.32931583757734,
            704.0
          ],
          [
            142.33704658925723,
            43.32934971775271,
            700.0
          ],
          [
            142.3371698868266,
            43.32934940177419,
            694.0
          ],
          [
            142.33729197747894,
            43.329338966270385,
            690.0
          ],
          [
            142.33741349469287,
            43.32932372271052,
            683.0
          ],
          [
            142.33753501190677,
            43.32930847915065,
            679.0
          ],
          [
            142.3376565291207,
            43.32929323559078,
            676.0
          ],
          [
            142.33777804633462,
            43.32927799203092,
            670.0
          ],
          [
            142.33789956354855,
            43.329262748471045,
            667.0
          ],
          [
            142.3380221993032,
            43.329255611463395,
            661.0
          ],
          [
            142.3381454396489,
            43.32925285619102,
            659.0
          ],
          [
            142.33826867999466,
            43.32925010091864,
            654.0
          ],
          [
            142.33839192034037,
            43.329247345646266,
            652.0
          ],
          [
            142.33851516068611,
            43.32924459037389,
            649.0
          ],
          [
            142.33863840103183,
            43.32924183510151,
            641.0
          ],
          [
            142.338761618549,
            43.32923860232198,
            636.0
          ],
          [
            142.33887365431482,
            43.3292083224834,
            629.0
          ],
          [
            142.33893933673275,
            43.329140344731066,
            629.0
          ],
          [
            142.33896797222025,
            43.329052796180676,
            625.0
          ],
          [
            142.3390172789992,
            43.328971803696625,
            624.0
          ],
          [
            142.3390981319318,
            43.328908419187236,
            620.0
          ],
          [
            142.33921467339647,
            43.328880854531626,
            610.0
          ],
          [
            142.33933780484114,
            43.32887618657483,
            606.0
          ],
          [
            142.3394609362858,
            43.328871518618044,
            603.0
          ],
          [
            142.33958406773047,
            43.32886685066125,
            596.0
          ],
          [
            142.3397071991751,
            43.328862182704455,
            593.0
          ],
          [
            142.3398252278517,
            43.32883851581487,
            586.0
          ],
          [
            142.33994165736516,
            43.32880889482511,
            582.0
          ],
          [
            142.34005808687866,
            43.328779273835345,
            579.0
          ],
          [
            142.34017451639212,
            43.32874965284558,
            572.0
          ],
          [
            142.3402894612927,
            43.328717838061415,
            569.0
          ],
          [
            142.3403924349424,
            43.328668333505405,
            566.0
          ],
          [
            142.3404954085921,
            43.3286188289494,
            564.0
          ],
          [
            142.34059838224175,
            43.3285693243934,
            558.0
          ],
          [
            142.34070135589144,
            43.32851981983739,
            556.0
          ],
          [
            142.34080432954113,
            43.328470315281386,
            553.0
          ],
          [
            142.34090730319082,
            43.328420810725376,
            550.0
          ],
          [
            142.3410102768405,
            43.32837130616937,
            548.0
          ],
          [
            142.3411132504902,
            43.32832180161337,
            542.0
          ],
          [
            142.34121622413988,
            43.32827229705736,
            539.0
          ],
          [
            142.34132056350663,
            43.32822437405,
            537.0
          ],
          [
            142.34142613676107,
            43.328177879928205,
            535.0
          ],
          [
            142.3415317100155,
            43.328131385806415,
            532.0
          ],
          [
            142.34163728326993,
            43.32808489168462,
            530.0
          ],
          [
            142.34174285652435,
            43.32803839756282,
            528.0
          ],
          [
            142.3418484297788,
            43.327991903441024,
            527.0
          ],
          [
            142.34194317362443,
            43.32793432432003,
            526.0
          ],
          [
            142.34203777506838,
            43.32787659943648,
            524.0
          ],
          [
            142.34213237651235,
            43.327818874552925,
            522.0
          ],
          [
            142.3422061486019,
            43.32774899937534,
            522.0
          ],
          [
            142.3422623972746,
            43.32766890234151,
            521.0
          ],
          [
            142.34232154208846,
            43.32759039102725,
            519.0
          ],
          [
            142.3424111198645,
            43.32752854262475,
            517.0
          ],
          [
            142.34250069764053,
            43.32746669422225,
            515.0
          ],
          [
            142.34261591848704,
            43.327436870428905,
            514.0
          ],
          [
            142.34273368942019,
            43.32741023133721,
            511.0
          ],
          [
            142.34285146035333,
            43.32738359224552,
            510.0
          ],
          [
            142.3429692312865,
            43.327356953153824,
            508.0
          ],
          [
            142.3430908062092,
            43.32734212555446,
            505.0
          ],
          [
            142.3432124979534,
            43.32732766068906,
            505.0
          ],
          [
            142.34333418969757,
            43.32731319582365,
            503.0
          ],
          [
            142.34345588144177,
            43.32729873095825,
            502.0
          ],
          [
            142.34357573497897,
            43.327278758053474,
            501.0
          ],
          [
            142.34369290334837,
            43.327250739259554,
            498.0
          ],
          [
            142.34381007171777,
            43.32722272046564,
            495.0
          ],
          [
            142.34392527711674,
            43.32719069631159,
            494.0
          ],
          [
            142.34404020091986,
            43.32715809757288,
            491.0
          ],
          [
            142.34415602368625,
            43.32712764289412,
            490.0
          ],
          [
            142.34427625060522,
            43.32710769227929,
            486.0
          ],
          [
            142.3443964775242,
            43.327087741664464,
            484.0
          ],
          [
            142.34451670444318,
            43.327067791049636,
            482.0
          ],
          [
            142.34463693136215,
            43.32704784043481,
            478.0
          ],
          [
            142.34475715828114,
            43.32702788981998,
            476.0
          ],
          [
            142.3448773852001,
            43.32700793920515,
            471.0
          ],
          [
            142.3449976121191,
            43.326987988590325,
            469.0
          ],
          [
            142.34511796424874,
            43.32696859084521,
            467.0
          ],
          [
            142.345240588506,
            43.32695922571395,
            462.0
          ],
          [
            142.3453632127632,
            43.32694986058268,
            460.0
          ],
          [
            142.34548583702042,
            43.32694049545142,
            454.0
          ],
          [
            142.34560846127764,
            43.326931130320155,
            450.0
          ],
          [
            142.34573108553485,
            43.326921765188885,
            448.0
          ],
          [
            142.3458537097921,
            43.32691240005762,
            443.0
          ],
          [
            142.3459763340493,
            43.32690303492636,
            440.0
          ],
          [
            142.34609895830653,
            43.32689366979509,
            435.0
          ],
          [
            142.34622044406683,
            43.32688002381046,
            433.0
          ],
          [
            142.34633896011903,
            43.3268552114496,
            427.0
          ],
          [
            142.34645747617122,
            43.32683039908874,
            425.0
          ],
          [
            142.34657599222342,
            43.32680558672788,
            423.0
          ],
          [
            142.34669450827562,
            43.32678077436702,
            418.0
          ],
          [
            142.34681302432784,
            43.32675596200616,
            416.0
          ],
          [
            142.34693154038004,
            43.3267311496453,
            413.0
          ],
          [
            142.34705005643224,
            43.32670633728444,
            407.0
          ],
          [
            142.34716857248443,
            43.32668152492358,
            404.0
          ],
          [
            142.34727968111252,
            43.32669726712674,
            399.0
          ],
          [
            142.34738515038583,
            43.32674388397311,
            397.0
          ],
          [
            142.3474906196591,
            43.32679050081948,
            396.0
          ],
          [
            142.34756473257067,
            43.32686023488417,
            394.0
          ],
          [
            142.34762961801755,
            43.32693677182087,
            391.0
          ],
          [
            142.34769450346445,
            43.327013308757564,
            391.0
          ],
          [
            142.34775881057766,
            43.327090069670184,
            389.0
          ],
          [
            142.3478092264472,
            43.32717221035635,
            388.0
          ],
          [
            142.34785964231676,
            43.32725435104252,
            387.0
          ],
          [
            142.3479100581863,
            43.32733649172868,
            386.0
          ],
          [
            142.34798361427823,
            43.32740860000541,
            385.0
          ],
          [
            142.34805828440392,
            43.32748022529444,
            384.0
          ],
          [
            142.3481415861049,
            43.32754580586103,
            383.0
          ],
          [
            142.34823651130395,
            43.32760324645114,
            381.0
          ],
          [
            142.348331436503,
            43.32766068704126,
            380.0
          ],
          [
            142.34842636170208,
            43.32771812763137,
            379.0
          ],
          [
            142.34852565651377,
            43.32776981785245,
            378.0
          ],
          [
            142.34864266019963,
            43.327798203362036,
            377.0
          ],
          [
            142.3487596638855,
            43.32782658887162,
            375.0
          ],
          [
            142.34887668403118,
            43.32785493825754,
            374.0
          ],
          [
            142.34899660372872,
            43.32784427172424,
            371.0
          ],
          [
            142.3491171355047,
            43.32782532169231,
            370.0
          ],
          [
            142.3492376672807,
            43.32780637166038,
            369.0
          ],
          [
            142.34935819905672,
            43.32778742162845,
            368.0
          ],
          [
            142.34947702312596,
            43.32776459680168,
            367.0
          ],
          [
            142.3495900784507,
            43.32772868266596,
            367.0
          ],
          [
            142.34970313377542,
            43.327692768530255,
            364.0
          ],
          [
            142.34981618910015,
            43.32765685439454,
            363.0
          ],
          [
            142.34991314635974,
            43.32760198944396,
            362.0
          ],
          [
            142.3500074669811,
            43.327544020614624,
            359.9
          ],
          [
            142.35010178760248,
            43.327486051785286,
            358.6
          ],
          [
            142.35019147630518,
            43.32742444570565,
            357.7
          ],
          [
            142.35027753950615,
            43.32735999267247,
            357.4
          ],
          [
            142.35036360270712,
            43.32729553963929,
            357.2
          ],
          [
            142.3504496659081,
            43.327231086606105,
            356.3
          ],
          [
            142.3505173169104,
            43.32715920825952,
            354.7
          ],
          [
            142.35054623392793,
            43.32707170918334,
            353.9
          ],
          [
            142.35057515094545,
            43.32698421010717,
            354.1
          ],
          [
            142.350604067963,
            43.32689671103099,
            353.4
          ],
          [
            142.3506329849805,
            43.32680921195482,
            352.8
          ],
          [
            142.35066246749247,
            43.3267218167677,
            352.4
          ],
          [
            142.3506937199023,
            43.326634746735046,
            351.5
          ],
          [
            142.35072497231215,
            43.3265476767024,
            350.9
          ],
          [
            142.35075622472198,
            43.32646060666974,
            350.5
          ],
          [
            142.35078747713183,
            43.326373536637085,
            350.1
          ]
        ]
      }
    },
    {
      "type": "Feature",
      "properties": {
        "name": "A4",
        "slope_deg": [
          9.926245506651705,
          9.926245506651705,
          9.926245506651705,
          11.309932474020215,
          5.710593137499643,
          9.926245506651705,
          11.309932474020215,
          9.926245506651705,
          12.68038349181982,
          15.37625124882619,
          15.37625124882619,
          18.00416160591338,
          23.025492008528037,
          20.556045219583467,
          20.556045219583467,
          24.22774531795417,
          19.290046219188735,
          18.00416160591338,
          18.00416160591338,
          19.290046219188735,
          19.290046219188735,
          20.556045219583467,
          23.025492008528037,
          15.37625124882619,
          18.00416160591338,
          16.69924423399362,
          12.68038349181982,
          12.68038349181982,
          12.68038349181982,
          12.68038349181982,
          12.68038349181982,
          15.37625124882619,
          11.309932474020215,
          12.68038349181982,
          11.309932474020215,
          8.530765609948133,
          9.926245506651705,
          7.125016348901798,
          5.710593137499643,
          5.710593137499643,
          7.125016348901798,
          11.309932474020215,
          15.37625124882619,
          19.290046219188735,
          20.556045219583467,
          21.80140948635181,
          24.22774531795417,
          24.22774531795417,
          26.565051177077994,
          26.565051177077994,
          26.565051177077994,
          26.565051177077994,
          24.22774531795417,
          18.00416160591338,
          18.00416160591338,
          18.00416160591338
        ],
        "horizontal_dist_map": 558,
        "slope_dist_map": 588,
        "elevation_diff_map": 161.0,
        "avg_slope_deg_map": 15.3,
        "max_slope_deg_map": 26.6
      },
      "geometry": {
        "type": "LineString",
        "coordinates": [
          [
            142.33246680010012,
            43.33109346491249,
            823.0
          ],
          [
            142.33249024558302,
            43.331005097434016,
            822.0
          ],
          [
            142.33251369106588,
            43.33091672995554,
            818.0
          ],
          [
            142.33253713654878,
            43.33082836247707,
            818.0
          ],
          [
            142.33256058203165,
            43.330739994998595,
            816.0
          ],
          [
            142.33258402751454,
            43.33065162752012,
            814.0
          ],
          [
            142.3326336487483,
            43.330569550852076,
            814.0
          ],
          [
            142.3326866988033,
            43.33048829823161,
            811.0
          ],
          [
            142.33273974885824,
            43.33040704561114,
            808.0
          ],
          [
            142.3327926770527,
            43.33032575131203,
            807.0
          ],
          [
            142.33284428097946,
            43.330244004087916,
            805.0
          ],
          [
            142.3328958849062,
            43.330162256863794,
            800.0
          ],
          [
            142.33294748883296,
            43.33008050963968,
            797.0
          ],
          [
            142.33299909275974,
            43.32999876241556,
            794.0
          ],
          [
            142.33305069668648,
            43.32991701519145,
            788.0
          ],
          [
            142.33310230061323,
            43.329835267967326,
            785.0
          ],
          [
            142.33315390454,
            43.32975352074321,
            782.0
          ],
          [
            142.33320550846676,
            43.329671773519095,
            776.0
          ],
          [
            142.3332571123935,
            43.32959002629498,
            774.0
          ],
          [
            142.3333087163203,
            43.32950827907086,
            772.0
          ],
          [
            142.33336032024704,
            43.32942653184674,
            769.0
          ],
          [
            142.3334119241738,
            43.32934478462263,
            762.0
          ],
          [
            142.33346352810057,
            43.32926303739851,
            760.0
          ],
          [
            142.33349507711634,
            43.32917630225571,
            757.0
          ],
          [
            142.33352257521295,
            43.329088559596336,
            752.0
          ],
          [
            142.33355987387145,
            43.32900345312851,
            751.0
          ],
          [
            142.33361693422577,
            43.32892366223507,
            747.0
          ],
          [
            142.3336739945801,
            43.32884387134163,
            745.0
          ],
          [
            142.33372096733905,
            43.32876066762484,
            743.0
          ],
          [
            142.3337674809831,
            43.328677308580836,
            742.0
          ],
          [
            142.33381399462718,
            43.32859394953684,
            738.0
          ],
          [
            142.33386050827124,
            43.32851059049283,
            736.0
          ],
          [
            142.33390455407667,
            43.32842660990244,
            734.0
          ],
          [
            142.33393834446144,
            43.32834004639614,
            731.0
          ],
          [
            142.33397099873898,
            43.3282532572813,
            730.0
          ],
          [
            142.33400193166634,
            43.328166126340165,
            727.0
          ],
          [
            142.3340328645937,
            43.32807899539904,
            726.0
          ],
          [
            142.33406379752105,
            43.327991864457914,
            725.0
          ],
          [
            142.3340947304484,
            43.32790473351678,
            723.0
          ],
          [
            142.3341603689271,
            43.32782885098961,
            722.0
          ],
          [
            142.33422814919288,
            43.32775366263691,
            722.0
          ],
          [
            142.33431129419378,
            43.3276907678031,
            721.0
          ],
          [
            142.3344200508238,
            43.32764836515767,
            718.0
          ],
          [
            142.33452789573786,
            43.327604882603744,
            714.0
          ],
          [
            142.33462866078773,
            43.32755301409933,
            711.0
          ],
          [
            142.33472942583762,
            43.32750114559491,
            707.0
          ],
          [
            142.33483019088752,
            43.327449277090494,
            703.0
          ],
          [
            142.3349082154864,
            43.327379958746114,
            698.0
          ],
          [
            142.334984196377,
            43.32730907216623,
            693.0
          ],
          [
            142.33506017726762,
            43.32723818558635,
            689.0
          ],
          [
            142.33513615815824,
            43.327167299006476,
            683.0
          ],
          [
            142.33521213904885,
            43.3270964124266,
            678.0
          ],
          [
            142.33528811993946,
            43.327025525846715,
            673.0
          ],
          [
            142.33536410083008,
            43.32695463926684,
            669.0
          ],
          [
            142.3354400817207,
            43.32688375268696,
            665.0
          ],
          [
            142.3355160626113,
            43.326812866107076,
            665.0
          ]
        ]
      }
    },
    {
      "type": "Feature",
      "properties": {
        "name": "H1",
        "slope_deg": [
          8.530765609948133,
          8.530765609948133,
          8.530765609948133,
          5.710593137499643,
          1.4320961841646465,
          0.0,
          0.0,
          0.0,
          -1.4320961841646465,
          -1.4320961841646465,
          -1.4320961841646465,
          -1.4320961841646465,
          0.0,
          -1.4320961841646465,
          -2.862405226111748,
          -2.862405226111748,
          -2.862405226111748,
          -1.4320961841646465,
          1.4320961841646465,
          1.4320961841646465,
          1.4320961841646465,
          1.4320961841646465,
          1.4320961841646465,
          1.4320961841646465,
          0.0,
          0.0,
          0.0,
          1.4320961841646465,
          2.862405226111748,
          4.289153328819018,
          4.289153328819018,
          4.289153328819018,
          7.125016348901798,
          8.530765609948133,
          12.68038349181982,
          14.036243467926479,
          16.69924423399362,
          16.69924423399362,
          16.69924423399362,
          16.69924423399362,
          14.036243467926479,
          18.00416160591338,
          15.37625124882619,
          19.290046219188735,
          20.556045219583467,
          19.290046219188735,
          21.80140948635181,
          20.556045219583467,
          21.80140948635181,
          21.80140948635181,
          19.290046219188735,
          23.025492008528037,
          21.80140948635181,
          19.290046219188735,
          20.556045219583467,
          14.036243467926479,
          11.309932474020215,
          12.68038349181982,
          12.68038349181982,
          18.00416160591338,
          20.556045219583467,
          20.556045219583467,
          19.290046219188735,
          19.290046219188735,
          19.290046219188735,
          19.290046219188735,
          19.290046219188735,
          18.00416160591338,
          18.00416160591338,
          19.290046219188735,
          21.80140948635181,
          24.22774531795417,
          25.407718108948472,
          25.407718108948472,
          27.699472808055,
          21.80140948635181,
          20.556045219583467,
          20.556045219583467,
          16.69924423399362,
          20.556045219583467,
          20.556045219583467,
          20.556045219583467,
          19.290046219188735,
          20.556045219583467,
          20.556045219583467,
          19.290046219188735,
          26.565051177077994,
          24.22774531795417,
          28.810793742973065,
          27.699472808055,
          21.80140948635181,
          16.69924423399362,
          11.309932474020215,
          8.530765609948133,
          7.125016348901798,
          11.309932474020215,
          14.036243467926479,
          19.290046219188735,
          19.290046219188735,
          18.00416160591338,
          8.530765609948133,
          2.862405226111748,
          -1.4320961841646465,
          -5.710593137499643,
          -8.530765609948133,
          -7.125016348901798,
          -4.289153328819018,
          2.862405226111748,
          16.69924423399362,
          19.290046219188735,
          20.556045219583467,
          19.290046219188735,
          15.37625124882619,
          15.37625124882619,
          19.290046219188735,
          19.290046219188735,
          21.80140948635181,
          23.025492008528037,
          20.556045219583467,
          24.22774531795417,
          21.80140948635181,
          20.556045219583467,
          11.309932474020215,
          4.289153328819018,
          4.289153328819018,
          1.4320961841646465,
          11.309932474020215,
          12.68038349181982,
          7.125016348901798,
          7.125016348901798,
          4.289153328819018,
          5.710593137499643,
          8.530765609948133,
          9.926245506651705,
          9.926245506651705,
          8.530765609948133,
          7.125016348901798,
          5.710593137499643,
          8.530765609948133,
          5.710593137499643,
          5.710593137499643,
          5.710593137499643
        ],
        "horizontal_dist_map": 1419,
        "slope_dist_map": 1482,
        "elevation_diff_map": 312.0,
        "avg_slope_deg_map": 11.9,
        "max_slope_deg_map": 28.8
      },
      "geometry": {
        "type": "LineString",
        "coordinates": [
          [
            142.32846529024343,
            43.33016890148218,
            838.0
          ],
          [
            142.32856580999695,
            43.33022102856646,
            836.0
          ],
          [
            142.3286663297505,
            43.330273155650744,
            833.0
          ],
          [
            142.328766849504,
            43.33032528273502,
            832.0
          ],
          [
            142.32886736925755,
            43.3303774098193,
            832.0
          ],
          [
            142.32896788901107,
            43.33042953690358,
            832.0
          ],
          [
            142.32906840876458,
            43.33048166398786,
            832.0
          ],
          [
            142.32916892851813,
            43.33053379107214,
            832.0
          ],
          [
            142.32926944827165,
            43.33058591815642,
            832.0
          ],
          [
            142.32936996802516,
            43.3306380452407,
            832.0
          ],
          [
            142.3294704877787,
            43.33069017232498,
            833.0
          ],
          [
            142.32957100753222,
            43.33074229940926,
            833.0
          ],
          [
            142.32967152728577,
            43.33079442649354,
            833.0
          ],
          [
            142.32977204703928,
            43.33084655357782,
            833.0
          ],
          [
            142.3298725667928,
            43.3308986806621,
            833.0
          ],
          [
            142.32997308654635,
            43.330950807746376,
            834.0
          ],
          [
            142.33007360629986,
            43.33100293483066,
            835.0
          ],
          [
            142.3301741260534,
            43.33105506191494,
            835.0
          ],
          [
            142.33027464580692,
            43.33110718899922,
            835.0
          ],
          [
            142.33037516556044,
            43.3311593160835,
            835.0
          ],
          [
            142.33047568531398,
            43.33121144316778,
            834.0
          ],
          [
            142.3305762050675,
            43.331263570252055,
            834.0
          ],
          [
            142.33067672482105,
            43.331315697336336,
            834.0
          ],
          [
            142.33077724457456,
            43.33136782442062,
            834.0
          ],
          [
            142.33087776432808,
            43.3314199515049,
            833.0
          ],
          [
            142.33097866807597,
            43.33147167856917,
            833.0
          ],
          [
            142.33108018344197,
            43.33152276848999,
            834.0
          ],
          [
            142.33118169880794,
            43.331573858410806,
            834.0
          ],
          [
            142.33128321417394,
            43.33162494833162,
            833.0
          ],
          [
            142.33138472953993,
            43.33167603825244,
            832.0
          ],
          [
            142.33148243187853,
            43.33173041573672,
            832.0
          ],
          [
            142.33156820228928,
            43.33179508083916,
            831.0
          ],
          [
            142.33165397270005,
            43.33185974594159,
            830.0
          ],
          [
            142.33171025289187,
            43.33193905755002,
            829.0
          ],
          [
            142.3317611593234,
            43.33202103807088,
            827.0
          ],
          [
            142.33181101665772,
            43.33210335652557,
            825.0
          ],
          [
            142.3318428317564,
            43.33218943560312,
            821.0
          ],
          [
            142.33185880391906,
            43.33227868690265,
            819.0
          ],
          [
            142.3318747760817,
            43.332367938202175,
            815.0
          ],
          [
            142.33189074824435,
            43.332457189501696,
            813.0
          ],
          [
            142.33190161110008,
            43.33254676017118,
            809.0
          ],
          [
            142.33190665816832,
            43.33263669437093,
            807.0
          ],
          [
            142.3319117052366,
            43.3327266285707,
            805.0
          ],
          [
            142.33191675230483,
            43.332816562770454,
            800.0
          ],
          [
            142.3319324073888,
            43.3329046297445,
            798.0
          ],
          [
            142.33198406635364,
            43.33298635930596,
            793.0
          ],
          [
            142.3320357253185,
            43.33306808886743,
            790.0
          ],
          [
            142.33210388159205,
            43.33314300129782,
            786.0
          ],
          [
            142.33217951732456,
            43.33321309967536,
            782.0
          ],
          [
            142.3322773866867,
            43.333267852234655,
            778.0
          ],
          [
            142.33237525604886,
            43.33332260479395,
            774.0
          ],
          [
            142.33248197523426,
            43.33336768206825,
            770.0
          ],
          [
            142.3325887693387,
            43.33341267743548,
            768.0
          ],
          [
            142.33269556344317,
            43.33345767280271,
            761.0
          ],
          [
            142.33280235754762,
            43.333502668169935,
            758.0
          ],
          [
            142.3329066900572,
            43.33355015347869,
            756.0
          ],
          [
            142.33299884017117,
            43.33360996147009,
            753.0
          ],
          [
            142.33309099028517,
            43.33366976946149,
            751.0
          ],
          [
            142.33318314039914,
            43.333729577452885,
            750.0
          ],
          [
            142.33327529051314,
            43.333789385444284,
            747.0
          ],
          [
            142.33336744062711,
            43.33384919343568,
            744.0
          ],
          [
            142.33343480498704,
            43.3339234174846,
            738.0
          ],
          [
            142.33349408726815,
            43.33400234228671,
            735.0
          ],
          [
            142.3335533695493,
            43.33408126708881,
            732.0
          ],
          [
            142.3336126518304,
            43.33416019189092,
            730.0
          ],
          [
            142.3336733544376,
            43.33423851075995,
            724.0
          ],
          [
            142.33373847013408,
            43.334314946936786,
            721.0
          ],
          [
            142.3338035858306,
            43.334391383113626,
            718.0
          ],
          [
            142.33386870152708,
            43.33446781929046,
            716.0
          ],
          [
            142.33393381722357,
            43.33454425546729,
            711.0
          ],
          [
            142.33399893292008,
            43.334620691644126,
            708.0
          ],
          [
            142.3340398736631,
            43.33470501953527,
            704.0
          ],
          [
            142.33407451092597,
            43.334791405145566,
            700.0
          ],
          [
            142.3341187108484,
            43.33487523614322,
            693.0
          ],
          [
            142.33416864843758,
            43.334957534354324,
            689.0
          ],
          [
            142.3342185860268,
            43.33503983256543,
            685.0
          ],
          [
            142.33426852361598,
            43.335122130776526,
            679.0
          ],
          [
            142.33431846120516,
            43.33520442898763,
            677.0
          ],
          [
            142.33435302526846,
            43.33528946131043,
            674.0
          ],
          [
            142.33436054473816,
            43.33537930339127,
            670.0
          ],
          [
            142.33436806420784,
            43.33546914547211,
            667.0
          ],
          [
            142.33437607888172,
            43.33555896267405,
            662.0
          ],
          [
            142.3343854926126,
            43.33564870958779,
            659.0
          ],
          [
            142.33439490634345,
            43.33573845650153,
            655.0
          ],
          [
            142.33440432007433,
            43.33582820341527,
            653.0
          ],
          [
            142.33441348654114,
            43.335917961287215,
            647.0
          ],
          [
            142.33441901739795,
            43.33600788028149,
            644.0
          ],
          [
            142.33442454825476,
            43.33609779927577,
            641.0
          ],
          [
            142.33443007911157,
            43.33618771827004,
            633.0
          ],
          [
            142.33443560996838,
            43.33627763726432,
            629.0
          ],
          [
            142.33442161168546,
            43.33636697826669,
            622.0
          ],
          [
            142.33440612562902,
            43.336456275236344,
            620.0
          ],
          [
            142.33435252059104,
            43.336535770223996,
            617.0
          ],
          [
            142.33428790894143,
            43.33661243495216,
            617.0
          ],
          [
            142.33433493975645,
            43.33669441182357,
            614.0
          ],
          [
            142.33438536945062,
            43.336776550419586,
            614.0
          ],
          [
            142.33445087960715,
            43.336852433200235,
            612.0
          ],
          [
            142.33452175340312,
            43.336926090986886,
            609.0
          ],
          [
            142.33460283045005,
            43.33699347755135,
            604.0
          ],
          [
            142.33469020411687,
            43.33705699402552,
            600.0
          ],
          [
            142.3347720296019,
            43.337123937492585,
            598.0
          ],
          [
            142.33484339268512,
            43.33719734336085,
            596.0
          ],
          [
            142.33491475576832,
            43.33727074922912,
            598.0
          ],
          [
            142.33498611885153,
            43.33734415509739,
            598.0
          ],
          [
            142.33506691974057,
            43.33741179477084,
            599.0
          ],
          [
            142.3351533562741,
            43.33747599124737,
            600.0
          ],
          [
            142.3352397928076,
            43.3375401877239,
            604.0
          ],
          [
            142.33532622934112,
            43.33760438420043,
            603.0
          ],
          [
            142.33541446823008,
            43.33766712895333,
            602.0
          ],
          [
            142.3355104824444,
            43.33772361099936,
            598.0
          ],
          [
            142.33560649665873,
            43.3377800930454,
            592.0
          ],
          [
            142.33570251087306,
            43.337836575091444,
            589.0
          ],
          [
            142.33580072816508,
            43.33789089683164,
            587.0
          ],
          [
            142.33590240952682,
            43.33794182175556,
            584.0
          ],
          [
            142.33600429381235,
            43.337992461769424,
            581.0
          ],
          [
            142.33611981495275,
            43.33802395529974,
            578.0
          ],
          [
            142.33623533609315,
            43.338055448830055,
            573.0
          ],
          [
            142.33635378055502,
            43.33808022632448,
            570.0
          ],
          [
            142.3364730226708,
            43.33810317128963,
            565.0
          ],
          [
            142.33659226478656,
            43.33812611625478,
            561.0
          ],
          [
            142.33671150690233,
            43.33814906121993,
            558.0
          ],
          [
            142.3368307490181,
            43.33817200618508,
            552.0
          ],
          [
            142.33694999113388,
            43.33819495115023,
            549.0
          ],
          [
            142.33706923324965,
            43.33821789611538,
            546.0
          ],
          [
            142.33719108677664,
            43.33823082088937,
            550.0
          ],
          [
            142.33731354323072,
            43.338241432184454,
            549.0
          ],
          [
            142.33743599968483,
            43.338252043479535,
            546.0
          ],
          [
            142.3375584561389,
            43.33826265477462,
            545.0
          ],
          [
            142.33768091259302,
            43.3382732660697,
            542.0
          ],
          [
            142.3378033690471,
            43.33828387736478,
            540.0
          ],
          [
            142.3379258255012,
            43.33829448865987,
            541.0
          ],
          [
            142.33804828195528,
            43.33830509995495,
            540.0
          ],
          [
            142.3381707384094,
            43.33831571125003,
            539.0
          ],
          [
            142.33829319486347,
            43.338326322545115,
            536.0
          ],
          [
            142.33841597318127,
            43.338332396348335,
            535.0
          ],
          [
            142.33853927632006,
            43.33833107145788,
            533.0
          ],
          [
            142.33866257945886,
            43.33832974656742,
            532.0
          ],
          [
            142.33878588259765,
            43.338328421676955,
            530.0
          ],
          [
            142.33890918573644,
            43.3383270967865,
            530.0
          ],
          [
            142.33902929768874,
            43.33830811616762,
            529.0
          ],
          [
            142.33914885297037,
            43.33828605568278,
            526.0
          ],
          [
            142.33926840825197,
            43.338263995197934,
            526.0
          ]
        ]
      }
    },
    {
      "type": "Feature",
      "properties": {
        "name": "D2",
        "slope_deg": [
          20.556045219583467,
          20.556045219583467,
          20.556045219583467,
          18.00416160591338,
          18.00416160591338,
          11.309932474020215,
          8.530765609948133,
          8.530765609948133,
          4.289153328819018,
          4.289153328819018,
          2.862405226111748,
          0.0,
          0.0,
          -2.862405226111748,
          0.0,
          0.0,
          2.862405226111748,
          5.710593137499643,
          5.710593137499643,
          8.530765609948133,
          7.125016348901798,
          9.926245506651705,
          9.926245506651705,
          8.530765609948133,
          8.530765609948133,
          5.710593137499643,
          5.710593137499643,
          8.530765609948133,
          9.926245506651705,
          9.926245506651705,
          11.309932474020215,
          8.530765609948133,
          8.530765609948133,
          8.530765609948133,
          9.926245506651705,
          12.68038349181982,
          12.68038349181982,
          14.036243467926479,
          12.68038349181982,
          9.926245506651705,
          9.926245506651705,
          12.68038349181982,
          12.68038349181982,
          15.37625124882619,
          19.290046219188735,
          18.00416160591338,
          18.00416160591338,
          21.80140948635181,
          19.290046219188735,
          18.00416160591338,
          21.80140948635181,
          16.69924423399362,
          16.69924423399362,
          16.69924423399362,
          15.37625124882619,
          14.036243467926479,
          12.68038349181982,
          12.68038349181982,
          9.926245506651705,
          9.926245506651705,
          9.926245506651705
        ],
        "horizontal_dist_map": 607,
        "slope_dist_map": 624,
        "elevation_diff_map": 120.0,
        "avg_slope_deg_map": 10.9,
        "max_slope_deg_map": 21.8
      },
      "geometry": {
        "type": "LineString",
        "coordinates": [
          [
            142.3255849,
            43.3287756,
            876.0
          ],
          [
            142.32569790002358,
            43.32881161071561,
            872.0
          ],
          [
            142.3258109000472,
            43.32884762143123,
            869.0
          ],
          [
            142.3259239000708,
            43.32888363214684,
            863.0
          ],
          [
            142.3260369000944,
            43.32891964286245,
            861.0
          ],
          [
            142.326149900118,
            43.32895565357806,
            859.0
          ],
          [
            142.32626290014161,
            43.32899166429368,
            856.0
          ],
          [
            142.3263759001652,
            43.32902767500929,
            855.0
          ],
          [
            142.32648890018882,
            43.329063685724904,
            855.0
          ],
          [
            142.3266019002124,
            43.329099696440515,
            853.0
          ],
          [
            142.32671490023603,
            43.329135707156134,
            853.0
          ],
          [
            142.32682790025962,
            43.329171717871745,
            852.0
          ],
          [
            142.32693570293412,
            43.32921375762164,
            853.0
          ],
          [
            142.32702906098424,
            43.329272553439665,
            853.0
          ],
          [
            142.32712241903434,
            43.3293313492577,
            853.0
          ],
          [
            142.32721577708446,
            43.32939014507573,
            854.0
          ],
          [
            142.32730913513456,
            43.329448940893755,
            853.0
          ],
          [
            142.32740249318468,
            43.32950773671179,
            853.0
          ],
          [
            142.32749585123477,
            43.32956653252982,
            851.0
          ],
          [
            142.32758920928487,
            43.329625328347845,
            850.0
          ],
          [
            142.32768369550178,
            43.32968314295966,
            849.0
          ],
          [
            142.32777922663303,
            43.329740048772805,
            847.0
          ],
          [
            142.32787475776428,
            43.32979695458596,
            846.0
          ],
          [
            142.32797028889553,
            43.32985386039911,
            843.0
          ],
          [
            142.3280658200268,
            43.329910766212265,
            842.0
          ],
          [
            142.32816135115806,
            43.32996767202541,
            841.0
          ],
          [
            142.3282568822893,
            43.330024577838564,
            840.0
          ],
          [
            142.32835241342056,
            43.33008148365172,
            839.0
          ],
          [
            142.32845975351628,
            43.3301016885783,
            838.0
          ],
          [
            142.32858000005584,
            43.330081781780265,
            835.0
          ],
          [
            142.32870106932143,
            43.330065392831685,
            833.0
          ],
          [
            142.32882355173822,
            43.330055046299684,
            832.0
          ],
          [
            142.32894603415502,
            43.33004469976769,
            830.0
          ],
          [
            142.32906851657185,
            43.33003435323569,
            829.0
          ],
          [
            142.32919099898865,
            43.330024006703695,
            827.0
          ],
          [
            142.32931348140545,
            43.330013660171694,
            826.0
          ],
          [
            142.32943127011967,
            43.329990362773906,
            823.0
          ],
          [
            142.3295447365143,
            43.32995513923038,
            820.0
          ],
          [
            142.3296582029089,
            43.32991991568685,
            818.0
          ],
          [
            142.3297716693035,
            43.32988469214332,
            816.0
          ],
          [
            142.32986717968086,
            43.32983540118724,
            814.0
          ],
          [
            142.32992331205236,
            43.32975526003498,
            813.0
          ],
          [
            142.32997944442386,
            43.32967511888272,
            811.0
          ],
          [
            142.33003557679532,
            43.329594977730466,
            807.0
          ],
          [
            142.33009170916682,
            43.329514836578205,
            805.0
          ],
          [
            142.33014524002252,
            43.32943383365208,
            802.0
          ],
          [
            142.3301908979939,
            43.32935022276717,
            797.0
          ],
          [
            142.33023655596529,
            43.32926661188226,
            794.0
          ],
          [
            142.33028221393667,
            43.32918300099735,
            792.0
          ],
          [
            142.33032787190805,
            43.32909939011244,
            786.0
          ],
          [
            142.33037352987944,
            43.329015779227525,
            783.0
          ],
          [
            142.33041918785082,
            43.32893216834262,
            781.0
          ],
          [
            142.3304732265963,
            43.328851642436724,
            776.0
          ],
          [
            142.3305381656607,
            43.328775128959144,
            774.0
          ],
          [
            142.3306031047251,
            43.32869861548156,
            771.0
          ],
          [
            142.3306680437895,
            43.32862210200397,
            769.0
          ],
          [
            142.3307329828539,
            43.32854558852639,
            765.0
          ],
          [
            142.3307979219183,
            43.3284690750488,
            764.0
          ],
          [
            142.3308628609827,
            43.32839256157122,
            762.0
          ],
          [
            142.3309310819123,
            43.32831774531957,
            760.0
          ],
          [
            142.33100841353274,
            43.328247640687664,
            758.0
          ]
        ]
      }
    },
    {
      "type": "Feature",
      "properties": {
        "name": "E1",
        "slope_deg": [
          7.125016348901798,
          7.125016348901798,
          7.125016348901798,
          8.530765609948133,
          9.926245506651705,
          9.926245506651705,
          11.309932474020215,
          11.309932474020215,
          12.68038349181982,
          14.036243467926479,
          14.036243467926479,
          16.69924423399362,
          15.37625124882619,
          18.00416160591338,
          19.290046219188735,
          19.290046219188735,
          23.025492008528037,
          24.22774531795417,
          25.407718108948472,
          23.025492008528037,
          21.80140948635181,
          24.22774531795417,
          23.025492008528037,
          25.407718108948472,
          26.565051177077994,
          20.556045219583467,
          20.556045219583467,
          23.025492008528037,
          21.80140948635181,
          25.407718108948472,
          23.025492008528037,
          20.556045219583467,
          21.80140948635181,
          20.556045219583467,
          20.556045219583467,
          19.290046219188735,
          19.290046219188735,
          16.69924423399362,
          15.37625124882619,
          15.37625124882619,
          11.309932474020215,
          12.68038349181982,
          14.036243467926479,
          11.309932474020215,
          7.125016348901798,
          2.862405226111748,
          -1.4320961841646465,
          -5.710593137499643,
          -5.710593137499643,
          -5.710593137499643
        ],
        "horizontal_dist_map": 498,
        "slope_dist_map": 525,
        "elevation_diff_map": 140.0,
        "avg_slope_deg_map": 14.9,
        "max_slope_deg_map": 26.6
      },
      "geometry": {
        "type": "LineString",
        "coordinates": [
          [
            142.3192778693977,
            43.32424345943592,
            1062.0
          ],
          [
            142.3193689553338,
            43.32418280028852,
            1061.0
          ],
          [
            142.31945740185114,
            43.324120145107685,
            1060.0
          ],
          [
            142.31954364476186,
            43.32405582347192,
            1059.0
          ],
          [
            142.3196326781668,
            43.32399427554263,
            1057.0
          ],
          [
            142.3197425437785,
            43.32395343449262,
            1055.0
          ],
          [
            142.31985240939014,
            43.32391259344262,
            1053.0
          ],
          [
            142.31997246109452,
            43.32389320408835,
            1052.0
          ],
          [
            142.32009514672487,
            43.323893974483205,
            1049.0
          ],
          [
            142.32021824228366,
            43.323898992664525,
            1047.0
          ],
          [
            142.32034133784242,
            43.323904010845844,
            1044.0
          ],
          [
            142.3204644334012,
            43.323909029027156,
            1042.0
          ],
          [
            142.32058694253348,
            43.32391674001395,
            1039.0
          ],
          [
            142.3207060997074,
            43.323939842821716,
            1035.0
          ],
          [
            142.3208252568813,
            43.32396294562948,
            1033.0
          ],
          [
            142.32094441405522,
            43.323986048437256,
            1029.0
          ],
          [
            142.32105669852032,
            43.32402241386663,
            1025.0
          ],
          [
            142.32116696113982,
            43.32406268095606,
            1021.0
          ],
          [
            142.3212772237593,
            43.324102948045486,
            1016.0
          ],
          [
            142.3213874863788,
            43.32414321513492,
            1011.0
          ],
          [
            142.3214977489983,
            43.32418348222434,
            1006.0
          ],
          [
            142.32159781472663,
            43.324235670706265,
            1004.0
          ],
          [
            142.32169091336885,
            43.32429371199008,
            1000.0
          ],
          [
            142.32176110810767,
            43.324367708435794,
            993.0
          ],
          [
            142.3218313028465,
            43.32444170488151,
            989.0
          ],
          [
            142.32190149758532,
            43.32451570132723,
            985.0
          ],
          [
            142.32197169232415,
            43.32458969777294,
            980.0
          ],
          [
            142.32204188706297,
            43.32466369421866,
            978.0
          ],
          [
            142.3221120818018,
            43.32473769066438,
            974.0
          ],
          [
            142.32218227654062,
            43.32481168711009,
            968.0
          ],
          [
            142.32225247127946,
            43.324885683555806,
            964.0
          ],
          [
            142.32232056708648,
            43.32496067124657,
            959.0
          ],
          [
            142.3223842214074,
            43.32503775648101,
            957.0
          ],
          [
            142.32244787572827,
            43.32511484171544,
            953.0
          ],
          [
            142.32251153004918,
            43.32519192694988,
            948.0
          ],
          [
            142.3225751843701,
            43.325269012184314,
            944.0
          ],
          [
            142.322638838691,
            43.325346097418745,
            942.0
          ],
          [
            142.32270249301192,
            43.32542318265318,
            939.0
          ],
          [
            142.32276614733283,
            43.32550026788761,
            934.0
          ],
          [
            142.32282980165374,
            43.32557735312205,
            932.0
          ],
          [
            142.32289345597462,
            43.32565443835649,
            931.0
          ],
          [
            142.32295711029553,
            43.32573152359092,
            928.0
          ],
          [
            142.3229821864067,
            43.325818712542215,
            926.0
          ],
          [
            142.3230001662691,
            43.32590776001647,
            923.0
          ],
          [
            142.32301814613155,
            43.32599680749072,
            921.0
          ],
          [
            142.32304204611702,
            43.32608502280591,
            920.0
          ],
          [
            142.32307064268227,
            43.326172577948775,
            921.0
          ],
          [
            142.32309923924754,
            43.326260133091644,
            921.0
          ],
          [
            142.32312783581278,
            43.326347688234506,
            922.0
          ],
          [
            142.32315643237803,
            43.326435243377375,
            924.0
          ]
        ]
      }
    },
    {
      "type": "Feature",
      "properties": {
        "name": "E2",
        "slope_deg": [
          5.710593137499643,
          5.710593137499643,
          5.710593137499643,
          11.309932474020215,
          9.926245506651705,
          9.926245506651705,
          11.309932474020215,
          11.309932474020215,
          14.036243467926479,
          15.37625124882619,
          15.37625124882619,
          14.036243467926479,
          15.37625124882619,
          15.37625124882619,
          16.69924423399362,
          19.290046219188735,
          20.556045219583467,
          19.290046219188735,
          20.556045219583467,
          24.22774531795417,
          23.025492008528037,
          24.22774531795417,
          26.565051177077994,
          21.80140948635181,
          24.22774531795417,
          24.22774531795417,
          24.22774531795417,
          23.025492008528037,
          19.290046219188735,
          21.80140948635181,
          19.290046219188735,
          20.556045219583467,
          25.407718108948472,
          23.025492008528037,
          20.556045219583467,
          20.556045219583467,
          16.69924423399362,
          15.37625124882619,
          15.37625124882619,
          14.036243467926479,
          12.68038349181982,
          11.309932474020215,
          14.036243467926479,
          14.036243467926479,
          12.68038349181982,
          12.68038349181982,
          9.926245506651705,
          9.926245506651705,
          12.68038349181982,
          15.37625124882619,
          15.37625124882619,
          16.69924423399362,
          15.37625124882619,
          14.036243467926479,
          12.68038349181982,
          12.68038349181982,
          9.926245506651705,
          8.530765609948133,
          9.926245506651705,
          9.926245506651705,
          9.926245506651705
        ],
        "horizontal_dist_map": 606,
        "slope_dist_map": 636,
        "elevation_diff_map": 172.0,
        "avg_slope_deg_map": 15.1,
        "max_slope_deg_map": 26.6
      },
      "geometry": {
        "type": "LineString",
        "coordinates": [
          [
            142.3192504,
            43.3243154,
            1062.0
          ],
          [
            142.3191963233258,
            43.324396289315644,
            1063.0
          ],
          [
            142.31917271611906,
            43.324484260560226,
            1061.0
          ],
          [
            142.31915278603822,
            43.3245730864684,
            1059.0
          ],
          [
            142.31915071582455,
            43.324662749309084,
            1058.0
          ],
          [
            142.31916583284135,
            43.324751690632006,
            1055.0
          ],
          [
            142.31919269720697,
            43.324839537607915,
            1054.0
          ],
          [
            142.31924507036328,
            43.32491812373405,
            1052.0
          ],
          [
            142.31932480466222,
            43.32498677652251,
            1050.0
          ],
          [
            142.31940453896115,
            43.32505542931097,
            1047.0
          ],
          [
            142.3194842732601,
            43.32512408209943,
            1044.0
          ],
          [
            142.31956400755902,
            43.325192734887885,
            1041.0
          ],
          [
            142.31964374185796,
            43.32526138767634,
            1039.0
          ],
          [
            142.3197234761569,
            43.3253300404648,
            1037.0
          ],
          [
            142.31980321045583,
            43.325398693253256,
            1033.0
          ],
          [
            142.31988294475477,
            43.32546734604172,
            1030.0
          ],
          [
            142.3199626790537,
            43.325535998830176,
            1027.0
          ],
          [
            142.32006263580539,
            43.3255844168061,
            1023.0
          ],
          [
            142.3201765219491,
            43.325618896876456,
            1018.0
          ],
          [
            142.3202904080928,
            43.32565337694681,
            1016.0
          ],
          [
            142.3204042942365,
            43.325687857017165,
            1012.0
          ],
          [
            142.32051818038022,
            43.32572233708752,
            1005.0
          ],
          [
            142.32063206652393,
            43.325756817157874,
            1001.0
          ],
          [
            142.3207525192895,
            43.325769372776655,
            998.0
          ],
          [
            142.3208757240922,
            43.32577273997168,
            992.0
          ],
          [
            142.32099892889488,
            43.32577610716671,
            989.0
          ],
          [
            142.32112213369757,
            43.32577947436174,
            983.0
          ],
          [
            142.32124533850026,
            43.325782841556766,
            980.0
          ],
          [
            142.32136854330295,
            43.3257862087518,
            974.0
          ],
          [
            142.3214871135715,
            43.32581003819512,
            972.0
          ],
          [
            142.3216052450159,
            43.32583580512092,
            969.0
          ],
          [
            142.32172337646028,
            43.325861572046705,
            964.0
          ],
          [
            142.32184150790465,
            43.32588733897249,
            960.0
          ],
          [
            142.3219573997608,
            43.325917454889094,
            957.0
          ],
          [
            142.32206722877078,
            43.32595785817667,
            950.0
          ],
          [
            142.3221691106682,
            43.326008548273,
            947.0
          ],
          [
            142.3222709925656,
            43.32605923836934,
            945.0
          ],
          [
            142.32237287446299,
            43.32610992846567,
            942.0
          ],
          [
            142.3224747563604,
            43.32616061856201,
            938.0
          ],
          [
            142.3225766382578,
            43.32621130865834,
            936.0
          ],
          [
            142.32267852015522,
            43.326261998754674,
            934.0
          ],
          [
            142.32278040205262,
            43.326312688851004,
            932.0
          ],
          [
            142.32288228395,
            43.32636337894734,
            929.0
          ],
          [
            142.32298416584743,
            43.32641406904367,
            928.0
          ],
          [
            142.32308604774482,
            43.32646475914001,
            924.0
          ],
          [
            142.32318794524966,
            43.32651543249176,
            922.0
          ],
          [
            142.32329007836438,
            43.326565853067365,
            920.0
          ],
          [
            142.3233922114791,
            43.32661627364297,
            919.0
          ],
          [
            142.323493343798,
            43.32666765517087,
            917.0
          ],
          [
            142.3235871968188,
            43.32672602619451,
            915.0
          ],
          [
            142.32368104983965,
            43.32678439721814,
            911.0
          ],
          [
            142.3237749028605,
            43.326842768241775,
            908.0
          ],
          [
            142.32386875588134,
            43.32690113926541,
            906.0
          ],
          [
            142.32396260890218,
            43.326959510289036,
            903.0
          ],
          [
            142.32405646192302,
            43.32701788131267,
            900.0
          ],
          [
            142.32415031494386,
            43.327076252336305,
            898.0
          ],
          [
            142.3242541473181,
            43.32712375320232,
            897.0
          ],
          [
            142.32436377639712,
            43.32716493992236,
            894.0
          ],
          [
            142.32447340547614,
            43.327206126642395,
            893.0
          ],
          [
            142.32458303455513,
            43.32724731336243,
            892.0
          ],
          [
            142.32469266363415,
            43.32728850008247,
            890.0
          ]
        ]
      }
    },
    {
      "type": "Feature",
      "properties": {
        "name": "プレミアムゾーン",
        "slope_deg": [
          12.68038349181982,
          12.68038349181982,
          12.68038349181982,
          11.309932474020215,
          16.69924423399362,
          18.00416160591338,
          21.80140948635181,
          21.80140948635181,
          19.290046219188735,
          19.290046219188735,
          21.80140948635181,
          21.80140948635181,
          23.025492008528037,
          23.025492008528037,
          19.290046219188735,
          24.22774531795417,
          20.556045219583467,
          25.407718108948472,
          23.025492008528037,
          21.80140948635181,
          25.407718108948472,
          23.025492008528037,
          29.89890183861456,
          27.699472808055,
          28.810793742973065,
          26.565051177077994,
          21.80140948635181,
          26.565051177077994,
          24.22774531795417,
          30.96375653207352,
          30.96375653207352,
          30.96375653207352,
          30.96375653207352,
          24.22774531795417,
          28.810793742973065,
          25.407718108948472,
          30.96375653207352,
          29.89890183861456,
          24.22774531795417,
          25.407718108948472,
          19.290046219188735,
          21.80140948635181,
          21.80140948635181,
          19.290046219188735,
          23.025492008528037,
          23.025492008528037,
          28.810793742973065,
          29.89890183861456,
          24.22774531795417,
          23.025492008528037,
          18.00416160591338,
          21.80140948635181,
          23.025492008528037,
          24.22774531795417,
          23.025492008528037,
          14.036243467926479,
          16.69924423399362,
          11.309932474020215,
          11.309932474020215,
          11.309932474020215,
          8.530765609948133,
          9.926245506651705,
          7.125016348901798,
          9.926245506651705,
          9.926245506651705,
          14.036243467926479,
          18.00416160591338,
          20.556045219583467,
          23.025492008528037,
          21.80140948635181,
          20.556045219583467,
          18.00416160591338,
          23.025492008528037,
          24.22774531795417,
          20.556045219583467,
          27.699472808055,
          21.80140948635181,
          23.025492008528037,
          27.699472808055,
          20.556045219583467,
          24.22774531795417,
          23.025492008528037,
          23.025492008528037,
          23.025492008528037
        ],
        "horizontal_dist_map": 837,
        "slope_dist_map": 916,
        "elevation_diff_map": 336.0,
        "avg_slope_deg_map": 20.1,
        "max_slope_deg_map": 31.0
      },
      "geometry": {
        "type": "LineString",
        "coordinates": [
          [
            142.3263213,
            43.336815,
            939.0
          ],
          [
            142.32644217615788,
            43.336832807482985,
            936.0
          ],
          [
            142.32656305231578,
            43.336850614965975,
            934.0
          ],
          [
            142.3266839284737,
            43.33686842244896,
            932.0
          ],
          [
            142.3268048046316,
            43.33688622993195,
            930.0
          ],
          [
            142.3269256807895,
            43.33690403741493,
            928.0
          ],
          [
            142.32704674994935,
            43.33690127851012,
            922.0
          ],
          [
            142.32716794897357,
            43.33688468119151,
            919.0
          ],
          [
            142.32728914799782,
            43.33686808387291,
            914.0
          ],
          [
            142.32733096380102,
            43.33679708410197,
            912.0
          ],
          [
            142.3273460239945,
            43.336707748330504,
            908.0
          ],
          [
            142.327361084188,
            43.33661841255904,
            905.0
          ],
          [
            142.32737614438147,
            43.336529076787585,
            898.0
          ],
          [
            142.32738903959148,
            43.336439564117256,
            896.0
          ],
          [
            142.3274014140824,
            43.336350008899444,
            891.0
          ],
          [
            142.32741378857335,
            43.33626045368163,
            888.0
          ],
          [
            142.32742616306427,
            43.33617089846381,
            884.0
          ],
          [
            142.32743727867012,
            43.33608125744348,
            878.0
          ],
          [
            142.32744783220303,
            43.33599157811365,
            876.0
          ],
          [
            142.32745838573595,
            43.33590189878381,
            869.0
          ],
          [
            142.32750117103913,
            43.33581904167575,
            867.0
          ],
          [
            142.32755797950145,
            43.33573915272926,
            862.0
          ],
          [
            142.32764670246485,
            43.335696370184365,
            857.0
          ],
          [
            142.32776996102976,
            43.33569374154617,
            852.0
          ],
          [
            142.32789321959464,
            43.33569111290799,
            844.0
          ],
          [
            142.32801647815955,
            43.3356884842698,
            841.0
          ],
          [
            142.32813965374848,
            43.335687727020954,
            835.0
          ],
          [
            142.32826242147337,
            43.33569616848955,
            832.0
          ],
          [
            142.32838518919826,
            43.335704609958135,
            828.0
          ],
          [
            142.32850795692315,
            43.33571305142673,
            821.0
          ],
          [
            142.32863072464804,
            43.335721492895324,
            817.0
          ],
          [
            142.32875349237293,
            43.33572993436391,
            808.0
          ],
          [
            142.3288762600978,
            43.335738375832506,
            804.0
          ],
          [
            142.32899902782268,
            43.33574681730109,
            797.0
          ],
          [
            142.32912006584442,
            43.33576350955724,
            793.0
          ],
          [
            142.32924067323017,
            43.335782255972916,
            790.0
          ],
          [
            142.32936128061593,
            43.33580100238859,
            782.0
          ],
          [
            142.32948188800165,
            43.33581974880427,
            778.0
          ],
          [
            142.3296024953874,
            43.33583849521995,
            769.0
          ],
          [
            142.32972310277313,
            43.33585724163563,
            767.0
          ],
          [
            142.32984371015888,
            43.335875988051306,
            764.0
          ],
          [
            142.32996431754464,
            43.33589473446698,
            759.0
          ],
          [
            142.33008492493036,
            43.33591348088266,
            755.0
          ],
          [
            142.3302055323161,
            43.335932227298336,
            751.0
          ],
          [
            142.33032708538894,
            43.335946068521196,
            748.0
          ],
          [
            142.33045009702354,
            43.33595234431712,
            745.0
          ],
          [
            142.33057310865814,
            43.33595862011305,
            738.0
          ],
          [
            142.33069612029277,
            43.33596489590897,
            734.0
          ],
          [
            142.33081913192737,
            43.335971171704905,
            726.0
          ],
          [
            142.33094214356197,
            43.33597744750083,
            722.0
          ],
          [
            142.33106515519657,
            43.335983723296756,
            720.0
          ],
          [
            142.33118816683117,
            43.33598999909268,
            717.0
          ],
          [
            142.33131117846577,
            43.335996274888615,
            713.0
          ],
          [
            142.33143419010037,
            43.33600255068454,
            706.0
          ],
          [
            142.33155378849546,
            43.33602025811296,
            703.0
          ],
          [
            142.33166922151955,
            43.336051916215055,
            699.0
          ],
          [
            142.3317846545436,
            43.33608357431715,
            696.0
          ],
          [
            142.3319000875677,
            43.336115232419246,
            696.0
          ],
          [
            142.33201552059177,
            43.33614689052135,
            691.0
          ],
          [
            142.33213095361586,
            43.336178548623444,
            691.0
          ],
          [
            142.33223459171558,
            43.33622634849254,
            688.0
          ],
          [
            142.33233491124685,
            43.3362786899388,
            688.0
          ],
          [
            142.33243523077812,
            43.33633103138507,
            685.0
          ],
          [
            142.33253555030936,
            43.336383372831335,
            684.0
          ],
          [
            142.33263586984063,
            43.336435714277606,
            683.0
          ],
          [
            142.3327294938023,
            43.33649378047676,
            681.0
          ],
          [
            142.33281604606464,
            43.33655789302201,
            678.0
          ],
          [
            142.332902598327,
            43.33662200556727,
            674.0
          ],
          [
            142.33298915058936,
            43.33668611811253,
            670.0
          ],
          [
            142.33307570285172,
            43.336750230657785,
            666.0
          ],
          [
            142.33316225511408,
            43.336814343203045,
            661.0
          ],
          [
            142.33324880737644,
            43.336878455748305,
            658.0
          ],
          [
            142.33333535963877,
            43.336942568293566,
            655.0
          ],
          [
            142.33343805791378,
            43.33698641439075,
            653.0
          ],
          [
            142.3335572057336,
            43.337009613046796,
            644.0
          ],
          [
            142.33367635355341,
            43.33703281170285,
            640.0
          ],
          [
            142.33379550137323,
            43.33705601035889,
            640.0
          ],
          [
            142.33391464919305,
            43.33707920901494,
            632.0
          ],
          [
            142.33403379701286,
            43.33710240767098,
            628.0
          ],
          [
            142.33415294483268,
            43.337125606327035,
            623.0
          ],
          [
            142.3342746855657,
            43.33713789553496,
            619.0
          ],
          [
            142.33439757664013,
            43.33714534478547,
            617.0
          ],
          [
            142.33452046771455,
            43.33715279403599,
            610.0
          ],
          [
            142.33464335878898,
            43.3371602432865,
            606.0
          ]
        ]
      }
    },
    {
      "type": "Feature",
      "properties": {
        "name": "G3",
        "slope_deg": [
          20.68152167820093,
          20.68152167820093,
          20.68152167820093,
          21.80140948635181,
          23.98906400955247,
          25.173524524530244,
          27.81164686964382,
          25.641005824305335,
          23.989064009552337,
          22.293629159694053,
          20.052082146098424,
          23.629377730656817,
          24.22774531795417,
          25.98923358383301,
          27.923589715138434,
          27.81164686964382,
          28.810793742973065,
          28.479831142093357,
          27.021581591177014,
          27.135139622076878,
          27.587067675863857,
          26.9077935265408,
          25.5244753562944,
          21.677820852504393,
          17.484427323220732,
          14.97598451475675,
          14.305551846622015,
          16.304198003832376,
          18.906332035086663,
          20.178380074508645,
          21.801409486351744,
          22.782405730481635,
          23.629377730656817,
          21.924785220541203,
          21.80140948635181,
          20.806791012711216,
          19.290046219188735,
          21.056705590704752,
          21.43000730175237,
          21.305783617828798,
          21.677820852504393,
          20.052082146098567,
          19.417554141579483,
          19.03443435483521,
          17.614643300007028,
          17.874511367250282,
          16.039943306049665,
          13.224551192213497,
          12.270720357815309,
          12.13388017063338,
          12.952764513375502,
          13.360218444764483,
          11.996899307923577,
          10.619655276155134,
          8.390627013252628,
          7.406912128495215,
          6.842773412630957,
          4.716221234338296,
          3.576334374997351,
          3.0052693596899664,
          3.576334374997351,
          4.004172940709404,
          3.576334374997351,
          2.576571830268847,
          0.4297102894010599,
          0.4297102894010599,
          0.4297102894010599
        ],
        "horizontal_dist_map": 668,
        "slope_dist_map": 710,
        "elevation_diff_map": 214.1,
        "avg_slope_deg_map": 16.8,
        "max_slope_deg_map": 28.8
      },
      "geometry": {
        "type": "LineString",
        "coordinates": [
          [
            142.3376111831477,
            43.34186161856104,
            648.5
          ],
          [
            142.33773091800606,
            43.34188317564015,
            644.7
          ],
          [
            142.33785065286446,
            43.34190473271926,
            641.2
          ],
          [
            142.33797038772283,
            43.34192628979837,
            636.7
          ],
          [
            142.3380901225812,
            43.34194784687748,
            633.4
          ],
          [
            142.3382098574396,
            43.34196940395659,
            628.7
          ],
          [
            142.33832959229798,
            43.3419909610357,
            623.4
          ],
          [
            142.33844932715635,
            43.342012518114814,
            617.9
          ],
          [
            142.33856906201476,
            43.34203407519392,
            612.3
          ],
          [
            142.33868879687313,
            43.34205563227303,
            609.5
          ],
          [
            142.3388085317315,
            43.34207718935214,
            605.6
          ],
          [
            142.3389282665899,
            43.342098746431255,
            601.5
          ],
          [
            142.33904800144828,
            43.34212030351036,
            597.7
          ],
          [
            142.33916773630668,
            43.34214186058947,
            592.0
          ],
          [
            142.33928747116505,
            43.34216341766858,
            587.6
          ],
          [
            142.3394078863505,
            43.34218168069198,
            582.0
          ],
          [
            142.33953100813548,
            43.34218683871029,
            576.5
          ],
          [
            142.33965412992046,
            43.3421919967286,
            570.9
          ],
          [
            142.33977725170547,
            43.342197154746906,
            565.6
          ],
          [
            142.33990037349045,
            43.34220231276522,
            560.3
          ],
          [
            142.34002349527543,
            43.34220747078353,
            556.1
          ],
          [
            142.3401466170604,
            43.34221262880184,
            550.4
          ],
          [
            142.3402697388454,
            43.34221778682014,
            544.7
          ],
          [
            142.3403928606304,
            43.342222944838454,
            540.0
          ],
          [
            142.34051598241538,
            43.342228102856765,
            537.0
          ],
          [
            142.34063910420036,
            43.342233260875076,
            534.5
          ],
          [
            142.34076222598534,
            43.34223841889338,
            532.1
          ],
          [
            142.34088534777035,
            43.34224357691169,
            529.3
          ],
          [
            142.34100846955533,
            43.34224873493,
            526.8
          ],
          [
            142.34113159134031,
            43.342253892948314,
            522.8
          ],
          [
            142.3412547131253,
            43.34225905096662,
            518.4
          ],
          [
            142.3413778349103,
            43.34226420898493,
            514.6
          ],
          [
            142.34150095669528,
            43.34226936700324,
            510.8
          ],
          [
            142.34162407848027,
            43.342274525021544,
            506.0
          ],
          [
            142.34174720026525,
            43.342279683039855,
            500.9
          ],
          [
            142.34187032205023,
            43.34228484105817,
            498.5
          ],
          [
            142.34199344383524,
            43.34228999907648,
            494.8
          ],
          [
            142.34211656562022,
            43.34229515709478,
            490.8
          ],
          [
            142.3422396874052,
            43.34230031511309,
            486.9
          ],
          [
            142.34236280919018,
            43.342305473131404,
            483.1
          ],
          [
            142.3424859309752,
            43.342310631149715,
            479.1
          ],
          [
            142.34260905276017,
            43.34231578916802,
            475.2
          ],
          [
            142.34273217454515,
            43.34232094718633,
            471.0
          ],
          [
            142.34285529633013,
            43.34232610520464,
            468.5
          ],
          [
            142.34297843722467,
            43.34233003990665,
            465.0
          ],
          [
            142.34310168815583,
            43.34232693050075,
            461.4
          ],
          [
            142.34322493908698,
            43.34232382109484,
            458.3
          ],
          [
            142.34334819001816,
            43.342320711688934,
            455.6
          ],
          [
            142.34347144094932,
            43.342317602283025,
            453.5
          ],
          [
            142.3435946918805,
            43.34231449287712,
            452.0
          ],
          [
            142.34371794281165,
            43.34231138347121,
            449.6
          ],
          [
            142.34384119374283,
            43.3423082740653,
            447.0
          ],
          [
            142.343964444674,
            43.3423051646594,
            444.3
          ],
          [
            142.34408769560514,
            43.34230205525349,
            442.5
          ],
          [
            142.34421094653632,
            43.34229894584759,
            441.1
          ],
          [
            142.34433419746748,
            43.34229583644168,
            439.5
          ],
          [
            142.34445744839866,
            43.342292727035776,
            438.4
          ],
          [
            142.3445806993298,
            43.342289617629866,
            437.3
          ],
          [
            142.344703950261,
            43.342286508223964,
            436.3
          ],
          [
            142.34482720119215,
            43.342283398818054,
            436.2
          ],
          [
            142.3449504521233,
            43.34228028941215,
            435.9
          ],
          [
            142.34507370305448,
            43.34227718000624,
            435.2
          ],
          [
            142.34519698302532,
            43.34227512123622,
            433.8
          ],
          [
            142.34532030541612,
            43.34227459719108,
            433.4
          ],
          [
            142.34544362780693,
            43.34227407314594,
            433.4
          ],
          [
            142.3455669501977,
            43.342273549100796,
            433.4
          ],
          [
            142.3456902725885,
            43.342273025055654,
            433.5
          ]
        ]
      }
    },
    {
      "type": "Feature",
      "properties": {
        "name": "G2",
        "slope_deg": [
          16.69924423399362,
          16.69924423399362,
          16.69924423399362,
          18.00416160591338,
          18.00416160591338,
          18.00416160591338,
          18.00416160591338,
          18.00416160591338,
          16.69924423399362,
          18.00416160591338,
          20.556045219583467,
          21.80140948635181,
          25.407718108948472,
          26.565051177077994,
          26.565051177077994,
          26.565051177077994,
          23.025492008528037,
          21.80140948635181,
          20.556045219583467,
          20.556045219583467,
          23.025492008528037,
          23.025492008528037,
          23.025492008528037,
          24.22774531795417,
          20.556045219583467,
          19.290046219188735,
          18.00416160591338,
          15.37625124882619,
          14.036243467926479,
          15.642246457208712,
          14.170977562933123,
          12.270720357815309,
          13.766300685466273,
          9.50877195829783,
          8.530765609948133,
          7.547725773843127,
          5.852378988915572,
          5.426812498572835,
          5.710593137499643,
          5.994092949108454,
          5.710593137499643,
          6.983937460085339,
          5.994092949108454,
          5.000644597558433,
          5.000644597558433,
          5.000644597558433
        ],
        "horizontal_dist_map": 452,
        "slope_dist_map": 475,
        "elevation_diff_map": 129.7,
        "avg_slope_deg_map": 15.3,
        "max_slope_deg_map": 26.6
      },
      "geometry": {
        "type": "LineString",
        "coordinates": [
          [
            142.34095077668584,
            43.3400562188802,
            570.0
          ],
          [
            142.34106965265832,
            43.34008016469326,
            568.0
          ],
          [
            142.34118852863077,
            43.340104110506324,
            564.0
          ],
          [
            142.34130430581425,
            43.340132453384726,
            561.0
          ],
          [
            142.34140012674476,
            43.34018911343748,
            558.0
          ],
          [
            142.34149538474983,
            43.34024625009363,
            555.0
          ],
          [
            142.34158627860316,
            43.34030708167858,
            551.0
          ],
          [
            142.34167717245649,
            43.340367913263535,
            548.0
          ],
          [
            142.34176806630984,
            43.34042874484849,
            545.0
          ],
          [
            142.34185896016317,
            43.34048957643344,
            542.0
          ],
          [
            142.34194679495567,
            43.34055235407044,
            539.0
          ],
          [
            142.34201694330096,
            43.34062638311716,
            535.0
          ],
          [
            142.34208709164625,
            43.340700412163876,
            530.0
          ],
          [
            142.3421572399915,
            43.3407744412106,
            526.0
          ],
          [
            142.3422273883368,
            43.34084847025732,
            520.0
          ],
          [
            142.34230464404587,
            43.3409178522967,
            515.0
          ],
          [
            142.34239777551858,
            43.34097685428627,
            510.0
          ],
          [
            142.3424909069913,
            43.34103585627583,
            506.0
          ],
          [
            142.342584038464,
            43.34109485826539,
            503.0
          ],
          [
            142.3426771699367,
            43.341153860254956,
            499.0
          ],
          [
            142.34277030140942,
            43.341212862244525,
            495.0
          ],
          [
            142.34286343288213,
            43.34127186423409,
            491.0
          ],
          [
            142.34295656435484,
            43.34133086622365,
            486.0
          ],
          [
            142.34304969582755,
            43.34138986821322,
            482.0
          ],
          [
            142.34314282730026,
            43.34144887020278,
            478.0
          ],
          [
            142.34325395394347,
            43.34148570416411,
            473.0
          ],
          [
            142.34336959339834,
            43.341516978848546,
            471.0
          ],
          [
            142.34348523285317,
            43.341548253532984,
            468.0
          ],
          [
            142.34360087230803,
            43.34157952821742,
            465.0
          ],
          [
            142.3437165117629,
            43.341610802901855,
            462.0
          ],
          [
            142.34383215121773,
            43.34164207758629,
            461.0
          ],
          [
            142.3439477906726,
            43.34167335227073,
            456.8
          ],
          [
            142.34406343012745,
            43.34170462695517,
            454.9
          ],
          [
            142.3441790695823,
            43.3417359016396,
            453.3
          ],
          [
            142.34429791736497,
            43.341759653699846,
            451.2
          ],
          [
            142.3444174495176,
            43.34178180110542,
            450.1
          ],
          [
            142.34453698167025,
            43.341803948510986,
            448.9
          ],
          [
            142.34465651382288,
            43.34182609591655,
            448.0
          ],
          [
            142.34477604597552,
            43.34184824332212,
            447.1
          ],
          [
            142.3448955781282,
            43.341870390727685,
            446.3
          ],
          [
            142.34501511028083,
            43.34189253813325,
            444.9
          ],
          [
            142.34513464243346,
            43.341914685538825,
            443.8
          ],
          [
            142.3452541745861,
            43.34193683294439,
            443.1
          ],
          [
            142.34537370673874,
            43.34195898034996,
            441.4
          ],
          [
            142.3454932388914,
            43.341981127755524,
            440.7
          ],
          [
            142.34561277104405,
            43.34200327516109,
            440.3
          ]
        ]
      }
    },
    {
      "type": "Feature",
      "properties": {
        "name": "F3",
        "slope_deg": [
          13.495733280795843,
          13.495733280795843,
          13.495733280795843,
          18.133621430820412,
          16.69924423399362,
          15.509334522674907,
          16.961705886532894,
          12.68038349181982,
          12.68038349181982,
          16.69924423399362,
          16.69924423399362,
          18.00416160591338,
          19.290046219188735,
          15.37625124882619,
          15.37625124882619,
          14.036243467926479,
          14.036243467926479,
          13.766300685466273,
          12.40741852740076,
          15.109575122340479,
          14.57421619803871,
          14.708303899682749,
          15.37625124882619,
          12.40741852740076,
          11.58512622485511,
          11.585126224855031,
          10.757967088389957,
          10.481218144130889,
          9.090276920822289,
          8.670801453590993,
          8.810732985984973,
          9.22988624372772,
          10.342657140474627,
          10.0651693527598,
          8.670801453590913,
          8.670801453590913,
          8.670801453590913
        ],
        "horizontal_dist_map": 362,
        "slope_dist_map": 373,
        "elevation_diff_map": 84.5,
        "avg_slope_deg_map": 12.7,
        "max_slope_deg_map": 19.3
      },
      "geometry": {
        "type": "LineString",
        "coordinates": [
          [
            142.3484963,
            43.3419637,
            407.8
          ],
          [
            142.3485645954219,
            43.341888753158685,
            406.1
          ],
          [
            142.34863289084376,
            43.341813806317376,
            403.0
          ],
          [
            142.34870118626566,
            43.34173885947606,
            400.1
          ],
          [
            142.34876948168753,
            43.34166391263474,
            398.2
          ],
          [
            142.34883777710942,
            43.341588965793434,
            393.0
          ],
          [
            142.3489060725313,
            43.34151401895212,
            391.0
          ],
          [
            142.3489743679532,
            43.3414390721108,
            389.0
          ],
          [
            142.34904266337506,
            43.34136412526949,
            386.0
          ],
          [
            142.3491131006275,
            43.34129042363446,
            384.0
          ],
          [
            142.34919790813586,
            43.34122507650392,
            382.0
          ],
          [
            142.34928271564422,
            43.34115972937338,
            377.0
          ],
          [
            142.34936752315255,
            43.341094382242844,
            374.0
          ],
          [
            142.3494523306609,
            43.3410290351123,
            371.0
          ],
          [
            142.34953713816927,
            43.34096368798176,
            368.0
          ],
          [
            142.3496219456776,
            43.34089834085122,
            366.0
          ],
          [
            142.34970675318596,
            43.34083299372068,
            363.0
          ],
          [
            142.3497915606943,
            43.340767646590145,
            361.0
          ],
          [
            142.34989022595488,
            43.34071560496043,
            358.0
          ],
          [
            142.34999918149768,
            43.34067344353043,
            356.2
          ],
          [
            142.3501081370405,
            43.340631282100425,
            354.2
          ],
          [
            142.35021709258334,
            43.34058912067042,
            350.2
          ],
          [
            142.35032604812616,
            43.34054695924042,
            347.6
          ],
          [
            142.35043500366896,
            43.34050479781042,
            345.7
          ],
          [
            142.3505506562637,
            43.34047453861297,
            343.2
          ],
          [
            142.35066876035387,
            43.34044863629811,
            341.4
          ],
          [
            142.35078686444402,
            43.34042273398325,
            339.4
          ],
          [
            142.3509049685342,
            43.3403968316684,
            337.5
          ],
          [
            142.35102307262434,
            43.34037092935354,
            335.6
          ],
          [
            142.35114117671452,
            43.34034502703869,
            334.0
          ],
          [
            142.3512644892134,
            43.34034558801534,
            333.0
          ],
          [
            142.35138780715488,
            43.34034617664513,
            331.4
          ],
          [
            142.35151112509638,
            43.34034676527492,
            329.4
          ],
          [
            142.35163444315342,
            43.34034734130917,
            327.5
          ],
          [
            142.35175776121773,
            43.34034791655378,
            325.7
          ],
          [
            142.35188107928204,
            43.3403484917984,
            324.3
          ],
          [
            142.35200439734632,
            43.340349067043014,
            323.3
          ]
        ]
      }
    },
    {
      "type": "Feature",
      "properties": {
        "name": "F3_2",
        "slope_deg": [
          14.036243467926479,
          14.036243467926479,
          14.036243467926479,
          16.172159015782583,
          15.642246457208712,
          15.50933452267483,
          13.766300685466273,
          11.309932474020215,
          9.22988624372772,
          11.447596263685636,
          12.68038349181982,
          11.309932474020215,
          17.484427323220732,
          15.907551930525813,
          19.544862326628756,
          23.025492008528037,
          20.17838007450872,
          21.80140948635181,
          21.05670559070482,
          18.39196625070541,
          16.304198003832298,
          13.224551192213573,
          9.926245506651705,
          9.926245506651705,
          10.342657140474627,
          11.034209003250266,
          11.447596263685558,
          11.996899307923577,
          12.1338801706333,
          12.1338801706333,
          12.1338801706333
        ],
        "horizontal_dist_map": 306,
        "slope_dist_map": 318,
        "elevation_diff_map": 78.4,
        "avg_slope_deg_map": 13.8,
        "max_slope_deg_map": 23.0
      },
      "geometry": {
        "type": "LineString",
        "coordinates": [
          [
            142.3484963,
            43.3419637,
            407.8
          ],
          [
            142.34860520808144,
            43.341921470656025,
            405.6
          ],
          [
            142.34871411616288,
            43.34187924131206,
            402.7
          ],
          [
            142.34882302424433,
            43.34183701196808,
            400.2
          ],
          [
            142.34893193232577,
            43.34179478262411,
            397.8
          ],
          [
            142.34904084040724,
            43.34175255328014,
            394.0
          ],
          [
            142.34914974848868,
            43.34171032393616,
            391.5
          ],
          [
            142.34925865657013,
            43.341668094592194,
            389.1
          ],
          [
            142.34936756465157,
            43.34162586524822,
            388.0
          ],
          [
            142.34947647273302,
            43.34158363590424,
            386.0
          ],
          [
            142.34958538081446,
            43.341541406560275,
            385.0
          ],
          [
            142.3496942888959,
            43.3414991772163,
            381.0
          ],
          [
            142.34980319697735,
            43.34145694787233,
            379.0
          ],
          [
            142.34990916546616,
            43.341411403419436,
            378.0
          ],
          [
            142.3500065596214,
            43.34135618931055,
            372.4
          ],
          [
            142.35010395377662,
            43.34130097520166,
            369.6
          ],
          [
            142.35020134793186,
            43.34124576109277,
            364.8
          ],
          [
            142.3502987420871,
            43.34119054698388,
            361.0
          ],
          [
            142.35039613624232,
            43.34113533287499,
            357.7
          ],
          [
            142.35049353039756,
            43.3410801187661,
            353.6
          ],
          [
            142.3505909245528,
            43.34102490465722,
            349.4
          ],
          [
            142.3506801045356,
            43.340962918954915,
            347.7
          ],
          [
            142.35076700241763,
            43.34089905193604,
            346.0
          ],
          [
            142.35085390029963,
            43.34083518491716,
            344.2
          ],
          [
            142.35094079818163,
            43.34077131789829,
            342.4
          ],
          [
            142.35102769606365,
            43.340707450879414,
            340.7
          ],
          [
            142.35111459394565,
            43.34064358386053,
            338.7
          ],
          [
            142.35120149182765,
            43.34057971684166,
            336.4
          ],
          [
            142.35128838970968,
            43.340515849822786,
            334.3
          ],
          [
            142.35137528759168,
            43.340451982803906,
            332.2
          ],
          [
            142.3514621854737,
            43.34038811578503,
            330.1
          ]
        ]
      }
    },
    {
      "type": "Feature",
      "properties": {
        "name": "B1",
        "slope_deg": [
          21.80140948635181,
          21.80140948635181,
          21.80140948635181,
          19.290046219188735,
          16.69924423399362,
          12.68038349181982,
          11.309932474020215,
          11.309932474020215,
          7.125016348901798,
          9.926245506651705,
          7.125016348901798,
          9.926245506651705,
          11.309932474020215,
          9.926245506651705,
          9.926245506651705,
          14.036243467926479,
          16.69924423399362,
          19.290046219188735,
          19.290046219188735,
          16.69924423399362,
          15.37625124882619,
          12.68038349181982,
          11.309932474020215,
          5.710593137499643,
          1.4320961841646465,
          1.4320961841646465,
          4.289153328819018,
          5.710593137499643,
          8.530765609948133,
          5.710593137499643,
          4.289153328819018,
          2.862405226111748,
          4.289153328819018,
          7.125016348901798,
          8.530765609948133,
          12.68038349181982,
          14.036243467926479,
          16.69924423399362,
          19.290046219188735,
          21.80140948635181,
          21.80140948635181,
          20.556045219583467,
          19.290046219188735,
          15.37625124882619,
          14.036243467926479,
          16.69924423399362,
          16.69924423399362,
          16.69924423399362,
          18.00416160591338,
          15.37625124882619,
          15.37625124882619,
          19.290046219188735,
          19.290046219188735,
          18.00416160591338,
          18.00416160591338,
          14.036243467926479,
          15.37625124882619,
          16.69924423399362,
          18.00416160591338,
          19.290046219188735,
          18.00416160591338,
          19.290046219188735,
          16.69924423399362,
          15.37625124882619,
          16.69924423399362,
          14.036243467926479,
          15.37625124882619,
          18.00416160591338,
          15.37625124882619,
          19.290046219188735,
          18.00416160591338,
          16.69924423399362,
          19.290046219188735,
          14.036243467926479,
          16.69924423399362,
          15.37625124882619,
          11.309932474020215,
          16.69924423399362,
          14.036243467926479,
          16.69924423399362,
          18.00416160591338,
          14.036243467926479,
          16.69924423399362,
          14.036243467926479,
          16.69924423399362,
          18.00416160591338,
          15.37625124882619,
          15.37625124882619,
          11.309932474020215,
          9.926245506651705,
          8.530765609948133,
          11.309932474020215,
          11.309932474020215,
          12.68038349181982,
          14.036243467926479,
          9.926245506651705,
          12.68038349181982,
          8.530765609948133,
          8.530765609948133,
          8.530765609948133,
          7.125016348901798,
          8.530765609948133,
          7.125016348901798,
          8.530765609948133,
          7.125016348901798,
          7.125016348901798,
          8.530765609948133,
          8.530765609948133,
          9.926245506651705,
          9.926245506651705,
          7.125016348901798,
          8.530765609948133,
          7.125016348901798,
          7.125016348901798,
          9.926245506651705,
          7.125016348901798,
          5.710593137499643,
          7.125016348901798,
          7.125016348901798,
          7.125016348901798,
          11.309932474020215,
          9.926245506651705,
          9.926245506651705,
          9.926245506651705,
          7.125016348901798,
          11.309932474020215,
          9.926245506651705,
          11.309932474020215,
          12.68038349181982,
          8.530765609948133,
          7.125016348901798,
          7.125016348901798,
          7.125016348901798,
          7.125016348901798
        ],
        "horizontal_dist_map": 1335,
        "slope_dist_map": 1379,
        "elevation_diff_map": 301.0,
        "avg_slope_deg_map": 12.3,
        "max_slope_deg_map": 21.8
      },
      "geometry": {
        "type": "LineString",
        "coordinates": [
          [
            142.33155614716893,
            43.32665606671975,
            756.0
          ],
          [
            142.3316563068841,
            43.3267085551277,
            753.0
          ],
          [
            142.33175646659927,
            43.32676104353565,
            748.0
          ],
          [
            142.33185662631445,
            43.3268135319436,
            744.0
          ],
          [
            142.33195678602962,
            43.32686602035155,
            740.0
          ],
          [
            142.33206248610063,
            43.326907849291274,
            739.0
          ],
          [
            142.33218512953198,
            43.3269170797453,
            736.0
          ],
          [
            142.3323077729633,
            43.326926310199326,
            735.0
          ],
          [
            142.33243041639463,
            43.32693554065335,
            732.0
          ],
          [
            142.33255305982598,
            43.326944771107385,
            731.0
          ],
          [
            142.3326757032573,
            43.32695400156141,
            731.0
          ],
          [
            142.33279834668863,
            43.32696323201544,
            728.0
          ],
          [
            142.33291727477146,
            43.326946069990996,
            727.0
          ],
          [
            142.333034782998,
            43.32691882182646,
            724.0
          ],
          [
            142.33315229122456,
            43.32689157366193,
            723.0
          ],
          [
            142.3332697994511,
            43.326864325497404,
            721.0
          ],
          [
            142.33337144823193,
            43.32681747514995,
            720.0
          ],
          [
            142.33346085963433,
            43.326755499473755,
            714.0
          ],
          [
            142.33355027103676,
            43.32669352379755,
            711.0
          ],
          [
            142.33363968243916,
            43.326631548121355,
            707.0
          ],
          [
            142.33367372472554,
            43.32656001532488,
            706.0
          ],
          [
            142.3336317982195,
            43.32647536975113,
            702.0
          ],
          [
            142.33358987171349,
            43.32639072417738,
            700.0
          ],
          [
            142.33354794520744,
            43.32630607860363,
            698.0
          ],
          [
            142.33354258719737,
            43.32621672860603,
            698.0
          ],
          [
            142.33354235624324,
            43.32612671902854,
            698.0
          ],
          [
            142.33354212528914,
            43.326036709451046,
            699.0
          ],
          [
            142.3335990397719,
            43.325962294976364,
            697.0
          ],
          [
            142.3336800880005,
            43.32589446664866,
            695.0
          ],
          [
            142.33376113622907,
            43.32582663832097,
            694.0
          ],
          [
            142.33384585199636,
            43.3257616023413,
            693.0
          ],
          [
            142.3339420779501,
            43.32570532985374,
            693.0
          ],
          [
            142.33403830390384,
            43.32564905736617,
            692.0
          ],
          [
            142.33413467620258,
            43.32559292469492,
            692.0
          ],
          [
            142.33423431200427,
            43.32553990993677,
            690.0
          ],
          [
            142.33433394780596,
            43.32548689517863,
            688.0
          ],
          [
            142.33443358360765,
            43.32543388042048,
            686.0
          ],
          [
            142.3345332194093,
            43.32538086566234,
            683.0
          ],
          [
            142.334632855211,
            43.325327850904195,
            680.0
          ],
          [
            142.3347324910127,
            43.32527483614605,
            676.0
          ],
          [
            142.33483212681438,
            43.3252218213879,
            672.0
          ],
          [
            142.33493176261607,
            43.325168806629755,
            667.0
          ],
          [
            142.33503139841775,
            43.32511579187161,
            664.0
          ],
          [
            142.33513103421942,
            43.325062777113466,
            661.0
          ],
          [
            142.3352306700211,
            43.32500976235532,
            658.0
          ],
          [
            142.33532851560554,
            43.32495503125189,
            656.0
          ],
          [
            142.33542503059684,
            43.32489902446125,
            654.0
          ],
          [
            142.3355215455881,
            43.32484301767061,
            649.0
          ],
          [
            142.3356180605794,
            43.32478701087997,
            646.0
          ],
          [
            142.33571457557068,
            43.32473100408934,
            644.0
          ],
          [
            142.33581109056198,
            43.32467499729869,
            641.0
          ],
          [
            142.33591325270032,
            43.32462492142393,
            638.0
          ],
          [
            142.336018783279,
            43.32457838325346,
            635.0
          ],
          [
            142.3361243138577,
            43.32453184508299,
            630.0
          ],
          [
            142.3362298444364,
            43.32448530691251,
            627.0
          ],
          [
            142.33633537501507,
            43.324438768742034,
            625.0
          ],
          [
            142.33644090559378,
            43.32439223057156,
            622.0
          ],
          [
            142.33654643617245,
            43.32434569240108,
            620.0
          ],
          [
            142.33666052508107,
            43.32431269643357,
            616.0
          ],
          [
            142.33677750650628,
            43.32428427741593,
            613.0
          ],
          [
            142.3368944879315,
            43.32425585839828,
            609.0
          ],
          [
            142.3370114693567,
            43.32422743938064,
            606.0
          ],
          [
            142.3371284507819,
            43.324199020363,
            603.0
          ],
          [
            142.3372454322071,
            43.32417060134536,
            599.0
          ],
          [
            142.33736241363235,
            43.32414218232771,
            597.0
          ],
          [
            142.33747939505756,
            43.32411376331007,
            595.0
          ],
          [
            142.33759637648276,
            43.32408534429243,
            591.0
          ],
          [
            142.33771335790797,
            43.32405692527479,
            589.0
          ],
          [
            142.33783033933318,
            43.32402850625714,
            586.0
          ],
          [
            142.33794732075842,
            43.324000087239504,
            582.0
          ],
          [
            142.33806430218362,
            43.32397166822186,
            580.0
          ],
          [
            142.33818516114223,
            43.32395400598561,
            575.0
          ],
          [
            142.33830614658686,
            43.32393669463792,
            573.0
          ],
          [
            142.33842713203146,
            43.32391938329024,
            570.0
          ],
          [
            142.33854811747608,
            43.323902071942555,
            566.0
          ],
          [
            142.33866910292068,
            43.32388476059487,
            565.0
          ],
          [
            142.3387900883653,
            43.32386744924719,
            561.0
          ],
          [
            142.3389110738099,
            43.323850137899505,
            559.0
          ],
          [
            142.33903205925452,
            43.323832826551815,
            558.0
          ],
          [
            142.33915304469912,
            43.32381551520413,
            553.0
          ],
          [
            142.33927403014374,
            43.32379820385645,
            551.0
          ],
          [
            142.33939501558834,
            43.323780892508765,
            547.0
          ],
          [
            142.33951600103296,
            43.32376358116108,
            545.0
          ],
          [
            142.33963698647756,
            43.3237462698134,
            543.0
          ],
          [
            142.33975797192218,
            43.32372895846571,
            539.0
          ],
          [
            142.3398789573668,
            43.323711647118024,
            537.0
          ],
          [
            142.3399999428114,
            43.32369433577034,
            533.0
          ],
          [
            142.34012092825603,
            43.32367702442266,
            530.0
          ],
          [
            142.34024191370062,
            43.323659713074974,
            528.0
          ],
          [
            142.34036289914525,
            43.32364240172729,
            526.0
          ],
          [
            142.3404854051392,
            43.323633159446786,
            525.0
          ],
          [
            142.34060829783004,
            43.32362596924269,
            523.0
          ],
          [
            142.3407311905209,
            43.3236187790386,
            522.0
          ],
          [
            142.34085408321175,
            43.3236115888345,
            518.0
          ],
          [
            142.34097697590263,
            43.32360439863041,
            517.0
          ],
          [
            142.3410998685935,
            43.323597208426314,
            514.0
          ],
          [
            142.34122276128434,
            43.32359001822222,
            512.0
          ],
          [
            142.3413456539752,
            43.323582828018125,
            511.0
          ],
          [
            142.34146854666608,
            43.32357563781403,
            508.0
          ],
          [
            142.34159143935693,
            43.32356844760994,
            508.0
          ],
          [
            142.3417143320478,
            43.32356125740584,
            506.0
          ],
          [
            142.34183722473867,
            43.32355406720175,
            505.0
          ],
          [
            142.34196011742952,
            43.32354687699765,
            503.0
          ],
          [
            142.34208270001562,
            43.323538531590906,
            502.0
          ],
          [
            142.34220021928158,
            43.32351132429655,
            501.0
          ],
          [
            142.34231773854756,
            43.323484117002195,
            499.0
          ],
          [
            142.34243525781352,
            43.323456909707836,
            498.0
          ],
          [
            142.34255277707948,
            43.323429702413485,
            497.0
          ],
          [
            142.34267029634543,
            43.323402495119126,
            495.0
          ],
          [
            142.3427878156114,
            43.323375287824774,
            493.0
          ],
          [
            142.34290533487734,
            43.323348080530415,
            491.0
          ],
          [
            142.34302285414333,
            43.323320873236064,
            490.0
          ],
          [
            142.34314037340928,
            43.323293665941705,
            490.0
          ],
          [
            142.34325683796433,
            43.32326415383582,
            487.0
          ],
          [
            142.3433731735163,
            43.323234359825456,
            486.0
          ],
          [
            142.3434895090683,
            43.32320456581508,
            485.0
          ],
          [
            142.34360584462027,
            43.323174771804716,
            483.0
          ],
          [
            142.34372218017225,
            43.32314497779434,
            482.0
          ],
          [
            142.34383851572423,
            43.323115183783976,
            482.0
          ],
          [
            142.34395485127624,
            43.3230853897736,
            480.0
          ],
          [
            142.34407118682822,
            43.323055595763236,
            478.0
          ],
          [
            142.3441875223802,
            43.32302580175286,
            477.0
          ],
          [
            142.34430385793218,
            43.322996007742496,
            474.0
          ],
          [
            142.34442019348415,
            43.32296621373213,
            473.0
          ],
          [
            142.34453652903613,
            43.322936419721756,
            471.0
          ],
          [
            142.34465286458814,
            43.32290662571139,
            470.0
          ],
          [
            142.34476920014012,
            43.322876831701016,
            469.0
          ],
          [
            142.3448855356921,
            43.32284703769065,
            465.0
          ],
          [
            142.34500187124408,
            43.32281724368028,
            464.0
          ],
          [
            142.34511820679606,
            43.32278744966991,
            462.0
          ],
          [
            142.34523454234804,
            43.32275765565954,
            460.0
          ],
          [
            142.34535087790005,
            43.32272786164917,
            459.0
          ],
          [
            142.34546721345203,
            43.3226980676388,
            459.0
          ],
          [
            142.345583549004,
            43.32266827362843,
            457.0
          ]
        ]
      }
    }
  ]
}