{
  "type": "FeatureCollection",
  "features": [
    {
      "type": "Feature",
      "properties": {
        "name": "[S4, S5] ブロンコ",
        "slope_deg": [
          7.406912128495294,
          7.406912128495294,
          7.406912128495294,
          5.994092949108534,
          8.9505586562316,
          12.95276451337558,
          16.17215901578243,
          18.520849477471074,
          16.304198003832376,
          15.509334522674907,
          17.484427323220732,
          20.304473709960526,
          20.681521678200784,
          23.749494492866653,
          20.430362329285547,
          19.544862326628685,
          19.798876354525046,
          21.305783617828798,
          24.58409469543802,
          23.26770481005701,
          28.14678121412202,
          26.335410003881428,
          24.702430227771284,
          28.25802961470689,
          24.1085158999753,
          27.021581591177014,
          31.383191056359014,
          29.79113729834045,
          29.357753542791276,
          22.660536301999226,
          14.842227057911131,
          9.090276920822289,
          5.568737077976604,
          4.431564716435877,
          3.0052693596899664,
          2.433606100720186,
          1.8614576304668264,
          3.8616074096751394,
          7.125016348901798,
          11.034209003250188,
          15.109575122340402,
          16.96170588653282,
          22.416147479343643,
          28.70070495633756,
          29.248826336546948,
          30.75264555113171,
          25.290734392148174,
          22.416147479343643,
          21.554019920478925,
          23.146707841882964,
          27.923589715138434,
          27.021581591177142,
          31.487469364213986,
          30.00643379045899,
          30.858317233519234,
          28.14678121412202,
          24.465535110662668,
          25.29073439214831,
          21.80140948635181,
          24.22774531795417,
          20.931852540892606,
          20.931852540892606,
          20.931852540892606
        ],
        "horizontal_dist_map": 626,
        "slope_dist_map": 677,
        "elevation_diff_map": 227.1,
        "avg_slope_deg_map": 18.5,
        "max_slope_deg_map": 31.5
      },
      "geometry": {
        "type": "LineString",
        "coordinates": [
          [
            138.7719216061458,
            36.94068498813265,
            1024.0
          ],
          [
            138.7720273988892,
            36.94071512624938,
            1022.2
          ],
          [
            138.77213319163258,
            36.940745264366114,
            1019.8
          ],
          [
            138.77223898437597,
            36.94077540248284,
            1019.6
          ],
          [
            138.77234477711934,
            36.94080554059957,
            1018.8
          ],
          [
            138.77245256073593,
            36.940830699354926,
            1018.0
          ],
          [
            138.7725604456639,
            36.94085560472091,
            1013.5
          ],
          [
            138.7726689696214,
            36.94087819149824,
            1010.4
          ],
          [
            138.77277987479604,
            36.94089213851303,
            1007.2
          ],
          [
            138.7728907799707,
            36.94090608552782,
            1004.6
          ],
          [
            138.7730019907909,
            36.940904654138755,
            1001.8
          ],
          [
            138.7731133937774,
            36.94089355399666,
            999.3
          ],
          [
            138.7732247967639,
            36.940882453854556,
            994.6
          ],
          [
            138.77333619975042,
            36.94087135371246,
            989.8
          ],
          [
            138.77344614632995,
            36.940853197771354,
            986.7
          ],
          [
            138.77355605653446,
            36.94083486560535,
            981.7
          ],
          [
            138.77366596673895,
            36.94081653343936,
            979.7
          ],
          [
            138.77377627131074,
            36.940800419137716,
            975.6
          ],
          [
            138.77388818182624,
            36.940793336429486,
            972.3
          ],
          [
            138.77400009234174,
            36.940786253721264,
            966.1
          ],
          [
            138.77411200285727,
            36.940779171013034,
            961.4
          ],
          [
            138.77422391337277,
            36.940772088304804,
            958.4
          ],
          [
            138.7743353308259,
            36.940761232549356,
            950.9
          ],
          [
            138.77444663653387,
            36.940749521689355,
            946.3
          ],
          [
            138.77455805548811,
            36.94073855743118,
            943.0
          ],
          [
            138.77466960954933,
            36.94072848389619,
            936.9
          ],
          [
            138.77478116361056,
            36.94071841036119,
            933.0
          ],
          [
            138.77489230835891,
            36.94070603566828,
            925.9
          ],
          [
            138.77500291741373,
            36.940690649304614,
            918.6
          ],
          [
            138.77511352646852,
            36.94067526294096,
            914.0
          ],
          [
            138.7752241355233,
            36.9406598765773,
            910.5
          ],
          [
            138.7753356394619,
            36.940650457512525,
            909.2
          ],
          [
            138.77544763748026,
            36.9406443330894,
            908.0
          ],
          [
            138.7755596354986,
            36.94063820866627,
            907.6
          ],
          [
            138.77567163351694,
            36.94063208424315,
            906.6
          ],
          [
            138.7757836315353,
            36.94062595982002,
            906.1
          ],
          [
            138.77589562955364,
            36.94061983539689,
            905.9
          ],
          [
            138.776007627572,
            36.940613710973764,
            905.9
          ],
          [
            138.776119455331,
            36.940605844412836,
            905.3
          ],
          [
            138.77623127342764,
            36.94059787898356,
            903.4
          ],
          [
            138.77634309152427,
            36.94058991355429,
            900.9
          ],
          [
            138.77645419102146,
            36.94057755566044,
            898.1
          ],
          [
            138.7765647801725,
            36.940562078257244,
            894.5
          ],
          [
            138.77667536932353,
            36.94054660085405,
            891.2
          ],
          [
            138.77678595847453,
            36.940531123450846,
            884.4
          ],
          [
            138.77689635942698,
            36.94051487689843,
            876.2
          ],
          [
            138.7770060273989,
            36.94049563472595,
            872.1
          ],
          [
            138.7771156953708,
            36.940476392553464,
            867.4
          ],
          [
            138.77722536334272,
            36.940457150380986,
            865.5
          ],
          [
            138.7773350313146,
            36.9404379082085,
            859.7
          ],
          [
            138.77744469928652,
            36.94041866603602,
            856.3
          ],
          [
            138.77755436725843,
            36.94039942386353,
            850.3
          ],
          [
            138.77766421138404,
            36.94038092252908,
            844.3
          ],
          [
            138.7777749976007,
            36.940366383284704,
            839.3
          ],
          [
            138.77788578381734,
            36.94035184404033,
            831.8
          ],
          [
            138.77799657003396,
            36.94033730479595,
            827.2
          ],
          [
            138.77810735625062,
            36.94032276555158,
            820.4
          ],
          [
            138.77821814246727,
            36.9403082263072,
            817.9
          ],
          [
            138.77832892868392,
            36.94029368706283,
            813.6
          ],
          [
            138.77843971490054,
            36.940279147818444,
            808.3
          ],
          [
            138.7785505011172,
            36.94026460857407,
            804.4
          ],
          [
            138.77866128733385,
            36.94025006932969,
            799.9
          ],
          [
            138.77877207355047,
            36.94023553008532,
            798.3
          ]
        ]
      }
    },
    {
      "type": "Feature",
      "properties": {
        "name": "[N7] ローマンホリデーA",
        "slope_deg": [
          12.68038349181982,
          12.68038349181982,
          12.68038349181982,
          13.495733280795843,
          11.309932474020215,
          10.342657140474548,
          8.250387228905595,
          6.277298489597523,
          6.983937460085259,
          7.266008446996026,
          7.266008446996026,
          7.266008446996026,
          5.852378988915653,
          5.4268124985727555,
          5.852378988915493,
          5.284821092508918,
          5.426812498572917,
          5.142764557884274,
          4.716221234338378,
          5.426812498572917,
          4.7162212343382155,
          4.289153328819018,
          3.4336303624504896,
          3.1480960995626615,
          3.0052693596899664,
          3.0052693596899664,
          2.862405226111748,
          2.862405226111748,
          3.290883686067228,
          3.1480960995626615,
          3.290883686067228,
          3.433630362450652,
          3.2908836860673905,
          3.2908836860673905,
          3.0052693596899664,
          2.719505461272472,
          4.0041729407093225,
          4.573921259900764,
          4.431564716435877,
          3.4336303624504896,
          3.0052693596899664,
          2.147585428298503,
          3.8616074096751394,
          3.576334374997351,
          3.576334374997351,
          3.0052693596899664,
          5.710593137499643,
          6.842773412630876,
          5.710593137499643,
          5.994092949108534,
          5.994092949108534,
          5.994092949108534
        ],
        "horizontal_dist_map": 519,
        "slope_dist_map": 522,
        "elevation_diff_map": 46.8,
        "avg_slope_deg_map": 5.1,
        "max_slope_deg_map": 13.5
      },
      "geometry": {
        "type": "LineString",
        "coordinates": [
          [
            138.78129682653483,
            36.95910375272872,
            919.7
          ],
          [
            138.78118534692592,
            36.95909298154501,
            918.0
          ],
          [
            138.78107439855984,
            36.95908094790158,
            915.1
          ],
          [
            138.78097760464252,
            36.959035277243444,
            913.3
          ],
          [
            138.78088081072522,
            36.9589896065853,
            910.7
          ],
          [
            138.78079563912752,
            36.95893219566129,
            908.4
          ],
          [
            138.7807183140177,
            36.95886685862124,
            907.1
          ],
          [
            138.78064049002043,
            36.95880191610956,
            906.0
          ],
          [
            138.78056022262885,
            36.95873890587408,
            904.9
          ],
          [
            138.78047995523727,
            36.95867589563859,
            904.0
          ],
          [
            138.7803996878457,
            36.958612885403106,
            902.2
          ],
          [
            138.78032491573336,
            36.95854596034918,
            900.9
          ],
          [
            138.78025646621637,
            36.95847453109961,
            899.8
          ],
          [
            138.78018801669938,
            36.958403101850045,
            898.9
          ],
          [
            138.7801195671824,
            36.95833167260048,
            898.1
          ],
          [
            138.78005111766538,
            36.958260243350914,
            897.1
          ],
          [
            138.7799826681484,
            36.958188814101355,
            895.7
          ],
          [
            138.77990734853597,
            36.95812524657936,
            895.2
          ],
          [
            138.77980034793916,
            36.958097932886865,
            894.3
          ],
          [
            138.77969334734232,
            36.95807061919437,
            893.5
          ],
          [
            138.7795863467455,
            36.95804330550188,
            892.4
          ],
          [
            138.77947808781738,
            36.95801958318122,
            891.4
          ],
          [
            138.77936903016513,
            36.95799814047907,
            891.0
          ],
          [
            138.7792695130516,
            36.95803176301073,
            890.5
          ],
          [
            138.7791718815859,
            36.95807626895715,
            890.0
          ],
          [
            138.7790800646209,
            36.95812807793096,
            889.2
          ],
          [
            138.77898871626513,
            36.958180475479104,
            888.9
          ],
          [
            138.77889504346567,
            36.958230027517864,
            888.4
          ],
          [
            138.77879716535102,
            36.9582718871577,
            888.0
          ],
          [
            138.77868488729933,
            36.95827277399124,
            887.2
          ],
          [
            138.77859607336984,
            36.95823596585589,
            886.6
          ],
          [
            138.77852952434247,
            36.9581633892914,
            886.2
          ],
          [
            138.7784629753151,
            36.958090812726915,
            885.7
          ],
          [
            138.7784123105351,
            36.958010701728696,
            884.8
          ],
          [
            138.7783651711434,
            36.957928918520025,
            884.3
          ],
          [
            138.7783180317517,
            36.95784713531135,
            883.9
          ],
          [
            138.77826135398894,
            36.95777024368059,
            883.6
          ],
          [
            138.7781886783523,
            36.95770155626484,
            882.9
          ],
          [
            138.77811600271565,
            36.95763286884908,
            881.5
          ],
          [
            138.778043327079,
            36.95756418143332,
            880.7
          ],
          [
            138.77797065144233,
            36.957495494017564,
            880.5
          ],
          [
            138.77789797580567,
            36.95742680660181,
            880.5
          ],
          [
            138.777825300169,
            36.957358119186054,
            879.4
          ],
          [
            138.77775262453235,
            36.9572894317703,
            879.2
          ],
          [
            138.77770815316882,
            36.957212720627176,
            877.8
          ],
          [
            138.77771069516305,
            36.95712263483107,
            878.0
          ],
          [
            138.77775159692908,
            36.95704062326042,
            876.9
          ],
          [
            138.77780416728064,
            36.9569610021504,
            877.1
          ],
          [
            138.77785605610714,
            36.956881092595616,
            873.8
          ],
          [
            138.77790794493367,
            36.956801183040824,
            873.2
          ],
          [
            138.77795983376018,
            36.95672127348604,
            872.9
          ],
          [
            138.7780117225867,
            36.956641363931254,
            872.9
          ]
        ]
      }
    },
    {
      "type": "Feature",
      "properties": {
        "name": "[C3] エンターテイメント",
        "slope_deg": [
          8.11004782941916,
          8.11004782941916,
          8.11004782941916,
          9.22988624372772,
          11.859779120947948,
          13.224551192213497,
          16.567741642974887,
          16.172159015782583,
          16.304198003832376,
          18.77803322244557,
          17.35402463626132,
          18.64953875405141,
          16.830565983210626,
          14.9759845147566,
          15.509334522674907,
          14.305551846622015,
          15.774985955414008,
          14.57421619803886,
          14.708303899682749,
          15.37625124882619,
          14.036243467926479,
          15.907551930525813,
          15.109575122340402,
          15.109575122340402,
          14.97598451475675,
          14.170977562933123,
          13.088732789694,
          12.543973346572077,
          13.495733280795843,
          12.816647648997312,
          14.97598451475675,
          14.439965121002807,
          15.37625124882619,
          17.223436191131583,
          16.43605922463559,
          18.00416160591338,
          16.567741642974887,
          16.69924423399362,
          16.039943306049665,
          15.37625124882619,
          15.642246457208639,
          12.952764513375426,
          13.495733280795843,
          13.088732789694,
          11.859779120948104,
          12.95276451337558,
          11.722520970102357,
          11.58512622485511,
          13.766300685466197,
          13.088732789694,
          15.109575122340402,
          14.708303899682749,
          13.90135076950909,
          14.97598451475675,
          13.088732789694,
          12.816647648997312,
          10.896152141141194,
          8.810732985984814,
          7.829076510059608,
          6.560196400571341,
          5.9940929491083725,
          6.277298489597683,
          6.560196400571341,
          7.406912128495294,
          8.11004782941916,
          8.530765609948133,
          10.481218144130889,
          11.034209003250188,
          13.631094443421603,
          14.708303899682749,
          14.708303899682749,
          14.439965121002807,
          12.952764513375426,
          12.27072035781523,
          11.722520970102357,
          12.133880170633224,
          13.766300685466351,
          14.305551846622015,
          14.842227057911131,
          13.901350769509243,
          12.27072035781523,
          11.309932474020215,
          8.670801453590833,
          8.39062701325255,
          8.39062701325255,
          8.39062701325255
        ],
        "horizontal_dist_map": 851,
        "slope_dist_map": 876,
        "elevation_diff_map": 198.1,
        "avg_slope_deg_map": 12.7,
        "max_slope_deg_map": 18.8
      },
      "geometry": {
        "type": "LineString",
        "coordinates": [
          [
            138.77455042415835,
            36.94928820041388,
            1025.5
          ],
          [
            138.774662569403,
            36.949283948655506,
            1023.6
          ],
          [
            138.77477471464766,
            36.949279696897136,
            1022.1
          ],
          [
            138.77488686350014,
            36.94927551296904,
            1020.9
          ],
          [
            138.7749990519721,
            36.94927207391691,
            1019.8
          ],
          [
            138.77511124044403,
            36.94926863486479,
            1017.1
          ],
          [
            138.77522342891598,
            36.94926519581266,
            1013.7
          ],
          [
            138.7753356173879,
            36.94926175676053,
            1011.5
          ],
          [
            138.77544780585984,
            36.9492583177084,
            1007.9
          ],
          [
            138.7755599943318,
            36.94925487865627,
            1005.5
          ],
          [
            138.77567118207884,
            36.949266944841824,
            1002.0
          ],
          [
            138.77578232732066,
            36.94927966960351,
            997.9
          ],
          [
            138.77589347256247,
            36.9492923943652,
            995.4
          ],
          [
            138.77600461780432,
            36.94930511912688,
            992.0
          ],
          [
            138.77611576304614,
            36.94931784388857,
            989.9
          ],
          [
            138.77622690828798,
            36.94933056865026,
            987.2
          ],
          [
            138.77633860680547,
            36.94933926949014,
            984.3
          ],
          [
            138.77645053487603,
            36.949346300812415,
            981.8
          ],
          [
            138.77656246294657,
            36.94935333213469,
            978.6
          ],
          [
            138.7766743910171,
            36.94936036345696,
            976.8
          ],
          [
            138.77678581202582,
            36.94936989960704,
            973.8
          ],
          [
            138.7768947560178,
            36.94939167193837,
            970.8
          ],
          [
            138.77700370000977,
            36.9494134442697,
            968.6
          ],
          [
            138.77711264400173,
            36.94943521660103,
            965.4
          ],
          [
            138.7772215879937,
            36.94945698893236,
            963.0
          ],
          [
            138.77733053198568,
            36.949478761263684,
            960.0
          ],
          [
            138.77743947597764,
            36.949500533595014,
            957.9
          ],
          [
            138.77755008861064,
            36.94951483777476,
            955.3
          ],
          [
            138.77766167043072,
            36.94952480427125,
            953.7
          ],
          [
            138.7777732522508,
            36.949534770767734,
            951.1
          ],
          [
            138.7778848340709,
            36.949544737264226,
            948.3
          ],
          [
            138.77799641589098,
            36.94955470376072,
            946.2
          ],
          [
            138.77810825584206,
            36.9495624375776,
            943.0
          ],
          [
            138.77822021765684,
            36.94956911734615,
            940.8
          ],
          [
            138.7783321794716,
            36.949575797114704,
            937.3
          ],
          [
            138.77844414128634,
            36.94958247688326,
            933.8
          ],
          [
            138.77855457322366,
            36.94959805590713,
            931.2
          ],
          [
            138.77866460529393,
            36.9496159609467,
            927.8
          ],
          [
            138.7787746373642,
            36.94963386598627,
            925.4
          ],
          [
            138.77888466943446,
            36.94965177102585,
            921.8
          ],
          [
            138.77899470150473,
            36.94966967606542,
            919.7
          ],
          [
            138.7791057596726,
            36.94967719820889,
            916.8
          ],
          [
            138.77921793276303,
            36.9496734386533,
            914.2
          ],
          [
            138.77933010585343,
            36.9496696790977,
            912.6
          ],
          [
            138.77944227894383,
            36.94966591954211,
            910.1
          ],
          [
            138.77955445203423,
            36.949662159986524,
            907.5
          ],
          [
            138.77966662512463,
            36.949658400430934,
            905.8
          ],
          [
            138.77977879821503,
            36.94965464087534,
            903.4
          ],
          [
            138.77989097130543,
            36.94965088131975,
            901.8
          ],
          [
            138.78000314439583,
            36.94964712176416,
            899.3
          ],
          [
            138.7801135075319,
            36.949656981916554,
            896.0
          ],
          [
            138.78022216908644,
            36.94967964628277,
            894.1
          ],
          [
            138.78033083064102,
            36.94970231064898,
            891.0
          ],
          [
            138.7804260447622,
            36.94974502946853,
            888.8
          ],
          [
            138.7805094659713,
            36.9498053353174,
            886.1
          ],
          [
            138.78059288718043,
            36.94986564116626,
            883.4
          ],
          [
            138.78067630838953,
            36.949925947015124,
            881.7
          ],
          [
            138.78075972959863,
            36.94998625286399,
            879.7
          ],
          [
            138.78083637533135,
            36.95005129317794,
            878.4
          ],
          [
            138.7808993128139,
            36.95012591233599,
            877.2
          ],
          [
            138.78096225029643,
            36.95020053149405,
            876.2
          ],
          [
            138.78102518777897,
            36.950275150652104,
            875.1
          ],
          [
            138.7810881252615,
            36.95034976981015,
            874.2
          ],
          [
            138.78114808864947,
            36.9504258198855,
            872.8
          ],
          [
            138.78120042467407,
            36.95050553969157,
            871.6
          ],
          [
            138.7812527606987,
            36.95058525949763,
            869.9
          ],
          [
            138.7813050967233,
            36.950664979303696,
            868.5
          ],
          [
            138.78135743274788,
            36.950744699109755,
            866.8
          ],
          [
            138.78140976877248,
            36.95082441891582,
            864.2
          ],
          [
            138.78144035856224,
            36.9509107591536,
            862.1
          ],
          [
            138.78146706421452,
            36.95099828187961,
            858.8
          ],
          [
            138.78149376986684,
            36.951085804605626,
            856.3
          ],
          [
            138.78152047551913,
            36.95117332733164,
            853.7
          ],
          [
            138.78154718117142,
            36.95126085005766,
            851.8
          ],
          [
            138.78157533355278,
            36.95134792997531,
            849.6
          ],
          [
            138.7816280246952,
            36.951427499178834,
            847.6
          ],
          [
            138.7816845121921,
            36.95150408605064,
            845.4
          ],
          [
            138.78178250261172,
            36.95154806914856,
            843.2
          ],
          [
            138.78188049303134,
            36.95159205224647,
            839.8
          ],
          [
            138.7819832014971,
            36.951621827286374,
            837.4
          ],
          [
            138.78209546844704,
            36.9516228176357,
            834.8
          ],
          [
            138.78220773539698,
            36.95162380798502,
            833.3
          ],
          [
            138.78232000234692,
            36.95162479833435,
            831.1
          ],
          [
            138.78243226929686,
            36.95162578868368,
            829.4
          ],
          [
            138.78254453624677,
            36.951626779033006,
            828.7
          ],
          [
            138.78265680319672,
            36.951627769382334,
            827.4
          ]
        ]
      }
    },
    {
      "type": "Feature",
      "properties": {
        "name": "[C4] ジジ",
        "slope_deg": [
          8.670801453590993,
          8.670801453590993,
          8.670801453590993,
          11.585126224854955,
          12.270720357815385,
          12.27072035781523,
          13.495733280795843,
          12.543973346572233,
          15.509334522674754,
          17.223436191131434,
          17.874511367250282,
          19.6719699892005,
          19.03443435483528,
          18.906332035086663,
          19.925580658184323,
          18.26288994219419,
          18.77803322244557,
          18.133621430820412,
          15.774985955414158,
          12.816647648997312,
          9.787203664656081,
          8.670801453590993,
          8.810732985984814,
          9.78720366465624,
          10.619655276155134,
          10.757967088389877,
          10.757967088390036,
          10.619655276155134,
          10.20397372173159,
          10.757967088390036,
          10.619655276155134,
          11.44759626368548,
          11.309932474020215,
          10.342657140474707,
          10.757967088390036,
          10.619655276155134,
          11.447596263685636,
          12.952764513375426,
          13.088732789694,
          14.439965121002807,
          14.170977562933123,
          15.37625124882619,
          14.842227057911131,
          13.360218444764483,
          10.896152141141194,
          6.560196400571341,
          4.858462919034255,
          4.146688825965976,
          5.852378988915493,
          7.829076510059608,
          12.95276451337558,
          16.039943306049665,
          20.556045219583467,
          22.04794746356044,
          22.538450040828117,
          22.416147479343643,
          22.293629159694188,
          23.38848242899485,
          19.798876354524904,
          18.906332035086663,
          14.305551846621862,
          12.95276451337558,
          13.360218444764483,
          12.543973346572077,
          14.036243467926479,
          12.816647648997312,
          13.90135076950909,
          14.305551846621862,
          13.90135076950909,
          15.907551930525962,
          14.708303899682749,
          14.708303899682749,
          14.708303899682749
        ],
        "horizontal_dist_map": 727,
        "slope_dist_map": 752,
        "elevation_diff_map": 178.8,
        "avg_slope_deg_map": 13.4,
        "max_slope_deg_map": 23.4
      },
      "geometry": {
        "type": "LineString",
        "coordinates": [
          [
            138.7751578561079,
            36.94938315799326,
            1015.2
          ],
          [
            138.77520467452396,
            36.94946505811973,
            1013.9
          ],
          [
            138.77525149294,
            36.94954695824619,
            1012.5
          ],
          [
            138.77529831135604,
            36.949628858372655,
            1010.8
          ],
          [
            138.77534512977206,
            36.94971075849912,
            1009.1
          ],
          [
            138.77539194818812,
            36.94979265862558,
            1005.7
          ],
          [
            138.77543876660417,
            36.94987455875205,
            1003.8
          ],
          [
            138.7754855850202,
            36.94995645887852,
            1002.1
          ],
          [
            138.77554315529264,
            36.95002975504827,
            999.5
          ],
          [
            138.77564506021048,
            36.95006757331029,
            996.8
          ],
          [
            138.7757469651283,
            36.950105391572315,
            992.7
          ],
          [
            138.7758479659756,
            36.95014463777007,
            989.7
          ],
          [
            138.77594610185807,
            36.95018840904163,
            986.6
          ],
          [
            138.7760442377405,
            36.95023218031318,
            982.5
          ],
          [
            138.77614237362295,
            36.950275951584736,
            978.9
          ],
          [
            138.77624050950539,
            36.95031972285629,
            976.0
          ],
          [
            138.77633864538782,
            36.95036349412784,
            972.1
          ],
          [
            138.77644577819768,
            36.950390419581595,
            969.3
          ],
          [
            138.77655294767644,
            36.95041727637658,
            965.3
          ],
          [
            138.77666011715522,
            36.95044413317155,
            962.9
          ],
          [
            138.77676728663397,
            36.95047098996653,
            960.8
          ],
          [
            138.77687445611272,
            36.950497846761515,
            960.2
          ],
          [
            138.7769816255915,
            36.95052470355649,
            958.4
          ],
          [
            138.77708879507026,
            36.95055156035147,
            956.8
          ],
          [
            138.77719596454904,
            36.950578417146446,
            954.6
          ],
          [
            138.7773031340278,
            36.95060527394143,
            953.3
          ],
          [
            138.77741030350657,
            36.9506321307364,
            950.9
          ],
          [
            138.77751747298532,
            36.950658987531384,
            949.2
          ],
          [
            138.77762464246408,
            36.950685844326365,
            947.0
          ],
          [
            138.77773181194286,
            36.95071270112134,
            945.8
          ],
          [
            138.77782187027432,
            36.95076176755042,
            943.7
          ],
          [
            138.77789969034507,
            36.95082671878768,
            941.6
          ],
          [
            138.7779775104158,
            36.95089167002494,
            939.5
          ],
          [
            138.77803217596832,
            36.95096646271655,
            937.7
          ],
          [
            138.77805538551598,
            36.951054625275475,
            935.7
          ],
          [
            138.77807859506362,
            36.95114278783441,
            934.3
          ],
          [
            138.77814085712134,
            36.95121673715528,
            931.9
          ],
          [
            138.7782081987348,
            36.951288837761815,
            930.2
          ],
          [
            138.7782755403483,
            36.95136093836835,
            927.6
          ],
          [
            138.77836584104276,
            36.95141417242554,
            925.1
          ],
          [
            138.77845724068922,
            36.951466503422544,
            922.6
          ],
          [
            138.77854864033566,
            36.951518834419545,
            919.9
          ],
          [
            138.7786401453104,
            36.95157097693791,
            917.5
          ],
          [
            138.7787496251886,
            36.951590954437755,
            914.1
          ],
          [
            138.7788591050668,
            36.9516109319376,
            912.0
          ],
          [
            138.778968584945,
            36.95163090943745,
            910.4
          ],
          [
            138.77907806482324,
            36.95165088693729,
            909.8
          ],
          [
            138.77918754470144,
            36.95167086443713,
            909.5
          ],
          [
            138.77929702457965,
            36.95169084193698,
            908.6
          ],
          [
            138.77940650445785,
            36.951710819436826,
            907.5
          ],
          [
            138.7795159843361,
            36.95173079693667,
            905.7
          ],
          [
            138.7796254642143,
            36.95175077443652,
            904.0
          ],
          [
            138.7797349440925,
            36.951770751936365,
            899.4
          ],
          [
            138.77984442397073,
            36.95179072943621,
            896.0
          ],
          [
            138.77995390384893,
            36.95181070693606,
            890.7
          ],
          [
            138.78006338372714,
            36.951830684435905,
            887.8
          ],
          [
            138.78017286360534,
            36.95185066193575,
            882.8
          ],
          [
            138.78028234348358,
            36.9518706394356,
            879.5
          ],
          [
            138.78039182336178,
            36.951890616935444,
            874.3
          ],
          [
            138.78050130324,
            36.95191059443529,
            870.5
          ],
          [
            138.7806107831182,
            36.95193057193514,
            868.4
          ],
          [
            138.78072206436386,
            36.95194102357114,
            865.8
          ],
          [
            138.78083400031628,
            36.95194801303303,
            864.1
          ],
          [
            138.78094593626872,
            36.95195500249493,
            861.3
          ],
          [
            138.78105787222117,
            36.95196199195682,
            858.9
          ],
          [
            138.7811698081736,
            36.95196898141871,
            856.9
          ],
          [
            138.7812810638297,
            36.95197220676745,
            854.1
          ],
          [
            138.78138591222407,
            36.95193998042061,
            852.2
          ],
          [
            138.78149076061845,
            36.95190775407377,
            849.0
          ],
          [
            138.7815956090128,
            36.95187552772694,
            846.7
          ],
          [
            138.78169930285432,
            36.95184149055907,
            844.2
          ],
          [
            138.78179320356324,
            36.951792093669965,
            840.8
          ],
          [
            138.78188710427216,
            36.951742696780855,
            838.5
          ]
        ]
      }
    },
    {
      "type": "Feature",
      "properties": {
        "name": "[C1] メロディ",
        "slope_deg": [
          4.431564716435877,
          4.431564716435877,
          4.431564716435877,
          6.701525844729548,
          9.926245506651705,
          10.757967088390036,
          9.22988624372772,
          9.090276920822289,
          7.547725773843047,
          8.39062701325255,
          9.648045316098093,
          9.369385096487514,
          10.342657140474707,
          8.950558656231758,
          8.390627013252708,
          8.250387228905435,
          8.110047829419,
          10.065169352759717,
          10.619655276155134,
          11.309932474020215,
          12.816647648997467,
          11.996899307923577,
          12.543973346572077,
          12.270720357815385,
          11.996899307923577,
          11.859779120948104,
          12.27072035781523,
          12.133880170633224,
          11.309932474020215,
          10.757967088389877,
          10.757967088389877,
          10.757967088389877
        ],
        "horizontal_dist_map": 315,
        "slope_dist_map": 320,
        "elevation_diff_map": 52.9,
        "avg_slope_deg_map": 9.4,
        "max_slope_deg_map": 12.8
      },
      "geometry": {
        "type": "LineString",
        "coordinates": [
          [
            138.7823841,
            36.9483077,
            881.1
          ],
          [
            138.7824038751281,
            36.94839640017324,
            881.0
          ],
          [
            138.78242365025616,
            36.94848510034648,
            881.0
          ],
          [
            138.78244342538426,
            36.94857380051972,
            880.1
          ],
          [
            138.78245642341975,
            36.94866319727752,
            878.0
          ],
          [
            138.78246513516035,
            36.94875303460283,
            876.3
          ],
          [
            138.78247384690093,
            36.94884287192815,
            874.0
          ],
          [
            138.78248255864153,
            36.94893270925346,
            872.5
          ],
          [
            138.78248528796186,
            36.94902253867832,
            871.5
          ],
          [
            138.78247620797768,
            36.949112352507676,
            869.9
          ],
          [
            138.7824671279935,
            36.949202166337024,
            868.7
          ],
          [
            138.78245804800932,
            36.94929198016638,
            866.6
          ],
          [
            138.78244896802516,
            36.94938179399573,
            864.7
          ],
          [
            138.78244711732887,
            36.94947129950876,
            863.3
          ],
          [
            138.78246800510934,
            36.949559835266044,
            861.4
          ],
          [
            138.78248889288983,
            36.94964837102333,
            860.3
          ],
          [
            138.78252526636766,
            36.9497316862021,
            858.8
          ],
          [
            138.7825894152713,
            36.94980563765715,
            857.5
          ],
          [
            138.78265186598114,
            36.949880388838885,
            855.7
          ],
          [
            138.78270100864682,
            36.94996140714855,
            853.2
          ],
          [
            138.7827501513125,
            36.95004242545822,
            851.3
          ],
          [
            138.78279463400827,
            36.95012510411382,
            849.5
          ],
          [
            138.78283654069824,
            36.950208700599525,
            846.6
          ],
          [
            138.7828784473882,
            36.95029229708523,
            844.7
          ],
          [
            138.7829203540782,
            36.950375893570936,
            842.4
          ],
          [
            138.7829622607682,
            36.95045949005664,
            840.8
          ],
          [
            138.78298849617806,
            36.95054648563841,
            838.1
          ],
          [
            138.7830047588553,
            36.95063564430297,
            836.3
          ],
          [
            138.78302102153253,
            36.950724802967535,
            833.7
          ],
          [
            138.78303728420977,
            36.95081396163209,
            832.2
          ],
          [
            138.783053546887,
            36.95090312029666,
            830.1
          ],
          [
            138.78306980956424,
            36.95099227896122,
            828.7
          ]
        ]
      }
    },
    {
      "type": "Feature",
      "properties": {
        "name": "[N9] ファルコン",
        "slope_deg": [
          23.26770481005701,
          23.26770481005701,
          23.26770481005701,
          22.904057803636878,
          23.146707841882964,
          22.170895633834377,
          19.6719699892005,
          18.77803322244557,
          18.39196625070533,
          15.774985955414008,
          15.642246457208788,
          13.631094443421603,
          12.95276451337558,
          13.901350769509243,
          12.543973346572077,
          12.407418527400683,
          13.088732789694,
          12.543973346572077,
          13.360218444764483,
          14.305551846622015,
          13.088732789694,
          12.68038349181982,
          11.996899307923577,
          9.926245506651705,
          9.926245506651705,
          8.39062701325255,
          7.547725773843047,
          7.829076510059608,
          7.547725773843206,
          7.547725773843047,
          6.701525844729548,
          6.560196400571341,
          5.4268124985727555,
          4.573921259900927,
          3.8616074096749773,
          3.4336303624504896,
          3.2908836860673905,
          3.290883686067228,
          4.146688825966138,
          3.8616074096749773,
          4.289153328819018,
          4.289153328819018,
          4.289153328819018,
          4.431564716435877,
          4.289153328819018,
          4.431564716435877,
          4.573921259900764,
          4.146688825965976,
          4.289153328819018,
          4.858462919034255,
          4.858462919034255,
          7.125016348901798,
          8.9505586562316,
          10.203973721731748,
          12.816647648997467,
          12.95276451337558,
          14.036243467926479,
          15.37625124882619,
          15.242997742901547,
          17.874511367250282,
          17.223436191131434,
          16.69924423399362,
          17.874511367250427,
          15.642246457208788,
          18.133621430820412,
          19.798876354524904,
          18.00416160591338,
          19.162339354971866,
          18.00416160591338,
          18.26288994219419,
          20.178380074508645,
          19.162339354971866,
          19.544862326628827,
          16.69924423399362,
          15.642246457208788,
          15.907551930525813,
          13.49573328079569,
          16.43605922463559,
          17.223436191131434,
          18.133621430820412,
          18.906332035086663,
          18.520849477471074,
          18.77803322244557,
          18.520849477471074,
          19.290046219188735,
          20.052082146098567,
          19.162339354971866,
          18.39196625070548,
          18.77803322244557,
          17.092662950267574,
          18.00416160591338,
          18.00416160591338,
          18.520849477471074,
          17.223436191131434,
          16.039943306049665,
          15.37625124882619,
          11.58512622485511,
          10.481218144130889,
          7.406912128495294,
          5.4268124985727555,
          4.289153328819018,
          3.4336303624504896,
          3.005269359689804,
          2.862405226111748,
          5.4268124985727555,
          7.406912128495294,
          11.996899307923577,
          15.774985955414158,
          15.642246457208788,
          15.509334522674907,
          13.224551192213651,
          11.44759626368548,
          12.543973346572077,
          12.133880170633224,
          12.68038349181982,
          13.766300685466351,
          12.13388017063338,
          12.407418527400838,
          9.787203664656081,
          5.852378988915653,
          4.289153328819018,
          2.862405226111748,
          3.8616074096749773,
          6.135733340186728,
          7.547725773843047,
          9.926245506651705,
          11.996899307923577,
          14.305551846622015,
          17.874511367250282,
          16.304198003832227,
          14.97598451475675,
          11.309932474020215,
          8.250387228905595,
          8.810732985984973,
          8.530765609948133,
          9.648045316098093,
          7.125016348901798,
          5.994092949108534,
          5.4268124985727555,
          6.277298489597523,
          10.20397372173159,
          11.585126224854955,
          14.439965121002807,
          16.304198003832376,
          15.509334522674907,
          16.961705886532968,
          15.37625124882619,
          15.642246457208639,
          17.223436191131434,
          16.567741642974887,
          19.544862326628685,
          16.961705886532968,
          15.642246457208788,
          14.305551846622015,
          11.996899307923577,
          11.996899307923577,
          10.481218144130889,
          9.508771958297752,
          9.648045316098251,
          11.172136252167116,
          12.816647648997467,
          12.407418527400838,
          12.407418527400683,
          10.757967088390036,
          11.034209003250188,
          12.543973346572077,
          11.58512622485511,
          14.708303899682749,
          16.567741642974887,
          17.744671625056874,
          19.6719699892005,
          17.744671625056874,
          15.509334522674907,
          15.907551930525813,
          16.172159015782583,
          16.172159015782583,
          14.842227057911131,
          13.631094443421603,
          12.816647648997467,
          13.766300685466351,
          15.109575122340402,
          15.509334522674907,
          15.774985955414008,
          15.907551930525813,
          15.907551930525889,
          17.874511367250282,
          15.907551930525889,
          15.50933452267483,
          17.35402463626132,
          15.642246457208712,
          16.304198003832298,
          16.69924423399362,
          13.631094443421526,
          13.631094443421526,
          13.495733280795843,
          12.68038349181982,
          13.088732789694076,
          14.708303899682749,
          15.37625124882619,
          16.172159015782583,
          16.830565983210626,
          14.708303899682749,
          15.37625124882619,
          13.766300685466273,
          12.270720357815309,
          10.896152141141194,
          9.50877195829783,
          8.670801453590913,
          8.95055865623168,
          10.0651693527598,
          9.648045316098171,
          10.342657140474627,
          11.585126224855031,
          12.68038349181982,
          13.088732789694,
          14.57421619803871,
          11.996899307923577,
          9.22988624372772,
          7.406912128495294,
          5.426812498572835,
          7.125016348901798,
          8.250387228905515,
          10.342657140474548,
          10.619655276155134,
          11.585126224855031,
          11.996899307923577,
          11.309932474020215,
          12.543973346572155,
          13.631094443421526,
          13.224551192213497,
          14.170977562933123,
          11.585126224855031,
          9.926245506651705,
          10.896152141141194,
          11.309932474020215,
          13.90135076950909,
          15.37625124882619,
          15.242997742901547,
          15.242997742901547,
          14.43996512100273,
          13.224551192213573,
          13.224551192213497,
          13.631094443421603,
          14.30555184662194,
          13.766300685466273,
          13.766300685466273,
          11.447596263685558,
          10.065169352759877,
          9.22988624372772,
          7.125016348901798,
          5.852378988915653,
          3.8616074096750577,
          2.5765718302687652,
          2.4336061007201053,
          1.8614576304667452,
          1.4320961841646465,
          1.0025738037601275,
          0.14323915036833912,
          -0.14323915036833912,
          -0.14323915036833912,
          -0.14323915036833912
        ],
        "horizontal_dist_map": 2603,
        "slope_dist_map": 2678,
        "elevation_diff_map": 568.0,
        "avg_slope_deg_map": 12.0,
        "max_slope_deg_map": 23.3
      },
      "geometry": {
        "type": "LineString",
        "coordinates": [
          [
            138.78045788806565,
            36.955075649663755,
            926.0
          ],
          [
            138.78056147038708,
            36.95504087781451,
            921.6
          ],
          [
            138.78066521220842,
            36.95500646380126,
            918.9
          ],
          [
            138.78077277298704,
            36.95498061756844,
            913.8
          ],
          [
            138.78088041365072,
            36.954954987367095,
            908.8
          ],
          [
            138.78098811958037,
            36.95492953366317,
            904.7
          ],
          [
            138.78109582551005,
            36.95490407995924,
            901.8
          ],
          [
            138.78120135692367,
            36.95487395196705,
            897.5
          ],
          [
            138.78130349551355,
            36.954836530841156,
            894.5
          ],
          [
            138.78140563410344,
            36.95479910971526,
            891.1
          ],
          [
            138.78150657490244,
            36.95475974021305,
            888.5
          ],
          [
            138.78160572758492,
            36.954717462086236,
            886.2
          ],
          [
            138.7817048802674,
            36.95467518395942,
            883.3
          ],
          [
            138.78180433704642,
            36.95463337201045,
            881.4
          ],
          [
            138.78190411099732,
            36.954592046283686,
            879.3
          ],
          [
            138.78200388494824,
            36.954550720556924,
            876.3
          ],
          [
            138.78210365889913,
            36.95450939483016,
            874.4
          ],
          [
            138.78220307208423,
            36.954467516064334,
            872.6
          ],
          [
            138.7823022504149,
            36.95442527727633,
            870.0
          ],
          [
            138.78240142874554,
            36.95438303848833,
            867.4
          ],
          [
            138.7825030760675,
            36.95434637820687,
            864.9
          ],
          [
            138.78261323165196,
            36.95432894172651,
            862.4
          ],
          [
            138.78272338723644,
            36.954311505246146,
            860.7
          ],
          [
            138.78283513264384,
            36.95431180220582,
            858.4
          ],
          [
            138.782947263886,
            36.95431640290154,
            856.4
          ],
          [
            138.7830593951282,
            36.95432100359726,
            855.4
          ],
          [
            138.78317078745965,
            36.954330048052135,
            853.7
          ],
          [
            138.78328049790827,
            36.95434920723678,
            852.5
          ],
          [
            138.78339020835688,
            36.95436836642142,
            851.1
          ],
          [
            138.7834999188055,
            36.954387525606066,
            849.9
          ],
          [
            138.7836110729392,
            36.95439936808022,
            848.4
          ],
          [
            138.78372279173365,
            36.9544083488092,
            847.2
          ],
          [
            138.78383451052807,
            36.954417329538195,
            846.4
          ],
          [
            138.7839462293225,
            36.95442631026718,
            845.3
          ],
          [
            138.78405688753213,
            36.954423832208306,
            844.6
          ],
          [
            138.78416572690054,
            36.95440170299447,
            844.0
          ],
          [
            138.78427456626895,
            36.95437957378063,
            843.7
          ],
          [
            138.78434462745074,
            36.95431424400476,
            842.9
          ],
          [
            138.78440854805052,
            36.95424021200083,
            842.3
          ],
          [
            138.78445602271296,
            36.954162235203036,
            841.7
          ],
          [
            138.784460075957,
            36.95407218500056,
            840.8
          ],
          [
            138.78447547865673,
            36.953983220010954,
            840.2
          ],
          [
            138.7844979009912,
            36.95389492622516,
            839.3
          ],
          [
            138.78452032332564,
            36.95380663243936,
            838.7
          ],
          [
            138.78454618981525,
            36.95371900306691,
            837.8
          ],
          [
            138.78457621605205,
            36.953632176152965,
            837.1
          ],
          [
            138.78460624228887,
            36.953545349239015,
            836.3
          ],
          [
            138.78465939103458,
            36.953470798841494,
            835.6
          ],
          [
            138.78474721245507,
            36.95341465733133,
            834.6
          ],
          [
            138.78483503387557,
            36.953358515821165,
            834.2
          ],
          [
            138.78494449059065,
            36.95335232022651,
            833.3
          ],
          [
            138.785056766185,
            36.9533526321238,
            832.2
          ],
          [
            138.78516903298265,
            36.95335372728635,
            831.2
          ],
          [
            138.78528129733346,
            36.95335504031969,
            829.2
          ],
          [
            138.78539356168426,
            36.95335635335304,
            827.0
          ],
          [
            138.78550582603506,
            36.953357666386374,
            825.0
          ],
          [
            138.78561806157657,
            36.95335998784938,
            822.1
          ],
          [
            138.78573028291314,
            36.95336280653667,
            820.0
          ],
          [
            138.78584234788522,
            36.95336516736248,
            817.0
          ],
          [
            138.78593709604385,
            36.95331682165817,
            814.0
          ],
          [
            138.78602035396005,
            36.95325948930013,
            811.2
          ],
          [
            138.7860781278004,
            36.953182225546755,
            807.1
          ],
          [
            138.7861359016408,
            36.95310496179337,
            804.6
          ],
          [
            138.78619367548117,
            36.953027698039996,
            802.0
          ],
          [
            138.78625144932155,
            36.95295043428661,
            798.3
          ],
          [
            138.7863122585004,
            36.95287578891607,
            795.9
          ],
          [
            138.78641244082402,
            36.952835108115586,
            791.5
          ],
          [
            138.78651262314767,
            36.952794427315105,
            787.6
          ],
          [
            138.78660068271225,
            36.95274024441798,
            785.3
          ],
          [
            138.78668046910414,
            36.952676847019696,
            782.0
          ],
          [
            138.78676025549603,
            36.95261344962142,
            778.5
          ],
          [
            138.78684004188793,
            36.95255005222313,
            774.4
          ],
          [
            138.78692760290892,
            36.952494319314646,
            770.6
          ],
          [
            138.78702113451078,
            36.952444472404835,
            768.1
          ],
          [
            138.78711466611267,
            36.95239462549503,
            764.3
          ],
          [
            138.78720126503953,
            36.95233764940482,
            762.4
          ],
          [
            138.78728423559357,
            36.95227694209625,
            759.4
          ],
          [
            138.78736932208386,
            36.95221908813697,
            756.7
          ],
          [
            138.78747537402043,
            36.952189506173866,
            754.7
          ],
          [
            138.78758389822764,
            36.952169357262534,
            750.6
          ],
          [
            138.78769581228786,
            36.9521621424767,
            747.0
          ],
          [
            138.78780773518673,
            36.95215502638314,
            743.6
          ],
          [
            138.78791978426202,
            36.952149319176854,
            741.0
          ],
          [
            138.78803183333733,
            36.95214361197057,
            737.2
          ],
          [
            138.78814167351152,
            36.95212988197087,
            733.4
          ],
          [
            138.78824628606682,
            36.95209716510654,
            730.2
          ],
          [
            138.78834890895536,
            36.952061011928556,
            727.0
          ],
          [
            138.7884475228827,
            36.95201793495396,
            722.6
          ],
          [
            138.78854613681006,
            36.95197485797936,
            719.5
          ],
          [
            138.78864705910922,
            36.95193551513411,
            716.9
          ],
          [
            138.7887494512079,
            36.951898549904804,
            713.4
          ],
          [
            138.78885184330662,
            36.95186158467549,
            710.3
          ],
          [
            138.78895772465796,
            36.951833289500996,
            706.5
          ],
          [
            138.78906771256456,
            36.95181519824763,
            703.9
          ],
          [
            138.78917770047116,
            36.95179710699427,
            700.0
          ],
          [
            138.78928768837775,
            36.951779015740904,
            697.9
          ],
          [
            138.78939957288372,
            36.95177161140987,
            695.0
          ],
          [
            138.78951148027994,
            36.951764336060094,
            692.9
          ],
          [
            138.78962312690882,
            36.951755097834166,
            691.8
          ],
          [
            138.789734429973,
            36.951743273490166,
            690.5
          ],
          [
            138.78984573303717,
            36.951731449146166,
            689.8
          ],
          [
            138.7899483792184,
            36.9516979819933,
            689.1
          ],
          [
            138.79004746024748,
            36.951655601712325,
            688.8
          ],
          [
            138.790142386414,
            36.95160834204244,
            688.1
          ],
          [
            138.79022757910536,
            36.95154965157074,
            687.7
          ],
          [
            138.79031277179672,
            36.95149096109903,
            687.1
          ],
          [
            138.7903979644881,
            36.95143227062733,
            685.0
          ],
          [
            138.79048315717947,
            36.951373580155625,
            682.9
          ],
          [
            138.79056834987085,
            36.95131488968392,
            679.2
          ],
          [
            138.7906535425622,
            36.95125619921222,
            675.8
          ],
          [
            138.79073757189522,
            36.9511965312213,
            673.8
          ],
          [
            138.79081452964346,
            36.951130921286534,
            671.8
          ],
          [
            138.7908914873917,
            36.951065311351776,
            669.8
          ],
          [
            138.79096844513992,
            36.95099970141701,
            667.7
          ],
          [
            138.7910646320567,
            36.95095634715538,
            664.9
          ],
          [
            138.79116816964907,
            36.95092150050205,
            663.2
          ],
          [
            138.79127170724144,
            36.950886653848706,
            660.8
          ],
          [
            138.7913752448338,
            36.95085180719536,
            657.9
          ],
          [
            138.7914787824262,
            36.95081696054202,
            656.3
          ],
          [
            138.79158232001856,
            36.95078211388868,
            654.4
          ],
          [
            138.79168585761093,
            36.950747267235336,
            653.9
          ],
          [
            138.7917893952033,
            36.950712420582,
            653.8
          ],
          [
            138.79189293279566,
            36.95067757392866,
            653.3
          ],
          [
            138.7919746044231,
            36.95061717728407,
            652.4
          ],
          [
            138.79205228910544,
            36.95055212196502,
            651.2
          ],
          [
            138.79212997378778,
            36.95048706664596,
            649.5
          ],
          [
            138.79220765847012,
            36.95042201132691,
            648.0
          ],
          [
            138.79228549656858,
            36.950357074921776,
            645.4
          ],
          [
            138.7923637548292,
            36.95029246418734,
            642.7
          ],
          [
            138.7924420130898,
            36.95022785345291,
            639.3
          ],
          [
            138.79252027135044,
            36.950163242718475,
            635.1
          ],
          [
            138.79259852961107,
            36.95009863198405,
            633.7
          ],
          [
            138.7926790717584,
            36.950035892305145,
            632.0
          ],
          [
            138.79276115802787,
            36.94997441763563,
            631.3
          ],
          [
            138.7928417749382,
            36.9499117352338,
            629.3
          ],
          [
            138.79292030483415,
            36.949847337420955,
            627.5
          ],
          [
            138.79302429838788,
            36.94986054472321,
            626.0
          ],
          [
            138.7930895359729,
            36.94992998624729,
            624.5
          ],
          [
            138.7930898673909,
            36.95001901228827,
            624.3
          ],
          [
            138.79308527125139,
            36.950109045748846,
            623.3
          ],
          [
            138.7930806751119,
            36.95019907920942,
            622.2
          ],
          [
            138.79307734645434,
            36.95028913091861,
            620.1
          ],
          [
            138.7930779160059,
            36.95037923875242,
            617.1
          ],
          [
            138.79307848555746,
            36.950469346586225,
            615.1
          ],
          [
            138.79307905510902,
            36.95055945442003,
            611.9
          ],
          [
            138.79307962466055,
            36.950649562253844,
            608.4
          ],
          [
            138.7930815472433,
            36.950739654730924,
            606.0
          ],
          [
            138.79308415201365,
            36.95082973946527,
            602.9
          ],
          [
            138.79311382965116,
            36.95091316910467,
            600.9
          ],
          [
            138.79317479408175,
            36.95098883190712,
            597.2
          ],
          [
            138.79325090642428,
            36.95104389516032,
            593.6
          ],
          [
            138.7933631637821,
            36.95104434958868,
            591.0
          ],
          [
            138.79347540674345,
            36.951046429717195,
            586.7
          ],
          [
            138.7935820798749,
            36.95102041911604,
            585.0
          ],
          [
            138.79368797372416,
            36.95099047830385,
            582.4
          ],
          [
            138.79379772768846,
            36.95097189280251,
            580.8
          ],
          [
            138.79390789447197,
            36.95095452169247,
            578.2
          ],
          [
            138.79400890207006,
            36.95091553209765,
            576.5
          ],
          [
            138.7941119007087,
            36.95088167527476,
            575.0
          ],
          [
            138.79422288586136,
            36.95086806813973,
            574.1
          ],
          [
            138.79433128349964,
            36.950870801113695,
            571.4
          ],
          [
            138.794434499249,
            36.950906257627445,
            568.6
          ],
          [
            138.79450534625732,
            36.95096360419847,
            565.9
          ],
          [
            138.79453137892685,
            36.951051257429874,
            565.3
          ],
          [
            138.7945513809437,
            36.95113978823065,
            562.6
          ],
          [
            138.79456534791547,
            36.95122919723995,
            561.0
          ],
          [
            138.79457809298856,
            36.9513187190743,
            558.1
          ],
          [
            138.79458978897154,
            36.95140833777728,
            556.4
          ],
          [
            138.79460229248093,
            36.95149755519473,
            554.4
          ],
          [
            138.79469703472424,
            36.95154590557343,
            550.5
          ],
          [
            138.79479839273512,
            36.95158382828448,
            546.2
          ],
          [
            138.79490284111182,
            36.95161688001004,
            543.6
          ],
          [
            138.79500728948852,
            36.95164993173561,
            540.1
          ],
          [
            138.79511173786523,
            36.95168298346118,
            537.7
          ],
          [
            138.79521618624193,
            36.95171603518675,
            535.1
          ],
          [
            138.79530224716197,
            36.95177232142927,
            532.2
          ],
          [
            138.795364358955,
            36.951845239249664,
            528.5
          ],
          [
            138.7953914328863,
            36.95192932315415,
            526.1
          ],
          [
            138.79535685568663,
            36.95201111810236,
            524.5
          ],
          [
            138.79526640395696,
            36.952064500226136,
            522.5
          ],
          [
            138.79517531940505,
            36.9521170780829,
            519.4
          ],
          [
            138.79507638489613,
            36.95215967926524,
            516.3
          ],
          [
            138.7949774503872,
            36.95220228044759,
            513.7
          ],
          [
            138.79487851587828,
            36.95224488162993,
            511.4
          ],
          [
            138.7947913444207,
            36.95230010616203,
            508.1
          ],
          [
            138.79474929089807,
            36.95237194499402,
            504.9
          ],
          [
            138.79477906583915,
            36.95245882754464,
            502.3
          ],
          [
            138.79483166161475,
            36.95253416364472,
            498.5
          ],
          [
            138.79491649701302,
            36.95259318775546,
            496.7
          ],
          [
            138.7950013324113,
            36.9526522118662,
            493.8
          ],
          [
            138.79509007439725,
            36.95270635899648,
            489.8
          ],
          [
            138.79519220008223,
            36.9527437979293,
            487.3
          ],
          [
            138.79529432576717,
            36.95278123686213,
            485.0
          ],
          [
            138.7953993016782,
            36.9528122015168,
            481.8
          ],
          [
            138.79550806525717,
            36.95283456249761,
            480.1
          ],
          [
            138.7956168288361,
            36.95285692347842,
            477.6
          ],
          [
            138.79572559241504,
            36.95287928445923,
            475.4
          ],
          [
            138.7958339706715,
            36.952856781134194,
            472.8
          ],
          [
            138.79594233983454,
            36.9528332190354,
            470.8
          ],
          [
            138.7960507089976,
            36.9528096569366,
            467.1
          ],
          [
            138.79615907816066,
            36.95278609483781,
            464.4
          ],
          [
            138.79626491055197,
            36.95275848157856,
            461.2
          ],
          [
            138.79635313599778,
            36.95270275047163,
            458.7
          ],
          [
            138.79644136144358,
            36.9526470193647,
            456.6
          ],
          [
            138.79652958688942,
            36.952591288257764,
            453.4
          ],
          [
            138.79661067882847,
            36.95252991218496,
            451.4
          ],
          [
            138.79667886893438,
            36.9524583264901,
            450.0
          ],
          [
            138.7967470590403,
            36.95238674079525,
            448.9
          ],
          [
            138.79681524914622,
            36.95231515510039,
            446.7
          ],
          [
            138.79686225378603,
            36.95223404657191,
            445.3
          ],
          [
            138.7969026833243,
            36.952149982545656,
            443.7
          ],
          [
            138.7969431128626,
            36.95206591851941,
            441.8
          ],
          [
            138.79698354240088,
            36.951981854493155,
            439.9
          ],
          [
            138.79702397193918,
            36.95189779046691,
            438.0
          ],
          [
            138.79706440147746,
            36.951813726440655,
            435.5
          ],
          [
            138.79710483101576,
            36.9517296624144,
            432.8
          ],
          [
            138.79714795422362,
            36.95164649147514,
            430.6
          ],
          [
            138.797193232432,
            36.951564035026976,
            427.6
          ],
          [
            138.79723851064037,
            36.951481578578814,
            427.0
          ],
          [
            138.7973453740337,
            36.95146198573583,
            426.3
          ],
          [
            138.79738168285456,
            36.95154611648669,
            425.4
          ],
          [
            138.79741408472577,
            36.951632169979945,
            423.8
          ],
          [
            138.79742667545398,
            36.95172171055401,
            422.0
          ],
          [
            138.79744818194274,
            36.951809729058645,
            420.5
          ],
          [
            138.7974820890467,
            36.95189563057087,
            418.1
          ],
          [
            138.79751624835632,
            36.951981467475186,
            416.3
          ],
          [
            138.79755063870456,
            36.952067245193994,
            413.8
          ],
          [
            138.7975850290528,
            36.9521530229128,
            412.0
          ],
          [
            138.79761941940106,
            36.95223880063161,
            410.1
          ],
          [
            138.7976538097493,
            36.95232457835042,
            407.4
          ],
          [
            138.79768820009755,
            36.95241035606923,
            404.1
          ],
          [
            138.7977225904458,
            36.95249613378804,
            402.6
          ],
          [
            138.79779496107935,
            36.952560798730296,
            400.0
          ],
          [
            138.79789443189344,
            36.95254578580511,
            399.2
          ],
          [
            138.79791550385409,
            36.95245727809003,
            397.1
          ],
          [
            138.79793657581476,
            36.95236877037496,
            394.9
          ],
          [
            138.7979576477754,
            36.95228026265989,
            392.0
          ],
          [
            138.79798614824264,
            36.95219344352483,
            389.3
          ],
          [
            138.7980260348866,
            36.95210921259106,
            386.1
          ],
          [
            138.79806940254292,
            36.952026276858135,
            384.0
          ],
          [
            138.7981237199368,
            36.95194741525879,
            381.1
          ],
          [
            138.79817803733064,
            36.951868553659445,
            379.0
          ],
          [
            138.79823235472452,
            36.951789692060096,
            376.7
          ],
          [
            138.7982866721184,
            36.95171083046075,
            374.6
          ],
          [
            138.79834098951224,
            36.9516319688614,
            371.4
          ],
          [
            138.79839530690612,
            36.95155310726205,
            368.8
          ],
          [
            138.7984496243,
            36.9514742456627,
            366.9
          ],
          [
            138.79850394169387,
            36.95139538406335,
            364.8
          ],
          [
            138.7985582590877,
            36.95131652246401,
            363.3
          ],
          [
            138.7986125764816,
            36.95123766086466,
            361.7
          ],
          [
            138.79866689387546,
            36.951158799265315,
            360.4
          ],
          [
            138.7987212112693,
            36.951079937665966,
            359.8
          ],
          [
            138.79877552866319,
            36.95100107606662,
            359.2
          ],
          [
            138.79882984605706,
            36.95092221446727,
            359.0
          ],
          [
            138.79888416345094,
            36.95084335286792,
            358.6
          ],
          [
            138.79893848084478,
            36.95076449126857,
            358.1
          ],
          [
            138.79899279823866,
            36.95068562966922,
            357.9
          ],
          [
            138.79904711563253,
            36.95060676806988,
            358.0
          ],
          [
            138.79910143302638,
            36.95052790647053,
            357.9
          ],
          [
            138.79915575042025,
            36.950449044871185,
            358.0
          ],
          [
            138.79921006781413,
            36.950370183271836,
            358.0
          ]
        ]
      }
    },
    {
      "type": "Feature",
      "properties": {
        "name": "[N4] スーパースワン",
        "slope_deg": [
          13.766300685466351,
          13.766300685466351,
          13.766300685466351,
          19.544862326628685,
          22.293629159694053,
          23.26770481005701,
          20.931852540892464,
          20.43036232928569,
          21.924785220541203,
          24.93842765545725,
          26.67952810669131,
          27.248467426644652,
          25.873385226286064,
          23.025492008528037,
          21.4300073017523,
          18.133621430820412,
          17.092662950267574,
          16.039943306049665,
          12.13388017063338,
          8.670801453590993,
          8.670801453590993,
          8.670801453590993
        ],
        "horizontal_dist_map": 213,
        "slope_dist_map": 227,
        "elevation_diff_map": 69.4,
        "avg_slope_deg_map": 17.0,
        "max_slope_deg_map": 27.2
      },
      "geometry": {
        "type": "LineString",
        "coordinates": [
          [
            138.7749624,
            36.9549075,
            941.6
          ],
          [
            138.77502585814423,
            36.95498183668324,
            940.9
          ],
          [
            138.77508931628847,
            36.95505617336647,
            940.1
          ],
          [
            138.77515947202804,
            36.95512612888921,
            937.2
          ],
          [
            138.7752373991146,
            36.9551910008683,
            931.8
          ],
          [
            138.7753153262011,
            36.95525587284738,
            926.7
          ],
          [
            138.77539325328766,
            36.955320744826466,
            923.7
          ],
          [
            138.77547118037418,
            36.95538561680555,
            920.0
          ],
          [
            138.77554348277317,
            36.95545430901397,
            916.5
          ],
          [
            138.77561031535993,
            36.95552671626201,
            911.8
          ],
          [
            138.7756771479467,
            36.95559912351005,
            907.6
          ],
          [
            138.7757439805335,
            36.95567153075808,
            901.4
          ],
          [
            138.77581081312024,
            36.95574393800612,
            896.4
          ],
          [
            138.77589433288168,
            36.955803294478415,
            891.2
          ],
          [
            138.7759828015486,
            36.95585878048989,
            888.2
          ],
          [
            138.7760712702155,
            36.95591426650137,
            884.4
          ],
          [
            138.77615973888243,
            36.95596975251285,
            880.7
          ],
          [
            138.77624820754934,
            36.956025238524326,
            878.1
          ],
          [
            138.77634233863475,
            36.95607434656663,
            875.9
          ],
          [
            138.77643658015782,
            36.95612333021543,
            872.9
          ],
          [
            138.77653082168092,
            36.95617231386423,
            872.1
          ],
          [
            138.77662506320402,
            36.956221297513025,
            872.0
          ]
        ]
      }
    },
    {
      "type": "Feature",
      "properties": {
        "name": "[N6] ジョアンナB",
        "slope_deg": [
          6.842773412630876,
          6.842773412630876,
          6.842773412630876,
          8.39062701325255,
          9.22988624372772,
          15.37625124882619,
          16.961705886532968,
          18.77803322244557,
          19.03443435483528,
          21.305783617828798,
          24.346751854704948,
          23.749494492866653,
          25.524475356294268,
          23.26770481005687,
          19.290046219188735,
          18.133621430820412,
          13.088732789694154,
          9.648045316098251,
          7.68844776990284,
          4.858462919034255,
          6.277298489597523,
          5.568737077976604,
          4.858462919034255,
          4.431564716435877,
          2.2906100426385625,
          2.2906100426385625,
          2.2906100426385625
        ],
        "horizontal_dist_map": 262,
        "slope_dist_map": 272,
        "elevation_diff_map": 58.4,
        "avg_slope_deg_map": 12.1,
        "max_slope_deg_map": 25.5
      },
      "geometry": {
        "type": "LineString",
        "coordinates": [
          [
            138.78018484620688,
            36.95541527227372,
            930.4
          ],
          [
            138.78007261012286,
            36.95541777211347,
            928.8
          ],
          [
            138.77996037403886,
            36.955420271953216,
            926.6
          ],
          [
            138.77984963184133,
            36.95543147139738,
            927.4
          ],
          [
            138.77974073701634,
            36.95545342896153,
            925.6
          ],
          [
            138.77963184219132,
            36.95547538652569,
            922.9
          ],
          [
            138.77953028634116,
            36.9555100055354,
            920.1
          ],
          [
            138.7794392093412,
            36.95556270300902,
            916.4
          ],
          [
            138.7793495318977,
            36.95561671364341,
            913.4
          ],
          [
            138.77927054665827,
            36.95568075644395,
            909.3
          ],
          [
            138.77919156141883,
            36.955744799244485,
            906.3
          ],
          [
            138.7791125761794,
            36.955808842045016,
            900.8
          ],
          [
            138.7790261520766,
            36.955866224717305,
            895.3
          ],
          [
            138.77893821835244,
            36.95592225580245,
            891.7
          ],
          [
            138.77885028462825,
            36.95597828688759,
            887.2
          ],
          [
            138.7787623509041,
            36.95603431797274,
            883.6
          ],
          [
            138.77867258426076,
            36.95608769804319,
            881.3
          ],
          [
            138.77856680972235,
            36.956117925338354,
            878.6
          ],
          [
            138.77846103518397,
            36.95614815263352,
            877.9
          ],
          [
            138.77835526064555,
            36.95617837992867,
            876.8
          ],
          [
            138.77824948610717,
            36.956208607223836,
            875.9
          ],
          [
            138.7781437115688,
            36.956238834519,
            875.2
          ],
          [
            138.77803975777667,
            36.95627253871267,
            873.5
          ],
          [
            138.77793883398738,
            36.95631202900204,
            872.9
          ],
          [
            138.7778379101981,
            36.95635151929142,
            872.5
          ],
          [
            138.7777369864088,
            36.95639100958079,
            872.1
          ],
          [
            138.77763606261948,
            36.956430499870166,
            871.9
          ]
        ]
      }
    },
    {
      "type": "Feature",
      "properties": {
        "name": "[N5] ジョアンナA",
        "slope_deg": [
          5.142764557884274,
          5.142764557884274,
          5.142764557884274,
          7.125016348901798,
          8.250387228905435,
          9.369385096487358,
          10.065169352759877,
          12.68038349181982,
          16.43605922463559,
          17.35402463626132,
          20.052082146098424,
          19.03443435483528,
          18.77803322244557,
          18.52084947747122,
          18.39196625070548,
          17.744671625056874,
          17.092662950267574,
          16.039943306049665,
          14.439965121002654,
          14.170977562933123,
          12.816647648997312,
          14.708303899682749,
          11.309932474020215,
          9.369385096487514,
          6.842773412631036,
          2.2906100426383995,
          2.2906100426383995,
          2.2906100426383995
        ],
        "horizontal_dist_map": 274,
        "slope_dist_map": 282,
        "elevation_diff_map": 58.4,
        "avg_slope_deg_map": 11.7,
        "max_slope_deg_map": 20.1
      },
      "geometry": {
        "type": "LineString",
        "coordinates": [
          [
            138.78015686671299,
            36.95510036409999,
            931.0
          ],
          [
            138.7800504697509,
            36.95512914675893,
            930.7
          ],
          [
            138.77994407278882,
            36.955157929417865,
            930.3
          ],
          [
            138.77983767582674,
            36.9551867120768,
            928.8
          ],
          [
            138.7797312788647,
            36.95521549473574,
            927.4
          ],
          [
            138.77962296090288,
            36.955239187607965,
            925.7
          ],
          [
            138.7795145441339,
            36.955262618685445,
            924.5
          ],
          [
            138.77940612736487,
            36.955286049762925,
            922.2
          ],
          [
            138.77929771059587,
            36.9553094808404,
            920.3
          ],
          [
            138.77918929382687,
            36.95533291191788,
            916.7
          ],
          [
            138.77908087705785,
            36.95535634299536,
            912.7
          ],
          [
            138.77897246028886,
            36.95537977407284,
            909.7
          ],
          [
            138.77886242063872,
            36.955397144437796,
            905.7
          ],
          [
            138.77875158033666,
            36.95541152473696,
            902.9
          ],
          [
            138.77864074003458,
            36.955425905036115,
            899.1
          ],
          [
            138.7785298997325,
            36.95544028533527,
            896.3
          ],
          [
            138.77841905943043,
            36.95545466563443,
            892.4
          ],
          [
            138.77831232608156,
            36.955481707463015,
            890.1
          ],
          [
            138.77820681797635,
            36.95551252665586,
            886.8
          ],
          [
            138.77810130987112,
            36.955543345848696,
            884.8
          ],
          [
            138.77799613234666,
            36.95557471241727,
            882.1
          ],
          [
            138.77790062238648,
            36.955622086541744,
            880.0
          ],
          [
            138.7778051124263,
            36.95566946066623,
            877.7
          ],
          [
            138.77770960246613,
            36.955716834790714,
            874.3
          ],
          [
            138.77762587129337,
            36.95577361885085,
            874.1
          ],
          [
            138.77756727751822,
            36.95585048488429,
            873.4
          ],
          [
            138.7775086837431,
            36.955927350917726,
            872.9
          ],
          [
            138.77745008996794,
            36.95600421695116,
            872.7
          ]
        ]
      }
    },
    {
      "type": "Feature",
      "properties": {
        "name": "[N3] スーパーブロードウェイ",
        "slope_deg": [
          15.907551930525813,
          15.907551930525813,
          15.907551930525813,
          17.35402463626132,
          21.056705590704752,
          20.30447370996038,
          23.146707841882964,
          22.78240573048177,
          21.181349500266236,
          21.924785220541203,
          21.181349500266236,
          24.22774531795417,
          25.5244753562944,
          26.335410003881297,
          24.820541335489082,
          22.538450040828117,
          19.925580658184323,
          18.00416160591338,
          16.567741642974887,
          13.49573328079569,
          11.859779120947948,
          10.203973721731748,
          10.065169352759877,
          10.065169352759877,
          10.203973721731748,
          9.508771958297752,
          8.250387228905435,
          7.68844776990284,
          7.68844776990284,
          6.701525844729548,
          5.568737077976766,
          4.431564716435877,
          2.862405226111748,
          2.147585428298503,
          1.288937560186863,
          1.145762838175201,
          1.145762838175201,
          0.8593722436447134,
          0.8593722436447134,
          0.8593722436447134
        ],
        "horizontal_dist_map": 397,
        "slope_dist_map": 412,
        "elevation_diff_map": 92.5,
        "avg_slope_deg_map": 12.6,
        "max_slope_deg_map": 26.3
      },
      "geometry": {
        "type": "LineString",
        "coordinates": [
          [
            138.775515,
            36.9533042,
            964.5
          ],
          [
            138.77561801669827,
            36.95334003385973,
            962.2
          ],
          [
            138.77572103339656,
            36.95337586771947,
            960.1
          ],
          [
            138.77582405009483,
            36.953411701579206,
            956.3
          ],
          [
            138.77592706679312,
            36.95344753543895,
            953.1
          ],
          [
            138.77603008349138,
            36.95348336929868,
            949.7
          ],
          [
            138.77613310018967,
            36.95351920315842,
            944.7
          ],
          [
            138.77623611688793,
            36.953555037018155,
            941.5
          ],
          [
            138.77633913358622,
            36.953590870877896,
            936.0
          ],
          [
            138.77644089677838,
            36.95362859408317,
            932.9
          ],
          [
            138.77653544595856,
            36.95367719059921,
            929.2
          ],
          [
            138.7766299951387,
            36.95372578711524,
            925.4
          ],
          [
            138.77672056884276,
            36.953778948721954,
            920.5
          ],
          [
            138.77680992234184,
            36.953833511505806,
            914.9
          ],
          [
            138.77689927584095,
            36.95388807428966,
            910.1
          ],
          [
            138.77698862934002,
            36.95394263707351,
            905.6
          ],
          [
            138.77707798283913,
            36.95399719985736,
            902.0
          ],
          [
            138.77716733633824,
            36.95405176264121,
            898.3
          ],
          [
            138.77725668983732,
            36.95410632542506,
            895.6
          ],
          [
            138.77733197489184,
            36.95417045847445,
            892.6
          ],
          [
            138.7773844029635,
            36.954250140321335,
            890.1
          ],
          [
            138.77743683103517,
            36.95432982216822,
            888.7
          ],
          [
            138.77748040992333,
            36.954411593875655,
            887.2
          ],
          [
            138.77749011388934,
            36.954501365627806,
            885.4
          ],
          [
            138.7774998178554,
            36.95459113737996,
            883.0
          ],
          [
            138.7775095218214,
            36.9546809091321,
            881.6
          ],
          [
            138.77751922578744,
            36.95477068088425,
            880.0
          ],
          [
            138.77751916654654,
            36.95485969477102,
            878.7
          ],
          [
            138.77748820448107,
            36.954946309837254,
            877.2
          ],
          [
            138.77745724241558,
            36.95503292490349,
            876.2
          ],
          [
            138.7774262803501,
            36.95511953996973,
            874.6
          ],
          [
            138.77739398533868,
            36.95520583134653,
            874.0
          ],
          [
            138.77735991593661,
            36.95529169183453,
            873.3
          ],
          [
            138.77732584653458,
            36.95537755232253,
            873.1
          ],
          [
            138.77729177713252,
            36.95546341281052,
            872.6
          ],
          [
            138.77725770773048,
            36.95554927329852,
            872.5
          ],
          [
            138.7772142897122,
            36.95563220626709,
            872.4
          ],
          [
            138.77716689539994,
            36.95571389405908,
            872.3
          ],
          [
            138.77711950108767,
            36.95579558185107,
            871.8
          ],
          [
            138.7770721067754,
            36.95587726964306,
            871.9
          ]
        ]
      }
    },
    {
      "type": "Feature",
      "properties": {
        "name": "[N2] ブロードウェイ",
        "slope_deg": [
          6.701525844729388,
          6.701525844729388,
          6.701525844729388,
          6.701525844729548,
          7.406912128495294,
          11.7225209701022,
          13.90135076950909,
          17.223436191131583,
          18.39196625070533,
          19.03443435483528,
          20.556045219583467,
          22.170895633834377,
          22.904057803637016,
          22.904057803636878,
          20.931852540892606,
          16.830565983210626,
          15.774985955414008,
          12.816647648997467,
          10.757967088390036,
          8.810732985984814,
          5.994092949108534,
          5.284821092508918,
          6.701525844729388,
          7.969610394321392,
          10.065169352759717,
          12.270720357815385,
          13.631094443421603,
          17.6146433000071,
          18.77803322244557,
          21.181349500266236,
          23.025492008528037,
          21.305783617828798,
          23.025492008528037,
          21.181349500266236,
          21.056705590704752,
          21.056705590704752,
          19.417554141579483,
          21.80140948635181,
          19.925580658184323,
          20.931852540892464,
          20.30447370996038,
          18.00416160591338,
          16.830565983210626,
          14.57421619803871,
          13.360218444764483,
          12.816647648997467,
          12.407418527400683,
          13.088732789694154,
          14.036243467926479,
          12.816647648997467,
          13.360218444764483,
          12.68038349181982,
          10.896152141141194,
          10.619655276155134,
          9.648045316098251,
          7.547725773843047,
          7.125016348901798,
          6.983937460085259,
          5.568737077976604,
          5.426812498572917,
          4.858462919034255,
          4.858462919034255,
          4.858462919034255
        ],
        "horizontal_dist_map": 627,
        "slope_dist_map": 651,
        "elevation_diff_map": 156.3,
        "avg_slope_deg_map": 13.5,
        "max_slope_deg_map": 23.0
      },
      "geometry": {
        "type": "LineString",
        "coordinates": [
          [
            138.7738144,
            36.9513579,
            1028.3
          ],
          [
            138.77388262676206,
            36.95142946264564,
            1026.9
          ],
          [
            138.77392520031992,
            36.951511706415516,
            1025.2
          ],
          [
            138.7739588056567,
            36.95159768424851,
            1025.0
          ],
          [
            138.77400415811263,
            36.95167883187049,
            1023.6
          ],
          [
            138.77407147245094,
            36.95175094914855,
            1022.2
          ],
          [
            138.77413878678922,
            36.95182306642661,
            1020.0
          ],
          [
            138.7742061011275,
            36.95189518370468,
            1016.7
          ],
          [
            138.77429847004944,
            36.95194616444809,
            1013.7
          ],
          [
            138.77439156992682,
            36.95199652854328,
            1009.8
          ],
          [
            138.77448000188195,
            36.95205184803116,
            1006.7
          ],
          [
            138.77456575674017,
            36.9521100094829,
            1002.9
          ],
          [
            138.77465151159836,
            36.95216817093464,
            998.7
          ],
          [
            138.7747369229528,
            36.952226650618755,
            993.5
          ],
          [
            138.77482086689923,
            36.95228648975435,
            989.8
          ],
          [
            138.77490481084564,
            36.95234632888995,
            986.0
          ],
          [
            138.77497526024857,
            36.95241616215281,
            983.4
          ],
          [
            138.7750354899375,
            36.95249201771373,
            981.4
          ],
          [
            138.77509147147723,
            36.95257012655398,
            978.5
          ],
          [
            138.77514745301693,
            36.95264823539423,
            976.9
          ],
          [
            138.77520343455666,
            36.952726344234485,
            975.8
          ],
          [
            138.77525941609636,
            36.952804453074734,
            975.2
          ],
          [
            138.7753153976361,
            36.95288256191499,
            974.3
          ],
          [
            138.77534823359022,
            36.9529686834376,
            973.2
          ],
          [
            138.7753806046165,
            36.95305496591182,
            971.1
          ],
          [
            138.7754202245078,
            36.95313904507795,
            969.6
          ],
          [
            138.77546719235022,
            36.95322089081858,
            967.2
          ],
          [
            138.77551416019264,
            36.953302736559216,
            964.5
          ],
          [
            138.77554740992034,
            36.95338878890547,
            961.4
          ],
          [
            138.77558040989595,
            36.95347491783722,
            956.9
          ],
          [
            138.77561340987154,
            36.953561046768975,
            953.6
          ],
          [
            138.77564640984713,
            36.95364717570072,
            949.0
          ],
          [
            138.77567940982274,
            36.95373330463248,
            944.4
          ],
          [
            138.77571240979833,
            36.95381943356423,
            941.3
          ],
          [
            138.77574540977392,
            36.95390556249598,
            936.6
          ],
          [
            138.77577851425409,
            36.95399166317845,
            933.5
          ],
          [
            138.77581717007257,
            36.95407626324364,
            929.0
          ],
          [
            138.77585582589103,
            36.95416086330883,
            925.9
          ],
          [
            138.7758944817095,
            36.95424546337402,
            922.5
          ],
          [
            138.775933137528,
            36.954330063439215,
            917.5
          ],
          [
            138.77597179334649,
            36.95441466350441,
            914.5
          ],
          [
            138.77601044916497,
            36.9544992635696,
            910.6
          ],
          [
            138.77604910498346,
            36.954583863634795,
            907.7
          ],
          [
            138.77608776080194,
            36.95466846369999,
            904.5
          ],
          [
            138.77612641662043,
            36.954753063765175,
            902.4
          ],
          [
            138.77616946653777,
            36.95483617458683,
            900.2
          ],
          [
            138.7762262995089,
            36.954912368437704,
            898.2
          ],
          [
            138.77631102576748,
            36.95497149586633,
            895.4
          ],
          [
            138.77639575202608,
            36.95503062329495,
            893.6
          ],
          [
            138.77648047828464,
            36.95508975072358,
            890.9
          ],
          [
            138.77655860826366,
            36.955154312334535,
            888.2
          ],
          [
            138.7766344725662,
            36.955220740467205,
            886.3
          ],
          [
            138.77671033686872,
            36.955287168599874,
            884.1
          ],
          [
            138.7767840363861,
            36.95535482838464,
            881.9
          ],
          [
            138.77683702666778,
            36.95543427066585,
            880.5
          ],
          [
            138.77689001694947,
            36.95551371294705,
            878.8
          ],
          [
            138.776895749604,
            36.955600845935116,
            877.3
          ],
          [
            138.776885505332,
            36.95569057900842,
            876.6
          ],
          [
            138.77689015408242,
            36.955780339660045,
            875.5
          ],
          [
            138.77689988223753,
            36.95587010971751,
            873.9
          ],
          [
            138.77690961039266,
            36.95595987977498,
            873.4
          ],
          [
            138.77691933854777,
            36.95604964983245,
            872.8
          ],
          [
            138.77692906670288,
            36.956139419889915,
            872.1
          ]
        ]
      }
    },
    {
      "type": "Feature",
      "properties": {
        "name": "[S1] イライザ",
        "slope_deg": [
          8.9505586562316,
          8.9505586562316,
          8.9505586562316,
          11.85977912094779,
          13.224551192213344,
          12.543973346572233,
          12.27072035781523,
          11.034209003250343,
          11.172136252167274,
          11.7225209701022,
          11.172136252167116,
          11.996899307923577,
          11.034209003250188,
          12.407418527400683,
          12.816647648997467,
          14.036243467926479,
          16.304198003832376,
          15.509334522674907,
          16.961705886532968,
          15.37625124882619,
          18.64953875405141,
          22.416147479343643,
          21.677820852504393,
          23.749494492866788,
          21.554019920478787,
          19.417554141579483,
          20.052082146098567,
          21.4300073017523,
          20.430362329285547,
          20.931852540892464,
          20.30447370996038,
          19.162339354971866,
          18.133621430820412,
          17.35402463626132,
          18.520849477471074,
          16.69924423399362,
          18.77803322244557,
          17.35402463626132,
          16.567741642975037,
          16.304198003832376,
          13.90135076950909,
          13.495733280795843,
          10.757967088389877,
          8.670801453590993,
          5.4268124985727555,
          3.2908836860673905,
          3.576334374997351,
          4.0041729407093225,
          6.277298489597683,
          7.125016348901798,
          7.688447769903003,
          9.369385096487514,
          9.508771958297752,
          12.68038349181982,
          12.407418527400683,
          11.172136252167116,
          11.034209003250343,
          8.810732985984814,
          11.447596263685636,
          11.58512622485511,
          11.996899307923577,
          12.407418527400838,
          9.926245506651705,
          10.619655276155134,
          11.7225209701022,
          12.952764513375426,
          15.774985955414008,
          16.96170588653282,
          21.43000730175244,
          23.509040224192432,
          23.025492008528037,
          22.04794746356044,
          17.092662950267425,
          13.224551192213651,
          11.58512622485511,
          11.172136252167116,
          11.034209003250188,
          12.816647648997312,
          13.360218444764483,
          15.774985955414158,
          15.509334522674907,
          16.961705886532968,
          18.520849477471074,
          18.778033222445426,
          20.68152167820093,
          19.925580658184323,
          19.544862326628827,
          19.162339354972016,
          17.744671625056874,
          15.37625124882619,
          12.816647648997312,
          12.816647648997312,
          12.816647648997312
        ],
        "horizontal_dist_map": 922,
        "slope_dist_map": 957,
        "elevation_diff_map": 236.8,
        "avg_slope_deg_map": 13.9,
        "max_slope_deg_map": 23.7
      },
      "geometry": {
        "type": "LineString",
        "coordinates": [
          [
            138.7720522,
            36.9416517,
            1032.6
          ],
          [
            138.7721452990185,
            36.941702050546574,
            1032.1
          ],
          [
            138.772238398037,
            36.941752401093154,
            1030.6
          ],
          [
            138.7723314970555,
            36.94180275163973,
            1028.7
          ],
          [
            138.77242459607396,
            36.94185310218631,
            1026.3
          ],
          [
            138.77251769509246,
            36.94190345273288,
            1023.7
          ],
          [
            138.77261079411096,
            36.94195380327946,
            1021.2
          ],
          [
            138.77270389312946,
            36.94200415382603,
            1019.8
          ],
          [
            138.7728000255519,
            36.94205034576277,
            1017.6
          ],
          [
            138.77290029368766,
            36.94209086789139,
            1015.9
          ],
          [
            138.77300056182344,
            36.942131390019995,
            1013.3
          ],
          [
            138.77310082995922,
            36.94217191214861,
            1011.5
          ],
          [
            138.773201098095,
            36.942212434277224,
            1009.7
          ],
          [
            138.77330541107085,
            36.94224478760686,
            1007.4
          ],
          [
            138.7734129780385,
            36.942270569303496,
            1005.5
          ],
          [
            138.7735205450061,
            36.94229635100013,
            1002.7
          ],
          [
            138.7736283140509,
            36.94231956963352,
            1000.6
          ],
          [
            138.773739071992,
            36.9423048783406,
            997.4
          ],
          [
            138.7738498299331,
            36.94229018704769,
            993.8
          ],
          [
            138.77396058787423,
            36.94227549575478,
            991.6
          ],
          [
            138.77407134581532,
            36.94226080446187,
            988.4
          ],
          [
            138.77418210375643,
            36.94224611316895,
            986.4
          ],
          [
            138.77428859766204,
            36.94221880496541,
            980.3
          ],
          [
            138.7743934215398,
            36.94218655529461,
            975.1
          ],
          [
            138.77449824541756,
            36.942154305623816,
            972.5
          ],
          [
            138.77460306929532,
            36.94212205595302,
            968.8
          ],
          [
            138.77470789317312,
            36.942089806282226,
            964.5
          ],
          [
            138.77481271705088,
            36.94205755661143,
            961.0
          ],
          [
            138.77491754092864,
            36.942025306940636,
            957.9
          ],
          [
            138.7750236581533,
            36.94199608800349,
            953.1
          ],
          [
            138.7751310982424,
            36.94196996896949,
            949.6
          ],
          [
            138.77523853833156,
            36.941943849935484,
            945.7
          ],
          [
            138.77534597842072,
            36.94191773090148,
            943.1
          ],
          [
            138.77545341850984,
            36.94189161186747,
            939.2
          ],
          [
            138.775560858599,
            36.941865492833465,
            936.5
          ],
          [
            138.77566829868815,
            36.94183937379946,
            933.2
          ],
          [
            138.77575312907152,
            36.94178062636764,
            929.7
          ],
          [
            138.77580588950104,
            36.94170331837244,
            927.2
          ],
          [
            138.77584152223582,
            36.94161807909541,
            922.9
          ],
          [
            138.77586817111091,
            36.941530545735574,
            920.7
          ],
          [
            138.77589481998598,
            36.94144301237573,
            917.8
          ],
          [
            138.77592092724586,
            36.94135538589046,
            915.5
          ],
          [
            138.77594128544396,
            36.941266770910296,
            913.0
          ],
          [
            138.77596164364206,
            36.94117815593014,
            911.1
          ],
          [
            138.77598200184016,
            36.941089540949974,
            910.2
          ],
          [
            138.77600236003826,
            36.94100092596982,
            909.4
          ],
          [
            138.7760053970957,
            36.94091131677009,
            909.2
          ],
          [
            138.77600095424228,
            36.940821278229485,
            908.8
          ],
          [
            138.77599651138883,
            36.94073123968888,
            907.7
          ],
          [
            138.77599352895908,
            36.940641163141166,
            906.6
          ],
          [
            138.77599069740404,
            36.94055108266697,
            904.8
          ],
          [
            138.77598786584903,
            36.94046100219278,
            903.8
          ],
          [
            138.77598946101512,
            36.940371376622466,
            902.3
          ],
          [
            138.77602047137526,
            36.940284773850614,
            900.0
          ],
          [
            138.77605148173538,
            36.94019817107876,
            898.1
          ],
          [
            138.7760824920955,
            36.94011156830691,
            894.8
          ],
          [
            138.7761149415029,
            36.9400253143174,
            893.5
          ],
          [
            138.77614881970973,
            36.939939406626465,
            892.1
          ],
          [
            138.7761853869901,
            36.939854443894596,
            890.3
          ],
          [
            138.77624103916568,
            36.93977618772714,
            888.6
          ],
          [
            138.77629669134126,
            36.939697931559685,
            885.4
          ],
          [
            138.77637575917163,
            36.939642821623785,
            883.9
          ],
          [
            138.77648259530886,
            36.93961516048943,
            881.8
          ],
          [
            138.77658943144613,
            36.93958749935508,
            879.8
          ],
          [
            138.77669626758336,
            36.939559838220724,
            878.4
          ],
          [
            138.7768025463545,
            36.93953094105499,
            876.4
          ],
          [
            138.77690668851812,
            36.93949730568576,
            873.5
          ],
          [
            138.77701083068175,
            36.939463670316535,
            870.6
          ],
          [
            138.77711497284537,
            36.93943003494731,
            867.1
          ],
          [
            138.777219115009,
            36.93939639957808,
            864.2
          ],
          [
            138.77732384276123,
            36.93936427808472,
            857.8
          ],
          [
            138.7774334023125,
            36.93934464785819,
            853.2
          ],
          [
            138.7775429618638,
            36.93932501763167,
            850.1
          ],
          [
            138.77765252141506,
            36.93930538740514,
            848.0
          ],
          [
            138.7777620809663,
            36.93928575717862,
            845.5
          ],
          [
            138.7778716405176,
            36.93926612695209,
            843.8
          ],
          [
            138.77798230437276,
            36.93925314432563,
            841.9
          ],
          [
            138.77809444360125,
            36.93924904303323,
            840.1
          ],
          [
            138.77820658282977,
            36.939244941740824,
            837.7
          ],
          [
            138.77831872205826,
            36.93924084044842,
            834.7
          ],
          [
            138.77843086128675,
            36.939236739156016,
            832.4
          ],
          [
            138.77854300051524,
            36.93923263786361,
            828.8
          ],
          [
            138.7786516671868,
            36.93923779344962,
            826.6
          ],
          [
            138.77874233919616,
            36.93929091783907,
            822.5
          ],
          [
            138.7788330112055,
            36.93934404222852,
            819.0
          ],
          [
            138.77892368321486,
            36.93939716661797,
            815.2
          ],
          [
            138.77899302883264,
            36.939465619462204,
            811.5
          ],
          [
            138.77904883114664,
            36.939543806626446,
            808.0
          ],
          [
            138.7791005493351,
            36.93962367225475,
            804.8
          ],
          [
            138.77914694805403,
            36.9397057240398,
            801.3
          ],
          [
            138.77919334677293,
            36.939787775824854,
            798.7
          ],
          [
            138.77923974549185,
            36.939869827609904,
            797.0
          ],
          [
            138.77928614421074,
            36.939951879394954,
            795.7
          ]
        ]
      }
    },
    {
      "type": "Feature",
      "properties": {
        "name": "[C5] グルノーブル",
        "slope_deg": [
          8.950558656231918,
          8.950558656231918,
          8.950558656231918,
          12.95276451337558,
          14.84222705791098,
          17.744671625056874,
          18.39196625070533,
          17.744671625056874,
          16.830565983210477,
          15.109575122340402,
          13.224551192213344,
          14.036243467926479,
          15.109575122340708,
          15.37625124882619,
          16.039943306049665,
          15.642246457208788,
          14.84222705791098,
          13.901350769509243,
          14.43996512100296,
          15.509334522674754,
          14.439965121002654,
          16.17215901578243,
          16.43605922463559,
          16.83056598321078,
          17.6146433000071,
          18.26288994219419,
          19.544862326628827,
          20.430362329285405,
          20.806791012711287,
          19.925580658184323,
          19.6719699892005,
          19.417554141579625,
          20.931852540892464,
          22.538450040827975,
          22.04794746356044,
          22.782405730481635,
          23.14670784188283,
          22.04794746356044,
          23.14670784188283,
          23.14670784188283,
          23.629377730656817,
          23.629377730656817,
          23.749494492866653,
          22.78240573048191,
          18.64953875405141,
          16.69924423399362,
          12.133880170633535,
          7.406912128494972,
          5.426812498573079,
          3.005269359689804,
          1.7183580016555222,
          1.57523692568325,
          1.4320961841646465,
          1.57523692568325,
          1.2889375601867001,
          1.1457628381750384,
          1.4320961841646465,
          1.2889375601867001,
          1.57523692568325,
          1.5752369256829246,
          1.2889375601867001,
          1.7183580016555222,
          1.8614576304666637,
          2.147585428298666,
          2.0045340321060343,
          1.4320961841646465,
          1.1457628381750384,
          0.5729386976834533,
          0.5729386976834533,
          0.5729386976834533
        ],
        "horizontal_dist_map": 692,
        "slope_dist_map": 718,
        "elevation_diff_map": 155.9,
        "avg_slope_deg_map": 12.2,
        "max_slope_deg_map": 23.7
      },
      "geometry": {
        "type": "LineString",
        "coordinates": [
          [
            138.76939697875648,
            36.9437784324906,
            1178.4
          ],
          [
            138.7694782805523,
            36.943840569745895,
            1178.7
          ],
          [
            138.76955958234814,
            36.943902707001186,
            1176.6
          ],
          [
            138.76964088414397,
            36.943964844256485,
            1175.1
          ],
          [
            138.76972218593983,
            36.944026981511776,
            1172.1
          ],
          [
            138.76980348773566,
            36.94408911876707,
            1169.5
          ],
          [
            138.7698847895315,
            36.94415125602236,
            1166.0
          ],
          [
            138.76996687906913,
            36.94421268731412,
            1162.3
          ],
          [
            138.7700527583309,
            36.94427072230651,
            1158.8
          ],
          [
            138.77013863759265,
            36.944328757298905,
            1156.7
          ],
          [
            138.77022451685443,
            36.9443867922913,
            1153.9
          ],
          [
            138.7703103961162,
            36.94444482728369,
            1151.5
          ],
          [
            138.77039627537795,
            36.94450286227608,
            1149.4
          ],
          [
            138.77048215463972,
            36.944560897268474,
            1146.7
          ],
          [
            138.7705680339015,
            36.944618932260866,
            1143.1
          ],
          [
            138.77065391316324,
            36.94467696725326,
            1140.5
          ],
          [
            138.77073979242502,
            36.94473500224566,
            1137.9
          ],
          [
            138.77081355671515,
            36.944802807483896,
            1135.5
          ],
          [
            138.77088626235766,
            36.94487146647962,
            1132.5
          ],
          [
            138.77095896800017,
            36.94494012547534,
            1130.6
          ],
          [
            138.77103167364268,
            36.945008784471064,
            1127.6
          ],
          [
            138.7711043792852,
            36.94507744346679,
            1124.4
          ],
          [
            138.77117708492767,
            36.945146102462516,
            1122.2
          ],
          [
            138.77124979057018,
            36.94521476145824,
            1119.0
          ],
          [
            138.77132278790094,
            36.9452832073827,
            1115.8
          ],
          [
            138.7714011279366,
            36.945347750589455,
            1112.3
          ],
          [
            138.77147946797228,
            36.9454122937962,
            1109.5
          ],
          [
            138.77155780800797,
            36.94547683700296,
            1105.8
          ],
          [
            138.77163614804363,
            36.945541380209704,
            1101.6
          ],
          [
            138.7717144880793,
            36.94560592341646,
            1097.4
          ],
          [
            138.771792828115,
            36.945670466623206,
            1094.3
          ],
          [
            138.77187116815065,
            36.94573500982996,
            1091.3
          ],
          [
            138.77194950818634,
            36.94579955303671,
            1087.3
          ],
          [
            138.77202784822202,
            36.94586409624346,
            1083.3
          ],
          [
            138.7721093852608,
            36.9459259011953,
            1079.0
          ],
          [
            138.77219471688196,
            36.94598445606156,
            1074.7
          ],
          [
            138.7722800485031,
            36.94604301092781,
            1071.1
          ],
          [
            138.77236538012423,
            36.94610156579406,
            1066.5
          ],
          [
            138.7724507117454,
            36.94616012066031,
            1061.9
          ],
          [
            138.77253604336653,
            36.946218675526566,
            1058.5
          ],
          [
            138.77262137498766,
            36.946277230392816,
            1054.0
          ],
          [
            138.7727067066088,
            36.946335785259066,
            1049.4
          ],
          [
            138.77279203822997,
            36.946394340125316,
            1044.4
          ],
          [
            138.7728662315984,
            36.946461357902564,
            1041.0
          ],
          [
            138.77293439782827,
            36.946532955135744,
            1036.4
          ],
          [
            138.77300256405815,
            36.94660455236892,
            1032.6
          ],
          [
            138.773070730288,
            36.9466761496021,
            1030.9
          ],
          [
            138.77313889651788,
            36.94674774683528,
            1029.0
          ],
          [
            138.7732041841593,
            36.9468207460872,
            1027.8
          ],
          [
            138.7732518309186,
            36.946902337344554,
            1027.4
          ],
          [
            138.77329947767788,
            36.9469839286019,
            1027.1
          ],
          [
            138.77334712443718,
            36.94706551985925,
            1026.9
          ],
          [
            138.77339477119648,
            36.94714711111661,
            1026.6
          ],
          [
            138.77344241795578,
            36.947228702373955,
            1026.3
          ],
          [
            138.77349006471505,
            36.947310293631304,
            1026.1
          ],
          [
            138.77353771147435,
            36.94739188488866,
            1025.8
          ],
          [
            138.77358535823365,
            36.94747347614601,
            1025.7
          ],
          [
            138.77363263788357,
            36.947555203782734,
            1025.5
          ],
          [
            138.77367927720937,
            36.947637169296804,
            1025.1
          ],
          [
            138.77372591653517,
            36.94771913481088,
            1024.9
          ],
          [
            138.77377255586097,
            36.94780110032495,
            1024.6
          ],
          [
            138.77381919518677,
            36.94788306583902,
            1024.4
          ],
          [
            138.77386583451258,
            36.9479650313531,
            1024.2
          ],
          [
            138.77390013206002,
            36.94805065085268,
            1023.7
          ],
          [
            138.77393098067947,
            36.948137291463844,
            1023.3
          ],
          [
            138.77396182929894,
            36.94822393207501,
            1022.9
          ],
          [
            138.7739926779184,
            36.94831057268618,
            1022.8
          ],
          [
            138.77402352653786,
            36.94839721329735,
            1022.7
          ],
          [
            138.7740543751573,
            36.94848385390851,
            1022.5
          ],
          [
            138.77408522377678,
            36.948570494519686,
            1022.5
          ]
        ]
      }
    },
    {
      "type": "Feature",
      "properties": {
        "name": "[N1] スワン",
        "slope_deg": [
          2.2906100426383995,
          2.2906100426383995,
          2.2906100426383995,
          3.148096099562824,
          3.576334374997351,
          4.289153328819018,
          5.000644597558433,
          5.4268124985727555,
          5.852378988915493,
          7.547725773843047,
          7.266008446996026,
          6.701525844729548,
          8.39062701325255,
          7.125016348901798,
          10.757967088390036,
          12.68038349181982,
          13.631094443421603,
          11.585126224854955,
          8.9505586562316,
          12.543973346572233,
          11.034209003250188,
          13.360218444764483,
          13.224551192213651,
          8.250387228905435,
          7.266008446996026,
          6.701525844729548,
          6.842773412630876,
          7.969610394321392,
          9.22988624372772,
          12.13388017063338,
          9.50877195829791,
          6.135733340186728,
          6.277298489597523,
          4.146688825965976,
          5.9940929491083725,
          8.530765609948133,
          6.983937460085259,
          5.852378988915653,
          6.701525844729548,
          7.829076510059608,
          9.09027692082245,
          9.648045316098093,
          9.926245506651705,
          9.369385096487514,
          8.9505586562316,
          8.39062701325255,
          8.39062701325255,
          7.266008446996026,
          7.125016348901798,
          6.983937460085259,
          6.418786730238786,
          5.9940929491083725,
          5.852378988915653,
          7.266008446996026,
          7.125016348901798,
          7.688447769903003,
          6.418786730238786,
          5.000644597558433,
          4.431564716435877,
          3.576334374997351,
          3.1480960995626615,
          4.716221234338378,
          5.710593137499643,
          3.4336303624504896,
          4.146688825966138,
          4.858462919034255,
          5.000644597558433,
          9.648045316098093,
          10.896152141141036,
          9.090276920822289,
          8.530765609948133,
          7.125016348901798,
          6.983937460085259,
          8.11004782941916,
          9.787203664656081,
          11.034209003250343,
          12.816647648997467,
          13.90135076950909,
          16.830565983210626,
          17.35402463626132,
          17.484427323220732,
          16.96170588653282,
          15.242997742901547,
          14.439965121002654,
          13.631094443421603,
          14.708303899682749,
          15.242997742901547,
          16.172159015782583,
          16.17215901578243,
          14.842227057911131,
          13.90135076950909,
          13.224551192213497,
          12.270720357815385,
          12.270720357815385,
          10.203973721731748,
          9.787203664656081,
          9.50877195829791,
          6.701525844729388,
          5.2848210925090795,
          2.719505461272472,
          1.0025738037599647,
          2.2906100426385625,
          3.005269359689804,
          4.289153328819018,
          5.142764557884274,
          3.8616074096751394,
          3.148096099562824,
          1.7183580016555222,
          1.7183580016555222,
          1.7183580016555222
        ],
        "horizontal_dist_map": 1099,
        "slope_dist_map": 1116,
        "elevation_diff_map": 158.6,
        "avg_slope_deg_map": 8.1,
        "max_slope_deg_map": 17.5
      },
      "geometry": {
        "type": "LineString",
        "coordinates": [
          [
            138.77350440332097,
            36.95080668931238,
            1030.8
          ],
          [
            138.77350639624456,
            36.95089678410254,
            1030.4
          ],
          [
            138.77350635384167,
            36.95098689145593,
            1030.1
          ],
          [
            138.77354244666594,
            36.95107149481109,
            1029.6
          ],
          [
            138.7735857024639,
            36.9511545840339,
            1029.2
          ],
          [
            138.7736354841948,
            36.95123535094073,
            1028.2
          ],
          [
            138.77368526592576,
            36.95131611784755,
            1027.6
          ],
          [
            138.7737170241447,
            36.95140096928539,
            1026.6
          ],
          [
            138.77372722850993,
            36.95149070530865,
            1025.7
          ],
          [
            138.77373743287518,
            36.95158044133191,
            1024.4
          ],
          [
            138.77374763724043,
            36.951670177355176,
            1023.5
          ],
          [
            138.7737578416057,
            36.95175991337844,
            1021.3
          ],
          [
            138.7737680459709,
            36.9518496494017,
            1020.6
          ],
          [
            138.77377460647017,
            36.95193928139071,
            1019.7
          ],
          [
            138.77375648305312,
            36.95202820864117,
            1017.6
          ],
          [
            138.77373835963607,
            36.95211713589162,
            1016.3
          ],
          [
            138.77371650643124,
            36.95220542022031,
            1013.0
          ],
          [
            138.7736875346103,
            36.9522924774783,
            1010.7
          ],
          [
            138.77365994653098,
            36.95237959989395,
            1007.9
          ],
          [
            138.77367603487295,
            36.95246877894585,
            1008.1
          ],
          [
            138.77369212321491,
            36.95255795799775,
            1006.7
          ],
          [
            138.77370716281868,
            36.95264725468378,
            1001.8
          ],
          [
            138.77370822489343,
            36.95272806516477,
            1000.1
          ],
          [
            138.77360480647226,
            36.95272772778526,
            998.6
          ],
          [
            138.7735492026999,
            36.952649445324425,
            997.3
          ],
          [
            138.7734774536965,
            36.95258106085043,
            996.0
          ],
          [
            138.77339797465433,
            36.95251741534994,
            995.0
          ],
          [
            138.77330446538164,
            36.95248072552764,
            993.9
          ],
          [
            138.77323214905797,
            36.95250274862394,
            992.5
          ],
          [
            138.7732703729118,
            36.95258747477104,
            990.4
          ],
          [
            138.773317794593,
            36.95266883150354,
            988.5
          ],
          [
            138.7733725078363,
            36.95274751713827,
            985.3
          ],
          [
            138.77342722107963,
            36.95282620277301,
            985.8
          ],
          [
            138.77348193432297,
            36.952904888407744,
            986.1
          ],
          [
            138.7735366475663,
            36.95298357404248,
            984.1
          ],
          [
            138.77361240164467,
            36.953047870065326,
            982.4
          ],
          [
            138.7737005213094,
            36.95310370939015,
            981.6
          ],
          [
            138.77378864097412,
            36.953159548714964,
            980.1
          ],
          [
            138.77387848694414,
            36.95321288982881,
            979.2
          ],
          [
            138.77398417129982,
            36.95324331053074,
            978.3
          ],
          [
            138.77409132366617,
            36.953226832982295,
            976.9
          ],
          [
            138.77415370500177,
            36.95316143031403,
            974.6
          ],
          [
            138.77421978583305,
            36.95309069762104,
            972.8
          ],
          [
            138.7743065338295,
            36.953035961754935,
            971.5
          ],
          [
            138.7744108666406,
            36.953002671963155,
            969.9
          ],
          [
            138.77451592571484,
            36.952970907019655,
            968.0
          ],
          [
            138.77462395736174,
            36.95297217185005,
            966.5
          ],
          [
            138.77472521004628,
            36.953003928663165,
            965.6
          ],
          [
            138.77480407844675,
            36.95306806197975,
            964.0
          ],
          [
            138.77486185507667,
            36.95314428012383,
            962.9
          ],
          [
            138.774911817042,
            36.95322497579023,
            961.5
          ],
          [
            138.7749525776907,
            36.953307473568096,
            960.7
          ],
          [
            138.77495454764107,
            36.95339756864592,
            959.5
          ],
          [
            138.77495651759145,
            36.953487663723735,
            958.7
          ],
          [
            138.77495793485895,
            36.953577765031476,
            957.4
          ],
          [
            138.7749591201426,
            36.95366786895416,
            955.6
          ],
          [
            138.77496030542628,
            36.95375797287686,
            954.5
          ],
          [
            138.77496149070993,
            36.95384807679955,
            953.3
          ],
          [
            138.77496013527198,
            36.953938103017485,
            952.9
          ],
          [
            138.77495040915892,
            36.954027873228895,
            952.1
          ],
          [
            138.77494068304583,
            36.95411764344031,
            951.4
          ],
          [
            138.77493095693274,
            36.95420741365172,
            950.8
          ],
          [
            138.77492123081967,
            36.95429718386314,
            950.7
          ],
          [
            138.7749162274849,
            36.954386983758404,
            948.8
          ],
          [
            138.77492420044035,
            36.95447686521294,
            947.4
          ],
          [
            138.77493217339583,
            36.95456674666747,
            948.4
          ],
          [
            138.7749401463513,
            36.954656628122,
            947.8
          ],
          [
            138.77494811930677,
            36.95474650957653,
            945.4
          ],
          [
            138.77495609226224,
            36.95483639103106,
            943.9
          ],
          [
            138.77495381449688,
            36.9549250133221,
            941.6
          ],
          [
            138.77491270765978,
            36.955008865982734,
            940.1
          ],
          [
            138.77487160082268,
            36.95509271864337,
            939.0
          ],
          [
            138.77483049398558,
            36.955176571304015,
            937.9
          ],
          [
            138.77477801014558,
            36.955255297114974,
            936.6
          ],
          [
            138.77471019877078,
            36.955327115837314,
            935.2
          ],
          [
            138.77464238739597,
            36.95539893455965,
            933.3
          ],
          [
            138.7745745760212,
            36.955470753282,
            931.0
          ],
          [
            138.7745067646464,
            36.95554257200434,
            928.8
          ],
          [
            138.77443895327158,
            36.95561439072668,
            926.1
          ],
          [
            138.77437114189678,
            36.95568620944902,
            923.4
          ],
          [
            138.77430333052197,
            36.95575802817137,
            918.9
          ],
          [
            138.77423551914717,
            36.95582984689371,
            916.3
          ],
          [
            138.77416770777236,
            36.95590166561605,
            913.5
          ],
          [
            138.7741099456985,
            36.95597711720593,
            911.2
          ],
          [
            138.77408819489074,
            36.95606545512757,
            908.0
          ],
          [
            138.77411864426753,
            36.95615218726206,
            906.0
          ],
          [
            138.77417394017118,
            36.95622969467533,
            903.8
          ],
          [
            138.77423659235342,
            36.95630447093749,
            900.7
          ],
          [
            138.77429924453565,
            36.95637924719965,
            897.1
          ],
          [
            138.7743973420994,
            36.9564137981532,
            894.4
          ],
          [
            138.77450607066606,
            36.95643628447788,
            892.2
          ],
          [
            138.77461479923272,
            36.956458770802556,
            890.1
          ],
          [
            138.77472352779938,
            36.95648125712724,
            887.2
          ],
          [
            138.7748344566099,
            36.956492725224905,
            885.0
          ],
          [
            138.77494649601786,
            36.95649863175053,
            883.5
          ],
          [
            138.77505853542584,
            36.95650453827616,
            881.4
          ],
          [
            138.7751707549194,
            36.956507447215365,
            880.0
          ],
          [
            138.77528298276275,
            36.9565102171701,
            878.1
          ],
          [
            138.77539521060606,
            36.95651298712483,
            876.8
          ],
          [
            138.77550743844938,
            36.956515757079565,
            876.7
          ],
          [
            138.7756196662927,
            36.9565185270343,
            876.3
          ],
          [
            138.77573137529214,
            36.95651502586587,
            876.2
          ],
          [
            138.775842161621,
            36.956500372632576,
            876.1
          ],
          [
            138.77595294794983,
            36.95648571939928,
            875.1
          ],
          [
            138.7760637342787,
            36.95647106616599,
            874.2
          ],
          [
            138.77617452060755,
            36.95645641293269,
            873.2
          ],
          [
            138.77627477771563,
            36.956417935904746,
            872.5
          ],
          [
            138.7763723094788,
            36.95637329241323,
            872.4
          ],
          [
            138.776469841242,
            36.95632864892171,
            872.0
          ],
          [
            138.77656737300518,
            36.9562840054302,
            872.0
          ]
        ]
      }
    },
    {
      "type": "Feature",
      "properties": {
        "name": "[C2] エーデルワイス",
        "slope_deg": [
          2.0045340321060343,
          2.0045340321060343,
          2.0045340321060343,
          2.147585428298503,
          2.433606100720186,
          2.5765718302687652,
          3.1480960995624994,
          3.005269359690129,
          3.4336303624503275,
          4.289153328819018,
          4.431564716436037,
          4.8584629190340936,
          5.000644597558433,
          5.000644597558433,
          8.670801453590833,
          9.22988624372772,
          9.22988624372772,
          7.547725773843047,
          3.718993973158075,
          5.710593137499643,
          4.716221234338378,
          8.11004782941916,
          8.250387228905595,
          3.718993973158075,
          5.9940929491083725,
          5.852378988915653,
          4.573921259900764,
          9.648045316098251,
          4.431564716435877,
          2.2906100426385625,
          5.000644597558433,
          3.290883686067228,
          5.568737077976604,
          5.4268124985727555,
          7.68844776990284,
          6.983937460085259,
          8.810732985984973,
          8.810732985984973,
          5.2848210925090795,
          3.2908836860673905,
          5.000644597558433,
          6.418786730238786,
          6.983937460085259,
          8.530765609948133,
          7.68844776990284,
          5.852378988915493,
          5.994092949108534,
          3.8616074096749773,
          3.0052693596899664,
          2.576571830268928,
          3.1480960995626615,
          2.862405226111748,
          1.8614576304666637,
          3.8616074096749773,
          4.004172940709484,
          8.39062701325255,
          5.426812498572917,
          -0.1432391503681763,
          3.718993973158075,
          -0.5729386976834533,
          3.718993973158075,
          8.9505586562316,
          4.0041729407093225,
          6.135733340186889,
          7.125016348901798,
          8.11004782941916,
          7.68844776990284,
          9.090276920822289,
          8.110047829419,
          6.418786730238786,
          7.125016348901798,
          7.829076510059608,
          8.11004782941916,
          7.547725773843047,
          7.406912128495294,
          6.277298489597523,
          6.135733340186728,
          6.842773412630876,
          7.829076510059608,
          7.125016348901798,
          5.852378988915653,
          5.000644597558433,
          5.852378988915653,
          5.2848210925090795,
          4.0041729407093225,
          4.004172940709484,
          0.8593722436445507,
          0.2864765102769768,
          1.5752369256830872,
          2.004534032105872,
          3.2908836860673905,
          4.289153328819018,
          3.718993973158075,
          3.576334374997351,
          5.710593137499643,
          4.716221234338378,
          5.710593137499643,
          6.277298489597523,
          3.8616074096749773,
          5.852378988915493,
          6.983937460085259,
          7.266008446996026,
          7.969610394321392,
          7.829076510059608,
          7.68844776990284,
          9.22988624372772,
          9.926245506651705,
          11.172136252167274,
          12.13388017063338,
          11.996899307923577,
          11.172136252167116,
          8.9505586562316,
          6.560196400571341,
          5.4268124985727555,
          5.710593137499643,
          5.852378988915653,
          7.125016348901798,
          5.568737077976766,
          5.852378988915653,
          6.842773412630876,
          6.560196400571341,
          8.110047829419,
          7.125016348901798,
          8.530765609948133,
          8.250387228905435,
          8.950558656231758,
          10.619655276155134,
          7.829076510059608,
          10.065169352759877,
          9.648045316098093,
          8.670801453590993,
          10.065169352759877,
          9.648045316098093,
          10.065169352759877,
          10.481218144130889,
          11.58512622485511,
          11.722520970102357,
          10.896152141141036,
          9.926245506651705,
          8.670801453590833,
          7.547725773843047,
          9.09027692082245,
          10.896152141141194,
          10.896152141141194,
          10.481218144130889,
          8.9505586562316,
          7.547725773843047,
          8.11004782941916,
          7.406912128495294,
          6.560196400571341,
          5.852378988915653,
          4.289153328819018,
          4.7162212343382155,
          5.000644597558433,
          4.573921259900927,
          4.7162212343382155,
          4.004172940709484,
          4.7162212343382155,
          5.568737077976604,
          5.4268124985727555,
          6.135733340186728,
          5.852378988915653,
          5.284821092508918,
          5.568737077976766,
          4.858462919034255,
          4.858462919034255,
          5.000644597558433,
          5.4268124985727555,
          6.135733340186889,
          5.852378988915653,
          6.560196400571341,
          5.994092949108534,
          6.701525844729388,
          6.983937460085259,
          6.983937460085259,
          7.829076510059608,
          7.829076510059608,
          9.22988624372772,
          9.78720366465624,
          9.648045316098093,
          7.969610394321392,
          5.2848210925090795,
          3.005269359689804,
          1.7183580016555222,
          2.004534032105872,
          2.004534032105872,
          2.004534032105872
        ],
        "horizontal_dist_map": 1866,
        "slope_dist_map": 1884,
        "elevation_diff_map": 204.0,
        "avg_slope_deg_map": 6.2,
        "max_slope_deg_map": 12.1
      },
      "geometry": {
        "type": "LineString",
        "coordinates": [
          [
            138.77369486800714,
            36.950115921183404,
            1032.5
          ],
          [
            138.77375241586702,
            36.95003854995529,
            1032.2
          ],
          [
            138.7738099637269,
            36.94996117872717,
            1031.8
          ],
          [
            138.7738675115868,
            36.94988380749906,
            1031.3
          ],
          [
            138.77392961144503,
            36.949808842223966,
            1031.1
          ],
          [
            138.77399543849612,
            36.94973584695197,
            1030.7
          ],
          [
            138.77406104996126,
            36.94966273857778,
            1030.1
          ],
          [
            138.77411794099618,
            36.94958505523167,
            1029.5
          ],
          [
            138.77417483203112,
            36.94950737188556,
            1028.9
          ],
          [
            138.77423172306604,
            36.94942968853945,
            1028.6
          ],
          [
            138.77429562248545,
            36.949356677339175,
            1027.7
          ],
          [
            138.77438032796982,
            36.949297536520845,
            1026.5
          ],
          [
            138.7744650334542,
            36.94923839570251,
            1025.8
          ],
          [
            138.7745474127982,
            36.94917723887358,
            1025.2
          ],
          [
            138.77462737690013,
            36.949113988811696,
            1024.2
          ],
          [
            138.77470305855323,
            36.949047953193215,
            1023.0
          ],
          [
            138.7747635906707,
            36.948972063425714,
            1019.7
          ],
          [
            138.77479372729158,
            36.94888554891597,
            1018.7
          ],
          [
            138.77479474862508,
            36.94879898444818,
            1017.7
          ],
          [
            138.77475981043108,
            36.94871334981913,
            1017.7
          ],
          [
            138.7746942345728,
            36.94864021733997,
            1017.1
          ],
          [
            138.77462974772743,
            36.948566480390326,
            1014.7
          ],
          [
            138.77456861321787,
            36.94849090252053,
            1014.4
          ],
          [
            138.77451067106986,
            36.948413733334235,
            1012.0
          ],
          [
            138.77445336169785,
            36.948336248724125,
            1011.3
          ],
          [
            138.77439605232584,
            36.94825876411401,
            1012.1
          ],
          [
            138.77434433560703,
            36.94817900874928,
            1010.2
          ],
          [
            138.77430051745105,
            36.948096046373955,
            1007.9
          ],
          [
            138.7742662485048,
            36.94801040033781,
            1008.1
          ],
          [
            138.7742360153873,
            36.947923620093086,
            1005.3
          ],
          [
            138.7742067994074,
            36.947836616086455,
            1007.1
          ],
          [
            138.77417767573291,
            36.947749591773395,
            1006.3
          ],
          [
            138.7741481848304,
            36.947662663598784,
            1004.6
          ],
          [
            138.77410777878396,
            36.947578592953704,
            1003.0
          ],
          [
            138.7740733502699,
            36.9474929749662,
            1003.2
          ],
          [
            138.7740449442881,
            36.94740579798761,
            1002.5
          ],
          [
            138.7740295,
            36.94731728310392,
            999.2
          ],
          [
            138.7740295,
            36.9472271740619,
            998.1
          ],
          [
            138.77404394253784,
            36.9471386072953,
            997.0
          ],
          [
            138.77406586908316,
            36.947050390547254,
            996.3
          ],
          [
            138.77408224275368,
            36.94696124500769,
            995.5
          ],
          [
            138.77409952613232,
            36.94687221042555,
            995.8
          ],
          [
            138.77410180498865,
            36.94678443932433,
            993.5
          ],
          [
            138.7740620718416,
            36.94670016245511,
            991.8
          ],
          [
            138.77402233869452,
            36.94661588558588,
            990.6
          ],
          [
            138.7739829037013,
            36.9465315189003,
            989.8
          ],
          [
            138.77394372170065,
            36.94644707600283,
            988.1
          ],
          [
            138.77390453969997,
            36.946362633105366,
            987.7
          ],
          [
            138.77386535769932,
            36.9462781902079,
            986.4
          ],
          [
            138.77382617569864,
            36.946193747310424,
            987.1
          ],
          [
            138.77379028018402,
            36.946108387567335,
            986.0
          ],
          [
            138.77375576273778,
            36.946022643378384,
            985.9
          ],
          [
            138.7737212452915,
            36.945936899189434,
            984.2
          ],
          [
            138.77368672784527,
            36.94585115500048,
            985.1
          ],
          [
            138.77367388541631,
            36.945764164081666,
            984.7
          ],
          [
            138.7737081229822,
            36.945760243160365,
            983.2
          ],
          [
            138.77375764651958,
            36.94584111095146,
            981.4
          ],
          [
            138.77380717005695,
            36.94592197874257,
            979.2
          ],
          [
            138.7738566935943,
            36.946002846533666,
            980.9
          ],
          [
            138.7739120286284,
            36.946080821430044,
            983.3
          ],
          [
            138.7739802749097,
            36.946152369259394,
            978.8
          ],
          [
            138.77404708531353,
            36.94622475391336,
            979.6
          ],
          [
            138.77411071739544,
            36.94629899088287,
            978.3
          ],
          [
            138.77417434947736,
            36.946373227852376,
            977.0
          ],
          [
            138.77422743385875,
            36.94645213934621,
            976.0
          ],
          [
            138.77427181024777,
            36.94653491004349,
            975.3
          ],
          [
            138.77434630527927,
            36.946601890917954,
            973.3
          ],
          [
            138.7744228982252,
            36.94666777195211,
            971.3
          ],
          [
            138.7744789160703,
            36.946743148171194,
            970.6
          ],
          [
            138.77451131912895,
            36.946829422357055,
            968.9
          ],
          [
            138.77454372218756,
            36.946915696542916,
            967.6
          ],
          [
            138.77459009063716,
            36.94699773361502,
            966.8
          ],
          [
            138.7746359843639,
            36.94707995869844,
            965.6
          ],
          [
            138.77467929731498,
            36.94716309162068,
            963.4
          ],
          [
            138.77475066875382,
            36.9472315334806,
            961.9
          ],
          [
            138.7748192724805,
            36.94730286136087,
            961.5
          ],
          [
            138.77490842821328,
            36.94735730083082,
            960.4
          ],
          [
            138.7750035029998,
            36.94740520276397,
            959.0
          ],
          [
            138.77509877687046,
            36.94745286893953,
            957.6
          ],
          [
            138.775199315719,
            36.9474914886553,
            956.7
          ],
          [
            138.77529691641735,
            36.94753298783039,
            954.9
          ],
          [
            138.77538438824138,
            36.9475894732131,
            954.0
          ],
          [
            138.7754718600654,
            36.9476459585958,
            953.5
          ],
          [
            138.77555933188944,
            36.9477024439785,
            953.2
          ],
          [
            138.7756585160921,
            36.947743993121755,
            950.8
          ],
          [
            138.77575980348664,
            36.947782860164494,
            950.3
          ],
          [
            138.77587094085283,
            36.94778832659285,
            950.7
          ],
          [
            138.77598318897412,
            36.947790026522654,
            950.4
          ],
          [
            138.77607978749572,
            36.947835363785984,
            950.2
          ],
          [
            138.7761744017646,
            36.947883766107715,
            950.1
          ],
          [
            138.7762660738314,
            36.94793578445425,
            949.6
          ],
          [
            138.77635958535987,
            36.94798559239752,
            949.0
          ],
          [
            138.77645456642904,
            36.948033634455875,
            947.9
          ],
          [
            138.77655711098416,
            36.94806959073714,
            947.1
          ],
          [
            138.7766618375582,
            36.948102060346415,
            947.0
          ],
          [
            138.77677061520595,
            36.94809166419933,
            946.5
          ],
          [
            138.776880245604,
            36.94807224481807,
            943.9
          ],
          [
            138.77698987600203,
            36.94805282543682,
            943.8
          ],
          [
            138.77709555634027,
            36.948024731700976,
            943.0
          ],
          [
            138.77719495077815,
            36.9479828340908,
            942.1
          ],
          [
            138.77729179786337,
            36.94793799302593,
            941.2
          ],
          [
            138.77737541235248,
            36.947877861755025,
            939.7
          ],
          [
            138.77745378375394,
            36.94781343179841,
            938.1
          ],
          [
            138.7775299703945,
            36.94774725809737,
            937.0
          ],
          [
            138.77760363558548,
            36.947679259459555,
            935.6
          ],
          [
            138.77767210329878,
            36.947607964305355,
            934.2
          ],
          [
            138.77774719953032,
            36.94754188737931,
            932.7
          ],
          [
            138.7778327343731,
            36.94748352242776,
            930.5
          ],
          [
            138.77791756294158,
            36.94742450371888,
            928.6
          ],
          [
            138.77800166858674,
            36.947364815841674,
            926.3
          ],
          [
            138.77808656069703,
            36.94730585384979,
            924.1
          ],
          [
            138.7781726072705,
            36.9472480716554,
            922.0
          ],
          [
            138.77826702174931,
            36.94719931663765,
            920.7
          ],
          [
            138.77837041983332,
            36.94716525274818,
            920.0
          ],
          [
            138.77847888687486,
            36.94714386357921,
            919.5
          ],
          [
            138.77859000382952,
            36.94713290586569,
            918.2
          ],
          [
            138.77869951981071,
            36.947152732034695,
            916.7
          ],
          [
            138.77879853067157,
            36.94719511551727,
            915.9
          ],
          [
            138.77889739760266,
            36.9472378080557,
            914.5
          ],
          [
            138.77899100117116,
            36.94728735549716,
            914.3
          ],
          [
            138.77908295418837,
            36.94733905258517,
            912.6
          ],
          [
            138.77917309503061,
            36.94739268500078,
            911.1
          ],
          [
            138.779260533077,
            36.94744920389008,
            909.9
          ],
          [
            138.7793479711234,
            36.94750572277938,
            908.6
          ],
          [
            138.77943879249403,
            36.94755836644568,
            907.6
          ],
          [
            138.77953482799458,
            36.947605037903905,
            905.1
          ],
          [
            138.77963148320845,
            36.94765082063797,
            904.1
          ],
          [
            138.7797312703713,
            36.94769211187777,
            902.3
          ],
          [
            138.7798320260567,
            36.947731506514174,
            900.1
          ],
          [
            138.77993914836333,
            36.94775846391162,
            899.6
          ],
          [
            138.78004497191893,
            36.94778855431561,
            897.0
          ],
          [
            138.78015079547453,
            36.9478186447196,
            895.5
          ],
          [
            138.78025648725526,
            36.94782517054733,
            894.0
          ],
          [
            138.78036197001865,
            36.94779431895838,
            892.5
          ],
          [
            138.78046745278206,
            36.94776346736943,
            890.2
          ],
          [
            138.78057193484585,
            36.94773102571197,
            888.4
          ],
          [
            138.78066547080192,
            36.947681191161465,
            886.6
          ],
          [
            138.780759006758,
            36.94763135661096,
            884.3
          ],
          [
            138.78085254271403,
            36.94758152206046,
            881.9
          ],
          [
            138.7809460786701,
            36.94753168750996,
            880.7
          ],
          [
            138.7810485598864,
            36.9475175599468,
            879.6
          ],
          [
            138.7811588250181,
            36.94753450360612,
            878.2
          ],
          [
            138.78126909014986,
            36.94755144726543,
            876.6
          ],
          [
            138.78135210863599,
            36.947598630491285,
            874.3
          ],
          [
            138.7814066914531,
            36.947677372915955,
            871.9
          ],
          [
            138.7814612742702,
            36.94775611534063,
            870.5
          ],
          [
            138.78151585708733,
            36.94783485776531,
            869.2
          ],
          [
            138.7815704399044,
            36.947913600189985,
            868.0
          ],
          [
            138.78162502272153,
            36.947992342614654,
            866.6
          ],
          [
            138.7816694037197,
            36.94807473907023,
            864.8
          ],
          [
            138.78170596892437,
            36.94815993494335,
            864.0
          ],
          [
            138.78174253412902,
            36.94824513081647,
            863.4
          ],
          [
            138.7817790993337,
            36.948330326689586,
            862.5
          ],
          [
            138.78181566453836,
            36.94841552256271,
            861.8
          ],
          [
            138.78185222974304,
            36.94850071843583,
            860.7
          ],
          [
            138.78186104603205,
            36.94859012945208,
            859.9
          ],
          [
            138.78186579915194,
            36.94868015767585,
            859.3
          ],
          [
            138.7818705522718,
            36.948770185899626,
            858.5
          ],
          [
            138.7818753053917,
            36.94886021412339,
            857.9
          ],
          [
            138.78188005851158,
            36.948950242347166,
            856.6
          ],
          [
            138.78188481163147,
            36.94904027057094,
            855.4
          ],
          [
            138.78188956475137,
            36.949130298794714,
            854.7
          ],
          [
            138.78189431787123,
            36.94922032701849,
            853.6
          ],
          [
            138.78189907099113,
            36.94931035524226,
            852.5
          ],
          [
            138.781903824111,
            36.94940038346603,
            851.7
          ],
          [
            138.7819085772309,
            36.9494904116898,
            850.8
          ],
          [
            138.7819133303508,
            36.949580439913575,
            850.2
          ],
          [
            138.78193870614132,
            36.949667750465316,
            849.1
          ],
          [
            138.78197007058375,
            36.94975427182772,
            848.2
          ],
          [
            138.78200143502622,
            36.94984079319012,
            847.0
          ],
          [
            138.78203279946865,
            36.949927314552525,
            845.9
          ],
          [
            138.78206416391112,
            36.95001383591493,
            845.0
          ],
          [
            138.78209552835355,
            36.95010035727733,
            843.6
          ],
          [
            138.782126892796,
            36.950186878639734,
            842.8
          ],
          [
            138.78215825723845,
            36.95027340000213,
            841.2
          ],
          [
            138.78220647051012,
            36.95035271971994,
            840.1
          ],
          [
            138.78227841758851,
            36.95042189496784,
            838.7
          ],
          [
            138.78235036466688,
            36.95049107021575,
            837.3
          ],
          [
            138.78242278025056,
            36.95055991262676,
            835.7
          ],
          [
            138.7824996041848,
            36.950625623244434,
            833.6
          ],
          [
            138.78257642811906,
            36.95069133386211,
            831.8
          ],
          [
            138.7826532520533,
            36.950757044479786,
            830.5
          ],
          [
            138.78273007598756,
            36.95082275509747,
            830.1
          ],
          [
            138.7828068999218,
            36.950888465715146,
            829.9
          ],
          [
            138.7828766155064,
            36.95095684176998,
            829.7
          ],
          [
            138.78289011609854,
            36.95104629691307,
            829.3
          ],
          [
            138.7829036166907,
            36.95113575205616,
            828.7
          ]
        ]
      }
    },
    {
      "type": "Feature",
      "properties": {
        "name": "[N8] ローマンホリデーB",
        "slope_deg": [
          5.2848210925090795,
          5.2848210925090795,
          5.2848210925090795,
          3.576334374997351,
          3.576334374997351,
          3.718993973158075,
          3.576334374997351,
          3.8616074096749773,
          5.9940929491083725,
          9.50877195829791,
          14.305551846621862,
          15.642246457208788,
          14.708303899682749,
          11.447596263685636,
          6.98393746008542,
          5.4268124985727555,
          4.146688825965976,
          3.1480960995626615,
          3.1480960995626615,
          3.1480960995626615
        ],
        "horizontal_dist_map": 193,
        "slope_dist_map": 196,
        "elevation_diff_map": 22.7,
        "avg_slope_deg_map": 6.6,
        "max_slope_deg_map": 15.6
      },
      "geometry": {
        "type": "LineString",
        "coordinates": [
          [
            138.78127433883964,
            36.959488057373804,
            919.1
          ],
          [
            138.7813192409376,
            36.95957064774525,
            917.3
          ],
          [
            138.78136414303552,
            36.9596532381167,
            916.8
          ],
          [
            138.78140904513347,
            36.95973582848816,
            916.2
          ],
          [
            138.78145394723143,
            36.959818418859605,
            915.4
          ],
          [
            138.78146556407583,
            36.959906002140364,
            914.8
          ],
          [
            138.78146086946848,
            36.95999603219831,
            914.3
          ],
          [
            138.78145617486112,
            36.960086062256266,
            913.6
          ],
          [
            138.7814214342444,
            36.960168602615816,
            912.9
          ],
          [
            138.7813617387728,
            36.960244922371004,
            912.1
          ],
          [
            138.78130204330117,
            36.96032124212619,
            910.1
          ],
          [
            138.78127394489943,
            36.9604072949654,
            906.9
          ],
          [
            138.78125467304827,
            36.96049606671362,
            902.7
          ],
          [
            138.78123540119708,
            36.960584838461834,
            900.9
          ],
          [
            138.78125742697367,
            36.960667705264754,
            899.6
          ],
          [
            138.78131372025695,
            36.960745672324904,
            898.8
          ],
          [
            138.78137001354023,
            36.96082363938506,
            897.8
          ],
          [
            138.78142630682348,
            36.96090160644521,
            897.1
          ],
          [
            138.78148941269063,
            36.96097597508336,
            896.7
          ],
          [
            138.7815563914148,
            36.961048298069784,
            896.6
          ]
        ]
      }
    },
    {
      "type": "Feature",
      "properties": {
        "name": "[S2] バットマン",
        "slope_deg": [
          1.4320961841646465,
          1.4320961841646465,
          1.4320961841646465,
          1.5752369256830872,
          1.8614576304668264,
          2.147585428298503,
          4.0041729407093225,
          6.701525844729388,
          6.983937460085259,
          8.110047829419,
          6.560196400571341,
          5.994092949108534,
          7.266008446996026,
          4.858462919034416,
          5.994092949108534,
          7.547725773843047,
          7.969610394321392,
          9.926245506651705,
          12.27072035781523,
          11.172136252167274,
          10.481218144130889,
          8.810732985984814,
          5.426812498572917,
          3.7189939731579127,
          0.8593722436447134,
          1.288937560186863,
          -0.2864765102771396,
          0.0,
          -1.4320961841646465,
          -4.7162212343382155,
          -0.7161599454704085,
          -1.5752369256829246,
          0.4297102894009785,
          2.862405226111748,
          -0.2864765102769768,
          1.0025738037599647,
          1.0025738037601275,
          4.0041729407093225,
          6.56019640057118,
          6.701525844729548,
          8.250387228905435,
          7.125016348901798,
          5.852378988915653,
          5.852378988915653,
          4.573921259900927,
          4.146688825966138,
          4.573921259900927,
          4.7162212343382155,
          5.4268124985727555,
          5.710593137499643,
          6.418786730238786,
          6.701525844729548,
          6.560196400571341,
          8.530765609948133,
          8.670801453590993,
          7.829076510059608,
          7.547725773843047,
          6.842773412630876,
          3.8616074096749773,
          2.4336061007200236,
          4.146688825965976,
          2.719505461272472,
          7.125016348901798,
          10.757967088390036,
          10.481218144131045,
          12.543973346572077,
          12.816647648997467,
          9.369385096487514,
          9.508771958297752,
          7.406912128495294,
          4.146688825965976,
          6.135733340186728,
          5.2848210925090795,
          4.431564716435877,
          5.142764557884274,
          6.842773412631036,
          7.547725773843047,
          9.648045316098093,
          11.034209003250188,
          11.034209003250188,
          11.034209003250188
        ],
        "horizontal_dist_map": 804,
        "slope_dist_map": 811,
        "elevation_diff_map": 78.3,
        "avg_slope_deg_map": 5.5,
        "max_slope_deg_map": 12.8
      },
      "geometry": {
        "type": "LineString",
        "coordinates": [
          [
            138.773215993926,
            36.94236242044148,
            1009.5
          ],
          [
            138.7732413398797,
            36.94245020282228,
            1010.0
          ],
          [
            138.7732666858334,
            36.942537985203074,
            1009.2
          ],
          [
            138.7732920317871,
            36.94262576758387,
            1008.4
          ],
          [
            138.77330734388153,
            36.94271472255952,
            1008.5
          ],
          [
            138.77331423356415,
            36.94280466181016,
            1008.9
          ],
          [
            138.7732937954867,
            36.942889276250554,
            1007.9
          ],
          [
            138.7732362997536,
            36.942966670011906,
            1006.9
          ],
          [
            138.77317880402052,
            36.943044063773264,
            1005.7
          ],
          [
            138.7731226511454,
            36.94312205314586,
            1004.2
          ],
          [
            138.77307161735297,
            36.94320231303647,
            1003.0
          ],
          [
            138.77302058356054,
            36.943282572927075,
            1001.2
          ],
          [
            138.77298238235568,
            36.943365309428636,
            1001.1
          ],
          [
            138.77298238235568,
            36.94345541852923,
            1000.0
          ],
          [
            138.77299092416754,
            36.94354506626254,
            997.9
          ],
          [
            138.77300596458056,
            36.943634362988114,
            997.8
          ],
          [
            138.77302625720432,
            36.94372274567322,
            996.9
          ],
          [
            138.77305864291444,
            36.943809023802565,
            994.7
          ],
          [
            138.77309102862455,
            36.9438953019319,
            992.3
          ],
          [
            138.77312341433466,
            36.94398158006124,
            990.8
          ],
          [
            138.77315580004478,
            36.944067858190586,
            988.2
          ],
          [
            138.7731881857549,
            36.94415413631992,
            986.8
          ],
          [
            138.77322078503437,
            36.944240362629436,
            984.9
          ],
          [
            138.7732534099731,
            36.944326582713074,
            984.6
          ],
          [
            138.77328603491182,
            36.94441280279671,
            984.4
          ],
          [
            138.77331865985056,
            36.94449902288035,
            984.2
          ],
          [
            138.77335128478927,
            36.94458524296398,
            984.3
          ],
          [
            138.77338036798554,
            36.9446722269988,
            983.7
          ],
          [
            138.77340598171725,
            36.944759959394496,
            984.6
          ],
          [
            138.77343159544893,
            36.944847691790194,
            984.2
          ],
          [
            138.77344313504807,
            36.944937189685035,
            985.3
          ],
          [
            138.77345209282896,
            36.94502701145049,
            987.0
          ],
          [
            138.77346105060988,
            36.94511683321594,
            985.1
          ],
          [
            138.77347000839077,
            36.9452066549814,
            985.3
          ],
          [
            138.77347896617167,
            36.945296476746854,
            985.0
          ],
          [
            138.77348818561757,
            36.9452867588508,
            985.0
          ],
          [
            138.77349761555473,
            36.945196968226156,
            985.3
          ],
          [
            138.7735070454919,
            36.945107177601514,
            984.6
          ],
          [
            138.77351647542906,
            36.94501738697687,
            984.3
          ],
          [
            138.77352590536623,
            36.94492759635223,
            982.2
          ],
          [
            138.7735353353034,
            36.94483780572759,
            980.7
          ],
          [
            138.77353777086716,
            36.944747778896925,
            979.9
          ],
          [
            138.7735377708714,
            36.94465766981532,
            978.5
          ],
          [
            138.77353777087563,
            36.94456756073372,
            977.2
          ],
          [
            138.77354544363132,
            36.944477910662435,
            976.6
          ],
          [
            138.77356208552723,
            36.944388797155895,
            975.8
          ],
          [
            138.77357872742317,
            36.94429968364936,
            975.3
          ],
          [
            138.7736090495017,
            36.944213571105344,
            974.3
          ],
          [
            138.77365118752533,
            36.94413005057413,
            973.4
          ],
          [
            138.77369332554898,
            36.94404653004291,
            972.5
          ],
          [
            138.77373898628582,
            36.94396424235496,
            971.5
          ],
          [
            138.77378655155394,
            36.94388262119545,
            970.3
          ],
          [
            138.77383411682203,
            36.94380100003594,
            968.9
          ],
          [
            138.7738818218037,
            36.943719431897954,
            967.8
          ],
          [
            138.77393020805445,
            36.94363812230268,
            966.9
          ],
          [
            138.7739785943052,
            36.94355681270741,
            964.3
          ],
          [
            138.77402698055596,
            36.94347550311215,
            962.8
          ],
          [
            138.77408754924855,
            36.94340330468812,
            962.3
          ],
          [
            138.7741851809193,
            36.94335882543112,
            961.6
          ],
          [
            138.77428281259,
            36.94331434617412,
            959.5
          ],
          [
            138.77438044426074,
            36.94326986691711,
            960.1
          ],
          [
            138.77448247015909,
            36.943232284010776,
            960.6
          ],
          [
            138.77458454364637,
            36.943194775791,
            958.7
          ],
          [
            138.77468661713363,
            36.94315726757123,
            957.6
          ],
          [
            138.77478869062088,
            36.94311975935146,
            955.1
          ],
          [
            138.77486999602863,
            36.94305889102787,
            953.0
          ],
          [
            138.77494737761663,
            36.942993609160105,
            951.3
          ],
          [
            138.77502475920463,
            36.94292832729235,
            948.7
          ],
          [
            138.77509391034695,
            36.94285795727114,
            946.0
          ],
          [
            138.77515278673155,
            36.9427812352799,
            946.4
          ],
          [
            138.77521166311615,
            36.94270451328867,
            944.6
          ],
          [
            138.77527053950072,
            36.94262779129743,
            943.5
          ],
          [
            138.7753300898487,
            36.942551406726544,
            943.1
          ],
          [
            138.77539001559757,
            36.94247521010047,
            942.1
          ],
          [
            138.77544994134644,
            36.942399013474386,
            940.9
          ],
          [
            138.77550933262012,
            36.942322569430445,
            940.4
          ],
          [
            138.77556148653517,
            36.9422427750873,
            939.5
          ],
          [
            138.77561364045022,
            36.942162980744165,
            937.3
          ],
          [
            138.77566579436527,
            36.94208318640103,
            935.6
          ],
          [
            138.7757114966722,
            36.94200093182669,
            933.6
          ],
          [
            138.77575561255227,
            36.94191807229051,
            931.7
          ]
        ]
      }
    },
    {
      "type": "Feature",
      "properties": {
        "name": "[S3] 260万ダラー",
        "slope_deg": [
          5.4268124985727555,
          5.4268124985727555,
          5.4268124985727555,
          5.142764557884436,
          4.146688825966138,
          5.710593137499643,
          3.7189939731579127,
          3.576334374997351,
          3.1480960995624994,
          0.7161599454704085,
          2.5765718302687652,
          3.7189939731579127,
          4.431564716436037,
          7.829076510059608,
          9.926245506651863,
          13.088732789694154,
          14.439965121002654,
          14.305551846622015,
          14.036243467926479,
          10.481218144130889,
          9.648045316098093,
          8.530765609948133,
          10.065169352759877,
          13.088732789694,
          18.00416160591338,
          22.782405730481635,
          22.660536301999226,
          23.50904022419257,
          19.290046219188735,
          19.162339354972016,
          20.556045219583467,
          22.538450040827975,
          28.14678121412214,
          27.021581591177014,
          29.574910497101147,
          29.466448275120122,
          29.248826336546948,
          31.173938199371186,
          27.361564820270722,
          24.346751854704948,
          18.64953875405141,
          14.57421619803886,
          14.708303899682749,
          13.766300685466197,
          16.304198003832227,
          15.642246457208639,
          16.436059224635738,
          21.554019920478925,
          20.931852540892606,
          21.677820852504393,
          20.052082146098567,
          14.170977562933123,
          11.7225209701022,
          6.98393746008542,
          0.5729386976834533,
          -4.146688825966138,
          -4.146688825966138,
          -4.146688825966138
        ],
        "horizontal_dist_map": 576,
        "slope_dist_map": 604,
        "elevation_diff_map": 142.4,
        "avg_slope_deg_map": 13.2,
        "max_slope_deg_map": 31.2
      },
      "geometry": {
        "type": "LineString",
        "coordinates": [
          [
            138.77195547631197,
            36.94148802262767,
            1033.1
          ],
          [
            138.77194177441686,
            36.94139858722774,
            1032.4
          ],
          [
            138.77192807252177,
            36.9413091518278,
            1031.0
          ],
          [
            138.77191437062666,
            36.941219716427874,
            1030.2
          ],
          [
            138.77190066873158,
            36.94113028102794,
            1029.3
          ],
          [
            138.77188696683646,
            36.94104084562801,
            1028.8
          ],
          [
            138.77187408426659,
            36.940951367288065,
            1028.1
          ],
          [
            138.77187318236864,
            36.94086126105313,
            1026.2
          ],
          [
            138.77187228047072,
            36.94077115481819,
            1026.7
          ],
          [
            138.77187137857277,
            36.94068104858325,
            1026.3
          ],
          [
            138.77187047667485,
            36.94059094234831,
            1025.9
          ],
          [
            138.7718695747769,
            36.94050083611337,
            1025.7
          ],
          [
            138.77186867287898,
            36.94041072987844,
            1024.9
          ],
          [
            138.77186777098103,
            36.940320623643494,
            1023.7
          ],
          [
            138.77188816760557,
            36.94023342003881,
            1022.8
          ],
          [
            138.77192606769722,
            36.94014860186218,
            1020.2
          ],
          [
            138.77196396778888,
            36.940063783685545,
            1017.9
          ],
          [
            138.77200186788053,
            36.939978965508914,
            1014.4
          ],
          [
            138.7720397679722,
            36.93989414733228,
            1012.5
          ],
          [
            138.77208514864915,
            36.9398130933567,
            1010.0
          ],
          [
            138.7721637360901,
            36.93974874889389,
            1007.9
          ],
          [
            138.77224232353106,
            36.939684404431084,
            1007.0
          ],
          [
            138.772320910972,
            36.939620059968284,
            1005.7
          ],
          [
            138.77242013369747,
            36.93958694910465,
            1004.0
          ],
          [
            138.7725305772382,
            36.93957082208464,
            1000.8
          ],
          [
            138.7726410207789,
            36.93955469506462,
            997.7
          ],
          [
            138.7727514643196,
            36.93953856804461,
            992.7
          ],
          [
            138.77286190786032,
            36.9395224410246,
            987.2
          ],
          [
            138.77297235140102,
            36.93950631400459,
            984.1
          ],
          [
            138.77308294744086,
            36.93949092559307,
            980.3
          ],
          [
            138.77319396570695,
            36.93947758217674,
            978.7
          ],
          [
            138.77330498397305,
            36.93946423876042,
            973.3
          ],
          [
            138.77341600223917,
            36.939450895344095,
            969.1
          ],
          [
            138.77352702050527,
            36.93943755192777,
            963.7
          ],
          [
            138.77363803877137,
            36.93942420851144,
            957.3
          ],
          [
            138.7737490570375,
            36.93941086509512,
            952.9
          ],
          [
            138.7738600753036,
            36.93939752167879,
            946.4
          ],
          [
            138.77397119947864,
            36.93938487197405,
            941.1
          ],
          [
            138.77408294584387,
            36.93937629766217,
            934.9
          ],
          [
            138.7741946922091,
            36.93936772335029,
            928.7
          ],
          [
            138.77430643857434,
            36.9393591490384,
            925.7
          ],
          [
            138.77441818493955,
            36.93935057472652,
            923.0
          ],
          [
            138.77452993130478,
            36.93934200041464,
            921.4
          ],
          [
            138.77464167767002,
            36.939333426102756,
            918.3
          ],
          [
            138.77475342403525,
            36.93932485179087,
            915.2
          ],
          [
            138.7748614357608,
            36.93933893097726,
            913.2
          ],
          [
            138.77496655707074,
            36.93937054278581,
            909.7
          ],
          [
            138.77507167838067,
            36.93940215459436,
            907.1
          ],
          [
            138.77517679969063,
            36.939433766402914,
            903.4
          ],
          [
            138.77528192100056,
            36.939465378211466,
            897.4
          ],
          [
            138.77538704231048,
            36.93949699002002,
            894.4
          ],
          [
            138.77549166605388,
            36.9395294158884,
            891.2
          ],
          [
            138.77558714168035,
            36.939576808829536,
            888.8
          ],
          [
            138.7756826173068,
            36.93962420177068,
            887.3
          ],
          [
            138.7757780929333,
            36.93967159471182,
            886.1
          ],
          [
            138.77587356855977,
            36.93971898765295,
            886.3
          ],
          [
            138.77596904418624,
            36.939766380594094,
            888.4
          ],
          [
            138.77606451981273,
            36.939813773535235,
            890.2
          ]
        ]
      }
    }
  ]
}