{
  "type": "FeatureCollection",
  "features": [
    {
      "type": "Feature",
      "properties": {
        "name": "B3_#下部",
        "slope_deg": [
          21.80140948635181,
          21.80140948635181,
          21.80140948635181,
          16.69924423399362,
          19.290046219188735,
          19.290046219188735,
          16.69924423399362,
          19.290046219188735,
          15.37625124882619,
          14.036243467926479,
          16.69924423399362,
          12.68038349181982,
          8.530765609948133,
          7.125016348901798,
          7.125016348901798,
          7.125016348901798,
          7.125016348901798
        ],
        "horizontal_dist_map": 167,
        "slope_dist_map": 176,
        "elevation_diff_map": 46.0,
        "avg_slope_deg_map": 14.6,
        "max_slope_deg_map": 21.8
      },
      "geometry": {
        "type": "LineString",
        "coordinates": [
          [
            140.893474,
            39.2406602,
            910.0
          ],
          [
            140.89358970162735,
            39.240664467038265,
            904.0
          ],
          [
            140.89370540325473,
            39.24066873407652,
            900.0
          ],
          [
            140.89382110488208,
            39.240673001114786,
            898.0
          ],
          [
            140.89393680650943,
            39.24067726815305,
            894.0
          ],
          [
            140.8940525081368,
            39.240681535191314,
            892.0
          ],
          [
            140.89416749983093,
            39.24067161578555,
            886.0
          ],
          [
            140.89428242515535,
            39.24066037012824,
            884.0
          ],
          [
            140.89439735047978,
            39.240649124470934,
            882.0
          ],
          [
            140.8945122758042,
            39.24063787881363,
            878.0
          ],
          [
            140.89462720112863,
            39.24062663315632,
            875.0
          ],
          [
            140.89474212645302,
            39.24061538749901,
            874.0
          ],
          [
            140.89485705177745,
            39.2406041418417,
            870.0
          ],
          [
            140.89496570472724,
            39.24062757941888,
            869.0
          ],
          [
            140.89507218374004,
            39.240663037828604,
            869.0
          ],
          [
            140.89517866275287,
            39.24069849623832,
            869.0
          ],
          [
            140.89528514176567,
            39.24073395464804,
            865.0
          ]
        ]
      }
    },
    {
      "type": "Feature",
      "properties": {
        "name": "A1",
        "slope_deg": [
          15.37625124882619,
          15.37625124882619,
          15.37625124882619,
          14.036243467926479,
          18.00416160591338,
          18.00416160591338,
          15.37625124882619,
          15.37625124882619,
          5.710593137499643,
          5.710593137499643,
          7.125016348901798,
          4.289153328819018,
          5.710593137499643,
          4.289153328819018,
          1.4320961841646465,
          1.4320961841646465,
          0.0,
          2.862405226111748,
          4.289153328819018,
          5.710593137499643,
          5.710593137499643,
          5.710593137499643,
          7.125016348901798,
          8.530765609948133,
          11.309932474020215,
          9.926245506651705,
          9.926245506651705,
          9.926245506651705,
          8.530765609948133,
          9.926245506651705,
          9.926245506651705,
          8.530765609948133,
          8.530765609948133,
          4.289153328819018,
          1.4320961841646465,
          0.0,
          0.0,
          1.4320961841646465,
          4.289153328819018,
          8.530765609948133,
          14.036243467926479,
          16.69924423399362,
          18.00416160591338,
          19.290046219188735,
          15.37625124882619,
          14.036243467926479,
          15.37625124882619,
          11.309932474020215,
          11.309932474020215,
          15.37625124882619,
          14.036243467926479,
          15.37625124882619,
          20.556045219583467,
          19.290046219188735,
          19.290046219188735,
          23.025492008528037,
          19.290046219188735,
          18.00416160591338,
          23.025492008528037,
          19.290046219188735,
          18.00416160591338,
          20.556045219583467,
          12.68038349181982,
          12.68038349181982,
          16.69924423399362,
          14.036243467926479,
          16.69924423399362,
          21.80140948635181,
          19.290046219188735,
          20.556045219583467,
          20.556045219583467,
          19.290046219188735,
          19.290046219188735,
          18.00416160591338,
          20.556045219583467,
          16.69924423399362,
          15.37625124882619,
          15.37625124882619,
          11.309932474020215,
          9.926245506651705,
          11.309932474020215,
          11.309932474020215,
          11.309932474020215,
          16.69924423399362,
          15.37625124882619,
          14.036243467926479,
          16.69924423399362,
          12.68038349181982,
          14.036243467926479,
          16.69924423399362,
          14.036243467926479,
          14.036243467926479,
          19.290046219188735,
          19.290046219188735,
          20.556045219583467,
          25.407718108948472,
          20.556045219583467,
          19.290046219188735,
          21.80140948635181,
          18.00416160591338,
          16.69924423399362,
          20.556045219583467,
          16.69924423399362,
          15.37625124882619,
          16.69924423399362,
          12.68038349181982,
          14.036243467926479,
          12.68038349181982,
          11.309932474020215,
          12.68038349181982,
          9.926245506651705,
          11.309932474020215,
          14.036243467926479,
          12.68038349181982,
          12.68038349181982,
          15.37625124882619,
          14.036243467926479,
          14.036243467926479,
          16.69924423399362,
          20.556045219583467,
          20.556045219583467,
          21.80140948635181,
          25.407718108948472,
          20.556045219583467,
          20.556045219583467,
          21.80140948635181,
          16.69924423399362,
          15.37625124882619,
          16.69924423399362,
          12.68038349181982,
          12.68038349181982,
          11.309932474020215,
          9.926245506651705,
          11.309932474020215,
          11.309932474020215,
          15.37625124882619,
          12.68038349181982,
          12.68038349181982,
          14.036243467926479,
          9.926245506651705,
          9.926245506651705,
          11.309932474020215,
          7.125016348901798,
          7.125016348901798,
          8.530765609948133,
          5.710593137499643,
          7.125016348901798,
          7.125016348901798,
          5.710593137499643,
          5.710593137499643,
          4.289153328819018,
          7.125016348901798,
          8.530765609948133,
          12.68038349181982,
          18.00416160591338,
          18.00416160591338,
          19.290046219188735,
          16.69924423399362,
          14.036243467926479,
          14.036243467926479,
          15.37625124882619,
          15.37625124882619,
          16.69924423399362,
          15.37625124882619,
          15.37625124882619,
          14.036243467926479,
          11.309932474020215,
          11.309932474020215,
          5.710593137499643,
          7.125016348901798,
          8.530765609948133,
          7.125016348901798,
          12.68038349181982,
          15.37625124882619,
          15.37625124882619,
          16.69924423399362,
          11.309932474020215,
          5.710593137499643,
          4.289153328819018,
          1.4320961841646465,
          1.4320961841646465,
          2.862405226111748,
          1.4320961841646465,
          1.4320961841646465,
          2.862405226111748,
          1.4320961841646465,
          1.4320961841646465,
          1.4320961841646465,
          0.0,
          0.0,
          1.4320961841646465,
          1.4320961841646465,
          1.4320961841646465,
          2.862405226111748,
          1.4320961841646465,
          1.4320961841646465,
          2.862405226111748,
          1.4320961841646465,
          1.4320961841646465,
          1.4320961841646465,
          1.4320961841646465
        ],
        "horizontal_dist_map": 2009,
        "slope_dist_map": 2077,
        "elevation_diff_map": 428.0,
        "avg_slope_deg_map": 11.6,
        "max_slope_deg_map": 25.4
      },
      "geometry": {
        "type": "LineString",
        "coordinates": [
          [
            140.88732518090765,
            39.23147479253256,
            1071.0
          ],
          [
            140.88741921036436,
            39.231422205666384,
            1068.0
          ],
          [
            140.8875132398211,
            39.231369618800215,
            1064.0
          ],
          [
            140.8876072692778,
            39.23131703193404,
            1063.0
          ],
          [
            140.8877012987345,
            39.23126444506787,
            1060.0
          ],
          [
            140.88781020698775,
            39.23123473206801,
            1058.0
          ],
          [
            140.88792038573123,
            39.23120697225194,
            1051.0
          ],
          [
            140.88803056447472,
            39.23117921243587,
            1050.0
          ],
          [
            140.88814074321823,
            39.2311514526198,
            1049.0
          ],
          [
            140.8882509219617,
            39.23112369280373,
            1047.0
          ],
          [
            140.88836493923486,
            39.23111546880145,
            1047.0
          ],
          [
            140.8884807494085,
            39.231116369587305,
            1046.0
          ],
          [
            140.8885965595821,
            39.231117270373154,
            1044.0
          ],
          [
            140.88871236975575,
            39.23111817115901,
            1044.0
          ],
          [
            140.8888281799294,
            39.23111907194487,
            1043.0
          ],
          [
            140.8889439914544,
            39.2311187421031,
            1043.0
          ],
          [
            140.88905980343753,
            39.23111799507962,
            1043.0
          ],
          [
            140.8891756154207,
            39.23111724805615,
            1043.0
          ],
          [
            140.88929142740383,
            39.23111650103267,
            1043.0
          ],
          [
            140.8893946550566,
            39.23114295017563,
            1041.0
          ],
          [
            140.8894832964038,
            39.23120092198072,
            1040.0
          ],
          [
            140.889571937751,
            39.231258893785814,
            1039.0
          ],
          [
            140.88966057909818,
            39.23131686559091,
            1039.0
          ],
          [
            140.88974922044537,
            39.231374837396004,
            1037.0
          ],
          [
            140.88983786179256,
            39.2314328092011,
            1035.0
          ],
          [
            140.88992650313978,
            39.231490781006194,
            1033.0
          ],
          [
            140.89001514448697,
            39.231548752811285,
            1031.0
          ],
          [
            140.89010378583416,
            39.231606724616384,
            1030.0
          ],
          [
            140.89019242718135,
            39.231664696421475,
            1028.0
          ],
          [
            140.89028106852854,
            39.231722668226574,
            1026.0
          ],
          [
            140.89036970987573,
            39.231780640031666,
            1025.0
          ],
          [
            140.8904519529272,
            39.23184342977667,
            1023.0
          ],
          [
            140.8905235887945,
            39.23191420676989,
            1021.0
          ],
          [
            140.89059522466178,
            39.23198498376312,
            1020.0
          ],
          [
            140.89066686052908,
            39.232055760756346,
            1019.0
          ],
          [
            140.8907467421649,
            39.232117815217045,
            1020.0
          ],
          [
            140.89085497154124,
            39.23214988289283,
            1020.0
          ],
          [
            140.89096320091758,
            39.2321819505686,
            1020.0
          ],
          [
            140.89107143029392,
            39.232214018244385,
            1019.0
          ],
          [
            140.89117965967026,
            39.23224608592016,
            1019.0
          ],
          [
            140.89128958600605,
            39.23227309292376,
            1017.0
          ],
          [
            140.89140416839126,
            39.2322862146576,
            1014.0
          ],
          [
            140.8915187507765,
            39.23229933639144,
            1009.0
          ],
          [
            140.8916333331617,
            39.23231245812528,
            1007.0
          ],
          [
            140.89174791554692,
            39.232325579859115,
            1004.0
          ],
          [
            140.8918624259255,
            39.23233101455439,
            1000.0
          ],
          [
            140.89197675033216,
            39.23231659589926,
            998.0
          ],
          [
            140.89209107473883,
            39.232302177244144,
            997.0
          ],
          [
            140.8922053991455,
            39.232287758589024,
            993.0
          ],
          [
            140.89231972355216,
            39.2322733399339,
            992.0
          ],
          [
            140.89243373031732,
            39.23225754299062,
            990.0
          ],
          [
            140.8925473790857,
            39.23224019265252,
            986.0
          ],
          [
            140.89266102785407,
            39.232222842314414,
            983.0
          ],
          [
            140.89277467662245,
            39.232205491976316,
            981.0
          ],
          [
            140.89288832539083,
            39.23218814163821,
            975.0
          ],
          [
            140.8930019741592,
            39.23217079130011,
            972.0
          ],
          [
            140.89311562292758,
            39.23215344096201,
            969.0
          ],
          [
            140.89322927169596,
            39.23213609062391,
            964.0
          ],
          [
            140.89334292046433,
            39.232118740285806,
            961.0
          ],
          [
            140.89345656923274,
            39.23210138994771,
            959.0
          ],
          [
            140.89357034476532,
            39.232084555689305,
            952.0
          ],
          [
            140.89368420379373,
            39.23206806135724,
            950.0
          ],
          [
            140.89379806282213,
            39.23205156702517,
            948.0
          ],
          [
            140.89391192185053,
            39.232035072693094,
            944.0
          ],
          [
            140.89402578087893,
            39.23201857836103,
            943.0
          ],
          [
            140.89413963990734,
            39.232002084028956,
            941.0
          ],
          [
            140.89425349893574,
            39.23198558969689,
            936.0
          ],
          [
            140.89436735796411,
            39.23196909536482,
            934.0
          ],
          [
            140.89448121699252,
            39.23195260103275,
            931.0
          ],
          [
            140.89459507602092,
            39.23193610670068,
            925.0
          ],
          [
            140.8947087944405,
            39.23191904929559,
            922.0
          ],
          [
            140.89482232156118,
            39.23190122582739,
            919.0
          ],
          [
            140.89493584868188,
            39.231883402359195,
            916.0
          ],
          [
            140.89504937580256,
            39.231865578891,
            911.0
          ],
          [
            140.89516290292326,
            39.2318477554228,
            908.0
          ],
          [
            140.89527643004394,
            39.2318299319546,
            906.0
          ],
          [
            140.8953899571646,
            39.2318121084864,
            901.0
          ],
          [
            140.8955034842853,
            39.2317942850182,
            899.0
          ],
          [
            140.895617011406,
            39.231776461550005,
            897.0
          ],
          [
            140.8957298359912,
            39.23175623157157,
            895.0
          ],
          [
            140.89584213144002,
            39.23173418905539,
            893.0
          ],
          [
            140.89595442688884,
            39.231712146539195,
            892.0
          ],
          [
            140.89606672233768,
            39.23169010402301,
            889.0
          ],
          [
            140.8961790177865,
            39.231668061506824,
            887.0
          ],
          [
            140.8962913132353,
            39.23164601899064,
            885.0
          ],
          [
            140.89640360868412,
            39.231623976474445,
            880.0
          ],
          [
            140.89651590413297,
            39.23160193395826,
            878.0
          ],
          [
            140.89662819958178,
            39.231579891442074,
            877.0
          ],
          [
            140.8967433886349,
            39.231579280443896,
            873.0
          ],
          [
            140.89685912189336,
            39.231582700109826,
            871.0
          ],
          [
            140.89697485515183,
            39.231586119775756,
            868.0
          ],
          [
            140.89709058841026,
            39.231589539441686,
            865.0
          ],
          [
            140.89720632166873,
            39.231592959107616,
            863.0
          ],
          [
            140.8973220549272,
            39.231596378773546,
            861.0
          ],
          [
            140.89743778818567,
            39.231599798439476,
            854.0
          ],
          [
            140.8975535214441,
            39.2316032181054,
            851.0
          ],
          [
            140.89766925470258,
            39.23160663777133,
            848.0
          ],
          [
            140.89778498796105,
            39.23161005743726,
            842.0
          ],
          [
            140.89790072121951,
            39.23161347710319,
            839.0
          ],
          [
            140.89801645447798,
            39.23161689676912,
            837.0
          ],
          [
            140.8981322344967,
            39.23161839656505,
            832.0
          ],
          [
            140.89824805128515,
            39.231618386680395,
            829.0
          ],
          [
            140.8983638680736,
            39.231618376795744,
            827.0
          ],
          [
            140.89847968486205,
            39.23161836691109,
            822.0
          ],
          [
            140.89859550165048,
            39.23161835702645,
            820.0
          ],
          [
            140.89871131843893,
            39.2316183471418,
            818.0
          ],
          [
            140.89882713522738,
            39.231618337257146,
            815.0
          ],
          [
            140.89894295201583,
            39.231618327372495,
            813.0
          ],
          [
            140.89905876880428,
            39.23161831748784,
            810.0
          ],
          [
            140.8991745855927,
            39.23161830760319,
            809.0
          ],
          [
            140.89929040238115,
            39.23161829771854,
            807.0
          ],
          [
            140.8994062191696,
            39.23161828783389,
            804.0
          ],
          [
            140.89952153667514,
            39.231621932339486,
            803.0
          ],
          [
            140.89963476457334,
            39.231640871261106,
            801.0
          ],
          [
            140.89974799247156,
            39.231659810182734,
            797.0
          ],
          [
            140.89986122036976,
            39.231678749104354,
            795.0
          ],
          [
            140.89997444826798,
            39.231697688025974,
            794.0
          ],
          [
            140.90008767616618,
            39.2317166269476,
            790.0
          ],
          [
            140.9002009040644,
            39.23173556586922,
            787.0
          ],
          [
            140.9003141319626,
            39.23175450479084,
            785.0
          ],
          [
            140.9004273598608,
            39.23177344371247,
            782.0
          ],
          [
            140.90053985659148,
            39.2317948114862,
            775.0
          ],
          [
            140.90065212169495,
            39.231816948698174,
            772.0
          ],
          [
            140.90076438679841,
            39.231839085910146,
            769.0
          ],
          [
            140.90087665190185,
            39.23186122312212,
            763.0
          ],
          [
            140.90098891700532,
            39.23188336033409,
            760.0
          ],
          [
            140.90110118210876,
            39.231905497546066,
            757.0
          ],
          [
            140.90121344721223,
            39.23192763475804,
            753.0
          ],
          [
            140.9013257123157,
            39.23194977197001,
            751.0
          ],
          [
            140.90143797741914,
            39.23197190918198,
            749.0
          ],
          [
            140.9015502425226,
            39.23199404639395,
            745.0
          ],
          [
            140.90166250762607,
            39.23201618360592,
            744.0
          ],
          [
            140.9017747727295,
            39.23203832081789,
            742.0
          ],
          [
            140.90188703783298,
            39.23206045802986,
            741.0
          ],
          [
            140.90199930293645,
            39.23208259524184,
            738.0
          ],
          [
            140.90211156803989,
            39.23210473245381,
            736.0
          ],
          [
            140.90222383314335,
            39.232126869665784,
            734.0
          ],
          [
            140.90233634370813,
            39.23214821923596,
            730.0
          ],
          [
            140.90244919266252,
            39.23216848297395,
            729.0
          ],
          [
            140.9025620416169,
            39.232188746711934,
            727.0
          ],
          [
            140.90267489057126,
            39.232209010449914,
            724.0
          ],
          [
            140.90278773952565,
            39.2322292741879,
            723.0
          ],
          [
            140.90290058848004,
            39.23224953792589,
            722.0
          ],
          [
            140.90301343743442,
            39.232269801663875,
            719.0
          ],
          [
            140.9031262863888,
            39.23229006540186,
            719.0
          ],
          [
            140.9032391353432,
            39.23231032913985,
            718.0
          ],
          [
            140.90335198429756,
            39.23233059287783,
            716.0
          ],
          [
            140.90346224857316,
            39.23235790955676,
            715.0
          ],
          [
            140.90357187574668,
            39.23238696472766,
            714.0
          ],
          [
            140.9036815029202,
            39.23241601989855,
            713.0
          ],
          [
            140.9037911300937,
            39.23244507506945,
            712.0
          ],
          [
            140.90390075726722,
            39.23247413024034,
            711.0
          ],
          [
            140.90401038444074,
            39.23250318541124,
            711.0
          ],
          [
            140.90412001161425,
            39.23253224058214,
            708.0
          ],
          [
            140.90422963878777,
            39.23256129575303,
            706.0
          ],
          [
            140.90433593591288,
            39.23259439882876,
            702.0
          ],
          [
            140.90441580073957,
            39.232659632196786,
            698.0
          ],
          [
            140.9044956655663,
            39.232724865564805,
            695.0
          ],
          [
            140.90456847411824,
            39.23279387412963,
            692.0
          ],
          [
            140.90461825158053,
            39.23287520462055,
            690.0
          ],
          [
            140.90466802904282,
            39.23295653511147,
            688.0
          ],
          [
            140.9047178065051,
            39.233037865602384,
            685.0
          ],
          [
            140.90476758396738,
            39.233119196093305,
            681.0
          ],
          [
            140.90481736142968,
            39.23320052658423,
            679.0
          ],
          [
            140.90483503395757,
            39.233288941111624,
            676.0
          ],
          [
            140.9048475933621,
            39.233378483862865,
            674.0
          ],
          [
            140.90486015276662,
            39.233468026614105,
            670.0
          ],
          [
            140.90487271217114,
            39.233557569365345,
            669.0
          ],
          [
            140.90488527157567,
            39.233647112116586,
            668.0
          ],
          [
            140.9048978309802,
            39.23373665486783,
            666.0
          ],
          [
            140.9049103903847,
            39.233826197619074,
            666.0
          ],
          [
            140.90492294978924,
            39.233915740370314,
            664.0
          ],
          [
            140.90493550919376,
            39.234005283121554,
            662.0
          ],
          [
            140.90494518546714,
            39.23409493800185,
            661.0
          ],
          [
            140.90494417579671,
            39.23418500847369,
            657.0
          ],
          [
            140.90494316612626,
            39.23427507894552,
            653.0
          ],
          [
            140.9049421564558,
            39.23436514941736,
            651.0
          ],
          [
            140.90494114678535,
            39.23445521988919,
            649.0
          ],
          [
            140.9049401371149,
            39.23454529036102,
            649.0
          ],
          [
            140.90493912744444,
            39.234635360832854,
            649.0
          ],
          [
            140.904938117774,
            39.23472543130469,
            648.0
          ],
          [
            140.9049545284082,
            39.23481385625574,
            648.0
          ],
          [
            140.90498323468984,
            39.23490111976079,
            648.0
          ],
          [
            140.90501194097146,
            39.234988383265836,
            647.0
          ],
          [
            140.9050406472531,
            39.23507564677089,
            647.0
          ],
          [
            140.9050693535347,
            39.23516291027593,
            647.0
          ],
          [
            140.90509805981634,
            39.23525017378098,
            646.0
          ],
          [
            140.90512676609794,
            39.23533743728603,
            646.0
          ],
          [
            140.90515547237956,
            39.23542470079108,
            646.0
          ],
          [
            140.9051841786612,
            39.23551196429612,
            646.0
          ],
          [
            140.90519646486302,
            39.23560108188303,
            646.0
          ],
          [
            140.90520085539407,
            39.23569109101373,
            646.0
          ],
          [
            140.90520524592512,
            39.235781100144415,
            645.0
          ],
          [
            140.90520963645614,
            39.2358711092751,
            645.0
          ],
          [
            140.90521402698718,
            39.2359611184058,
            645.0
          ],
          [
            140.90521841751823,
            39.236051127536484,
            644.0
          ],
          [
            140.90522280804925,
            39.23614113666718,
            644.0
          ],
          [
            140.9052271985803,
            39.236231145797866,
            644.0
          ],
          [
            140.90523158911134,
            39.23632115492856,
            643.0
          ],
          [
            140.90523597964238,
            39.23641116405925,
            643.0
          ],
          [
            140.9052403701734,
            39.23650117318994,
            643.0
          ]
        ]
      }
    },
    {
      "type": "Feature",
      "properties": {
        "name": "A4",
        "slope_deg": [
          14.036243467926479,
          14.036243467926479,
          14.036243467926479,
          14.036243467926479,
          14.036243467926479,
          14.036243467926479,
          15.37625124882619,
          12.68038349181982,
          11.309932474020215,
          9.926245506651705,
          7.125016348901798,
          5.710593137499643,
          7.125016348901798,
          5.710593137499643,
          7.125016348901798,
          5.710593137499643,
          4.289153328819018,
          5.710593137499643,
          4.289153328819018,
          4.289153328819018,
          4.289153328819018,
          4.289153328819018,
          2.862405226111748,
          2.862405226111748,
          0.0,
          0.0,
          1.4320961841646465,
          1.4320961841646465,
          5.710593137499643,
          7.125016348901798,
          8.530765609948133,
          11.309932474020215,
          14.036243467926479,
          15.37625124882619,
          16.69924423399362,
          18.00416160591338,
          16.69924423399362,
          16.69924423399362,
          14.036243467926479,
          14.036243467926479,
          12.68038349181982,
          14.036243467926479,
          15.37625124882619,
          14.036243467926479,
          15.37625124882619,
          11.309932474020215,
          11.309932474020215,
          12.68038349181982,
          12.68038349181982,
          14.036243467926479,
          21.80140948635181,
          23.025492008528037,
          23.025492008528037,
          25.407718108948472,
          21.80140948635181,
          21.80140948635181,
          24.22774531795417,
          21.80140948635181,
          20.556045219583467,
          21.80140948635181,
          23.025492008528037,
          27.699472808055,
          27.699472808055,
          24.22774531795417,
          20.556045219583467,
          16.69924423399362,
          19.290046219188735,
          19.290046219188735,
          20.556045219583467,
          19.290046219188735,
          19.290046219188735,
          20.556045219583467,
          19.290046219188735,
          21.80140948635181,
          18.00416160591338,
          20.556045219583467,
          18.00416160591338,
          15.37625124882619,
          18.00416160591338,
          15.37625124882619,
          18.00416160591338,
          23.025492008528037,
          20.556045219583467,
          20.556045219583467,
          20.556045219583467,
          23.025492008528037,
          23.025492008528037,
          24.22774531795417,
          27.699472808055,
          20.556045219583467,
          21.80140948635181,
          21.80140948635181,
          16.69924423399362,
          18.00416160591338,
          19.290046219188735,
          19.290046219188735,
          21.80140948635181,
          24.22774531795417,
          23.025492008528037,
          29.89890183861456,
          33.02386755579665,
          32.005383208083494,
          32.005383208083494,
          24.22774531795417,
          20.556045219583467,
          19.290046219188735,
          18.00416160591338,
          16.69924423399362,
          19.290046219188735,
          21.80140948635181,
          21.80140948635181,
          23.025492008528037,
          18.00416160591338,
          12.68038349181982,
          7.125016348901798,
          2.862405226111748,
          0.0,
          0.0,
          2.862405226111748,
          4.289153328819018,
          7.125016348901798,
          7.125016348901798,
          7.125016348901798
        ],
        "horizontal_dist_map": 1220,
        "slope_dist_map": 1287,
        "elevation_diff_map": 349.0,
        "avg_slope_deg_map": 15.2,
        "max_slope_deg_map": 33.0
      },
      "geometry": {
        "type": "LineString",
        "coordinates": [
          [
            140.8879781,
            39.2316737,
            1052.0
          ],
          [
            140.88808544415954,
            39.23170751873233,
            1048.0
          ],
          [
            140.8881927883191,
            39.231741337464655,
            1046.0
          ],
          [
            140.88830013247863,
            39.23177515619699,
            1044.0
          ],
          [
            140.88840747663818,
            39.231808974929315,
            1042.0
          ],
          [
            140.88851482079772,
            39.23184279366164,
            1038.0
          ],
          [
            140.88862216495727,
            39.23187661239397,
            1036.0
          ],
          [
            140.8887295091168,
            39.2319104311263,
            1034.0
          ],
          [
            140.88883685327636,
            39.23194424985863,
            1031.0
          ],
          [
            140.8889441974359,
            39.231978068590955,
            1029.0
          ],
          [
            140.88905154159545,
            39.23201188732328,
            1028.0
          ],
          [
            140.889158885755,
            39.23204570605561,
            1027.0
          ],
          [
            140.88926622991454,
            39.23207952478794,
            1026.0
          ],
          [
            140.88937357407409,
            39.23211334352027,
            1025.0
          ],
          [
            140.88948091823363,
            39.232147162252595,
            1023.0
          ],
          [
            140.88958918804263,
            39.232178633024276,
            1023.0
          ],
          [
            140.8897024599395,
            39.23219741572569,
            1021.0
          ],
          [
            140.88981573183642,
            39.2322161984271,
            1021.0
          ],
          [
            140.8899290037333,
            39.232234981128514,
            1020.0
          ],
          [
            140.89004227563018,
            39.23225376382993,
            1019.0
          ],
          [
            140.89015554752706,
            39.23227254653134,
            1018.0
          ],
          [
            140.89026881942397,
            39.23229132923275,
            1018.0
          ],
          [
            140.89038209132084,
            39.23231011193416,
            1017.0
          ],
          [
            140.89049536321772,
            39.23232889463558,
            1016.0
          ],
          [
            140.8906086351146,
            39.23234767733699,
            1016.0
          ],
          [
            140.89072190701148,
            39.2323664600384,
            1016.0
          ],
          [
            140.8908351789084,
            39.23238524273982,
            1017.0
          ],
          [
            140.89094845080527,
            39.23240402544123,
            1016.0
          ],
          [
            140.89106172270215,
            39.23242280814264,
            1015.0
          ],
          [
            140.89117499459903,
            39.232441590844054,
            1015.0
          ],
          [
            140.89127474003385,
            39.23248459026428,
            1013.0
          ],
          [
            140.89136969912823,
            39.232536158773755,
            1011.0
          ],
          [
            140.89146465822262,
            39.23258772728323,
            1009.0
          ],
          [
            140.891559617317,
            39.23263929579271,
            1007.0
          ],
          [
            140.89165457641138,
            39.23269086430218,
            1003.0
          ],
          [
            140.89174953550577,
            39.232742432811655,
            1000.0
          ],
          [
            140.89184449460015,
            39.23279400132113,
            997.0
          ],
          [
            140.89193945369453,
            39.23284556983061,
            994.0
          ],
          [
            140.8920344127889,
            39.232897138340086,
            991.0
          ],
          [
            140.8921101583146,
            39.23296385443134,
            988.0
          ],
          [
            140.89217775200407,
            39.23303699726236,
            987.0
          ],
          [
            140.89224534569357,
            39.23311014009338,
            984.0
          ],
          [
            140.89231293938303,
            39.2331832829244,
            982.0
          ],
          [
            140.89237707650975,
            39.23325821182815,
            978.0
          ],
          [
            140.89243758120585,
            39.23333501767893,
            976.0
          ],
          [
            140.892498085902,
            39.233411823529714,
            974.0
          ],
          [
            140.8925585905981,
            39.233488629380496,
            971.0
          ],
          [
            140.8926190952942,
            39.23356543523128,
            970.0
          ],
          [
            140.89269562446356,
            39.233631497227485,
            968.0
          ],
          [
            140.89278439610302,
            39.23368935107128,
            965.0
          ],
          [
            140.8928731677425,
            39.23374720491507,
            962.0
          ],
          [
            140.89296193938193,
            39.23380505875887,
            960.0
          ],
          [
            140.8930507110214,
            39.23386291260266,
            952.0
          ],
          [
            140.89313948266087,
            39.23392076644645,
            948.0
          ],
          [
            140.89322825430034,
            39.23397862029025,
            945.0
          ],
          [
            140.8933170259398,
            39.234036474134044,
            941.0
          ],
          [
            140.89340683011403,
            39.23409324787442,
            936.0
          ],
          [
            140.89350364379493,
            39.23414268918175,
            932.0
          ],
          [
            140.8936004574758,
            39.23419213048908,
            927.0
          ],
          [
            140.89369727115667,
            39.23424157179641,
            925.0
          ],
          [
            140.89379408483754,
            39.234291013103736,
            921.0
          ],
          [
            140.8938908985184,
            39.23434045441107,
            916.0
          ],
          [
            140.89398803015814,
            39.23438947231642,
            910.0
          ],
          [
            140.8940909722832,
            39.2344307528339,
            904.0
          ],
          [
            140.89419391440825,
            39.23447203335137,
            900.0
          ],
          [
            140.89429685653332,
            39.23451331386885,
            898.0
          ],
          [
            140.89439979865838,
            39.234554594386324,
            895.0
          ],
          [
            140.89450274078345,
            39.234595874903796,
            892.0
          ],
          [
            140.8946082075735,
            39.234632734267684,
            886.0
          ],
          [
            140.89471661482872,
            39.234664444335245,
            884.0
          ],
          [
            140.89482502208398,
            39.2346961544028,
            880.0
          ],
          [
            140.8949334293392,
            39.23472786447035,
            878.0
          ],
          [
            140.8950483718781,
            39.23473245460613,
            872.0
          ],
          [
            140.89516418709434,
            39.234733423330546,
            869.0
          ],
          [
            140.89528000231059,
            39.23473439205497,
            866.0
          ],
          [
            140.8953958175268,
            39.23473536077939,
            862.0
          ],
          [
            140.89551163274305,
            39.234736329503804,
            859.0
          ],
          [
            140.8956274479593,
            39.234737298228225,
            854.0
          ],
          [
            140.89574326317555,
            39.23473826695265,
            853.0
          ],
          [
            140.89585907839177,
            39.23473923567706,
            851.0
          ],
          [
            140.895974893608,
            39.23474020440148,
            846.0
          ],
          [
            140.89608912518923,
            39.23474996938224,
            843.0
          ],
          [
            140.89620082890883,
            39.23477377529968,
            840.0
          ],
          [
            140.89631253262843,
            39.23479758121712,
            834.0
          ],
          [
            140.89642423634803,
            39.23482138713456,
            831.0
          ],
          [
            140.89653594006762,
            39.234845193052,
            828.0
          ],
          [
            140.89664764378722,
            39.23486899896944,
            825.0
          ],
          [
            140.89675934750682,
            39.23489280488688,
            817.0
          ],
          [
            140.8968710512264,
            39.23491661080432,
            814.0
          ],
          [
            140.89698415593176,
            39.23493505974078,
            810.0
          ],
          [
            140.89709894300248,
            39.23494707577863,
            804.0
          ],
          [
            140.8972137300732,
            39.23495909181648,
            802.0
          ],
          [
            140.8973285171439,
            39.23497110785433,
            798.0
          ],
          [
            140.89744330421462,
            39.234983123892185,
            794.0
          ],
          [
            140.89755809128533,
            39.234995139930035,
            792.0
          ],
          [
            140.89766595817883,
            39.23497189144438,
            789.0
          ],
          [
            140.89777091158973,
            39.234933796146095,
            784.0
          ],
          [
            140.89787586500063,
            39.23489570084781,
            780.0
          ],
          [
            140.89798081841153,
            39.23485760554952,
            776.0
          ],
          [
            140.89808577182242,
            39.234819510251235,
            771.0
          ],
          [
            140.89819072523332,
            39.23478141495294,
            767.0
          ],
          [
            140.89829567864425,
            39.234743319654655,
            757.0
          ],
          [
            140.89840063205514,
            39.23470522435637,
            750.0
          ],
          [
            140.8985030316262,
            39.23466328208259,
            746.0
          ],
          [
            140.89860374971704,
            39.23461880691188,
            742.0
          ],
          [
            140.8987044678079,
            39.23457433174118,
            739.0
          ],
          [
            140.89880518589877,
            39.234529856570475,
            735.0
          ],
          [
            140.89890590398963,
            39.234485381399764,
            732.0
          ],
          [
            140.89901017673637,
            39.23444703979979,
            729.0
          ],
          [
            140.89911972996472,
            39.234417809688736,
            727.0
          ],
          [
            140.89922928319308,
            39.23438857957768,
            721.0
          ],
          [
            140.89933883642146,
            39.23435934946663,
            716.0
          ],
          [
            140.89944838964982,
            39.23433011935557,
            713.0
          ],
          [
            140.8995579428782,
            39.234300889244516,
            710.0
          ],
          [
            140.89966957247512,
            39.23427755202316,
            708.0
          ],
          [
            140.89978298143043,
            39.234259264754414,
            707.0
          ],
          [
            140.89989639038575,
            39.23424097748566,
            708.0
          ],
          [
            140.90000979934106,
            39.23422269021691,
            708.0
          ],
          [
            140.9001232082964,
            39.234204402948166,
            708.0
          ],
          [
            140.90023786468777,
            39.23419610693612,
            707.0
          ],
          [
            140.90035367889692,
            39.23419708438905,
            706.0
          ],
          [
            140.90046949310604,
            39.23419806184199,
            705.0
          ],
          [
            140.9005853073152,
            39.234199039294914,
            703.0
          ]
        ]
      }
    },
    {
      "type": "Feature",
      "properties": {
        "name": "A5",
        "slope_deg": [
          4.289153328819018,
          4.289153328819018,
          4.289153328819018,
          4.289153328819018,
          11.309932474020215,
          12.68038349181982,
          11.309932474020215,
          9.926245506651705,
          4.289153328819018,
          4.289153328819018,
          5.710593137499643,
          5.710593137499643,
          7.125016348901798,
          9.926245506651705,
          11.309932474020215,
          11.309932474020215,
          9.926245506651705,
          5.710593137499643,
          4.289153328819018,
          5.710593137499643,
          5.710593137499643,
          8.530765609948133,
          8.530765609948133,
          7.125016348901798,
          7.125016348901798,
          8.530765609948133,
          9.926245506651705,
          8.530765609948133,
          9.926245506651705,
          8.530765609948133,
          8.530765609948133,
          12.68038349181982,
          11.309932474020215,
          11.309932474020215,
          12.68038349181982,
          9.926245506651705,
          11.309932474020215,
          9.926245506651705,
          7.125016348901798,
          7.125016348901798,
          5.710593137499643,
          5.710593137499643,
          4.289153328819018,
          2.862405226111748,
          1.4320961841646465,
          0.0,
          0.0,
          -1.4320961841646465,
          -1.4320961841646465,
          -1.4320961841646465
        ],
        "horizontal_dist_map": 498,
        "slope_dist_map": 504,
        "elevation_diff_map": 61.0,
        "avg_slope_deg_map": 6.9,
        "max_slope_deg_map": 12.7
      },
      "geometry": {
        "type": "LineString",
        "coordinates": [
          [
            140.9006766421348,
            39.234204113364754,
            703.0
          ],
          [
            140.90077968989658,
            39.23424523375424,
            701.0
          ],
          [
            140.90088273765838,
            39.23428635414372,
            701.0
          ],
          [
            140.90098578542015,
            39.2343274745332,
            701.0
          ],
          [
            140.90108883318192,
            39.234368594922685,
            700.0
          ],
          [
            140.9011918809437,
            39.23440971531217,
            698.0
          ],
          [
            140.90129520885623,
            39.23445040643904,
            693.0
          ],
          [
            140.90139875240277,
            39.23449076715936,
            692.0
          ],
          [
            140.9015022959493,
            39.234531127879684,
            692.0
          ],
          [
            140.90160583949586,
            39.234571488600004,
            691.0
          ],
          [
            140.9017093830424,
            39.23461184932033,
            690.0
          ],
          [
            140.90181292658897,
            39.23465221004065,
            689.0
          ],
          [
            140.90191647013552,
            39.23469257076098,
            688.0
          ],
          [
            140.90202001368206,
            39.2347329314813,
            687.0
          ],
          [
            140.90213216372203,
            39.23475276567804,
            685.0
          ],
          [
            140.90224639796529,
            39.23476762904096,
            682.0
          ],
          [
            140.90236063220857,
            39.23478249240389,
            680.0
          ],
          [
            140.90247486645185,
            39.23479735576681,
            679.0
          ],
          [
            140.9025891006951,
            39.23481221912973,
            678.0
          ],
          [
            140.9027033349384,
            39.23482708249265,
            678.0
          ],
          [
            140.90281596435207,
            39.23484669456477,
            677.0
          ],
          [
            140.90292483333678,
            39.234877433789386,
            675.0
          ],
          [
            140.9030337023215,
            39.234908173014,
            674.0
          ],
          [
            140.9031425713062,
            39.23493891223861,
            672.0
          ],
          [
            140.90325144029092,
            39.234969651463224,
            671.0
          ],
          [
            140.90333332669783,
            39.23502817172981,
            670.0
          ],
          [
            140.90340111617473,
            39.235101206080586,
            669.0
          ],
          [
            140.9034689056516,
            39.23517424043137,
            666.0
          ],
          [
            140.90353669512848,
            39.23524727478215,
            664.0
          ],
          [
            140.90360448460538,
            39.23532030913293,
            664.0
          ],
          [
            140.90367227408225,
            39.23539334348371,
            662.0
          ],
          [
            140.90374006355913,
            39.23546637783449,
            660.0
          ],
          [
            140.903807853036,
            39.23553941218527,
            658.0
          ],
          [
            140.9038756425129,
            39.23561244653605,
            655.0
          ],
          [
            140.90394346683115,
            39.23568546048736,
            654.0
          ],
          [
            140.90401499351717,
            39.23575630671822,
            652.0
          ],
          [
            140.9040865202032,
            39.23582715294908,
            649.0
          ],
          [
            140.90415804688922,
            39.23589799917994,
            648.0
          ],
          [
            140.90422957357524,
            39.235968845410795,
            646.0
          ],
          [
            140.90430110026128,
            39.23603969164166,
            645.0
          ],
          [
            140.9043726269473,
            39.23611053787252,
            644.0
          ],
          [
            140.90444415363334,
            39.236181384103375,
            643.0
          ],
          [
            140.90451568031935,
            39.23625223033424,
            642.0
          ],
          [
            140.9045872070054,
            39.23632307656509,
            641.0
          ],
          [
            140.9046587336914,
            39.236393922795955,
            641.0
          ],
          [
            140.90474976181235,
            39.236448966173356,
            641.0
          ],
          [
            140.90484372840413,
            39.236501628381134,
            641.0
          ],
          [
            140.9049376949959,
            39.23655429058892,
            641.0
          ],
          [
            140.90503166158769,
            39.236606952796706,
            641.0
          ],
          [
            140.9051256281795,
            39.236659615004484,
            642.0
          ]
        ]
      }
    },
    {
      "type": "Feature",
      "properties": {
        "name": "A2",
        "slope_deg": [
          16.69924423399362,
          16.69924423399362,
          16.69924423399362,
          14.036243467926479,
          14.036243467926479,
          15.37625124882619,
          15.37625124882619,
          23.025492008528037,
          26.565051177077994,
          27.699472808055,
          27.699472808055,
          21.80140948635181,
          16.69924423399362,
          14.036243467926479,
          12.68038349181982,
          9.926245506651705,
          9.926245506651705,
          8.530765609948133,
          7.125016348901798,
          5.710593137499643,
          5.710593137499643,
          5.710593137499643,
          5.710593137499643,
          8.530765609948133,
          9.926245506651705,
          11.309932474020215,
          14.036243467926479,
          15.37625124882619,
          16.69924423399362,
          16.69924423399362,
          12.68038349181982,
          8.530765609948133,
          4.289153328819018,
          4.289153328819018,
          4.289153328819018
        ],
        "horizontal_dist_map": 346,
        "slope_dist_map": 360,
        "elevation_diff_map": 82.0,
        "avg_slope_deg_map": 12.8,
        "max_slope_deg_map": 27.7
      },
      "geometry": {
        "type": "LineString",
        "coordinates": [
          [
            140.9023149415726,
            39.232252084186335,
            731.0
          ],
          [
            140.90237540521778,
            39.232328909213564,
            727.0
          ],
          [
            140.902435868863,
            39.2324057342408,
            724.0
          ],
          [
            140.90249633250818,
            39.23248255926803,
            722.0
          ],
          [
            140.9025567961534,
            39.232559384295264,
            719.0
          ],
          [
            140.90261725979857,
            39.23263620932249,
            717.0
          ],
          [
            140.9026833615559,
            39.232709950079524,
            714.0
          ],
          [
            140.9027558975929,
            39.23278017103118,
            711.0
          ],
          [
            140.90282843362994,
            39.232850391982836,
            708.0
          ],
          [
            140.90290096966694,
            39.2329206129345,
            700.0
          ],
          [
            140.90297350570398,
            39.232990833886156,
            694.0
          ],
          [
            140.90304604174102,
            39.23306105483782,
            690.0
          ],
          [
            140.90311857777803,
            39.233131275789475,
            687.0
          ],
          [
            140.90319111381507,
            39.23320149674114,
            684.0
          ],
          [
            140.90326364985208,
            39.233271717692794,
            682.0
          ],
          [
            140.90333618588912,
            39.23334193864445,
            680.0
          ],
          [
            140.90340872192613,
            39.233412159596114,
            678.0
          ],
          [
            140.9034907122382,
            39.23347539865624,
            677.0
          ],
          [
            140.90357713745388,
            39.23353536258256,
            675.0
          ],
          [
            140.90366356266955,
            39.23359532650887,
            674.0
          ],
          [
            140.90374998788525,
            39.23365529043519,
            673.0
          ],
          [
            140.90383641310092,
            39.2337152543615,
            673.0
          ],
          [
            140.9039228383166,
            39.23377521828782,
            671.0
          ],
          [
            140.90400034426378,
            39.23384167161436,
            670.0
          ],
          [
            140.90407152430834,
            39.233912727483606,
            669.0
          ],
          [
            140.9041427043529,
            39.233983783352855,
            667.0
          ],
          [
            140.90421388439745,
            39.234054839222104,
            664.0
          ],
          [
            140.90428506444198,
            39.23412589509135,
            662.0
          ],
          [
            140.90435624448654,
            39.2341969509606,
            659.0
          ],
          [
            140.9044274245311,
            39.23426800682985,
            656.0
          ],
          [
            140.90449789399278,
            39.23433948324467,
            652.0
          ],
          [
            140.90456696696737,
            39.23441178614502,
            650.0
          ],
          [
            140.90463603994195,
            39.234484089045374,
            650.0
          ],
          [
            140.90470511291653,
            39.23455639194572,
            650.0
          ],
          [
            140.9047741858911,
            39.23462869484607,
            649.0
          ]
        ]
      }
    },
    {
      "type": "Feature",
      "properties": {
        "name": "A3",
        "slope_deg": [
          12.68038349181982,
          12.68038349181982,
          12.68038349181982,
          14.036243467926479,
          16.69924423399362,
          18.00416160591338,
          19.290046219188735,
          24.22774531795417,
          25.407718108948472,
          27.699472808055,
          27.699472808055,
          24.22774531795417,
          27.699472808055,
          24.22774531795417,
          26.565051177077994,
          26.565051177077994,
          24.22774531795417,
          26.565051177077994,
          21.80140948635181,
          18.00416160591338,
          15.37625124882619,
          11.309932474020215,
          11.309932474020215,
          12.68038349181982,
          4.289153328819018,
          0.0,
          -2.862405226111748,
          -7.125016348901798,
          -2.862405226111748,
          0.0,
          1.4320961841646465,
          2.862405226111748,
          5.710593137499643,
          7.125016348901798,
          7.125016348901798,
          7.125016348901798,
          7.125016348901798,
          7.125016348901798,
          7.125016348901798
        ],
        "horizontal_dist_map": 382,
        "slope_dist_map": 403,
        "elevation_diff_map": 94.0,
        "avg_slope_deg_map": 13.1,
        "max_slope_deg_map": 27.7
      },
      "geometry": {
        "type": "LineString",
        "coordinates": [
          [
            140.90070935954947,
            39.23198766832042,
            767.0
          ],
          [
            140.90077413060206,
            39.2320623395154,
            764.0
          ],
          [
            140.90083890165465,
            39.232137010710375,
            764.0
          ],
          [
            140.90090367270724,
            39.232211681905355,
            761.0
          ],
          [
            140.90096844375984,
            39.23228635310033,
            758.0
          ],
          [
            140.9010341453788,
            39.232360521916505,
            754.0
          ],
          [
            140.90110146880235,
            39.232433815179554,
            752.0
          ],
          [
            140.9011687922259,
            39.23250710844261,
            748.0
          ],
          [
            140.90123611564945,
            39.23258040170566,
            744.0
          ],
          [
            140.90130343907302,
            39.23265369496871,
            736.0
          ],
          [
            140.90137076249658,
            39.23272698823177,
            733.0
          ],
          [
            140.90143808592015,
            39.23280028149482,
            727.0
          ],
          [
            140.90150540934368,
            39.23287357475787,
            723.0
          ],
          [
            140.90157273276725,
            39.232946868020925,
            718.0
          ],
          [
            140.90164005619081,
            39.233020161283974,
            712.0
          ],
          [
            140.90170737961438,
            39.233093454547024,
            709.0
          ],
          [
            140.9017739240662,
            39.233167174671905,
            703.0
          ],
          [
            140.9018399715976,
            39.23324116709982,
            698.0
          ],
          [
            140.90190601912903,
            39.23331515952773,
            694.0
          ],
          [
            140.90197206666045,
            39.23338915195564,
            689.0
          ],
          [
            140.90203811419187,
            39.23346314438355,
            687.0
          ],
          [
            140.90210416172326,
            39.233537136811464,
            685.0
          ],
          [
            140.90217020925468,
            39.23361112923937,
            683.0
          ],
          [
            140.9022362567861,
            39.23368512166728,
            681.0
          ],
          [
            140.90230230431752,
            39.23375911409519,
            679.0
          ],
          [
            140.9023611720224,
            39.2338365357319,
            676.0
          ],
          [
            140.90241615329114,
            39.23391581359748,
            680.0
          ],
          [
            140.90247113455985,
            39.23399509146304,
            681.0
          ],
          [
            140.90252611582858,
            39.23407436932861,
            681.0
          ],
          [
            140.9025810970973,
            39.234153647194184,
            681.0
          ],
          [
            140.90263607836604,
            39.23423292505975,
            682.0
          ],
          [
            140.90269105963475,
            39.23431220292532,
            681.0
          ],
          [
            140.90274648017075,
            39.23439127224589,
            680.0
          ],
          [
            140.90281202709622,
            39.23446553399702,
            679.0
          ],
          [
            140.9028775740217,
            39.23453979574814,
            678.0
          ],
          [
            140.90294312094716,
            39.23461405749927,
            676.0
          ],
          [
            140.90300866787263,
            39.234688319250395,
            675.0
          ],
          [
            140.9030742147981,
            39.234762581001526,
            674.0
          ],
          [
            140.90313976172357,
            39.23483684275265,
            673.0
          ]
        ]
      }
    },
    {
      "type": "Feature",
      "properties": {
        "name": "B1",
        "slope_deg": [
          5.710593137499643,
          5.710593137499643,
          5.710593137499643,
          8.530765609948133,
          11.309932474020215,
          14.036243467926479,
          20.556045219583467,
          19.290046219188735,
          19.290046219188735,
          20.556045219583467,
          14.036243467926479,
          12.68038349181982,
          14.036243467926479,
          11.309932474020215,
          12.68038349181982,
          20.556045219583467,
          18.00416160591338,
          20.556045219583467,
          23.025492008528037,
          15.37625124882619,
          20.556045219583467,
          18.00416160591338,
          18.00416160591338,
          19.290046219188735,
          19.290046219188735,
          18.00416160591338,
          19.290046219188735,
          23.025492008528037,
          18.00416160591338,
          23.025492008528037,
          19.290046219188735,
          20.556045219583467,
          20.556045219583467,
          16.69924423399362,
          20.556045219583467,
          15.37625124882619,
          16.69924423399362,
          15.37625124882619,
          11.309932474020215,
          9.926245506651705,
          7.125016348901798,
          7.125016348901798,
          5.710593137499643,
          7.125016348901798,
          5.710593137499643,
          7.125016348901798,
          9.926245506651705,
          8.530765609948133,
          11.309932474020215,
          9.926245506651705,
          9.926245506651705,
          15.37625124882619,
          16.69924423399362,
          19.290046219188735,
          20.556045219583467,
          18.00416160591338,
          20.556045219583467,
          20.556045219583467,
          19.290046219188735,
          18.00416160591338,
          18.00416160591338,
          19.290046219188735,
          19.290046219188735,
          23.025492008528037,
          20.556045219583467,
          18.00416160591338,
          18.00416160591338,
          14.036243467926479,
          12.68038349181982,
          14.036243467926479,
          18.00416160591338,
          19.290046219188735,
          21.80140948635181,
          28.810793742973065,
          26.565051177077994,
          27.699472808055,
          28.810793742973065,
          20.556045219583467,
          19.290046219188735,
          14.036243467926479,
          7.125016348901798,
          5.710593137499643,
          7.125016348901798,
          11.309932474020215,
          16.69924423399362,
          23.025492008528037,
          20.556045219583467,
          20.556045219583467,
          21.80140948635181,
          18.00416160591338,
          21.80140948635181,
          25.407718108948472,
          28.810793742973065,
          29.89890183861456,
          27.699472808055,
          33.02386755579665,
          30.96375653207352,
          29.89890183861456,
          30.96375653207352,
          20.556045219583467,
          15.37625124882619,
          20.556045219583467,
          20.556045219583467,
          21.80140948635181,
          25.407718108948472,
          19.290046219188735,
          16.69924423399362,
          16.69924423399362,
          11.309932474020215,
          9.926245506651705,
          9.926245506651705,
          5.710593137499643,
          4.289153328819018,
          4.289153328819018,
          2.862405226111748,
          5.710593137499643,
          8.530765609948133,
          8.530765609948133,
          8.530765609948133,
          9.926245506651705,
          7.125016348901798,
          7.125016348901798,
          7.125016348901798,
          2.862405226111748,
          2.862405226111748,
          1.4320961841646465,
          0.0,
          -1.4320961841646465,
          -2.862405226111748,
          -2.862405226111748,
          -2.862405226111748,
          -2.862405226111748
        ],
        "horizontal_dist_map": 1312,
        "slope_dist_map": 1385,
        "elevation_diff_map": 366.0,
        "avg_slope_deg_map": 14.8,
        "max_slope_deg_map": 33.0
      },
      "geometry": {
        "type": "LineString",
        "coordinates": [
          [
            140.890253,
            39.2385129,
            1006.0
          ],
          [
            140.89036882438722,
            39.238513624050796,
            1005.0
          ],
          [
            140.89048464877445,
            39.23851434810158,
            1004.0
          ],
          [
            140.89060047316167,
            39.238515072152374,
            1003.0
          ],
          [
            140.89071629754892,
            39.23851579620317,
            1002.0
          ],
          [
            140.89083212193614,
            39.23851652025395,
            999.0
          ],
          [
            140.89094794632337,
            39.238517244304745,
            996.0
          ],
          [
            140.8910637707106,
            39.23851796835554,
            993.0
          ],
          [
            140.8911795950978,
            39.23851869240632,
            987.0
          ],
          [
            140.89129388323914,
            39.23850793095694,
            985.0
          ],
          [
            140.89140703671498,
            39.23848868636014,
            982.0
          ],
          [
            140.89152019019082,
            39.23846944176334,
            978.0
          ],
          [
            140.89163334366668,
            39.23845019716654,
            977.0
          ],
          [
            140.89174649714252,
            39.238430952569736,
            976.0
          ],
          [
            140.89185965061836,
            39.238411707972936,
            972.0
          ],
          [
            140.8919728040942,
            39.23839246337614,
            970.0
          ],
          [
            140.89208595757006,
            39.23837321877934,
            968.0
          ],
          [
            140.89219667115108,
            39.23834827453993,
            961.0
          ],
          [
            140.89230208097797,
            39.23831094062577,
            959.0
          ],
          [
            140.89240749080483,
            39.238273606711616,
            955.0
          ],
          [
            140.89251290063171,
            39.238236272797465,
            951.0
          ],
          [
            140.8926183104586,
            39.23819893888331,
            950.0
          ],
          [
            140.8927237202855,
            39.23816160496915,
            944.0
          ],
          [
            140.89282913011235,
            39.238124271055,
            942.0
          ],
          [
            140.89293453993923,
            39.23808693714084,
            938.0
          ],
          [
            140.89303994976612,
            39.238049603226685,
            936.0
          ],
          [
            140.8931489773858,
            39.23801955323875,
            930.0
          ],
          [
            140.89325928777023,
            39.23799208592039,
            929.0
          ],
          [
            140.89336959815464,
            39.237964618602035,
            924.0
          ],
          [
            140.89347990853906,
            39.237937151283674,
            919.0
          ],
          [
            140.89359021892346,
            39.23790968396531,
            917.0
          ],
          [
            140.8937005293079,
            39.23788221664696,
            912.0
          ],
          [
            140.8938108396923,
            39.2378547493286,
            910.0
          ],
          [
            140.89392115007672,
            39.23782728201024,
            904.0
          ],
          [
            140.89403146046112,
            39.237799814691876,
            902.0
          ],
          [
            140.89414208480366,
            39.23777316058453,
            900.0
          ],
          [
            140.8942536024061,
            39.23774882018947,
            895.0
          ],
          [
            140.89436512000856,
            39.237724479794416,
            893.0
          ],
          [
            140.89447663761098,
            39.23770013939936,
            890.0
          ],
          [
            140.89458815521343,
            39.2376757990043,
            889.0
          ],
          [
            140.89469967281588,
            39.23765145860925,
            887.0
          ],
          [
            140.8948111904183,
            39.23762711821419,
            886.0
          ],
          [
            140.89492270802074,
            39.237602777819134,
            885.0
          ],
          [
            140.8950342256232,
            39.23757843742408,
            884.0
          ],
          [
            140.89513785243724,
            39.2375387075716,
            883.0
          ],
          [
            140.89524031164373,
            39.23749670052627,
            881.0
          ],
          [
            140.89534277085022,
            39.23745469348094,
            881.0
          ],
          [
            140.89544523005674,
            39.237412686435604,
            879.0
          ],
          [
            140.89554768926322,
            39.237370679390274,
            876.0
          ],
          [
            140.8956501484697,
            39.23732867234494,
            875.0
          ],
          [
            140.8957526076762,
            39.23728666529961,
            873.0
          ],
          [
            140.89585506688272,
            39.237244658254276,
            872.0
          ],
          [
            140.8959575260892,
            39.23720265120894,
            869.0
          ],
          [
            140.89606078811886,
            39.23716185225594,
            864.0
          ],
          [
            140.89616409379033,
            39.23712111897529,
            861.0
          ],
          [
            140.89626739946178,
            39.23708038569465,
            858.0
          ],
          [
            140.89637070513322,
            39.237039652414005,
            854.0
          ],
          [
            140.89647401080467,
            39.236998919133356,
            851.0
          ],
          [
            140.8965773164761,
            39.236958185852714,
            846.0
          ],
          [
            140.89668320584997,
            39.23692265506949,
            843.0
          ],
          [
            140.89679489911092,
            39.236898810890644,
            840.0
          ],
          [
            140.89690659237186,
            39.236874966711795,
            838.0
          ],
          [
            140.8970182856328,
            39.23685112253295,
            833.0
          ],
          [
            140.8971299788938,
            39.2368272783541,
            829.0
          ],
          [
            140.89724167215473,
            39.23680343417525,
            826.0
          ],
          [
            140.89735336541568,
            39.2367795899964,
            821.0
          ],
          [
            140.89746505867663,
            39.236755745817554,
            818.0
          ],
          [
            140.89757675193758,
            39.236731901638706,
            816.0
          ],
          [
            140.89768844519853,
            39.23670805745986,
            813.0
          ],
          [
            140.8978001384595,
            39.236684213281016,
            811.0
          ],
          [
            140.89791183172045,
            39.23666036910217,
            809.0
          ],
          [
            140.8980235249814,
            39.23663652492332,
            806.0
          ],
          [
            140.89813521824234,
            39.23661268074447,
            800.0
          ],
          [
            140.8982469115033,
            39.23658883656562,
            797.0
          ],
          [
            140.89835962659998,
            39.23656893882964,
            793.0
          ],
          [
            140.8984744809995,
            39.236557303318605,
            784.0
          ],
          [
            140.89858933539907,
            39.236545667807576,
            780.0
          ],
          [
            140.8987041897986,
            39.23653403229654,
            776.0
          ],
          [
            140.89881904419815,
            39.2365223967855,
            771.0
          ],
          [
            140.89893389859768,
            39.236510761274474,
            769.0
          ],
          [
            140.89904875299723,
            39.23649912576344,
            766.0
          ],
          [
            140.89916360739676,
            39.2364874902524,
            766.0
          ],
          [
            140.8992784617963,
            39.23647585474137,
            766.0
          ],
          [
            140.89939331619587,
            39.236464219230335,
            765.0
          ],
          [
            140.8995071381973,
            39.23646420772266,
            761.0
          ],
          [
            140.89961884490393,
            39.23648801279633,
            758.0
          ],
          [
            140.89973055161056,
            39.236511817869996,
            754.0
          ],
          [
            140.8998422583172,
            39.23653562294366,
            748.0
          ],
          [
            140.89995396502385,
            39.23655942801732,
            746.0
          ],
          [
            140.9000656717305,
            39.23658323309099,
            743.0
          ],
          [
            140.90017737843712,
            39.23660703816466,
            738.0
          ],
          [
            140.90028967754247,
            39.236629084867296,
            735.0
          ],
          [
            140.90040204808835,
            39.2366509195186,
            730.0
          ],
          [
            140.90051441863423,
            39.23667275416991,
            724.0
          ],
          [
            140.9006267891801,
            39.236694588821216,
            716.0
          ],
          [
            140.900739159726,
            39.236716423472515,
            712.0
          ],
          [
            140.90085153027186,
            39.23673825812382,
            709.0
          ],
          [
            140.90096573415224,
            39.236744015841744,
            698.0
          ],
          [
            140.9010812920409,
            39.23673789994859,
            692.0
          ],
          [
            140.90119684992956,
            39.23673178405543,
            689.0
          ],
          [
            140.90131240781824,
            39.23672566816227,
            685.0
          ],
          [
            140.90142796570692,
            39.236719552269115,
            683.0
          ],
          [
            140.90154352359556,
            39.23671343637596,
            681.0
          ],
          [
            140.90165908148424,
            39.2367073204828,
            674.0
          ],
          [
            140.90177313069975,
            39.23669251593765,
            670.0
          ],
          [
            140.90188663607643,
            39.236674579351146,
            667.0
          ],
          [
            140.90200014145307,
            39.23665664276464,
            662.0
          ],
          [
            140.90211364682972,
            39.23663870617814,
            660.0
          ],
          [
            140.9022271522064,
            39.23662076959164,
            658.0
          ],
          [
            140.90234065758304,
            39.23660283300514,
            655.0
          ],
          [
            140.90245416295969,
            39.23658489641864,
            654.0
          ],
          [
            140.90256805334892,
            39.2365690040965,
            653.0
          ],
          [
            140.90268340511628,
            39.23656087111398,
            651.0
          ],
          [
            140.9027987568836,
            39.23655273813146,
            651.0
          ],
          [
            140.90291410865095,
            39.236544605148936,
            651.0
          ],
          [
            140.9030294604183,
            39.23653647216642,
            650.0
          ],
          [
            140.90314481218564,
            39.2365283391839,
            649.0
          ],
          [
            140.903260163953,
            39.23652020620138,
            647.0
          ],
          [
            140.90337551572034,
            39.23651207321886,
            645.0
          ],
          [
            140.9034891155467,
            39.23651133135263,
            644.0
          ],
          [
            140.90359315685498,
            39.23655091511358,
            643.0
          ],
          [
            140.90369719816323,
            39.23659049887453,
            640.0
          ],
          [
            140.9038012394715,
            39.23663008263548,
            640.0
          ],
          [
            140.90390528077978,
            39.23666966639642,
            639.0
          ],
          [
            140.90400932208803,
            39.236709250157375,
            638.0
          ],
          [
            140.9041133633963,
            39.23674883391832,
            638.0
          ],
          [
            140.9042195322787,
            39.236784699733946,
            638.0
          ],
          [
            140.9043269945993,
            39.236818305260414,
            638.0
          ],
          [
            140.90443445691992,
            39.23685191078688,
            638.0
          ],
          [
            140.90454191924056,
            39.23688551631335,
            639.0
          ],
          [
            140.90464938156117,
            39.23691912183982,
            640.0
          ],
          [
            140.90475684388178,
            39.23695272736629,
            640.0
          ]
        ]
      }
    },
    {
      "type": "Feature",
      "properties": {
        "name": "C5",
        "slope_deg": [
          21.80140948635181,
          21.80140948635181,
          21.80140948635181,
          20.556045219583467,
          15.37625124882619,
          16.69924423399362,
          18.00416160591338,
          27.699472808055,
          28.810793742973065,
          28.810793742973065,
          29.89890183861456,
          27.699472808055,
          30.96375653207352,
          30.96375653207352,
          33.02386755579665,
          29.89890183861456,
          28.810793742973065,
          29.89890183861456,
          25.407718108948472,
          23.025492008528037,
          19.290046219188735,
          16.69924423399362,
          15.37625124882619,
          16.69924423399362,
          18.00416160591338,
          18.00416160591338,
          20.556045219583467,
          21.80140948635181,
          18.00416160591338,
          16.69924423399362,
          15.37625124882619,
          11.309932474020215,
          12.68038349181982,
          12.68038349181982,
          12.68038349181982
        ],
        "horizontal_dist_map": 340,
        "slope_dist_map": 371,
        "elevation_diff_map": 138.0,
        "avg_slope_deg_map": 20.4,
        "max_slope_deg_map": 33.0
      },
      "geometry": {
        "type": "LineString",
        "coordinates": [
          [
            140.9007664496901,
            39.24525638040331,
            791.0
          ],
          [
            140.90085979929722,
            39.245203046664294,
            788.0
          ],
          [
            140.90095314890434,
            39.24514971292528,
            781.0
          ],
          [
            140.90104967039235,
            39.24509996480383,
            778.0
          ],
          [
            140.90114710413621,
            39.24505124793188,
            775.0
          ],
          [
            140.9012445378801,
            39.24500253105994,
            773.0
          ],
          [
            140.901341971624,
            39.244953814188,
            770.0
          ],
          [
            140.90143940536788,
            39.24490509731606,
            766.0
          ],
          [
            140.90153683911174,
            39.24485638044412,
            762.0
          ],
          [
            140.90163427285563,
            39.244807663572175,
            752.0
          ],
          [
            140.90173091822388,
            39.244758052531324,
            748.0
          ],
          [
            140.90182449322793,
            39.24470495910956,
            744.0
          ],
          [
            140.90191806823196,
            39.24465186568779,
            739.0
          ],
          [
            140.902011643236,
            39.24459877226603,
            731.0
          ],
          [
            140.90210521824002,
            39.24454567884427,
            724.0
          ],
          [
            140.90219879324405,
            39.244492585422506,
            720.0
          ],
          [
            140.90229236824808,
            39.244439492000744,
            713.0
          ],
          [
            140.90238594325214,
            39.244386398578975,
            708.0
          ],
          [
            140.90247951825617,
            39.24433330515721,
            702.0
          ],
          [
            140.9025730932602,
            39.24428021173545,
            697.0
          ],
          [
            140.90266128649034,
            39.24422207157804,
            694.0
          ],
          [
            140.9027457134301,
            39.24416039959778,
            691.0
          ],
          [
            140.90283014036984,
            39.244098727617526,
            688.0
          ],
          [
            140.9029145673096,
            39.24403705563728,
            685.0
          ],
          [
            140.90299899424937,
            39.24397538365702,
            683.0
          ],
          [
            140.9030834211891,
            39.24391371167677,
            679.0
          ],
          [
            140.90317287277477,
            39.24385651027779,
            675.0
          ],
          [
            140.90326276832553,
            39.243799703888165,
            672.0
          ],
          [
            140.9033526638763,
            39.24374289749854,
            668.0
          ],
          [
            140.90344255942705,
            39.24368609110892,
            663.0
          ],
          [
            140.9035324549778,
            39.24362928471929,
            662.0
          ],
          [
            140.90362235052856,
            39.24357247832967,
            660.0
          ],
          [
            140.90371224607932,
            39.243515671940045,
            657.0
          ],
          [
            140.90380214163008,
            39.24345886555042,
            655.0
          ],
          [
            140.90389203718084,
            39.24340205916079,
            653.0
          ]
        ]
      }
    },
    {
      "type": "Feature",
      "properties": {
        "name": "C3",
        "slope_deg": [
          15.37625124882619,
          15.37625124882619,
          15.37625124882619,
          12.68038349181982,
          12.68038349181982,
          20.556045219583467,
          18.00416160591338,
          19.290046219188735,
          20.556045219583467,
          12.68038349181982,
          12.68038349181982,
          15.37625124882619,
          12.68038349181982,
          12.68038349181982,
          15.37625124882619,
          12.68038349181982,
          12.68038349181982,
          15.37625124882619,
          12.68038349181982,
          12.68038349181982,
          21.80140948635181,
          21.80140948635181,
          21.80140948635181,
          25.407718108948472,
          19.290046219188735,
          16.69924423399362,
          20.556045219583467,
          16.69924423399362,
          16.69924423399362,
          16.69924423399362,
          18.00416160591338,
          19.290046219188735,
          20.556045219583467,
          26.565051177077994,
          24.22774531795417,
          24.22774531795417,
          24.22774531795417,
          20.556045219583467,
          19.290046219188735,
          25.407718108948472,
          24.22774531795417,
          23.025492008528037,
          25.407718108948472,
          25.407718108948472,
          29.89890183861456,
          33.02386755579665,
          33.02386755579665,
          30.96375653207352,
          28.810793742973065,
          25.407718108948472,
          28.810793742973065,
          25.407718108948472,
          24.22774531795417,
          24.22774531795417,
          21.80140948635181,
          24.22774531795417,
          21.80140948635181,
          27.699472808055,
          29.89890183861456,
          32.005383208083494,
          30.96375653207352,
          24.22774531795417,
          15.37625124882619,
          9.926245506651705,
          11.309932474020215,
          14.036243467926479,
          18.00416160591338,
          18.00416160591338,
          21.80140948635181,
          20.556045219583467,
          16.69924423399362,
          14.036243467926479,
          12.68038349181982,
          14.036243467926479,
          20.556045219583467,
          21.80140948635181,
          19.290046219188735,
          15.37625124882619,
          7.125016348901798,
          5.710593137499643,
          1.4320961841646465,
          0.0,
          1.4320961841646465,
          1.4320961841646465,
          1.4320961841646465,
          1.4320961841646465
        ],
        "horizontal_dist_map": 855,
        "slope_dist_map": 919,
        "elevation_diff_map": 294.0,
        "avg_slope_deg_map": 17.7,
        "max_slope_deg_map": 33.0
      },
      "geometry": {
        "type": "LineString",
        "coordinates": [
          [
            140.89425459969527,
            39.242731047468624,
            934.0
          ],
          [
            140.89436731774998,
            39.24275180297513,
            931.0
          ],
          [
            140.89448003580466,
            39.24277255848164,
            929.0
          ],
          [
            140.89459275385937,
            39.242793313988145,
            927.0
          ],
          [
            140.89470547191408,
            39.24281406949465,
            923.0
          ],
          [
            140.8948181899688,
            39.242834825001154,
            922.0
          ],
          [
            140.89493090802347,
            39.242855580507666,
            920.0
          ],
          [
            140.89504362607818,
            39.24287633601417,
            912.0
          ],
          [
            140.8951563441329,
            39.242897091520675,
            910.0
          ],
          [
            140.89526906218757,
            39.242917847027186,
            908.0
          ],
          [
            140.89538178024227,
            39.24293860253369,
            905.0
          ],
          [
            140.89549449829698,
            39.242959358040196,
            903.0
          ],
          [
            140.89560846333796,
            39.24297543845438,
            901.0
          ],
          [
            140.89572250098226,
            39.24299124667059,
            897.0
          ],
          [
            140.89583653862655,
            39.24300705488681,
            896.0
          ],
          [
            140.89595057627085,
            39.24302286310303,
            894.0
          ],
          [
            140.89606461391517,
            39.24303867131924,
            890.0
          ],
          [
            140.89617865155947,
            39.24305447953546,
            888.0
          ],
          [
            140.89629268920376,
            39.24307028775167,
            887.0
          ],
          [
            140.89640702061018,
            39.24308331440792,
            883.0
          ],
          [
            140.896522847127,
            39.24308218423998,
            881.0
          ],
          [
            140.89663867364376,
            39.24308105407205,
            879.0
          ],
          [
            140.89675450016054,
            39.24307992390411,
            871.0
          ],
          [
            140.89687032667734,
            39.243078793736174,
            867.0
          ],
          [
            140.89698615319412,
            39.243077663568236,
            865.0
          ],
          [
            140.8971019797109,
            39.2430765334003,
            860.0
          ],
          [
            140.89721313206977,
            39.243053781545676,
            857.0
          ],
          [
            140.89732306789293,
            39.24302540224872,
            855.0
          ],
          [
            140.89743300371606,
            39.24299702295177,
            850.0
          ],
          [
            140.89754293953922,
            39.24296864365481,
            848.0
          ],
          [
            140.89765287536238,
            39.24294026435786,
            845.0
          ],
          [
            140.89776281118552,
            39.242911885060906,
            843.0
          ],
          [
            140.89787274700868,
            39.242883505763956,
            837.0
          ],
          [
            140.89798268283184,
            39.242855126467,
            834.0
          ],
          [
            140.89809261865497,
            39.24282674717005,
            830.0
          ],
          [
            140.89820255447813,
            39.24279836787309,
            823.0
          ],
          [
            140.8983039929161,
            39.24275538898357,
            819.0
          ],
          [
            140.89840396857258,
            39.242709896848666,
            816.0
          ],
          [
            140.89850394422905,
            39.242664404713764,
            812.0
          ],
          [
            140.89860391988552,
            39.24261891257886,
            808.0
          ],
          [
            140.89870389554196,
            39.24257342044397,
            805.0
          ],
          [
            140.89880387119842,
            39.242527928309066,
            797.0
          ],
          [
            140.8989038468549,
            39.242482436174164,
            794.0
          ],
          [
            140.89900816085571,
            39.24244485025316,
            791.0
          ],
          [
            140.89911957375116,
            39.24242020138249,
            786.0
          ],
          [
            140.8992309866466,
            39.242395552511816,
            778.0
          ],
          [
            140.89934239954204,
            39.242370903641145,
            771.0
          ],
          [
            140.89945381243746,
            39.242346254770474,
            765.0
          ],
          [
            140.8995652253329,
            39.2423216058998,
            760.0
          ],
          [
            140.89967663822833,
            39.242296957029126,
            754.0
          ],
          [
            140.89978805112378,
            39.242272308158455,
            749.0
          ],
          [
            140.89989905329733,
            39.24224667049426,
            746.0
          ],
          [
            140.9000079607359,
            39.24221598985432,
            738.0
          ],
          [
            140.9001168681745,
            39.242185309214385,
            735.0
          ],
          [
            140.90022577561308,
            39.242154628574454,
            731.0
          ],
          [
            140.90033468305165,
            39.242123947934516,
            728.0
          ],
          [
            140.90044359049023,
            39.24209326729458,
            722.0
          ],
          [
            140.9005524979288,
            39.24206258665464,
            717.0
          ],
          [
            140.90066140536737,
            39.24203190601471,
            715.0
          ],
          [
            140.90077031280595,
            39.24200122537477,
            707.0
          ],
          [
            140.9008748127109,
            39.24196281540465,
            699.0
          ],
          [
            140.90097717334646,
            39.2419206538762,
            692.0
          ],
          [
            140.90107953398206,
            39.24187849234775,
            691.0
          ],
          [
            140.90118189461762,
            39.24183633081931,
            689.0
          ],
          [
            140.9012842552532,
            39.24179416929086,
            688.0
          ],
          [
            140.90138661588875,
            39.241752007762415,
            685.0
          ],
          [
            140.90148897652435,
            39.241709846233974,
            683.0
          ],
          [
            140.9015913371599,
            39.241667684705526,
            679.0
          ],
          [
            140.9016934773815,
            39.24162521496306,
            675.0
          ],
          [
            140.90179355854846,
            39.241579865958855,
            672.0
          ],
          [
            140.90189363971544,
            39.24153451695465,
            667.0
          ],
          [
            140.90199372088242,
            39.24148916795045,
            664.0
          ],
          [
            140.90209380204936,
            39.241443818946244,
            663.0
          ],
          [
            140.90219388321634,
            39.24139846994204,
            662.0
          ],
          [
            140.9022939643833,
            39.24135312093784,
            658.0
          ],
          [
            140.90239404555027,
            39.241307771933634,
            654.0
          ],
          [
            140.90249412671724,
            39.24126242292943,
            648.0
          ],
          [
            140.9025942078842,
            39.24121707392523,
            646.0
          ],
          [
            140.90269428905117,
            39.241171724921024,
            644.0
          ],
          [
            140.90279437021815,
            39.24112637591682,
            643.0
          ],
          [
            140.9028944513851,
            39.24108102691262,
            643.0
          ],
          [
            140.90299453255207,
            39.24103567790842,
            642.0
          ],
          [
            140.90309461371902,
            39.24099032890422,
            643.0
          ],
          [
            140.903194694886,
            39.240944979900014,
            643.0
          ],
          [
            140.90329477605297,
            39.24089963089581,
            642.0
          ],
          [
            140.90339485721992,
            39.24085428189161,
            641.0
          ]
        ]
      }
    },
    {
      "type": "Feature",
      "properties": {
        "name": "C2_#上部",
        "slope_deg": [
          27.699472808055,
          27.699472808055,
          27.699472808055,
          20.556045219583467,
          19.290046219188735,
          20.556045219583467,
          12.68038349181982,
          11.309932474020215,
          14.036243467926479,
          9.926245506651705,
          9.926245506651705,
          12.68038349181982,
          9.926245506651705,
          12.68038349181982,
          12.68038349181982,
          15.37625124882619,
          21.80140948635181,
          21.80140948635181,
          26.565051177077994,
          25.407718108948472,
          19.290046219188735,
          20.556045219583467,
          20.556045219583467,
          20.556045219583467,
          23.025492008528037,
          24.22774531795417,
          23.025492008528037,
          21.80140948635181,
          21.80140948635181,
          19.290046219188735,
          19.290046219188735,
          19.290046219188735
        ],
        "horizontal_dist_map": 315,
        "slope_dist_map": 337,
        "elevation_diff_map": 109.0,
        "avg_slope_deg_map": 17.9,
        "max_slope_deg_map": 27.7
      },
      "geometry": {
        "type": "LineString",
        "coordinates": [
          [
            140.8934730270711,
            39.24216279258131,
            952.0
          ],
          [
            140.89358539731273,
            39.24214093050465,
            944.0
          ],
          [
            140.8936977675544,
            39.24211906842798,
            941.0
          ],
          [
            140.893810137796,
            39.24209720635131,
            938.0
          ],
          [
            140.89392250803766,
            39.242075344274646,
            931.0
          ],
          [
            140.89403487827929,
            39.24205348219798,
            929.0
          ],
          [
            140.89414724852094,
            39.24203162012132,
            927.0
          ],
          [
            140.89425961876256,
            39.242009758044645,
            923.0
          ],
          [
            140.8943719890042,
            39.24198789596798,
            922.0
          ],
          [
            140.89448435924584,
            39.241966033891316,
            921.0
          ],
          [
            140.8945967294875,
            39.24194417181465,
            917.0
          ],
          [
            140.8947090997291,
            39.24192230973798,
            916.0
          ],
          [
            140.89482146997076,
            39.241900447661315,
            915.0
          ],
          [
            140.8949338402124,
            39.24187858558465,
            912.0
          ],
          [
            140.8950447148437,
            39.241852571147696,
            910.0
          ],
          [
            140.89515534369784,
            39.24182587434371,
            907.0
          ],
          [
            140.895265972552,
            39.24179917753972,
            906.0
          ],
          [
            140.89537660140616,
            39.24177248073573,
            901.0
          ],
          [
            140.89548723026033,
            39.24174578393174,
            894.0
          ],
          [
            140.89559585319628,
            39.24171478383569,
            891.0
          ],
          [
            140.8957027869519,
            39.24168015994462,
            886.0
          ],
          [
            140.89579120995177,
            39.24162354402009,
            882.0
          ],
          [
            140.8958748071344,
            39.241561194697326,
            880.0
          ],
          [
            140.89595572602528,
            39.24149678518974,
            876.0
          ],
          [
            140.89603500100887,
            39.24143111116237,
            871.0
          ],
          [
            140.89611427599243,
            39.241365437135,
            867.0
          ],
          [
            140.89619355097602,
            39.241299763107634,
            863.0
          ],
          [
            140.89627282595958,
            39.241234089080265,
            858.0
          ],
          [
            140.89635210094318,
            39.2411684150529,
            854.0
          ],
          [
            140.89643137592674,
            39.24110274102553,
            851.0
          ],
          [
            140.89651065091033,
            39.24103706699816,
            847.0
          ],
          [
            140.89658992589392,
            39.2409713929708,
            844.0
          ]
        ]
      }
    },
    {
      "type": "Feature",
      "properties": {
        "name": "C2_#下部",
        "slope_deg": [
          18.00416160591338,
          18.00416160591338,
          18.00416160591338,
          26.565051177077994,
          23.025492008528037,
          23.025492008528037,
          27.699472808055,
          23.025492008528037,
          24.22774531795417,
          28.810793742973065,
          24.22774531795417,
          23.025492008528037,
          25.407718108948472,
          21.80140948635181,
          26.565051177077994,
          27.699472808055,
          23.025492008528037,
          20.556045219583467,
          14.036243467926479,
          9.926245506651705,
          9.926245506651705,
          9.926245506651705,
          12.68038349181982,
          15.37625124882619,
          15.37625124882619,
          19.290046219188735,
          16.69924423399362,
          16.69924423399362,
          19.290046219188735,
          15.37625124882619,
          16.69924423399362,
          19.290046219188735,
          18.00416160591338,
          19.290046219188735,
          20.556045219583467,
          16.69924423399362,
          16.69924423399362,
          24.22774531795417,
          23.025492008528037,
          25.407718108948472,
          34.99202019855866,
          29.89890183861456,
          32.005383208083494,
          34.99202019855866,
          25.407718108948472,
          23.025492008528037,
          20.556045219583467,
          11.309932474020215,
          8.530765609948133,
          8.530765609948133,
          5.710593137499643,
          5.710593137499643,
          8.530765609948133,
          5.710593137499643,
          5.710593137499643,
          8.530765609948133,
          5.710593137499643,
          7.125016348901798,
          7.125016348901798,
          7.125016348901798
        ],
        "horizontal_dist_map": 593,
        "slope_dist_map": 637,
        "elevation_diff_map": 200.0,
        "avg_slope_deg_map": 17.4,
        "max_slope_deg_map": 35.0
      },
      "geometry": {
        "type": "LineString",
        "coordinates": [
          [
            140.89663252809353,
            39.240936099894746,
            843.0
          ],
          [
            140.89673866855495,
            39.2409000323582,
            842.0
          ],
          [
            140.89684480901636,
            39.24086396482164,
            836.0
          ],
          [
            140.8969550247012,
            39.24083966826292,
            833.0
          ],
          [
            140.89707010475632,
            39.240829422073666,
            830.0
          ],
          [
            140.89718518481146,
            39.24081917588441,
            822.0
          ],
          [
            140.8973002648666,
            39.240808929695156,
            819.0
          ],
          [
            140.89741534492174,
            39.2407986835059,
            816.0
          ],
          [
            140.89753044117822,
            39.24078854890131,
            809.0
          ],
          [
            140.89764555390286,
            39.24077852771884,
            805.0
          ],
          [
            140.89776066662748,
            39.24076850653637,
            801.0
          ],
          [
            140.89787577935212,
            39.2407584853539,
            794.0
          ],
          [
            140.89799089207673,
            39.24074846417143,
            791.0
          ],
          [
            140.89810600480138,
            39.240738442988956,
            788.0
          ],
          [
            140.89821966708263,
            39.24072284834969,
            782.0
          ],
          [
            140.89833073335595,
            39.24069727832039,
            778.0
          ],
          [
            140.89844179962924,
            39.24067170829109,
            771.0
          ],
          [
            140.89855286590253,
            39.24064613826179,
            767.0
          ],
          [
            140.89866393217582,
            39.24062056823248,
            765.0
          ],
          [
            140.8987749984491,
            39.24059499820318,
            763.0
          ],
          [
            140.8988860647224,
            39.24056942817388,
            761.0
          ],
          [
            140.89899713099572,
            39.24054385814458,
            760.0
          ],
          [
            140.89910819726902,
            39.24051828811527,
            758.0
          ],
          [
            140.8992192635423,
            39.24049271808597,
            756.0
          ],
          [
            140.89933101763518,
            39.24047178046953,
            752.0
          ],
          [
            140.89944665476716,
            39.240476994827944,
            749.0
          ],
          [
            140.89956229189914,
            39.24048220918636,
            747.0
          ],
          [
            140.89967792903113,
            39.24048742354478,
            742.0
          ],
          [
            140.89979356616308,
            39.240492637903195,
            740.0
          ],
          [
            140.89990920329507,
            39.24049785226161,
            737.0
          ],
          [
            140.90002484042705,
            39.24050306662003,
            733.0
          ],
          [
            140.90014047755903,
            39.240508280978446,
            731.0
          ],
          [
            140.90025611469102,
            39.24051349533686,
            728.0
          ],
          [
            140.900371751823,
            39.24051870969527,
            723.0
          ],
          [
            140.90048516733972,
            39.24050118871522,
            720.0
          ],
          [
            140.90059846356942,
            39.24048244698761,
            717.0
          ],
          [
            140.90071175979912,
            39.240463705260005,
            713.0
          ],
          [
            140.90082505602882,
            39.2404449635324,
            711.0
          ],
          [
            140.90093835225852,
            39.24042622180479,
            708.0
          ],
          [
            140.90105274779995,
            39.24041268663423,
            699.0
          ],
          [
            140.90116780197647,
            39.240402270889255,
            696.0
          ],
          [
            140.901282856153,
            39.24039185514429,
            692.0
          ],
          [
            140.9013979103295,
            39.24038143939932,
            680.0
          ],
          [
            140.90151296450603,
            39.240371023654355,
            676.0
          ],
          [
            140.90162801868254,
            39.24036060790938,
            671.0
          ],
          [
            140.9017423999341,
            39.24034670148257,
            664.0
          ],
          [
            140.90185632505134,
            39.24033042893754,
            661.0
          ],
          [
            140.90197025016855,
            39.240314156392515,
            659.0
          ],
          [
            140.90208417528575,
            39.24029788384749,
            656.0
          ],
          [
            140.90219810040296,
            39.24028161130246,
            656.0
          ],
          [
            140.90231202552016,
            39.24026533875743,
            655.0
          ],
          [
            140.9024259506374,
            39.2402490662124,
            653.0
          ],
          [
            140.9025398757546,
            39.240232793667374,
            652.0
          ],
          [
            140.9026538008718,
            39.24021652112234,
            652.0
          ],
          [
            140.902767725989,
            39.24020024857732,
            649.0
          ],
          [
            140.9028816511062,
            39.240183976032284,
            649.0
          ],
          [
            140.9029956049866,
            39.24016784172614,
            648.0
          ],
          [
            140.90311031474715,
            39.24015534026316,
            646.0
          ],
          [
            140.9032250245077,
            39.24014283880017,
            645.0
          ],
          [
            140.90333973426823,
            39.24013033733718,
            644.0
          ]
        ]
      }
    },
    {
      "type": "Feature",
      "properties": {
        "name": "C1_#上部",
        "slope_deg": [
          16.69924423399362,
          16.69924423399362,
          16.69924423399362,
          18.00416160591338,
          16.69924423399362,
          18.00416160591338,
          18.00416160591338,
          16.69924423399362,
          19.290046219188735,
          20.556045219583467,
          20.556045219583467,
          20.556045219583467,
          20.556045219583467,
          16.69924423399362,
          16.69924423399362,
          16.69924423399362,
          14.036243467926479,
          18.00416160591338,
          18.00416160591338,
          18.00416160591338
        ],
        "horizontal_dist_map": 191,
        "slope_dist_map": 202,
        "elevation_diff_map": 61.0,
        "avg_slope_deg_map": 16.8,
        "max_slope_deg_map": 20.6
      },
      "geometry": {
        "type": "LineString",
        "coordinates": [
          [
            140.894289120624,
            39.24185038443495,
            918.0
          ],
          [
            140.89432264359803,
            39.24176416526038,
            916.0
          ],
          [
            140.89435616657207,
            39.241677946085815,
            912.0
          ],
          [
            140.8943896895461,
            39.241591726911246,
            910.0
          ],
          [
            140.89442321252014,
            39.241505507736676,
            906.0
          ],
          [
            140.89446993438486,
            39.24142467610249,
            903.0
          ],
          [
            140.89454214970243,
            39.24135425041907,
            900.0
          ],
          [
            140.89461436502,
            39.24128382473566,
            897.0
          ],
          [
            140.89468658033758,
            39.24121339905225,
            893.0
          ],
          [
            140.89475879565515,
            39.24114297336883,
            891.0
          ],
          [
            140.89483101097272,
            39.24107254768542,
            886.0
          ],
          [
            140.8949032262903,
            39.24100212200201,
            882.0
          ],
          [
            140.89498867216426,
            39.24094619583323,
            878.0
          ],
          [
            140.89509800438756,
            39.240916446981686,
            876.0
          ],
          [
            140.89520733661087,
            39.24088669813014,
            871.0
          ],
          [
            140.89531666883417,
            39.24085694927859,
            870.0
          ],
          [
            140.89542584166438,
            39.24082685281174,
            866.0
          ],
          [
            140.8955347228033,
            39.24079612020465,
            864.0
          ],
          [
            140.89564360394218,
            39.240765387597556,
            861.0
          ],
          [
            140.89575248508106,
            39.240734654990455,
            857.0
          ]
        ]
      }
    },
    {
      "type": "Feature",
      "properties": {
        "name": "C1_#下部",
        "slope_deg": [
          18.00416160591338,
          18.00416160591338,
          18.00416160591338,
          19.290046219188735,
          18.00416160591338,
          18.00416160591338,
          14.036243467926479,
          11.309932474020215,
          15.37625124882619,
          18.00416160591338,
          25.407718108948472,
          27.699472808055,
          25.407718108948472,
          26.565051177077994,
          23.025492008528037,
          23.025492008528037,
          29.89890183861456,
          28.810793742973065,
          30.96375653207352,
          34.01934998982646,
          30.96375653207352,
          29.89890183861456,
          25.407718108948472,
          19.290046219188735,
          14.036243467926479,
          8.530765609948133,
          5.710593137499643,
          2.862405226111748,
          0.0,
          4.289153328819018,
          7.125016348901798,
          9.926245506651705,
          14.036243467926479,
          12.68038349181982,
          12.68038349181982,
          12.68038349181982,
          9.926245506651705,
          8.530765609948133,
          5.710593137499643,
          2.862405226111748,
          0.0,
          4.289153328819018,
          7.125016348901798,
          12.68038349181982,
          19.290046219188735,
          18.00416160591338,
          21.80140948635181,
          21.80140948635181,
          20.556045219583467,
          20.556045219583467,
          20.556045219583467
        ],
        "horizontal_dist_map": 500,
        "slope_dist_map": 533,
        "elevation_diff_map": 153.0,
        "avg_slope_deg_map": 16.0,
        "max_slope_deg_map": 34.0
      },
      "geometry": {
        "type": "LineString",
        "coordinates": [
          [
            140.89577361565802,
            39.24072869070935,
            857.0
          ],
          [
            140.89588141511453,
            39.24069573317547,
            854.0
          ],
          [
            140.89598921457105,
            39.24066277564159,
            850.0
          ],
          [
            140.8960970140276,
            39.240629818107706,
            848.0
          ],
          [
            140.89620450203168,
            39.24059631471789,
            844.0
          ],
          [
            140.89630826496338,
            39.2405562827135,
            840.0
          ],
          [
            140.89641202789508,
            39.240516250709106,
            837.0
          ],
          [
            140.89651579082678,
            39.240476218704714,
            835.0
          ],
          [
            140.89661955375848,
            39.24043618670032,
            834.0
          ],
          [
            140.89672331669018,
            39.24039615469593,
            832.0
          ],
          [
            140.8968270796219,
            39.24035612269154,
            826.0
          ],
          [
            140.8969308425536,
            39.240316090687145,
            822.0
          ],
          [
            140.89703646723873,
            39.24027941542999,
            815.0
          ],
          [
            140.89714512014947,
            39.240248200073005,
            811.0
          ],
          [
            140.89725377306019,
            39.24021698471603,
            807.0
          ],
          [
            140.89736242597093,
            39.240185769359044,
            802.0
          ],
          [
            140.89747107888164,
            39.24015455400206,
            798.0
          ],
          [
            140.89757976980803,
            39.24012342449941,
            794.0
          ],
          [
            140.8976900989849,
            39.24009599481164,
            784.0
          ],
          [
            140.89780042816173,
            39.24006856512387,
            780.0
          ],
          [
            140.8979107573386,
            39.240041135436094,
            774.0
          ],
          [
            140.89802108651546,
            39.240013705748325,
            767.0
          ],
          [
            140.89813141569232,
            39.23998627606055,
            760.0
          ],
          [
            140.89824174486918,
            39.23995884637278,
            757.0
          ],
          [
            140.89835207404604,
            39.23993141668501,
            755.0
          ],
          [
            140.8984562012319,
            39.239892334036846,
            753.0
          ],
          [
            140.8985591896995,
            39.23985111184367,
            750.0
          ],
          [
            140.89866217816711,
            39.239809889650495,
            751.0
          ],
          [
            140.89876516663472,
            39.23976866745733,
            751.0
          ],
          [
            140.89886815510232,
            39.23972744526415,
            751.0
          ],
          [
            140.89897114356992,
            39.23968622307098,
            750.0
          ],
          [
            140.89907706301557,
            39.23965642569527,
            748.0
          ],
          [
            140.89919250841905,
            39.23966376006453,
            746.0
          ],
          [
            140.8993079538225,
            39.239671094433795,
            744.0
          ],
          [
            140.89942339922598,
            39.23967842880305,
            740.0
          ],
          [
            140.89953884462946,
            39.23968576317232,
            739.0
          ],
          [
            140.89964547087303,
            39.239708976054786,
            737.0
          ],
          [
            140.89973148203242,
            39.23976930549829,
            735.0
          ],
          [
            140.8998174931918,
            39.239829634941806,
            733.0
          ],
          [
            140.89990350435116,
            39.23988996438531,
            733.0
          ],
          [
            140.89998951551055,
            39.23995029382882,
            733.0
          ],
          [
            140.90007552666992,
            39.24001062327233,
            733.0
          ],
          [
            140.90016959717659,
            39.240062255771846,
            733.0
          ],
          [
            140.90027040820632,
            39.24010661448728,
            730.0
          ],
          [
            140.9003712192361,
            39.24015097320272,
            728.0
          ],
          [
            140.90047203026583,
            39.240195331918144,
            724.0
          ],
          [
            140.90057284129557,
            39.24023969063358,
            719.0
          ],
          [
            140.90067365232534,
            39.240284049349015,
            717.0
          ],
          [
            140.90077446335508,
            39.24032840806445,
            712.0
          ],
          [
            140.90087527438484,
            39.24037276677988,
            708.0
          ],
          [
            140.90097608541458,
            39.24041712549531,
            704.0
          ]
        ]
      }
    },
    {
      "type": "Feature",
      "properties": {
        "name": "B3_#上部",
        "slope_deg": [
          24.22774531795417,
          24.22774531795417,
          24.22774531795417,
          28.810793742973065,
          34.99202019855866,
          29.89890183861456,
          26.565051177077994,
          26.565051177077994,
          25.407718108948472,
          25.407718108948472,
          27.699472808055,
          32.005383208083494,
          26.565051177077994,
          25.407718108948472,
          19.290046219188735,
          8.530765609948133,
          0.0,
          -2.862405226111748,
          -2.862405226111748,
          -5.710593137499643,
          0.0,
          0.0,
          0.0,
          0.0
        ],
        "horizontal_dist_map": 230,
        "slope_dist_map": 251,
        "elevation_diff_map": 71.0,
        "avg_slope_deg_map": 15.7,
        "max_slope_deg_map": 35.0
      },
      "geometry": {
        "type": "LineString",
        "coordinates": [
          [
            140.89091003441092,
            39.2400932950709,
            981.0
          ],
          [
            140.89102398584586,
            39.24010945502448,
            981.0
          ],
          [
            140.8911379372808,
            39.24012561497806,
            977.0
          ],
          [
            140.89125188871577,
            39.240141774931644,
            969.0
          ],
          [
            140.8913658401507,
            39.24015793488522,
            963.0
          ],
          [
            140.89147979158565,
            39.2401740948388,
            959.0
          ],
          [
            140.8915937430206,
            39.24019025479238,
            949.0
          ],
          [
            140.89170769445556,
            39.24020641474596,
            946.0
          ],
          [
            140.8918189038884,
            39.240231589345846,
            943.0
          ],
          [
            140.89193008890956,
            39.2402568442021,
            939.0
          ],
          [
            140.8920412739307,
            39.240282099058355,
            930.0
          ],
          [
            140.8921524589518,
            39.240307353914616,
            927.0
          ],
          [
            140.89226364397294,
            39.24033260877087,
            922.0
          ],
          [
            140.89237482899406,
            39.240357863627125,
            914.0
          ],
          [
            140.89248601401522,
            39.24038311848338,
            910.0
          ],
          [
            140.89259719903635,
            39.24040837333964,
            908.0
          ],
          [
            140.89270838405747,
            39.240433628195895,
            908.0
          ],
          [
            140.89281693614154,
            39.24046496862453,
            908.0
          ],
          [
            140.89292513808675,
            39.240497118337714,
            910.0
          ],
          [
            140.89303334003196,
            39.2405292680509,
            910.0
          ],
          [
            140.89314154197717,
            39.24056141776408,
            910.0
          ],
          [
            140.89324974392238,
            39.24059356747726,
            912.0
          ],
          [
            140.89335794586762,
            39.24062571719045,
            910.0
          ],
          [
            140.89346614781283,
            39.24065786690363,
            910.0
          ]
        ]
      }
    },
    {
      "type": "Feature",
      "properties": {
        "name": "B2",
        "slope_deg": [
          19.290046219188735,
          19.290046219188735,
          19.290046219188735,
          15.37625124882619,
          14.036243467926479,
          14.036243467926479,
          18.00416160591338,
          21.80140948635181,
          21.80140948635181,
          24.22774531795417,
          18.00416160591338,
          16.69924423399362,
          16.69924423399362,
          12.68038349181982,
          12.68038349181982,
          9.926245506651705,
          5.710593137499643,
          8.530765609948133,
          8.530765609948133,
          11.309932474020215,
          20.556045219583467,
          21.80140948635181,
          21.80140948635181,
          24.22774531795417,
          20.556045219583467,
          20.556045219583467,
          26.565051177077994,
          25.407718108948472,
          26.565051177077994,
          30.96375653207352,
          25.407718108948472,
          24.22774531795417,
          28.810793742973065,
          23.025492008528037,
          27.699472808055,
          29.89890183861456,
          27.699472808055,
          35.94211187138234,
          34.01934998982646,
          34.01934998982646,
          37.77568430595466,
          32.005383208083494,
          30.96375653207352,
          33.02386755579665,
          24.22774531795417,
          19.290046219188735,
          15.37625124882619,
          7.125016348901798,
          4.289153328819018,
          7.125016348901798,
          7.125016348901798,
          8.530765609948133,
          8.530765609948133,
          5.710593137499643,
          5.710593137499643,
          7.125016348901798,
          9.926245506651705,
          12.68038349181982,
          12.68038349181982,
          9.926245506651705,
          9.926245506651705,
          7.125016348901798,
          7.125016348901798,
          7.125016348901798
        ],
        "horizontal_dist_map": 638,
        "slope_dist_map": 688,
        "elevation_diff_map": 216.0,
        "avg_slope_deg_map": 17.4,
        "max_slope_deg_map": 37.8
      },
      "geometry": {
        "type": "LineString",
        "coordinates": [
          [
            140.8962446663908,
            39.23733476559688,
            860.0
          ],
          [
            140.8963493822723,
            39.23737326052715,
            856.0
          ],
          [
            140.89645409815378,
            39.23741175545743,
            853.0
          ],
          [
            140.89655881403527,
            39.2374502503877,
            851.0
          ],
          [
            140.89666352991674,
            39.237488745317975,
            846.0
          ],
          [
            140.89676824579823,
            39.237527240248255,
            845.0
          ],
          [
            140.89687400384082,
            39.237563939953574,
            843.0
          ],
          [
            140.8969803969754,
            39.23759954565054,
            841.0
          ],
          [
            140.89708679010997,
            39.23763515134751,
            833.0
          ],
          [
            140.89719318324453,
            39.237670757044484,
            829.0
          ],
          [
            140.89729957637908,
            39.23770636274145,
            827.0
          ],
          [
            140.89740596951367,
            39.23774196843842,
            823.0
          ],
          [
            140.89751516281726,
            39.237771301385806,
            820.0
          ],
          [
            140.89762704187828,
            39.23779461788079,
            817.0
          ],
          [
            140.8977389209393,
            39.23781793437577,
            815.0
          ],
          [
            140.89785080000033,
            39.237841250870744,
            814.0
          ],
          [
            140.89796267906138,
            39.237864567365726,
            811.0
          ],
          [
            140.8980745581224,
            39.23788788386071,
            810.0
          ],
          [
            140.89818643718343,
            39.23791120035568,
            811.0
          ],
          [
            140.89829831624445,
            39.237934516850665,
            808.0
          ],
          [
            140.89841228383614,
            39.23794931617076,
            805.0
          ],
          [
            140.89852734604824,
            39.237959651551996,
            802.0
          ],
          [
            140.89864240826032,
            39.23796998693323,
            796.0
          ],
          [
            140.89875747047242,
            39.23798032231446,
            792.0
          ],
          [
            140.8988725326845,
            39.237990657695704,
            789.0
          ],
          [
            140.89898778082508,
            39.237999087944054,
            784.0
          ],
          [
            140.899103531039,
            39.23800237365389,
            781.0
          ],
          [
            140.8992192812529,
            39.23800565936372,
            777.0
          ],
          [
            140.8993350314668,
            39.23800894507356,
            769.0
          ],
          [
            140.8994507816807,
            39.23801223078339,
            765.0
          ],
          [
            140.8995665318946,
            39.23801551649323,
            761.0
          ],
          [
            140.8996822821085,
            39.23801880220306,
            753.0
          ],
          [
            140.8997980323224,
            39.23802208791289,
            750.0
          ],
          [
            140.89991378253632,
            39.238025373622726,
            747.0
          ],
          [
            140.9000295677203,
            39.238026771534905,
            739.0
          ],
          [
            140.9001453916206,
            39.23802607941765,
            736.0
          ],
          [
            140.90026121552094,
            39.2380253873004,
            729.0
          ],
          [
            140.90037703942124,
            39.238024695183135,
            724.0
          ],
          [
            140.90049286332155,
            39.23802400306588,
            718.0
          ],
          [
            140.90060868722185,
            39.23802331094863,
            707.0
          ],
          [
            140.90072451112218,
            39.23802261883137,
            702.0
          ],
          [
            140.90084033502248,
            39.23802192671411,
            697.0
          ],
          [
            140.90095615892278,
            39.23802123459686,
            687.0
          ],
          [
            140.90107198282308,
            39.2380205424796,
            682.0
          ],
          [
            140.90118779419637,
            39.23801954195836,
            678.0
          ],
          [
            140.90130344342737,
            39.23801454964342,
            671.0
          ],
          [
            140.90141909265836,
            39.238009557328475,
            669.0
          ],
          [
            140.90153474188935,
            39.23800456501353,
            668.0
          ],
          [
            140.90165039112034,
            39.23799957269859,
            667.0
          ],
          [
            140.9017660403513,
            39.23799458038365,
            666.0
          ],
          [
            140.9018816895823,
            39.23798958806871,
            666.0
          ],
          [
            140.9019973388133,
            39.237984595753765,
            663.0
          ],
          [
            140.90211298804428,
            39.23797960343882,
            662.0
          ],
          [
            140.90222863727527,
            39.23797461112388,
            660.0
          ],
          [
            140.9023442875557,
            39.237969634721196,
            660.0
          ],
          [
            140.9024599858099,
            39.237965385729076,
            659.0
          ],
          [
            140.90257568406412,
            39.237961136736956,
            658.0
          ],
          [
            140.90269138231832,
            39.237956887744836,
            655.0
          ],
          [
            140.90280708057253,
            39.237952638752716,
            653.0
          ],
          [
            140.90292277882673,
            39.2379483897606,
            650.0
          ],
          [
            140.90303847708097,
            39.23794414076848,
            649.0
          ],
          [
            140.90315417533517,
            39.237939891776364,
            648.0
          ],
          [
            140.90326987358938,
            39.237935642784244,
            646.0
          ],
          [
            140.9033855718436,
            39.237931393792124,
            645.0
          ]
        ]
      }
    },
    {
      "type": "Feature",
      "properties": {
        "name": "C4_#上部",
        "slope_deg": [
          4.289153328819018,
          4.289153328819018,
          4.289153328819018,
          7.125016348901798,
          8.530765609948133,
          12.68038349181982,
          16.69924423399362,
          16.69924423399362,
          16.69924423399362,
          16.69924423399362,
          14.036243467926479,
          15.37625124882619,
          15.37625124882619,
          14.036243467926479,
          12.68038349181982,
          9.926245506651705,
          8.530765609948133,
          7.125016348901798,
          5.710593137499643,
          7.125016348901798,
          8.530765609948133,
          8.530765609948133,
          9.926245506651705,
          9.926245506651705,
          14.036243467926479,
          18.00416160591338,
          18.00416160591338,
          19.290046219188735,
          18.00416160591338,
          16.69924423399362,
          16.69924423399362,
          16.69924423399362,
          14.036243467926479,
          12.68038349181982,
          12.68038349181982,
          11.309932474020215,
          11.309932474020215,
          8.530765609948133,
          8.530765609948133,
          8.530765609948133,
          7.125016348901798,
          9.926245506651705,
          8.530765609948133,
          8.530765609948133,
          8.530765609948133,
          8.530765609948133,
          8.530765609948133,
          7.125016348901798,
          7.125016348901798,
          9.926245506651705,
          9.926245506651705,
          9.926245506651705,
          14.036243467926479,
          11.309932474020215,
          12.68038349181982,
          18.00416160591338,
          15.37625124882619,
          15.37625124882619,
          16.69924423399362,
          11.309932474020215,
          11.309932474020215,
          12.68038349181982,
          9.926245506651705,
          11.309932474020215,
          12.68038349181982,
          11.309932474020215,
          15.37625124882619,
          18.00416160591338,
          16.69924423399362,
          16.69924423399362,
          16.69924423399362,
          15.37625124882619,
          18.00416160591338,
          23.025492008528037,
          21.80140948635181,
          21.80140948635181,
          23.025492008528037,
          19.290046219188735,
          18.00416160591338,
          19.290046219188735,
          19.290046219188735,
          19.290046219188735,
          21.80140948635181,
          23.025492008528037,
          20.556045219583467,
          20.556045219583467,
          24.22774531795417,
          20.556045219583467,
          19.290046219188735,
          21.80140948635181,
          14.036243467926479,
          15.37625124882619,
          14.036243467926479,
          11.309932474020215,
          12.68038349181982,
          12.68038349181982,
          15.37625124882619,
          15.37625124882619,
          18.00416160591338,
          18.00416160591338,
          18.00416160591338,
          15.37625124882619,
          15.37625124882619,
          16.69924423399362,
          16.69924423399362,
          18.00416160591338,
          15.37625124882619,
          18.00416160591338,
          15.37625124882619,
          15.37625124882619,
          18.00416160591338,
          14.036243467926479,
          15.37625124882619,
          15.37625124882619,
          9.926245506651705,
          5.710593137499643,
          4.289153328819018,
          5.710593137499643,
          8.530765609948133,
          11.309932474020215,
          11.309932474020215,
          5.710593137499643,
          1.4320961841646465,
          -2.862405226111748,
          -4.289153328819018,
          -2.862405226111748,
          0.0,
          2.862405226111748,
          8.530765609948133,
          11.309932474020215,
          11.309932474020215,
          9.926245506651705,
          5.710593137499643,
          1.4320961841646465,
          1.4320961841646465,
          2.862405226111748,
          1.4320961841646465,
          5.710593137499643,
          5.710593137499643,
          4.289153328819018,
          5.710593137499643,
          2.862405226111748,
          0.0,
          -2.862405226111748,
          -5.710593137499643,
          -5.710593137499643,
          -4.289153328819018,
          -4.289153328819018,
          -4.289153328819018
        ],
        "horizontal_dist_map": 1483,
        "slope_dist_map": 1531,
        "elevation_diff_map": 309.0,
        "avg_slope_deg_map": 11.4,
        "max_slope_deg_map": 24.2
      },
      "geometry": {
        "type": "LineString",
        "coordinates": [
          [
            140.8934316092658,
            39.242652208801815,
            948.0
          ],
          [
            140.89354101597698,
            39.242681797941934,
            948.0
          ],
          [
            140.89365042268813,
            39.24271138708206,
            947.0
          ],
          [
            140.8937598293993,
            39.24274097622218,
            947.0
          ],
          [
            140.89386923611048,
            39.2427705653623,
            945.0
          ],
          [
            140.89397864282165,
            39.242800154502426,
            943.0
          ],
          [
            140.89407079982237,
            39.242853967799164,
            941.0
          ],
          [
            140.89416111076656,
            39.24291037355469,
            938.0
          ],
          [
            140.89425142171072,
            39.242966779310215,
            933.0
          ],
          [
            140.8943417326549,
            39.243023185065745,
            931.0
          ],
          [
            140.8944320435991,
            39.24307959082127,
            929.0
          ],
          [
            140.89452235454326,
            39.2431359965768,
            926.0
          ],
          [
            140.89461053130964,
            39.24319439668088,
            923.0
          ],
          [
            140.89469826160817,
            39.243253214000674,
            920.0
          ],
          [
            140.8947859919067,
            39.24331203132047,
            918.0
          ],
          [
            140.89487372220523,
            39.24337084864027,
            916.0
          ],
          [
            140.89496145250376,
            39.243429665960065,
            914.0
          ],
          [
            140.89504918280227,
            39.243488483279855,
            913.0
          ],
          [
            140.89513805955144,
            39.24354592984602,
            912.0
          ],
          [
            140.89524277923982,
            39.243584433802845,
            911.0
          ],
          [
            140.89534749892817,
            39.24362293775967,
            910.0
          ],
          [
            140.89545221861655,
            39.24366144171648,
            908.0
          ],
          [
            140.89555693830494,
            39.243699945673306,
            906.0
          ],
          [
            140.89566165799332,
            39.24373844963013,
            905.0
          ],
          [
            140.8957663776817,
            39.243776953586945,
            903.0
          ],
          [
            140.89587109737005,
            39.24381545754377,
            901.0
          ],
          [
            140.89597581705843,
            39.243853961500584,
            896.0
          ],
          [
            140.896075265337,
            39.24389958063096,
            892.0
          ],
          [
            140.8961706299958,
            39.243950711695476,
            890.0
          ],
          [
            140.89626599465456,
            39.24400184275999,
            887.0
          ],
          [
            140.89636135931335,
            39.24405297382451,
            883.0
          ],
          [
            140.8964567239721,
            39.244104104889026,
            880.0
          ],
          [
            140.8965520886309,
            39.24415523595354,
            878.0
          ],
          [
            140.8966359900257,
            39.2442160890778,
            875.0
          ],
          [
            140.89670975534366,
            39.244285538666816,
            873.0
          ],
          [
            140.89678352066161,
            39.24435498825583,
            871.0
          ],
          [
            140.89685728597956,
            39.244424437844835,
            869.0
          ],
          [
            140.8969310512975,
            39.24449388743385,
            867.0
          ],
          [
            140.89700481661546,
            39.24456333702286,
            865.0
          ],
          [
            140.89708229626956,
            39.24463013201548,
            865.0
          ],
          [
            140.89716509160706,
            39.24469312794593,
            863.0
          ],
          [
            140.89724788694454,
            39.24475612387638,
            861.0
          ],
          [
            140.89733068228205,
            39.24481911980683,
            860.0
          ],
          [
            140.89741347761952,
            39.244882115737276,
            858.0
          ],
          [
            140.89749627295703,
            39.244945111667725,
            857.0
          ],
          [
            140.89758342655495,
            39.24500391985876,
            855.0
          ],
          [
            140.89767992975567,
            39.24505374425892,
            854.0
          ],
          [
            140.89777643295642,
            39.24510356865908,
            852.0
          ],
          [
            140.89787293615714,
            39.24515339305924,
            851.0
          ],
          [
            140.8979728282878,
            39.24519652925476,
            850.0
          ],
          [
            140.89808710376596,
            39.2452112792711,
            849.0
          ],
          [
            140.8982013792441,
            39.245226029287444,
            845.0
          ],
          [
            140.8983156547223,
            39.245240779303785,
            844.0
          ],
          [
            140.89842993020045,
            39.24525552932013,
            843.0
          ],
          [
            140.8985442056786,
            39.245270279336474,
            839.0
          ],
          [
            140.89865869990805,
            39.24528226942421,
            837.0
          ],
          [
            140.89877443990844,
            39.245278541939335,
            835.0
          ],
          [
            140.89889017990882,
            39.245274814454454,
            830.0
          ],
          [
            140.8990059199092,
            39.24527108696958,
            828.0
          ],
          [
            140.89912165990958,
            39.2452673594847,
            826.0
          ],
          [
            140.89923739990996,
            39.245263631999826,
            823.0
          ],
          [
            140.89935313991035,
            39.24525990451495,
            822.0
          ],
          [
            140.89946887991073,
            39.24525617703007,
            820.0
          ],
          [
            140.8995846199111,
            39.2452524495452,
            817.0
          ],
          [
            140.89970027696896,
            39.24525155447844,
            816.0
          ],
          [
            140.89981567881853,
            39.245259374560604,
            814.0
          ],
          [
            140.89993108066807,
            39.24526719464276,
            811.0
          ],
          [
            140.90004648251764,
            39.24527501472492,
            809.0
          ],
          [
            140.90016188436718,
            39.24528283480708,
            805.0
          ],
          [
            140.90027728621675,
            39.24529065488923,
            801.0
          ],
          [
            140.90039238342894,
            39.2452999280349,
            799.0
          ],
          [
            140.90050500410513,
            39.2453210137964,
            797.0
          ],
          [
            140.90061762478135,
            39.2453420995579,
            793.0
          ],
          [
            140.90073024545754,
            39.245363185319405,
            790.0
          ],
          [
            140.90084286613373,
            39.2453842710809,
            786.0
          ],
          [
            140.90095548680992,
            39.245405356842404,
            780.0
          ],
          [
            140.90106810748614,
            39.24542644260391,
            777.0
          ],
          [
            140.90118072816233,
            39.2454475283654,
            774.0
          ],
          [
            140.90129175305046,
            39.24547320768564,
            769.0
          ],
          [
            140.90140270757058,
            39.24549908956386,
            766.0
          ],
          [
            140.90151366209068,
            39.24552497144207,
            764.0
          ],
          [
            140.9016246166108,
            39.24555085332029,
            760.0
          ],
          [
            140.90173557113093,
            39.245576735198505,
            755.0
          ],
          [
            140.90184652565102,
            39.24560261707673,
            752.0
          ],
          [
            140.90195903019824,
            39.24562190064149,
            748.0
          ],
          [
            140.90207458734372,
            39.24562818959448,
            743.0
          ],
          [
            140.9021901444892,
            39.245634478547466,
            740.0
          ],
          [
            140.90230570163467,
            39.245640767500454,
            737.0
          ],
          [
            140.90242125878015,
            39.24564705645344,
            730.0
          ],
          [
            140.90253681592563,
            39.24565334540643,
            728.0
          ],
          [
            140.90264627786846,
            39.24562523710916,
            726.0
          ],
          [
            140.90275534184866,
            39.24559488297655,
            721.0
          ],
          [
            140.90286440582884,
            39.24556452884394,
            720.0
          ],
          [
            140.902973469809,
            39.24553417471133,
            717.0
          ],
          [
            140.9030825337892,
            39.24550382057872,
            716.0
          ],
          [
            140.9031665310676,
            39.24544514746958,
            713.0
          ],
          [
            140.9032419424581,
            39.245376774498006,
            711.0
          ],
          [
            140.9033173538486,
            39.24530840152643,
            708.0
          ],
          [
            140.9033927652391,
            39.24524002855485,
            705.0
          ],
          [
            140.9034681766296,
            39.24517165558328,
            702.0
          ],
          [
            140.90352245154543,
            39.245092258209944,
            698.0
          ],
          [
            140.90357520228878,
            39.24501206585592,
            695.0
          ],
          [
            140.90362795303216,
            39.24493187350188,
            692.0
          ],
          [
            140.90368070377554,
            39.24485168114785,
            691.0
          ],
          [
            140.90372453726877,
            39.24476879911539,
            687.0
          ],
          [
            140.90375513089714,
            39.244681923589596,
            683.0
          ],
          [
            140.90378572452553,
            39.2445950480638,
            680.0
          ],
          [
            140.9038163181539,
            39.24450817253801,
            678.0
          ],
          [
            140.9038469117823,
            39.24442129701222,
            676.0
          ],
          [
            140.90387750541066,
            39.24433442148642,
            670.0
          ],
          [
            140.9039032809258,
            39.24424677749786,
            669.0
          ],
          [
            140.9039191404464,
            39.24415755196228,
            667.0
          ],
          [
            140.903934999967,
            39.24406832642671,
            663.0
          ],
          [
            140.9039508594876,
            39.243979100891124,
            660.0
          ],
          [
            140.9039667190082,
            39.24388987535555,
            658.0
          ],
          [
            140.9039825785288,
            39.24380064981997,
            656.0
          ],
          [
            140.9039984380494,
            39.24371142428439,
            656.0
          ],
          [
            140.90401429757,
            39.24362219874881,
            656.0
          ],
          [
            140.90403015709057,
            39.243532973213235,
            655.0
          ],
          [
            140.90404601661118,
            39.24344374767766,
            652.0
          ],
          [
            140.90406187613178,
            39.24335452214208,
            650.0
          ],
          [
            140.90407773565238,
            39.2432652966065,
            648.0
          ],
          [
            140.90409359517298,
            39.24317607107092,
            647.0
          ],
          [
            140.90406943138078,
            39.24308816226496,
            648.0
          ],
          [
            140.90404393663934,
            39.243000297245985,
            649.0
          ],
          [
            140.90401844189788,
            39.24291243222701,
            650.0
          ],
          [
            140.9039929471564,
            39.24282456720803,
            650.0
          ],
          [
            140.90396745241495,
            39.24273670218906,
            650.0
          ],
          [
            140.9039419576735,
            39.24264883717009,
            649.0
          ],
          [
            140.90391644229453,
            39.24256097583597,
            648.0
          ],
          [
            140.90389010372417,
            39.24247326148407,
            644.0
          ],
          [
            140.90386376515383,
            39.242385547132166,
            642.0
          ],
          [
            140.90383742658346,
            39.24229783278027,
            641.0
          ],
          [
            140.9038110880131,
            39.24221011842836,
            641.0
          ],
          [
            140.90378474944276,
            39.24212240407646,
            640.0
          ],
          [
            140.9037584108724,
            39.242034689724555,
            641.0
          ],
          [
            140.90373207230203,
            39.241946975372656,
            640.0
          ],
          [
            140.90370573373167,
            39.24185926102075,
            639.0
          ],
          [
            140.90367939516133,
            39.24177154666885,
            639.0
          ],
          [
            140.90365305659097,
            39.241683832316944,
            637.0
          ],
          [
            140.9036452395357,
            39.241594034998215,
            636.0
          ],
          [
            140.90363854008308,
            39.24150411199164,
            636.0
          ],
          [
            140.90363184063048,
            39.24141418898506,
            635.0
          ],
          [
            140.90362514117786,
            39.241324265978484,
            635.0
          ],
          [
            140.90361844172526,
            39.24123434297191,
            636.0
          ],
          [
            140.90361174227263,
            39.24114441996533,
            638.0
          ],
          [
            140.90360504282003,
            39.24105449695875,
            639.0
          ],
          [
            140.9035983433674,
            39.240964573952176,
            639.0
          ],
          [
            140.9035916439148,
            39.24087465094561,
            639.0
          ]
        ]
      }
    },
    {
      "type": "Feature",
      "properties": {
        "name": "C4_#下部",
        "slope_deg": [
          1.4320961841646465,
          1.4320961841646465,
          1.4320961841646465,
          1.4320961841646465,
          1.4320961841646465,
          0.0,
          -2.862405226111748,
          -1.4320961841646465,
          0.0,
          -1.4320961841646465,
          1.4320961841646465,
          4.289153328819018,
          9.926245506651705,
          14.036243467926479,
          12.68038349181982,
          8.530765609948133,
          4.289153328819018,
          0.0,
          -1.4320961841646465,
          0.0,
          -7.125016348901798,
          -9.926245506651705,
          -11.309932474020215,
          -11.309932474020215,
          -5.710593137499643,
          -1.4320961841646465,
          -1.4320961841646465,
          0.0,
          0.0,
          1.4320961841646465,
          4.289153328819018,
          4.289153328819018,
          5.710593137499643,
          4.289153328819018,
          5.710593137499643,
          4.289153328819018,
          2.862405226111748,
          1.4320961841646465,
          -4.289153328819018,
          -5.710593137499643,
          -7.125016348901798,
          -7.125016348901798,
          -7.125016348901798,
          -7.125016348901798
        ],
        "horizontal_dist_map": 437,
        "slope_dist_map": 442,
        "elevation_diff_map": -1.0,
        "avg_slope_deg_map": -0.1,
        "max_slope_deg_map": 14.0
      },
      "geometry": {
        "type": "LineString",
        "coordinates": [
          [
            140.90358946776024,
            39.240845441639664,
            639.0
          ],
          [
            140.90359741177215,
            39.24075557992365,
            640.0
          ],
          [
            140.9036053557841,
            39.24066571820763,
            641.0
          ],
          [
            140.903613299796,
            39.24057585649162,
            640.0
          ],
          [
            140.90362124380795,
            39.240485994775604,
            638.0
          ],
          [
            140.90362918781986,
            39.24039613305959,
            639.0
          ],
          [
            140.9036371318318,
            39.24030627134357,
            640.0
          ],
          [
            140.903650997157,
            39.24021710161007,
            640.0
          ],
          [
            140.90367736914652,
            39.24012939344306,
            640.0
          ],
          [
            140.90370374113604,
            39.24004168527605,
            640.0
          ],
          [
            140.90373011312556,
            39.23995397710904,
            640.0
          ],
          [
            140.9037564851151,
            39.23986626894202,
            641.0
          ],
          [
            140.90378285710463,
            39.239778560775015,
            639.0
          ],
          [
            140.90382596076273,
            39.23969613939644,
            637.0
          ],
          [
            140.90388573159342,
            39.2396189844272,
            633.0
          ],
          [
            140.90394550242414,
            39.239541829457956,
            631.0
          ],
          [
            140.90400527325482,
            39.239464674488715,
            630.0
          ],
          [
            140.90406504408554,
            39.239387519519475,
            631.0
          ],
          [
            140.90409747602556,
            39.23930114759802,
            630.0
          ],
          [
            140.90412903671307,
            39.2392144819451,
            631.0
          ],
          [
            140.90416059740062,
            39.239127816292175,
            631.0
          ],
          [
            140.90419215808814,
            39.23904115063925,
            631.0
          ],
          [
            140.90422371877568,
            39.23895448498633,
            635.0
          ],
          [
            140.9042552794632,
            39.238867819333414,
            638.0
          ],
          [
            140.90426922104223,
            39.23877892019797,
            639.0
          ],
          [
            140.904274687718,
            39.23868894674324,
            639.0
          ],
          [
            140.90428015439375,
            39.238598973288504,
            639.0
          ],
          [
            140.9042856210695,
            39.23850899983377,
            639.0
          ],
          [
            140.90429108774526,
            39.238419026379034,
            640.0
          ],
          [
            140.90429655442102,
            39.2383290529243,
            639.0
          ],
          [
            140.90430352312924,
            39.23823924750254,
            639.0
          ],
          [
            140.90433089087327,
            39.23815172412915,
            638.0
          ],
          [
            140.90435825861726,
            39.23806420075576,
            637.0
          ],
          [
            140.9043856263613,
            39.23797667738237,
            636.0
          ],
          [
            140.90441299410531,
            39.237889154008975,
            635.0
          ],
          [
            140.9044403618493,
            39.23780163063559,
            635.0
          ],
          [
            140.90446772959334,
            39.23771410726219,
            633.0
          ],
          [
            140.90449509733736,
            39.237626583888805,
            633.0
          ],
          [
            140.90452246508136,
            39.23753906051541,
            633.0
          ],
          [
            140.90454983282538,
            39.23745153714202,
            634.0
          ],
          [
            140.9045772005694,
            39.23736401376863,
            636.0
          ],
          [
            140.90460868869062,
            39.23727734428783,
            637.0
          ],
          [
            140.90464095488716,
            39.237190836052655,
            638.0
          ],
          [
            140.9046732210837,
            39.23710432781748,
            639.0
          ]
        ]
      }
    },
    {
      "type": "Feature",
      "properties": {
        "name": "C2_2",
        "slope_deg": [
          18.00416160591338,
          18.00416160591338,
          18.00416160591338,
          15.37625124882619,
          11.309932474020215,
          9.926245506651705,
          9.926245506651705,
          9.926245506651705,
          11.309932474020215,
          11.309932474020215,
          12.68038349181982,
          12.68038349181982,
          9.926245506651705,
          8.530765609948133,
          2.862405226111748,
          0.0,
          0.0,
          0.0,
          4.289153328819018,
          4.289153328819018,
          1.4320961841646465,
          1.4320961841646465,
          0.0,
          4.289153328819018,
          8.530765609948133,
          5.710593137499643,
          4.289153328819018,
          4.289153328819018,
          4.289153328819018
        ],
        "horizontal_dist_map": 289,
        "slope_dist_map": 294,
        "elevation_diff_map": 36.0,
        "avg_slope_deg_map": 7.0,
        "max_slope_deg_map": 18.0
      },
      "geometry": {
        "type": "LineString",
        "coordinates": [
          [
            140.90137481775747,
            39.24029509617034,
            679.0
          ],
          [
            140.90146464509817,
            39.240238228990776,
            675.0
          ],
          [
            140.90155447243887,
            39.24018136181122,
            670.0
          ],
          [
            140.90164429977955,
            39.24012449463165,
            667.0
          ],
          [
            140.90173412712025,
            39.24006762745209,
            666.0
          ],
          [
            140.90182395446095,
            39.240010760272526,
            664.0
          ],
          [
            140.90191378180165,
            39.23995389309297,
            662.0
          ],
          [
            140.90200360914233,
            39.2398970259134,
            660.0
          ],
          [
            140.90209343648303,
            39.23984015873384,
            659.0
          ],
          [
            140.90218326382373,
            39.239783291554275,
            657.0
          ],
          [
            140.90227309116443,
            39.239726424374716,
            654.0
          ],
          [
            140.90234518856425,
            39.23965724269061,
            652.0
          ],
          [
            140.90240774854965,
            39.23958143670164,
            650.0
          ],
          [
            140.90247030853507,
            39.23950563071268,
            648.0
          ],
          [
            140.90253286852047,
            39.23942982472371,
            647.0
          ],
          [
            140.90259542850586,
            39.239354018734744,
            646.0
          ],
          [
            140.90265798849126,
            39.23927821274577,
            648.0
          ],
          [
            140.90272054847665,
            39.23920240675681,
            648.0
          ],
          [
            140.90278310846205,
            39.23912660076784,
            647.0
          ],
          [
            140.90285711431582,
            39.239057838507044,
            646.0
          ],
          [
            140.90293760594614,
            39.23899306755957,
            645.0
          ],
          [
            140.90301809757645,
            39.23892829661209,
            645.0
          ],
          [
            140.90309858920673,
            39.23886352566461,
            646.0
          ],
          [
            140.90317908083705,
            39.23879875471714,
            645.0
          ],
          [
            140.90325957246736,
            39.23873398376966,
            645.0
          ],
          [
            140.90334006409768,
            39.23866921282219,
            642.0
          ],
          [
            140.903420555728,
            39.23860444187471,
            640.0
          ],
          [
            140.90350864920353,
            39.23854602701091,
            641.0
          ],
          [
            140.9035975433752,
            39.23848828162818,
            642.0
          ]
        ]
      }
    },
    {
      "type": "Feature",
      "properties": {
        "name": "A6_#上部",
        "slope_deg": [
          8.530765609948133,
          8.530765609948133,
          8.530765609948133,
          9.926245506651705,
          7.125016348901798,
          7.125016348901798,
          7.125016348901798,
          2.862405226111748,
          2.862405226111748,
          4.289153328819018,
          0.0,
          -1.4320961841646465,
          -1.4320961841646465,
          -5.710593137499643,
          1.4320961841646465,
          7.125016348901798,
          2.862405226111748,
          4.289153328819018,
          -2.862405226111748,
          -9.926245506651705,
          -7.125016348901798,
          -5.710593137499643,
          1.4320961841646465,
          7.125016348901798,
          7.125016348901798,
          7.125016348901798,
          7.125016348901798,
          7.125016348901798,
          8.530765609948133,
          8.530765609948133,
          5.710593137499643,
          8.530765609948133,
          8.530765609948133,
          8.530765609948133,
          8.530765609948133,
          7.125016348901798,
          8.530765609948133,
          8.530765609948133,
          8.530765609948133,
          8.530765609948133,
          7.125016348901798,
          7.125016348901798,
          8.530765609948133,
          7.125016348901798,
          8.530765609948133,
          8.530765609948133,
          7.125016348901798,
          7.125016348901798,
          5.710593137499643,
          5.710593137499643,
          5.710593137499643,
          5.710593137499643,
          5.710593137499643,
          5.710593137499643,
          5.710593137499643,
          7.125016348901798,
          7.125016348901798,
          7.125016348901798,
          8.530765609948133,
          7.125016348901798,
          7.125016348901798,
          8.530765609948133,
          5.710593137499643,
          5.710593137499643,
          4.289153328819018,
          2.862405226111748,
          2.862405226111748,
          1.4320961841646465,
          0.0,
          -2.862405226111748,
          -4.289153328819018,
          -5.710593137499643,
          -4.289153328819018,
          -4.289153328819018,
          -2.862405226111748,
          -1.4320961841646465,
          1.4320961841646465,
          4.289153328819018,
          7.125016348901798,
          8.530765609948133,
          7.125016348901798,
          7.125016348901798,
          7.125016348901798,
          7.125016348901798
        ],
        "horizontal_dist_map": 836,
        "slope_dist_map": 844,
        "elevation_diff_map": 66.0,
        "avg_slope_deg_map": 4.5,
        "max_slope_deg_map": 9.9
      },
      "geometry": {
        "type": "LineString",
        "coordinates": [
          [
            140.88710761037953,
            39.231690507751296,
            1074.0
          ],
          [
            140.88712233486729,
            39.23177985076634,
            1073.0
          ],
          [
            140.887137059355,
            39.23186919378138,
            1070.0
          ],
          [
            140.88714475210688,
            39.23195856387366,
            1069.0
          ],
          [
            140.88713116588193,
            39.2320480159053,
            1068.0
          ],
          [
            140.88711292379006,
            39.232136747494415,
            1066.0
          ],
          [
            140.88708144919946,
            39.232223431504664,
            1065.0
          ],
          [
            140.88707000706762,
            39.232310263924035,
            1064.0
          ],
          [
            140.88709935275094,
            39.2323973985172,
            1063.0
          ],
          [
            140.88712869843425,
            39.232484533110366,
            1064.0
          ],
          [
            140.88715804411754,
            39.232571667703525,
            1063.0
          ],
          [
            140.88719322344258,
            39.23265686933059,
            1061.0
          ],
          [
            140.8872536969287,
            39.232733689785434,
            1063.0
          ],
          [
            140.88731417041484,
            39.23281051024028,
            1065.0
          ],
          [
            140.88736252104258,
            39.23289137248954,
            1064.0
          ],
          [
            140.88739236668343,
            39.232978404352465,
            1065.0
          ],
          [
            140.88742221232425,
            39.2330654362154,
            1062.0
          ],
          [
            140.8874520579651,
            39.23315246807832,
            1060.0
          ],
          [
            140.88749680042386,
            39.23323477325438,
            1062.0
          ],
          [
            140.88755375643348,
            39.23331320313097,
            1062.0
          ],
          [
            140.8876107124431,
            39.23339163300756,
            1064.0
          ],
          [
            140.8876743432318,
            39.23346639135557,
            1067.0
          ],
          [
            140.88775045942427,
            39.23353428198319,
            1067.0
          ],
          [
            140.88782657561674,
            39.2336021726108,
            1066.0
          ],
          [
            140.88789548067146,
            39.233674115281865,
            1063.0
          ],
          [
            140.88795445797513,
            39.23375163650096,
            1062.0
          ],
          [
            140.8880134352788,
            39.233829157720066,
            1062.0
          ],
          [
            140.8880724125825,
            39.233906678939164,
            1061.0
          ],
          [
            140.88812691659558,
            39.23398610079825,
            1058.0
          ],
          [
            140.88817893002349,
            39.23406658087291,
            1057.0
          ],
          [
            140.8882309434514,
            39.234147060947585,
            1056.0
          ],
          [
            140.8882829568793,
            39.23422754102225,
            1055.0
          ],
          [
            140.8883349703072,
            39.234308021096915,
            1054.0
          ],
          [
            140.8883869837351,
            39.23438850117158,
            1051.0
          ],
          [
            140.888438997163,
            39.234468981246245,
            1050.0
          ],
          [
            140.8884892517614,
            39.234550006318784,
            1049.0
          ],
          [
            140.8885226563201,
            39.23463625261134,
            1048.0
          ],
          [
            140.88855606087878,
            39.234722498903885,
            1046.0
          ],
          [
            140.8885894654375,
            39.23480874519644,
            1044.0
          ],
          [
            140.88862801895553,
            39.23489355519148,
            1043.0
          ],
          [
            140.8886727193159,
            39.23497665053048,
            1042.0
          ],
          [
            140.88871991169822,
            39.23505878692431,
            1040.0
          ],
          [
            140.88877773908283,
            39.23513683090472,
            1039.0
          ],
          [
            140.88883556646746,
            39.23521487488513,
            1038.0
          ],
          [
            140.88889339385207,
            39.23529291886554,
            1036.0
          ],
          [
            140.88895122123668,
            39.23537096284595,
            1035.0
          ],
          [
            140.8890090486213,
            39.23544900682636,
            1033.0
          ],
          [
            140.8890668760059,
            39.235527050806766,
            1032.0
          ],
          [
            140.88912470339054,
            39.235605094787175,
            1031.0
          ],
          [
            140.88917348715378,
            39.2356863944562,
            1030.0
          ],
          [
            140.88921258247558,
            39.23577118194801,
            1029.0
          ],
          [
            140.88925167779738,
            39.23585596943982,
            1028.0
          ],
          [
            140.88929077311917,
            39.23594075693162,
            1027.0
          ],
          [
            140.88932482261245,
            39.23602637542383,
            1026.0
          ],
          [
            140.88933327863623,
            39.23611620891927,
            1025.0
          ],
          [
            140.88934173465998,
            39.23620604241471,
            1024.0
          ],
          [
            140.88935019068376,
            39.236295875910145,
            1023.0
          ],
          [
            140.88935864670754,
            39.23638570940558,
            1021.0
          ],
          [
            140.88936710273128,
            39.23647554290102,
            1020.0
          ],
          [
            140.8893763670671,
            39.23656531790947,
            1019.0
          ],
          [
            140.88938936741778,
            39.23665482259134,
            1017.0
          ],
          [
            140.88940236776847,
            39.23674432727321,
            1016.0
          ],
          [
            140.88941536811916,
            39.23683383195507,
            1015.0
          ],
          [
            140.88942836846985,
            39.236923336636934,
            1013.0
          ],
          [
            140.88946010186444,
            39.23700864332438,
            1013.0
          ],
          [
            140.88951034124,
            39.237089802901224,
            1012.0
          ],
          [
            140.88956058061558,
            39.23717096247807,
            1012.0
          ],
          [
            140.88961081999116,
            39.23725212205491,
            1011.0
          ],
          [
            140.88966105936674,
            39.237333281631756,
            1011.0
          ],
          [
            140.88970773874496,
            39.237415702602945,
            1011.0
          ],
          [
            140.8897535207516,
            39.237498441534896,
            1012.0
          ],
          [
            140.88979930275823,
            39.23758118046685,
            1013.0
          ],
          [
            140.8898450847649,
            39.23766391939879,
            1014.0
          ],
          [
            140.88989086677154,
            39.23774665833074,
            1015.0
          ],
          [
            140.88990744557032,
            39.23783557515083,
            1015.0
          ],
          [
            140.889921869366,
            39.237924947858104,
            1016.0
          ],
          [
            140.88993629316167,
            39.23801432056538,
            1016.0
          ],
          [
            140.88995071695732,
            39.23810369327265,
            1016.0
          ],
          [
            140.889965140753,
            39.23819306597992,
            1014.0
          ],
          [
            140.88997956454867,
            39.23828243868719,
            1013.0
          ],
          [
            140.88998186740147,
            39.23837240392486,
            1011.0
          ],
          [
            140.8899819493001,
            39.23846247773353,
            1010.0
          ],
          [
            140.88998203119874,
            39.2385525515422,
            1009.0
          ],
          [
            140.88998211309737,
            39.23864262535086,
            1008.0
          ]
        ]
      }
    },
    {
      "type": "Feature",
      "properties": {
        "name": "A6_#中部",
        "slope_deg": [
          7.125016348901798,
          7.125016348901798,
          7.125016348901798,
          5.710593137499643,
          7.125016348901798,
          8.530765609948133,
          9.926245506651705,
          11.309932474020215,
          12.68038349181982,
          11.309932474020215,
          5.710593137499643,
          4.289153328819018,
          0.0,
          4.289153328819018,
          5.710593137499643,
          11.309932474020215,
          11.309932474020215,
          11.309932474020215
        ],
        "horizontal_dist_map": 172,
        "slope_dist_map": 176,
        "elevation_diff_map": 24.0,
        "avg_slope_deg_map": 7.8,
        "max_slope_deg_map": 12.7
      },
      "geometry": {
        "type": "LineString",
        "coordinates": [
          [
            140.88998216630375,
            39.23870114282863,
            1008.0
          ],
          [
            140.89002018186744,
            39.238786227147706,
            1007.0
          ],
          [
            140.8900581974311,
            39.238871311466774,
            1006.0
          ],
          [
            140.8900962129948,
            39.23895639578585,
            1005.0
          ],
          [
            140.89015082356633,
            39.239035065324934,
            1003.0
          ],
          [
            140.8902150943081,
            39.23911000073704,
            1003.0
          ],
          [
            140.89027936504985,
            39.23918493614915,
            1001.0
          ],
          [
            140.89033828333916,
            39.239262387183786,
            999.0
          ],
          [
            140.89039371735095,
            39.23934147580926,
            996.0
          ],
          [
            140.8904491513627,
            39.23942056443473,
            995.0
          ],
          [
            140.890516736434,
            39.23949327612259,
            992.0
          ],
          [
            140.89059031327685,
            39.239562843298344,
            991.0
          ],
          [
            140.89064756717266,
            39.23963965773341,
            992.0
          ],
          [
            140.89068720657676,
            39.23972429286343,
            992.0
          ],
          [
            140.89072389003422,
            39.23980969951507,
            992.0
          ],
          [
            140.8907579391583,
            39.23989579374518,
            988.0
          ],
          [
            140.89079091818172,
            39.23998213397263,
            988.0
          ],
          [
            140.89082253700144,
            39.24006878688706,
            984.0
          ]
        ]
      }
    },
    {
      "type": "Feature",
      "properties": {
        "name": "A6_#下部",
        "slope_deg": [
          -8.530765609948133,
          -8.530765609948133,
          -8.530765609948133,
          7.125016348901798,
          19.290046219188735,
          15.37625124882619,
          15.37625124882619,
          7.125016348901798,
          -2.862405226111748,
          1.4320961841646465,
          1.4320961841646465,
          5.710593137499643,
          11.309932474020215,
          14.036243467926479,
          11.309932474020215,
          8.530765609948133,
          12.68038349181982,
          5.710593137499643,
          8.530765609948133,
          11.309932474020215,
          1.4320961841646465,
          2.862405226111748,
          -1.4320961841646465,
          -4.289153328819018,
          1.4320961841646465,
          0.0,
          0.0,
          0.0,
          -1.4320961841646465,
          1.4320961841646465,
          4.289153328819018,
          8.530765609948133,
          11.309932474020215,
          8.530765609948133,
          8.530765609948133,
          5.710593137499643,
          1.4320961841646465,
          7.125016348901798,
          7.125016348901798,
          7.125016348901798
        ],
        "horizontal_dist_map": 395,
        "slope_dist_map": 406,
        "elevation_diff_map": 32.0,
        "avg_slope_deg_map": 4.5,
        "max_slope_deg_map": 19.3
      },
      "geometry": {
        "type": "LineString",
        "coordinates": [
          [
            140.8908313740755,
            39.2400930053187,
            984.0
          ],
          [
            140.8907813415655,
            39.240174242911785,
            990.0
          ],
          [
            140.89073130905555,
            39.240255480504864,
            994.0
          ],
          [
            140.89068127654556,
            39.24033671809795,
            992.0
          ],
          [
            140.8906545625289,
            39.240422887670626,
            990.0
          ],
          [
            140.89064478910345,
            39.24051264026424,
            985.0
          ],
          [
            140.89065593813163,
            39.240598436024975,
            980.0
          ],
          [
            140.89071762462046,
            39.240674674193194,
            981.0
          ],
          [
            140.8907793111093,
            39.24075091236141,
            979.0
          ],
          [
            140.89083618570282,
            39.2408293610087,
            980.0
          ],
          [
            140.89089228025838,
            39.24090816798831,
            982.0
          ],
          [
            140.89095245853088,
            39.24098500281198,
            980.0
          ],
          [
            140.89101843152096,
            39.241059039183426,
            978.0
          ],
          [
            140.89108594220238,
            39.24113173101706,
            976.0
          ],
          [
            140.89118820257636,
            39.241174038159784,
            974.0
          ],
          [
            140.89129046295034,
            39.24121634530251,
            970.0
          ],
          [
            140.89139272332432,
            39.24125865244523,
            970.0
          ],
          [
            140.89149498369827,
            39.24130095958796,
            970.0
          ],
          [
            140.89160320177987,
            39.241332452647576,
            965.0
          ],
          [
            140.89171313460662,
            39.241360833201846,
            966.0
          ],
          [
            140.8918230674334,
            39.241389213756115,
            964.0
          ],
          [
            140.89193184062276,
            39.241420051703386,
            962.0
          ],
          [
            140.89203928541795,
            39.24145370465707,
            964.0
          ],
          [
            140.8921467302131,
            39.241487357610744,
            964.0
          ],
          [
            140.8922541750083,
            39.24152101056442,
            965.0
          ],
          [
            140.89235682079612,
            39.241561708606234,
            965.0
          ],
          [
            140.89245298343215,
            39.241611924111275,
            963.0
          ],
          [
            140.89254914606815,
            39.24166213961632,
            964.0
          ],
          [
            140.89264530870418,
            39.24171235512136,
            965.0
          ],
          [
            140.89273202180203,
            39.2417718914173,
            965.0
          ],
          [
            140.89281725911448,
            39.24183288339149,
            964.0
          ],
          [
            140.89290249642696,
            39.24189387536568,
            963.0
          ],
          [
            140.89298482470235,
            39.24195712594162,
            962.0
          ],
          [
            140.8930631246649,
            39.24202350413481,
            959.0
          ],
          [
            140.89314142462743,
            39.24208988232802,
            956.0
          ],
          [
            140.89321731114967,
            39.24215786772288,
            957.0
          ],
          [
            140.89328961239838,
            39.24222824068771,
            956.0
          ],
          [
            140.8933073510277,
            39.24231375252611,
            955.0
          ],
          [
            140.8933086688208,
            39.242403820468404,
            955.0
          ],
          [
            140.89331982197498,
            39.24249284603037,
            952.0
          ]
        ]
      }
    },
    {
      "type": "Feature",
      "properties": {
        "name": "B1_2",
        "slope_deg": [
          24.22774531795417,
          24.22774531795417,
          24.22774531795417,
          27.699472808055,
          26.565051177077994,
          25.407718108948472,
          24.22774531795417,
          18.00416160591338,
          18.00416160591338,
          15.37625124882619,
          12.68038349181982,
          9.926245506651705,
          7.125016348901798,
          4.289153328819018,
          4.289153328819018,
          5.710593137499643,
          7.125016348901798,
          8.530765609948133,
          11.309932474020215,
          12.68038349181982,
          11.309932474020215,
          12.68038349181982,
          11.309932474020215,
          12.68038349181982,
          14.036243467926479,
          14.036243467926479,
          14.036243467926479
        ],
        "horizontal_dist_map": 265,
        "slope_dist_map": 277,
        "elevation_diff_map": 70.0,
        "avg_slope_deg_map": 14.1,
        "max_slope_deg_map": 27.7
      },
      "geometry": {
        "type": "LineString",
        "coordinates": [
          [
            140.90064034677215,
            39.23679023574519,
            714.0
          ],
          [
            140.90073578331712,
            39.23684127504651,
            710.0
          ],
          [
            140.90083121986206,
            39.23689231434783,
            706.0
          ],
          [
            140.90092665640702,
            39.236943353649146,
            701.0
          ],
          [
            140.90102209295196,
            39.23699439295047,
            696.0
          ],
          [
            140.90111752949693,
            39.23704543225179,
            689.0
          ],
          [
            140.9012129660419,
            39.23709647155311,
            686.0
          ],
          [
            140.90130840258684,
            39.23714751085443,
            682.0
          ],
          [
            140.9014038391318,
            39.237198550155746,
            678.0
          ],
          [
            140.90149927567674,
            39.237249589457065,
            676.0
          ],
          [
            140.9015947122217,
            39.23730062875839,
            673.0
          ],
          [
            140.90169278734314,
            39.23734781337064,
            671.0
          ],
          [
            140.9018005278869,
            39.237380877794095,
            669.0
          ],
          [
            140.9019082684307,
            39.23741394221756,
            669.0
          ],
          [
            140.90201600897447,
            39.23744700664102,
            668.0
          ],
          [
            140.90212374951824,
            39.23748007106448,
            668.0
          ],
          [
            140.90223149006204,
            39.23751313548794,
            666.0
          ],
          [
            140.9023392306058,
            39.2375461999114,
            665.0
          ],
          [
            140.90244697114957,
            39.23757926433486,
            663.0
          ],
          [
            140.90255471169334,
            39.23761232875832,
            662.0
          ],
          [
            140.90266245223714,
            39.23764539318178,
            658.0
          ],
          [
            140.9027701927809,
            39.23767845760524,
            656.0
          ],
          [
            140.90287793332467,
            39.237711522028704,
            655.0
          ],
          [
            140.90298668817883,
            39.23774177251024,
            653.0
          ],
          [
            140.90310083161427,
            39.23775707376563,
            650.0
          ],
          [
            140.9032149750497,
            39.23777237502102,
            647.0
          ],
          [
            140.90332911848517,
            39.237787676276405,
            645.0
          ]
        ]
      }
    }
  ]
}