{
  "type": "FeatureCollection",
  "features": [
    {
      "type": "Feature",
      "properties": {
        "name": "ウスバ_下部",
        "slope_deg": [
          15.509334522674907, 15.509334522674907, 15.509334522674907,
          16.436059224635738, 16.69924423399362, 17.223436191131434,
          17.223436191131434, 17.223436191131434, 15.907551930525813,
          16.304198003832376, 16.172159015782583, 16.961705886532968,
          21.05670559070489, 25.056088833535423, 23.98906400955247,
          20.430362329285547, 14.9759845147566, 8.670801453590833,
          8.810732985984814, 10.896152141141036, 10.619655276155134,
          10.342657140474707, 9.648045316098251, 8.250387228905595,
          7.406912128495294, 5.852378988915653, 2.004534032105872,
          2.004534032105872, 3.1480960995626615, 4.146688825965976,
          7.406912128495133, 7.266008446996026, 6.701525844729548,
          6.842773412630876, 6.98393746008542, 8.250387228905435,
          7.829076510059608, 8.250387228905595, 8.810732985984814,
          7.969610394321392, 3.8616074096751394, -1.145762838175201,
          -3.0052693596899664, -4.431564716435877, 0, 4.431564716435877,
          5.142764557884274, 5.568737077976604, 4.146688825965976,
          2.719505461272472, 2.862405226111748, 4.858462919034416,
          6.701525844729388, 10.481218144130889, 10.481218144130889,
          10.481218144130889, 10.481218144130889
        ],
        "horizontal_dist_map": 553,
        "slope_dist_map": 567,
        "elevation_diff_map": 95.2,
        "avg_slope_deg_map": 9.5,
        "max_slope_deg_map": 25.1
      },
      "geometry": {
        "coordinates": [
          [137.83150262984844, 36.69809900186417, 942.7],
          [137.83159452214267, 36.698150427894625, 940.7],
          [137.83168641443692, 36.69820185392508, 937.1],
          [137.83177830673114, 36.69825327995552, 934.6],
          [137.8318701990254, 36.698304705985976, 931.6],
          [137.8319620913196, 36.69835613201643, 928.9],
          [137.83205398361386, 36.69840755804688, 925.1],
          [137.83214587590808, 36.69845898407733, 922.2],
          [137.83223341928883, 36.69851497350172, 919.2],
          [137.83231887635645, 36.69857315213236, 916.5],
          [137.83240433342405, 36.698631330763, 913.7],
          [137.83248979049168, 36.69868950939364, 910.5],
          [137.8325752475593, 36.69874768802428, 907.6],
          [137.83266070462693, 36.698805866654915, 904.3],
          [137.8327341504165, 36.698872340161444, 898.3],
          [137.8327925277678, 36.69894921979001, 891.8],
          [137.83285090511907, 36.699026099418575, 889.8],
          [137.83290928247038, 36.69910297904713, 889.4],
          [137.83284649401628, 36.69917697657198, 887.6],
          [137.83278258278003, 36.69925094738983, 885.7],
          [137.8327186715438, 36.69932491820768, 883.6],
          [137.83265476030755, 36.699398889025524, 881.7],
          [137.8325908490713, 36.699472859843375, 880.1],
          [137.83252693783504, 36.69954683066122, 878.4],
          [137.8324630265988, 36.69962080147907, 876.8],
          [137.83240362297445, 36.69969713257335, 875.9],
          [137.83234559028762, 36.69977418151812, 874.9],
          [137.83228755760078, 36.6998512304629, 874.3],
          [137.83222952491394, 36.69992827940767, 875.4],
          [137.8322070018689, 36.700010572903835, 874.5],
          [137.8322273004012, 36.700099190878404, 872.7],
          [137.8322475989335, 36.700187808852974, 871.4],
          [137.83228771018605, 36.70026985589504, 870.2],
          [137.8323508042072, 36.70034428065104, 869.4],
          [137.83243803026397, 36.70039451062299, 868],
          [137.83254189160476, 36.70042806205559, 866.6],
          [137.83265106286936, 36.70044127045444, 865.3],
          [137.83276290996182, 36.70044422739599, 863.6],
          [137.83287475705427, 36.70044718433754, 862.5],
          [137.83298660414675, 36.70045014127909, 860.8],
          [137.8330984512392, 36.70045309822064, 859.1],
          [137.83319929636284, 36.70048125894889, 858],
          [137.8332888416254, 36.70053530588827, 859.8],
          [137.83336520734719, 36.70059960985972, 861.6],
          [137.83342923507124, 36.700673515928855, 861.2],
          [137.8334932627953, 36.70074742199799, 861.1],
          [137.83355729051934, 36.70082132806712, 859.8],
          [137.83361009888736, 36.70090059031035, 858.5],
          [137.8336598997317, 36.70098128835974, 857.6],
          [137.8337175832033, 36.70105802085234, 857.2],
          [137.8337858115734, 36.70112944846467, 856.9],
          [137.833856253226, 36.701199416495655, 856.6],
          [137.8339297731036, 36.70126735454638, 855.6],
          [137.8340032929812, 36.701335292597115, 853.8],
          [137.8340768128588, 36.70140323064785, 852.2],
          [137.8341503327364, 36.70147116869858, 849.2],
          [137.8341763880258, 36.70149524580032, 847.5]
        ],
        "type": "LineString"
      }
    },
    {
      "type": "Feature",
      "properties": {
        "name": "白樺ゲレンデ北",
        "slope_deg": [
          15.109575122340555, 15.109575122340555, 15.109575122340555,
          19.417554141579483, 21.056705590704752, 20.556045219583467,
          22.538450040828117, 21.056705590704752, 20.931852540892606,
          23.388482428994987, 21.554019920478787, 20.931852540892606,
          21.677820852504393, 19.162339354971866, 17.874511367250282,
          16.830565983210626, 13.90135076950909, 11.585126224854955,
          10.065169352759877, 8.39062701325255, 8.530765609948133,
          7.969610394321392, 10.619655276155134, 13.63109444342145,
          15.242997742901547, 18.133621430820412, 17.874511367250282,
          17.092662950267574, 17.092662950267574, 17.092662950267574,
          17.092662950267574
        ],
        "horizontal_dist_map": 299,
        "slope_dist_map": 313,
        "elevation_diff_map": 88,
        "avg_slope_deg_map": 15.7,
        "max_slope_deg_map": 23.4
      },
      "geometry": {
        "coordinates": [
          [137.83214585373508, 36.702183324387846, 887.2],
          [137.83225118639163, 36.7022137623422, 885.7],
          [137.83235651904815, 36.702244200296555, 883.5],
          [137.8324618517047, 36.702274638250906, 879.6],
          [137.8325671843612, 36.70230507620526, 876.4],
          [137.83267251701776, 36.702335514159614, 871.6],
          [137.83277784967427, 36.70236595211397, 868.1],
          [137.83287870107077, 36.70240491261655, 864.6],
          [137.83297915108463, 36.70244463647648, 859.8],
          [137.8330796010985, 36.702484360336406, 856.2],
          [137.83318005111235, 36.702524084196334, 852.8],
          [137.83328050112624, 36.70256380805626, 847.3],
          [137.8333809511401, 36.70260353191619, 844],
          [137.83348140115396, 36.70264325577612, 840.9],
          [137.83357761098216, 36.70268906136093, 836.9],
          [137.83367202858142, 36.70273743755098, 833.4],
          [137.83376644618065, 36.70278581374104, 831.1],
          [137.83386086377988, 36.70283418993109, 828.8],
          [137.83395528137913, 36.70288256612115, 827],
          [137.83404969897836, 36.7029309423112, 825.2],
          [137.83414411657762, 36.70297931850126, 824],
          [137.83423853417685, 36.70302769469131, 822.9],
          [137.83433295177608, 36.703076070881366, 821],
          [137.83442736937533, 36.70312444707142, 819.6],
          [137.83452178697456, 36.703172823261475, 816.5],
          [137.8346162045738, 36.70322119945153, 813.2],
          [137.83471062217305, 36.703269575641585, 810.1],
          [137.83480503977228, 36.703317951831636, 806.5],
          [137.83489945737153, 36.703366328021694, 803.6],
          [137.83499387497076, 36.703414704211745, 800.9],
          [137.83508159371019, 36.70345964814639, 799.2]
        ],
        "type": "LineString"
      }
    },
    {
      "type": "Feature",
      "properties": {
        "name": "白樺ゲレンデ南_#上部",
        "slope_deg": [
          18.520849477471074, 18.520849477471074, 18.520849477471074,
          19.6719699892005, 19.671969989200644, 18.906332035086663,
          18.00416160591338, 17.35402463626132, 15.509334522674754,
          15.37625124882619, 16.304198003832376, 17.35402463626132,
          18.64953875405141, 21.677820852504393, 21.677820852504393,
          21.677820852504393, 21.677820852504393
        ],
        "horizontal_dist_map": 156,
        "slope_dist_map": 165,
        "elevation_diff_map": 51.5,
        "avg_slope_deg_map": 17.3,
        "max_slope_deg_map": 21.7
      },
      "geometry": {
        "coordinates": [
          [137.83246136743287, 36.70136300597504, 893.6],
          [137.83256763773426, 36.70139124894391, 891.5],
          [137.83267390803564, 36.70141949191278, 887.6],
          [137.83278017833703, 36.70144773488165, 884.6],
          [137.83288644863842, 36.701475977850514, 880.2],
          [137.83299271893978, 36.70150422081939, 877.2],
          [137.83309993840754, 36.701529885589736, 873.3],
          [137.83320815637595, 36.70155283815604, 870.9],
          [137.83331637434435, 36.70157579072235, 867.2],
          [137.83342459231275, 36.70159874328866, 864.7],
          [137.83353281028116, 36.701621695854975, 862.2],
          [137.83363918468325, 36.70164951480756, 859.9],
          [137.83374488523626, 36.70167911249195, 855.5],
          [137.83385058578926, 36.70170871017634, 852.2],
          [137.83395628634227, 36.70173830786074, 848.7],
          [137.83406198689528, 36.701767905545125, 844],
          [137.8341358175809, 36.70178857920547, 842.1]
        ],
        "type": "LineString"
      }
    },
    {
      "type": "Feature",
      "properties": {
        "name": "名木山ゲレンデ壁",
        "slope_deg": [
          2.2906100426385625, 2.2906100426385625, 2.2906100426385625,
          2.147585428298503, 3.718993973158075, 4.716221234338378,
          7.829076510059608, 12.407418527400683, 15.774985955414008,
          19.798876354524904, 21.554019920478787, 22.538450040828117,
          22.538450040828117, 23.26770481005687, 24.93842765545725,
          23.388482428994987, 23.509040224192432, 23.749494492866788,
          21.677820852504393, 23.14670784188283, 22.293629159694188,
          21.056705590704752, 19.925580658184323, 17.092662950267574,
          14.84222705791098, 10.896152141141194, 10.896152141141194,
          10.896152141141194, 10.896152141141194
        ],
        "horizontal_dist_map": 274,
        "slope_dist_map": 288,
        "elevation_diff_map": 77,
        "avg_slope_deg_map": 15,
        "max_slope_deg_map": 24.9
      },
      "geometry": {
        "coordinates": [
          [137.83307658335252, 36.69871624540586, 897.5],
          [137.83315394526645, 36.6987813565649, 896.5],
          [137.83323130718037, 36.698846467723946, 896.6],
          [137.83330866909427, 36.698911578882985, 896.1],
          [137.8333860310082, 36.698976690042024, 895.9],
          [137.8334633929221, 36.69904180120107, 895],
          [137.83354320220667, 36.69910437419567, 894],
          [137.8336407070977, 36.6991485951033, 892.8],
          [137.83373821198867, 36.699192816010935, 890.4],
          [137.8338357168797, 36.69923703691856, 886.2],
          [137.8339332217707, 36.69928125782619, 882.7],
          [137.8340307266617, 36.699325478733826, 878.4],
          [137.8341282315527, 36.69936969964146, 874.6],
          [137.83422573644373, 36.69941392054909, 869.6],
          [137.83432324133472, 36.69945814145672, 866.1],
          [137.83442074622573, 36.69950236236435, 861.2],
          [137.83451825111675, 36.69954658327198, 856],
          [137.83461890760915, 36.69958519193283, 852.3],
          [137.83472454164192, 36.69961493678734, 848.7],
          [137.83483017567465, 36.69964468164185, 843.6],
          [137.83493580970742, 36.69967442649636, 840.1],
          [137.83504144374015, 36.69970417135087, 835.2],
          [137.83514707777292, 36.699733916205375, 832.3],
          [137.8352527406199, 36.69976358836545, 828.2],
          [137.83536024354677, 36.69978861825404, 825.6],
          [137.83546774647365, 36.69981364814263, 822.9],
          [137.83557524940053, 36.69983867803122, 821.7],
          [137.83568275232741, 36.69986370791981, 820.5],
          [137.8357289383359, 36.69987446140048, 820.5]
        ],
        "type": "LineString"
      }
    },
    {
      "type": "Feature",
      "properties": {
        "name": "名木山ゲレンデ南",
        "slope_deg": [
          15.907551930525813, 15.907551930525813, 15.907551930525813,
          16.567741642974887, 16.43605922463559, 16.304198003832227,
          16.172159015782583, 16.567741642974887, 16.304198003832376,
          14.842227057911131, 15.642246457208788, 13.901350769509243,
          14.842227057911131, 14.57421619803871, 13.495733280795843,
          14.84222705791098, 14.17097756293297, 14.036243467926479,
          14.439965121002654, 14.842227057911131, 14.57421619803886,
          15.109575122340555, 16.43605922463559, 15.37625124882619,
          16.43605922463559, 18.778033222445426, 17.744671625057023,
          18.00416160591338, 18.64953875405141, 15.774985955414158,
          14.305551846621862, 14.708303899682749, 13.495733280795843,
          12.68038349181982, 13.224551192213651, 9.926245506651705,
          11.309932474020215, 12.27072035781523, 12.133880170633224,
          16.961705886532968, 15.509334522674907, 18.26288994219419,
          18.64953875405141, 17.484427323220732, 19.034434354835135,
          16.172159015782583, 17.744671625057023, 17.223436191131434,
          16.304198003832376, 16.304198003832227, 15.907551930525813,
          14.842227057911131, 12.816647648997312, 11.447596263685636,
          8.250387228905435, 5.9940929491083725, 4.146688825966138,
          3.8616074096751394, 3.8616074096751394, 3.8616074096751394,
          3.8616074096751394
        ],
        "horizontal_dist_map": 591,
        "slope_dist_map": 612,
        "elevation_diff_map": 152.2,
        "avg_slope_deg_map": 13.9,
        "max_slope_deg_map": 19
      },
      "geometry": {
        "coordinates": [
          [137.83288076885145, 36.6964298300485, 902.1],
          [137.83298732210594, 36.69645735596331, 899.5],
          [137.83309387536045, 36.69648488187812, 896.9],
          [137.83320042861493, 36.69651240779293, 893.3],
          [137.8333069818694, 36.69653993370773, 890.7],
          [137.83341196329943, 36.696571030274015, 887.6],
          [137.83351625200737, 36.69660370046952, 885.1],
          [137.83362054071534, 36.696636370665026, 881.6],
          [137.8337248294233, 36.696669040860534, 879.1],
          [137.83382911813126, 36.696701711056036, 875.7],
          [137.8339334068392, 36.696734381251545, 873.4],
          [137.83403769554718, 36.69676705144705, 871],
          [137.83414198425515, 36.696799721642556, 867.9],
          [137.8342462729631, 36.696832391838065, 865.8],
          [137.83434743943766, 36.69687020140733, 862.8],
          [137.83444528254887, 36.69691381473161, 860.6],
          [137.83454514172692, 36.69695448161693, 858.3],
          [137.83464500090494, 36.69699514850224, 855.2],
          [137.83474486008296, 36.69703581538755, 852.7],
          [137.83484432827194, 36.69707709856146, 850.6],
          [137.83494374184195, 36.697118467827416, 848],
          [137.83504315541197, 36.697159837093366, 844.6],
          [137.83514256898198, 36.69720120635932, 842.3],
          [137.83524198255202, 36.69724257562527, 839.8],
          [137.83534139612203, 36.697283944891225, 836.2],
          [137.83544080969205, 36.697325314157176, 833.6],
          [137.83554121814348, 36.69736505273268, 830.5],
          [137.83564264102188, 36.697403128581, 826.2],
          [137.83574406390028, 36.69744120442933, 823.4],
          [137.83584548677865, 36.697479280277655, 820.6],
          [137.8359467125205, 36.697517669337664, 817],
          [137.8360448083939, 36.69756103114993, 814.9],
          [137.83614290426732, 36.697604392962205, 813.2],
          [137.8362493222804, 36.69762493853642, 810.1],
          [137.83636095655598, 36.697631183042304, 807.4],
          [137.83647259083156, 36.69763742754818, 805.9],
          [137.83658422510717, 36.697643672054056, 803.8],
          [137.83669552369332, 36.69764102712911, 803.1],
          [137.83680648051765, 36.697629331970774, 799.4],
          [137.836917437342, 36.69761763681243, 797.2],
          [137.83702839416637, 36.69760594165409, 795.2],
          [137.83713930368015, 36.69759396682158, 790.9],
          [137.83725010383117, 36.697581345496246, 788.3],
          [137.8373609039822, 36.697568724170914, 784],
          [137.83747189454826, 36.69755733743002, 781.7],
          [137.83758316209233, 36.69754774651739, 778.3],
          [137.83769456627977, 36.69754217013533, 774.5],
          [137.83780631916798, 36.697546838447465, 772.4],
          [137.83791621681658, 36.69755977200278, 768.9],
          [137.83801840860764, 36.69759212527785, 765.9],
          [137.83808696881758, 36.69766334468357, 762.8],
          [137.83815495639624, 36.69773491804038, 760.7],
          [137.83821894794946, 36.69780852033489, 757.5],
          [137.83826864715925, 36.69788925826185, 755.3],
          [137.83831834636905, 36.697969996188824, 753.7],
          [137.83838850170383, 36.69803908844276, 752.6],
          [137.83846644858667, 36.69810374496797, 751.7],
          [137.83855795761048, 36.69815240221226, 751.1],
          [137.8386616671077, 36.69818565109129, 750.8],
          [137.83877281660043, 36.69819609834057, 749.9],
          [137.83878771384462, 36.69819749857389, 749.9]
        ],
        "type": "LineString"
      }
    },
    {
      "type": "Feature",
      "properties": {
        "name": "咲花ウェーブ",
        "slope_deg": [
          21.305783617828798, 21.305783617828798, 21.305783617828798,
          20.178380074508645, 22.170895633834377, 22.293629159694053,
          19.6719699892005, 18.133621430820412, 12.543973346572077,
          9.22988624372772, 8.250387228905595, 7.829076510059608,
          10.481218144131045, 13.631094443421603, 14.84222705791098,
          16.961705886532968, 16.830565983210477, 15.642246457208788,
          16.172159015782583, 14.305551846621862, 15.109575122340555,
          14.57421619803871, 13.766300685466351, 13.360218444764483,
          12.816647648997467, 12.952764513375426, 12.27072035781523,
          13.631094443421603, 11.7225209701022, 11.034209003250343,
          11.722520970102357, 10.065169352759877, 11.309932474020215,
          11.172136252167116, 9.787203664656081, 9.787203664656081,
          9.787203664656081, 10.619655276155134, 11.7225209701022,
          13.224551192213497, 13.90135076950909, 13.90135076950909,
          13.90135076950909, 13.90135076950909
        ],
        "horizontal_dist_map": 424,
        "slope_dist_map": 438,
        "elevation_diff_map": 106.3,
        "avg_slope_deg_map": 13.6,
        "max_slope_deg_map": 22.3
      },
      "geometry": {
        "coordinates": [
          [137.82368568755166, 36.70610674653891, 1008.5],
          [137.8237885561805, 36.70614224017039, 1004.3],
          [137.82389142480935, 36.70617773380186, 1000.9],
          [137.82399429343818, 36.70621322743334, 997.6],
          [137.824097162067, 36.70624872106481, 992.9],
          [137.82420003069586, 36.70628421469629, 989.6],
          [137.8243024817942, 36.70632046850669, 984.6],
          [137.82440429250423, 36.70635788824319, 981.2],
          [137.82450610321428, 36.70639530797969, 978.6],
          [137.8246079139243, 36.7064327277162, 976.5],
          [137.82470972463435, 36.7064701474527, 975.7],
          [137.82481153534437, 36.706507567189206, 974.7],
          [137.82491334605442, 36.70654498692571, 972.8],
          [137.82501515676444, 36.70658240666221, 971],
          [137.8251169674745, 36.706619826398715, 968.3],
          [137.8252187781845, 36.706657246135215, 965],
          [137.82532058889456, 36.706694665871716, 962.2],
          [137.82542239960458, 36.70673208560822, 958.8],
          [137.82552612646055, 36.706765828711966, 956.2],
          [137.82563061939965, 36.70679810188264, 953.8],
          [137.82573511233875, 36.706830375053315, 950.6],
          [137.82583960527785, 36.70686264822398, 948.6],
          [137.82594409821692, 36.70689492139466, 945.4],
          [137.82604859115602, 36.70692719456533, 943.4],
          [137.82615308409513, 36.706959467736006, 940.8],
          [137.8262575770342, 36.70699174090667, 939.1],
          [137.8263620699733, 36.70702401407735, 936.3],
          [137.82646644998346, 36.70705650750948, 934.2],
          [137.82656878285172, 36.707092993774864, 932.1],
          [137.82667111572, 36.70712948004025, 929.4],
          [137.82677344858826, 36.70716596630563, 928],
          [137.82687578145652, 36.70720245257102, 926.4],
          [137.82697811432482, 36.707238938836404, 923.8],
          [137.82708044719308, 36.70727542510179, 922.3],
          [137.82718278006135, 36.70731191136717, 920],
          [137.82728346501344, 36.70735084517102, 918.5],
          [137.8273772806173, 36.707399981553266, 916.9],
          [137.82747109622116, 36.70744911793551, 915.4],
          [137.82756491182502, 36.707498254317755, 913.1],
          [137.8276587274289, 36.7075473907, 911],
          [137.82775254303277, 36.70759652708224, 908.6],
          [137.82784635863663, 36.70764566346448, 906],
          [137.8279401742405, 36.70769479984673, 903.2],
          [137.82797902170824, 36.70771514639832, 902.2]
        ],
        "type": "LineString"
      }
    },
    {
      "type": "Feature",
      "properties": {
        "name": "咲花ゲレンデ南",
        "slope_deg": [
          7.547725773843047, 7.547725773843047, 7.547725773843047,
          7.547725773843047, 6.701525844729548, 7.68844776990284,
          8.250387228905435, 9.648045316098251, 10.896152141141036,
          12.95276451337558, 13.901350769509243, 15.242997742901547,
          16.830565983210626, 14.842227057911131, 14.708303899682749,
          11.447596263685636, 9.22988624372772, 9.369385096487358,
          8.110047829419, 9.369385096487358, 8.670801453590993,
          8.530765609948133, 10.065169352759877, 10.065169352759877,
          11.447596263685636, 11.172136252167274, 11.447596263685636,
          11.859779120947948, 10.757967088390036, 11.859779120947948,
          10.619655276155134, 10.757967088390036, 10.896152141141036,
          10.757967088390036, 11.996899307923577, 10.896152141141194,
          12.13388017063338, 11.034209003250188, 10.757967088390036,
          11.859779120947948, 10.342657140474548, 11.172136252167116,
          9.926245506651705, 9.787203664656081, 10.757967088390036,
          9.787203664656081, 10.757967088389877, 9.926245506651705,
          9.787203664656081, 10.342657140474707, 9.09027692082245,
          9.369385096487514, 8.11004782941916, 7.829076510059608,
          8.530765609948133, 7.266008446996026, 7.266008446996026,
          7.266008446996026, 7.266008446996026
        ],
        "horizontal_dist_map": 577,
        "slope_dist_map": 587,
        "elevation_diff_map": 104.8,
        "avg_slope_deg_map": 10.1,
        "max_slope_deg_map": 16.8
      },
      "geometry": {
        "coordinates": [
          [137.82682450204265, 36.708400609436964, 921.8],
          [137.82691555470984, 36.70834821073407, 920.4],
          [137.82700660737703, 36.708295812031174, 918.6],
          [137.82709766004422, 36.70824341332828, 917.5],
          [137.8271887127114, 36.708191014625385, 916.5],
          [137.8272799223697, 36.70813883169422, 915.1],
          [137.82738121266607, 36.70810050379238, 913.9],
          [137.82748250296243, 36.70806217589053, 912.1],
          [137.82758379325878, 36.708023847988684, 910.7],
          [137.82769238393678, 36.708016585044035, 908.3],
          [137.8278040636302, 36.708022466635576, 906.2],
          [137.82791574332362, 36.70802834822711, 902.9],
          [137.82802754690397, 36.708032047949686, 900.8],
          [137.82813942733807, 36.7080343941409, 897.4],
          [137.82825130777218, 36.70803674033212, 894.1],
          [137.82836318820628, 36.708039086523335, 892.3],
          [137.8284750686404, 36.708041432714545, 890.3],
          [137.8285869490745, 36.70804377890576, 889.3],
          [137.8286988295086, 36.70804612509698, 887.6],
          [137.8288107099427, 36.708048471288194, 885.7],
          [137.8289225903768, 36.70805081747941, 884.6],
          [137.8290344708109, 36.70805316367063, 882.7],
          [137.82914635124502, 36.708055509861836, 881.5],
          [137.82925823167912, 36.70805785605305, 879.7],
          [137.82937011211322, 36.70806020224427, 877.5],
          [137.82948174906068, 36.70806508966991, 875.6],
          [137.82959275241888, 36.708076589773086, 873.4],
          [137.82970375577708, 36.70808808987627, 871.8],
          [137.82981475913525, 36.708099589979454, 869.4],
          [137.82992576249345, 36.70811109008264, 867.2],
          [137.83003676585164, 36.70812259018582, 865.8],
          [137.83014776920984, 36.70813409028901, 863.4],
          [137.83025877256804, 36.708145590392185, 861.9],
          [137.83036977592624, 36.70815709049537, 859.6],
          [137.83048077928444, 36.708168590598554, 858.1],
          [137.83059178264264, 36.70818009070174, 855.8],
          [137.83070290203977, 36.70819078457085, 853.4],
          [137.83081423160755, 36.70820001818245, 851.9],
          [137.83092556117535, 36.708209251794045, 849.5],
          [137.83103689074312, 36.708218485405645, 848],
          [137.83114822031092, 36.70822771901724, 845.8],
          [137.83125954987872, 36.70823695262883, 843.5],
          [137.8313708794465, 36.70824618624043, 842.2],
          [137.8314822090143, 36.70825541985202, 840.1],
          [137.83159353858207, 36.70826465346362, 838.8],
          [137.83170486814987, 36.708273887075215, 836.6],
          [137.83181619771764, 36.708283120686815, 834.6],
          [137.83192752728544, 36.70829235429841, 833.2],
          [137.83203885685322, 36.70830158791, 831.2],
          [137.83215028566843, 36.708309795803814, 829.6],
          [137.83226204843018, 36.70831455237448, 827.7],
          [137.8323738111919, 36.70831930894514, 825.9],
          [137.83248557395365, 36.708324065515804, 824.8],
          [137.8325973367154, 36.708328822086465, 823],
          [137.83270909947714, 36.708333578657125, 822],
          [137.8328208622389, 36.70833833522779, 820.4],
          [137.8329326250006, 36.708343091798454, 818.8],
          [137.83304438776236, 36.708347848369115, 817.9],
          [137.83312962931183, 36.70835147620944, 817]
        ],
        "type": "LineString"
      }
    },
    {
      "type": "Feature",
      "properties": {
        "name": "咲花ゲレンデ北",
        "slope_deg": [
          20.17838007450879, 20.17838007450879, 20.17838007450879,
          18.64953875405141, 19.03443435483528, 16.172159015782583,
          16.17215901578243, 13.766300685466197, 13.49573328079569,
          15.37625124882619, 14.708303899682749, 16.69924423399362,
          15.509334522674907, 14.842227057911131, 15.642246457208788,
          13.495733280795843, 14.708303899682749, 13.224551192213497,
          13.360218444764483, 14.439965121002807, 12.68038349181982,
          12.952764513375426, 10.757967088390036, 10.20397372173159,
          11.309932474020215, 11.034209003250343, 12.816647648997467,
          11.58512622485511, 11.172136252167116, 12.13388017063338,
          10.342657140474548, 11.309932474020215, 9.78720366465624,
          9.090276920822289, 10.065169352759877, 8.9505586562316,
          10.065169352759717, 9.369385096487514, 9.508771958297752,
          10.896152141141194, 10.065169352759877, 10.481218144130889,
          9.09027692082245, 8.250387228905435, 8.250387228905435,
          8.250387228905435, 8.250387228905435
        ],
        "horizontal_dist_map": 451,
        "slope_dist_map": 464,
        "elevation_diff_map": 103.4,
        "avg_slope_deg_map": 12.6,
        "max_slope_deg_map": 20.2
      },
      "geometry": {
        "coordinates": [
          [137.82616518668365, 36.70947540912231, 944.5],
          [137.82627691567987, 36.709470140955474, 939.5],
          [137.8263886446761, 36.70946487278864, 936.6],
          [137.8265003736723, 36.709459604621806, 932.5],
          [137.82661210266852, 36.70945433645497, 929.8],
          [137.82672383166474, 36.70944906828813, 926],
          [137.82683556066095, 36.70944380012129, 922.8],
          [137.8269473332787, 36.709440253295476, 920.9],
          [137.82705923617374, 36.709441847316356, 918.2],
          [137.82717113906875, 36.70944344133724, 916.2],
          [137.82728304196377, 36.70944503535812, 913.2],
          [137.8273949448588, 36.70944662937901, 909.9],
          [137.82750684775382, 36.70944822339989, 907.7],
          [137.82761875064884, 36.709449817420776, 904.2],
          [137.82773065354388, 36.709451411441655, 902.1],
          [137.8278425564389, 36.70945300546254, 899.3],
          [137.8279544593339, 36.70945459948342, 896.5],
          [137.82806636759125, 36.709455807462334, 894.6],
          [137.8281782867965, 36.709456227282885, 891.6],
          [137.82829020600172, 36.70945664710344, 889.9],
          [137.82840212520696, 36.709457066923996, 887],
          [137.82851404441217, 36.70945748674455, 884.3],
          [137.8286259445707, 36.70945834804359, 882.6],
          [137.828737630144, 36.709464183149116, 880.7],
          [137.8288493157173, 36.70947001825465, 879.4],
          [137.8289610012906, 36.709475853360175, 877.1],
          [137.8290726868639, 36.70948168846571, 874.6],
          [137.8291843724372, 36.709487523571234, 872.9],
          [137.8292960580105, 36.70949335867677, 870.3],
          [137.8294077435838, 36.70949919378229, 868.9],
          [137.8295194291571, 36.709505028887826, 866.7],
          [137.8296311147304, 36.70951086399335, 864.3],
          [137.829742565091, 36.70951891098682, 863],
          [137.82985385663275, 36.70952845147761, 860.9],
          [137.82996514817447, 36.709537991968396, 859.8],
          [137.8300764397162, 36.70954753245919, 857.9],
          [137.83018773125792, 36.70955707294998, 855.9],
          [137.83029902279966, 36.709566613440764, 854.6],
          [137.83041031434138, 36.70957615393155, 852.7],
          [137.83052160588312, 36.70958569442234, 851.3],
          [137.83063289742483, 36.709595234913124, 849.2],
          [137.83074418896658, 36.70960477540391, 846.9],
          [137.83085531947802, 36.709615365298625, 845.6],
          [137.83096614770352, 36.709627925133944, 843.9],
          [137.831076975929, 36.70964048496926, 842.8],
          [137.8311878041545, 36.709653044804575, 841.1],
          [137.83120138886878, 36.709654584320106, 841.1]
        ],
        "type": "LineString"
      }
    },
    {
      "type": "Feature",
      "properties": {
        "name": "北尾根新",
        "slope_deg": [
          22.538450040827975, 22.538450040827975, 22.538450040827975,
          23.749494492866653, 25.056088833535423, 26.104854009099455,
          26.220246235243597, 26.450345065034302, 26.104854009099192,
          25.641005824305207, 25.407718108948472, 24.820541335489082,
          24.820541335489082, 24.93842765545725, 23.629377730656817,
          22.660536301999226, 19.925580658184323, 19.290046219188735,
          19.417554141579483, 19.671969989200644, 19.162339354972016,
          20.052082146098424, 17.223436191131434, 17.744671625056874,
          19.798876354524904, 18.00416160591338, 18.906332035086663,
          16.830565983210626, 13.766300685466197, 13.088732789694154,
          12.95276451337558, 12.95276451337558, 12.95276451337558,
          12.95276451337558
        ],
        "horizontal_dist_map": 329,
        "slope_dist_map": 354,
        "elevation_diff_map": 123.8,
        "avg_slope_deg_map": 19.3,
        "max_slope_deg_map": 26.5
      },
      "geometry": {
        "coordinates": [
          [137.82374204216813, 36.71100752477077, 1059],
          [137.82385330210846, 36.7110173168144, 1056.3],
          [137.82396456204876, 36.711027108858026, 1051.5],
          [137.82407582198908, 36.71103690090166, 1048.2],
          [137.82418304955053, 36.71101994951641, 1042.4],
          [137.82428816774433, 36.710989008442546, 1038.7],
          [137.82439353603775, 36.71095870595742, 1032.8],
          [137.82450168416653, 36.71093550132935, 1028.6],
          [137.8246098322953, 36.71091229670129, 1022.7],
          [137.82471858140903, 36.71090277488822, 1018.8],
          [137.8248284952481, 36.71091977074593, 1013.2],
          [137.8249384090872, 36.710936766603645, 1009.4],
          [137.82504824603313, 36.710951417841265, 1003.7],
          [137.82515689270977, 36.71092977547536, 1000.3],
          [137.82526480789477, 36.71090622205713, 994.7],
          [137.82536973858524, 36.71087487152331, 990.8],
          [137.8254746692757, 36.710843520989485, 986.2],
          [137.8255696035544, 36.71080242935505, 983.6],
          [137.82562763204785, 36.71072537451942, 980.2],
          [137.82568566054132, 36.710648319683784, 976.8],
          [137.82574368903477, 36.710571264848156, 972.1],
          [137.82580163920835, 36.71049417521805, 969.3],
          [137.82585166636267, 36.710413565699106, 966.3],
          [137.82590169351695, 36.71033295618017, 962.2],
          [137.82595172067127, 36.71025234666122, 959.7],
          [137.82600174782556, 36.71017173714228, 956.5],
          [137.82605177497987, 36.71009112762334, 951.9],
          [137.8261018021342, 36.7100105181044, 949.2],
          [137.82615182928848, 36.70992990858546, 946],
          [137.82620196163037, 36.709849343650724, 944.4],
          [137.82625617698602, 36.70977050931892, 942.1],
          [137.82631039234167, 36.70969167498711, 939.9],
          [137.82636460769731, 36.70961284065531, 936.8],
          [137.82641697705688, 36.70953669057901, 935.2]
        ],
        "type": "LineString"
      }
    },
    {
      "type": "Feature",
      "properties": {
        "name": "北尾根林道",
        "slope_deg": [
          3.576334374997351, 3.576334374997351, 3.576334374997351,
          2.719505461272635, 3.7189939731579127, 4.431564716436037,
          3.8616074096751394, 5.710593137499643, 6.701525844729548,
          6.418786730238786, 7.406912128495294, 7.547725773843047,
          6.418786730238786, 5.994092949108213, 5.000644597558433,
          4.573921259900927, 4.431564716436037, 4.716221234338539,
          5.000644597558433, 5.4268124985727555, 5.4268124985727555,
          5.284821092508756, 4.289153328819018, 4.289153328819018,
          4.7162212343382155, 4.716221234338539, 5.000644597558433,
          5.568737077976766, 4.7162212343382155, 5.852378988915493,
          5.994092949108534, 5.142764557884112, 6.842773412630876,
          5.710593137499643, 5.284821092508756, 4.858462919034416,
          3.576334374997351, 3.433630362450652, 4.004172940709647,
          5.284821092508756, 5.568737077976766, 4.8584629190340936,
          5.142764557884112, 4.289153328819018, 5.568737077976766,
          5.852378988915814, 5.000644597558433, 5.426812498573079,
          5.142764557884112, 5.000644597558433, 5.568737077976766,
          5.994092949108213, 4.431564716435714, 5.4268124985727555,
          6.56019640057118, 5.568737077976766, 6.13573334018705,
          5.852378988915493, 4.858462919034416, 5.4268124985727555,
          5.4268124985727555, 5.710593137499643, 5.000644597558433,
          5.4268124985727555, 5.000644597558433, 3.433630362450652,
          4.573921259900602, 4.289153328819018, 5.142764557884112,
          5.2848210925090795, 4.004172940709647, 3.433630362450652,
          4.0041729407093225, 2.7195054612723095, 5.000644597558433,
          5.2848210925090795, 3.005269359690129, 6.560196400571501,
          2.147585428298503, 3.8616074096751394, 6.277298489597361,
          4.0041729407093225, 8.670801453590833, 6.842773412630876,
          5.000644597558433, 5.000644597558433, 4.7162212343382155,
          4.431564716435714, 5.142764557884436, 5.994092949108534,
          4.431564716436037, 5.994092949108534, 5.2848210925090795,
          5.568737077976444, 4.8584629190340936, 4.431564716435714,
          5.710593137499643, 5.994092949108534, 6.418786730238786,
          5.710593137499643, 5.4268124985727555, 5.142764557884112,
          2.433606100720186, 2.5765718302690908, 3.290883686067228,
          5.2848210925090795, 7.406912128495294, 9.22988624372772,
          7.829076510059608, 3.718993973158237, 5.000644597558433,
          2.7195054612723095, 3.290883686067228, 5.852378988915493,
          7.688447769902681, 6.277298489597683, 5.994092949108534,
          5.2848210925090795, 4.289153328819018, 3.290883686067228,
          1.4320961841646465, 3.148096099562824, 3.576334374997351,
          6.56019640057118, 12.407418527400683, 5.994092949108213,
          5.994092949108534, 7.688447769903003, 4.289153328819018,
          9.369385096487674, 3.576334374997351, 2.147585428298503,
          3.005269359690129, 4.289153328819018, 6.701525844729548,
          5.2848210925090795, 4.0041729407093225, 3.148096099562824,
          3.148096099562824, 3.4336303624503275, 3.576334374997351,
          3.4336303624503275, 4.7162212343382155, 5.426812498573079,
          5.000644597558433, 7.688447769903003, 9.22988624372772,
          10.48121814413073, 4.8584629190340936, 0.1432391503681763,
          -1.5752369256829246, -2.2906100426383995, 4.004172940709647,
          7.547725773843047, 8.110047829418843, 8.250387228905435,
          10.203973721731431, 10.481218144131045, 14.170977562933274,
          13.901350769509243, 12.816647648997623, 8.250387228905435,
          4.0041729407093225, 5.568737077976444, 2.433606100720186,
          7.125016348901798, 7.266008446995867, 1.1457628381750384,
          0.8593722436445507, -3.148096099562824, -0.4297102894009785,
          6.418786730238786, 11.859779120948104, 7.829076510059608,
          3.148096099562824, 1.2889375601870259, -1.4320961841646465,
          5.568737077976766, 11.7225209701022, 11.996899307923577,
          11.7225209701022, 13.088732789694, 11.309932474020215,
          6.98393746008542, 3.4336303624503275, -1.4320961841646465,
          -2.2906100426383995, -1.57523692568325, -0.2864765102768139,
          1.7183580016555222, 0.1432391503681763, 6.842773412630876,
          10.619655276155134, 11.034209003250188, 9.926245506651705,
          2.5765718302690908, -0.8593722436448762, -0.7161599454704085,
          1.0025738037601275, 4.146688825965815, 5.142764557884436,
          4.858462919034416, 5.4268124985727555, 4.146688825966138,
          5.000644597558433, 5.142764557884112, 5.710593137499643,
          6.983937460085098, 8.250387228905435, 8.390627013252708,
          6.277298489597683, 7.266008446996189, 5.852378988915493,
          6.135733340186728, 7.125016348901798, 5.142764557884112,
          5.568737077976766, 4.7162212343382155, 4.858462919034255,
          5.000644597558433, 5.4268124985727555, 6.277298489597683,
          5.142764557884274, 4.146688825966138, 2.5765718302687652,
          1.288937560186863, 7.547725773843047, 4.146688825965976,
          3.718993973158075, 5.000644597558433, 0.14323915036833912,
          6.560196400571341, 11.859779120947948, 5.710593137499643,
          5.710593137499643, 3.8616074096749773, 1.145762838175201,
          6.560196400571341, 7.829076510059608, 9.369385096487514,
          7.68844776990284, 8.9505586562316, 8.810732985984814,
          7.406912128495294, 7.547725773843047, 5.568737077976604,
          4.004172940709484, 6.701525844729388, 6.277298489597683,
          7.969610394321392, 7.969610394321392, 5.568737077976604,
          6.418786730238786, 6.277298489597523, 6.277298489597523,
          7.125016348901798, 5.9940929491083725, 5.852378988915653,
          4.7162212343382155, 6.418786730238786, 6.701525844729548,
          6.418786730238786, 7.547725773843206, 5.142764557884274,
          5.000644597558433, 5.852378988915653, 7.68844776990284,
          8.810732985984973, 9.508771958297752, 9.926245506651705,
          7.266008446996026, 9.369385096487514, 9.369385096487514,
          8.250387228905435, 8.250387228905435, 8.250387228905435,
          8.250387228905435
        ],
        "horizontal_dist_map": 2758,
        "slope_dist_map": 2787,
        "elevation_diff_map": 264.4,
        "avg_slope_deg_map": 5.4,
        "max_slope_deg_map": 14.2
      },
      "geometry": {
        "coordinates": [
          [137.81948823721152, 36.70974299076449, 1216.7],
          [137.81945993373586, 36.7096558071891, 1216.7],
          [137.819431016361, 36.70956883299358, 1216.5],
          [137.81937292661146, 36.70949180848974, 1215.7],
          [137.81929019173754, 36.709438777090256, 1214.2],
          [137.8191853253361, 36.709407291698874, 1214.8],
          [137.81908045893468, 36.70937580630749, 1213.9],
          [137.81897535675813, 36.70934484506651, 1212.6],
          [137.8188697744539, 36.709314951194806, 1211.5],
          [137.81876419214967, 36.7092850573231, 1210.8],
          [137.81866132054648, 36.70925056547563, 1209.2],
          [137.81860630692327, 36.70918722320911, 1208.1],
          [137.81868206733802, 36.709155043711085, 1206.3],
          [137.81879398615277, 36.70915463217905, 1205.5],
          [137.81890590496752, 36.709154220647015, 1204.7],
          [137.81901585308708, 36.70917097823155, 1203.9],
          [137.8191255642133, 36.70918445760488, 1202.8],
          [137.81923277751977, 36.70915859986535, 1202.3],
          [137.81925293106207, 36.70907212642142, 1201.6],
          [137.81919393738633, 36.709003451374855, 1200.6],
          [137.81909415086332, 36.70897687371633, 1199.3],
          [137.81898236569108, 36.70897245643976, 1198.5],
          [137.81887060520538, 36.70896778578144, 1197.8],
          [137.81875933182275, 36.70895811551619, 1196.9],
          [137.81864805844012, 36.70894844525094, 1196.3],
          [137.8185367850575, 36.70893877498569, 1195.5],
          [137.81842779517572, 36.70891963505627, 1194.5],
          [137.81832011153256, 36.70889507816327, 1193.6],
          [137.8182124278894, 36.70887052127027, 1192.8],
          [137.81810474424626, 36.708845964377275, 1191.6],
          [137.8179970606031, 36.70882140748428, 1191.2],
          [137.8178887037932, 36.70879898680989, 1189.5],
          [137.81777950616595, 36.70877923437424, 1188.6],
          [137.8176703085387, 36.70875948193859, 1188],
          [137.81757444882854, 36.7087146236281, 1186.4],
          [137.8174812891481, 36.708664683069124, 1185.5],
          [137.81738812946764, 36.70861474251016, 1184.9],
          [137.81730124620017, 36.70855807272468, 1184.6],
          [137.8172157050872, 36.708499963954566, 1183.9],
          [137.8171301639742, 36.70844185518445, 1183.1],
          [137.81704462286126, 36.708383746414334, 1182.1],
          [137.81695664706336, 36.708328414181906, 1180.9],
          [137.816860010504, 36.70828295876368, 1180],
          [137.81676337394464, 36.70823750334546, 1179.7],
          [137.81666673738528, 36.708192047927234, 1178.5],
          [137.81658276793735, 36.70813373631705, 1177.9],
          [137.81650580974468, 36.70806830879546, 1176.1],
          [137.816428851552, 36.70800288127387, 1175.6],
          [137.81636752874, 36.707931195313265, 1175],
          [137.81634920248365, 36.707842298942055, 1174.1],
          [137.8164086599463, 36.70777026635992, 1172.5],
          [137.8164825572625, 36.70773943563275, 1172.1],
          [137.81656110903725, 36.707803464087355, 1171.1],
          [137.8166291385303, 36.70787501818187, 1169.9],
          [137.816701363561, 36.7079436084558, 1169.4],
          [137.81678062766375, 36.708007226173635, 1168.3],
          [137.8168816260105, 36.70804517004723, 1166.5],
          [137.8169841456624, 36.708081316860415, 1166],
          [137.8170865530706, 36.7081176690355, 1165.1],
          [137.81718889010477, 36.70815414996757, 1164.2],
          [137.81729422157792, 36.70818427519553, 1163.1],
          [137.81740086202748, 36.70821162211794, 1162.2],
          [137.8175084347483, 36.70823638543411, 1161.3],
          [137.8176166736416, 36.70825930258444, 1160.2],
          [137.81772623771923, 36.70827681132649, 1159.6],
          [137.81783717670586, 36.70828870872137, 1158.4],
          [137.81794811569247, 36.70830060611624, 1157.8],
          [137.81805959472183, 36.70830797365073, 1157.8],
          [137.8181713189517, 36.708313284451535, 1156.4],
          [137.81828304318157, 36.70831859525234, 1155.4],
          [137.81839476741143, 36.708323906053145, 1154.2],
          [137.8185063867327, 36.70832455918281, 1154.1],
          [137.8186177983374, 36.70831599023064, 1153.6],
          [137.8187292099421, 36.70830742127846, 1153],
          [137.81884062154677, 36.708298852326294, 1151.4],
          [137.8189486866241, 36.70827583550174, 1152.2],
          [137.81905644493094, 36.70825149426523, 1150.1],
          [137.8191650070044, 36.70822969736858, 1149.3],
          [137.8192741129969, 36.7082096222589, 1149.3],
          [137.8193832189894, 36.708189547149225, 1147.6],
          [137.8194923249819, 36.70816947203955, 1148.6],
          [137.81960151024924, 36.708149694520785, 1146.6],
          [137.81971124219635, 36.70813196919079, 1144.9],
          [137.81982097414345, 36.70811424386079, 1144.8],
          [137.81993070609056, 36.708096518530795, 1142.5],
          [137.82004043803767, 36.7080787932008, 1141.8],
          [137.82015016998477, 36.7080610678708, 1141.4],
          [137.82025965267283, 36.708042377967345, 1141.3],
          [137.82036906213963, 36.70802340471506, 1139.2],
          [137.82047847160644, 36.70800443146276, 1138.7],
          [137.82058788107324, 36.707985458210466, 1137.8],
          [137.8206970453349, 36.70796559142017, 1137.1],
          [137.8208062021637, 36.70794569754428, 1136.1],
          [137.8209153589925, 36.707925803668395, 1134.5],
          [137.8210245158213, 36.70790590979251, 1134.1],
          [137.82113464576867, 36.70788994077893, 1133.2],
          [137.82124492189564, 36.707874561349065, 1132.7],
          [137.82135561167, 36.70787260292157, 1131.4],
          [137.821466699488, 36.70788355922545, 1130.1],
          [137.8215778167522, 36.707894319465055, 1129],
          [137.82168897554257, 36.70790383559749, 1128.2],
          [137.82180053388484, 36.70789661551986, 1127.4],
          [137.82191176138693, 36.70789462473254, 1126.3],
          [137.82202183103755, 36.707910935052375, 1125.4],
          [137.82213191580104, 36.70792717008761, 1126.5],
          [137.8222427627663, 36.707939608219725, 1125.6],
          [137.82235360973158, 36.707952046351835, 1124],
          [137.82245766862914, 36.707984710385475, 1121.7],
          [137.82254048196717, 36.70804121244156, 1121.3],
          [137.82261041873141, 36.70811156452469, 1119.1],
          [137.8226798052256, 36.70818225766032, 1118.5],
          [137.822746375804, 36.70825469607544, 1119.1],
          [137.8228129463824, 36.70832713449057, 1117.8],
          [137.8228842251727, 36.708396208641716, 1117.2],
          [137.82296564624875, 36.70845803559849, 1116.2],
          [137.82305082692037, 36.70851604199199, 1115],
          [137.82314420089781, 36.70856572221239, 1112.4],
          [137.82319526764937, 36.708644097979146, 1112.8],
          [137.8232126490089, 36.708730410571654, 1112],
          [137.82318127571324, 36.70881417203881, 1111.3],
          [137.82310154758332, 36.70886936310417, 1109.4],
          [137.8229932614628, 36.7088764504006, 1110.5],
          [137.82288731282227, 36.70888407314992, 1111],
          [137.82281879573148, 36.70894816798826, 1109.1],
          [137.82277456392973, 36.709030944645804, 1106.9],
          [137.82274916087877, 36.709118686689415, 1105.9],
          [137.82272400098353, 36.709206492856346, 1102.2],
          [137.82269884108828, 36.70929429902328, 1104.9],
          [137.8227001776467, 36.709384238777936, 1102.7],
          [137.82270324189906, 36.70947431765259, 1100.5],
          [137.82269857372228, 36.70956406084368, 1099.2],
          [137.82268689885578, 36.709653498820124, 1098.3],
          [137.82266814972502, 36.70974137735549, 1100.2],
          [137.82263762427277, 36.70982807359891, 1099],
          [137.82258879232617, 36.70990901341737, 1097.1],
          [137.8225602069262, 36.709995439267466, 1095.3],
          [137.82255752438317, 36.710082467453084, 1095.5],
          [137.82260011080874, 36.71016580179993, 1095.3],
          [137.82264227060614, 36.710249268666615, 1094.3],
          [137.8226802333277, 36.71033403923498, 1093.1],
          [137.82272531120955, 36.710416427560816, 1093.3],
          [137.8227805729045, 36.71049423048955, 1092.9],
          [137.8228710036257, 36.71054059143062, 1091.8],
          [137.82297917608258, 36.710562321207085, 1090.7],
          [137.82309032706664, 36.71057180843213, 1090],
          [137.82319467933212, 36.710596664723234, 1089.1],
          [137.8232530875624, 36.710656944194135, 1088.3],
          [137.82320674145987, 36.7107321790261, 1085.3],
          [137.82310882372565, 36.71077184381747, 1083.5],
          [137.8229997277034, 36.7107906408447, 1081.7],
          [137.82289203207523, 36.71077484020756, 1084.9],
          [137.82278565498726, 36.71074682752306, 1085.2],
          [137.82267820302494, 36.71072335633673, 1084.6],
          [137.82257416002105, 36.71072864645049, 1083.3],
          [137.82254466351694, 36.71081144957301, 1082.1],
          [137.82260311296156, 36.710887382777734, 1079.9],
          [137.8227133058082, 36.71090031228431, 1078.9],
          [137.82282442472462, 36.710910858098764, 1077.5],
          [137.82293600244918, 36.710917926164825, 1074.9],
          [137.82304758017375, 36.71092499423088, 1072.5],
          [137.8231592091512, 36.71093148761828, 1068.8],
          [137.82327089672714, 36.710937323964586, 1067.6],
          [137.82338258430306, 36.7109431603109, 1065.8],
          [137.82349430356268, 36.71094829860487, 1066.7],
          [137.82360622234836, 36.7109490409617, 1066],
          [137.82371342448, 36.71092812015187, 1063.7],
          [137.82380964262103, 36.71088516114793, 1064.1],
          [137.82389291324156, 36.71082494999908, 1061.7],
          [137.82395306521101, 36.710749130161524, 1060.9],
          [137.82400105843416, 36.710668016172704, 1062.9],
          [137.8239757515225, 36.71058618070254, 1063.5],
          [137.82389895311007, 36.710523184323335, 1063.9],
          [137.8238192001079, 36.710460174602225, 1061.2],
          [137.82374153324264, 36.71039529083727, 1058.4],
          [137.82366372714725, 36.71033051491201, 1055.1],
          [137.82358775663943, 36.71026435453808, 1058.4],
          [137.82350722938625, 36.710202360767944, 1059],
          [137.82341773437625, 36.71014839627239, 1057.5],
          [137.82334830618316, 36.71007771724378, 1056.1],
          [137.82334835064938, 36.70998953629889, 1054.5],
          [137.8234014018302, 36.709910841937074, 1050.7],
          [137.82345761372625, 36.70983291929071, 1049],
          [137.8235202390512, 36.70975826063135, 1047.8],
          [137.823583541858, 36.70968394676291, 1045.2],
          [137.82366002626102, 36.70961821669144, 1042.7],
          [137.82373746155574, 36.70955315576078, 1044.1],
          [137.82381534795206, 36.70948844309334, 1045.4],
          [137.82389440344787, 36.70942468667555, 1046.2],
          [137.82397599055827, 36.70936300095876, 1044.3],
          [137.82405757766867, 36.70930131524198, 1045.2],
          [137.82413932953233, 36.7092397719265, 1045.6],
          [137.8242215074419, 36.70917859685565, 1045],
          [137.82429286040562, 36.709110657452825, 1044.2],
          [137.8243460687758, 36.70903137978969, 1040.4],
          [137.8244018122277, 36.70895341262965, 1038.1],
          [137.8244691949573, 36.70888146236024, 1037.2],
          [137.82453657768684, 36.70880951209083, 1037.2],
          [137.82460831198915, 36.708740484465956, 1038.6],
          [137.8246768487627, 36.70867171792151, 1038.7],
          [137.82468324552252, 36.7085817525603, 1037.7],
          [137.82468576230187, 36.708492205298384, 1036.5],
          [137.82465020870612, 36.708406760427394, 1035.7],
          [137.82461142522428, 36.7083222790897, 1035.1],
          [137.82456925100036, 36.70823880927155, 1034.3],
          [137.82452314000489, 36.70815699061833, 1032.7],
          [137.82446235924436, 36.70808132477362, 1032.8],
          [137.82440157848387, 36.70800565892891, 1031.6],
          [137.8243323588723, 36.707934979634814, 1030.7],
          [137.8242609371251, 36.707865601591415, 1028.7],
          [137.8241895153779, 36.70779622354802, 1027.9],
          [137.82413028762926, 36.70772031222301, 1025.8],
          [137.824078389391, 36.70764047390432, 1024.8],
          [137.82402649115272, 36.70756063558563, 1024.3],
          [137.82399594326918, 36.70747436668725, 1022.8],
          [137.82397002191578, 36.70738670430989, 1021.7],
          [137.82394410056236, 36.70729904193253, 1020.5],
          [137.82390140331216, 36.70721619745893, 1019.3],
          [137.82385257239883, 36.70713511452449, 1019.2],
          [137.82380044678223, 36.70705555158632, 1017.8],
          [137.82373826255977, 36.706980629139935, 1017.2],
          [137.82366121457252, 36.706916944671455, 1015.9],
          [137.82357225609923, 36.706862265309105, 1015.7],
          [137.8234754738968, 36.706817494502744, 1014],
          [137.8233762353261, 36.70677583462495, 1012.8],
          [137.82327290892334, 36.706741221670065, 1012.3],
          [137.82316953942384, 36.70670668300868, 1012.8],
          [137.82306616992437, 36.7066721443473, 1012.2],
          [137.82300294071334, 36.706603150278646, 1011.9],
          [137.82295595718216, 36.70652188385446, 1007],
          [137.82296062282794, 36.70643184949434, 1009.9],
          [137.82299371997905, 36.7063478183458, 1009.6],
          [137.82308039454182, 36.706311889647004, 1008.4],
          [137.8231861059254, 36.70633599815134, 1006.9],
          [137.82326955199727, 36.706392764584635, 1005.3],
          [137.82329155757242, 36.706479187988826, 1001.2],
          [137.82332019058055, 36.70656630157968, 1004.4],
          [137.82341202999274, 36.70660911738497, 1002.9],
          [137.82351639114066, 36.7066416086828, 1002.6],
          [137.82362141167954, 36.70667275108509, 1000.4],
          [137.8237264146854, 36.70670393181942, 999.8],
          [137.8238313892489, 36.70673517473658, 997.4],
          [137.8239237990589, 36.70678392943246, 996],
          [137.82400985055372, 36.706841545854736, 995],
          [137.82409590204853, 36.70689916227702, 993.5],
          [137.82418430436587, 36.70695436546584, 991.2],
          [137.82427430519925, 36.70700792770032, 990.8],
          [137.82436430603263, 36.707061489934794, 989.7],
          [137.82445513970316, 36.707114015203764, 989.6],
          [137.82455273102534, 36.70715812652089, 988.4],
          [137.82465032234748, 36.70720223783801, 986.1],
          [137.82474791366965, 36.70724634915514, 985.3],
          [137.8248455049918, 36.707290460472265, 984],
          [137.82491841765074, 36.707356646027264, 982.8],
          [137.82498312665354, 36.70743016947795, 982.2],
          [137.82504783565633, 36.70750369292864, 980.8],
          [137.8251150347345, 36.707575725164965, 979.6],
          [137.82518387876982, 36.707646772297046, 978.4],
          [137.82525272280517, 36.70771781942913, 977.2],
          [137.82532112553318, 36.7077891363012, 976.6],
          [137.82538760395173, 36.70786162936768, 975.5],
          [137.8254540823703, 36.70793412243415, 975.1],
          [137.8255141524442, 36.70800953734893, 972.7],
          [137.82555716665564, 36.708092728787214, 971.9],
          [137.82560189840268, 36.708175276421755, 971],
          [137.8256532761215, 36.7082553328698, 969.8],
          [137.8257046538403, 36.70833538931784, 969.1],
          [137.8257560315591, 36.70841544576588, 968.4],
          [137.82579649979866, 36.70849911327836, 966.9],
          [137.82582990916154, 36.70858511729634, 964.4],
          [137.82585922554784, 36.70867196665421, 962.9],
          [137.82588135765783, 36.70876029981126, 961.7],
          [137.8259034897678, 36.708848632968305, 959.9],
          [137.82592335229424, 36.708937267974896, 959.3],
          [137.82593767726414, 36.70902663946412, 956.3],
          [137.82595200223406, 36.709116010953345, 955.1],
          [137.825966327204, 36.709205382442576, 954.1],
          [137.82597837002618, 36.70928051593051, 952.3]
        ],
        "type": "LineString"
      }
    },
    {
      "type": "Feature",
      "properties": {
        "name": "北尾根急斜面_#上部",
        "slope_deg": [
          6.56019640057118, 6.56019640057118, 6.56019640057118,
          9.090276920822133, 9.369385096487358, 13.088732789694,
          15.37625124882619, 20.806791012711287, 24.10851589997543,
          26.45034506503404, 29.357753542791276, 26.793775628803207,
          28.810793742973065, 26.907793526541056, 26.907793526541056,
          26.793775628803207, 26.45034506503404, 25.641005824305072,
          25.873385226285933, 26.565051177077994, 24.820541335489082,
          24.820541335489082, 22.04794746356044, 22.170895633834377,
          22.660536301999365, 23.749494492866926, 24.10851589997543,
          25.173524524530112, 23.749494492866926, 21.056705590704606,
          20.430362329285405, 25.29073439214831, 27.92358971513818,
          32.517510615045516, 33.822085217493914, 29.683140179123246,
          29.683140179123246, 29.683140179123246, 29.683140179123246
        ],
        "horizontal_dist_map": 378,
        "slope_dist_map": 416,
        "elevation_diff_map": 160.6,
        "avg_slope_deg_map": 21.1,
        "max_slope_deg_map": 33.8
      },
      "geometry": {
        "coordinates": [
          [137.81959423619867, 36.709854178349836, 1216],
          [137.819702454065, 36.70983119020063, 1215.6],
          [137.81981067193132, 36.709808202051434, 1214.3],
          [137.81991888979766, 36.70978521390223, 1213.1],
          [137.82002979191978, 36.709775976417625, 1211.4],
          [137.82014155060813, 36.70977112687357, 1209.2],
          [137.82025286490347, 36.70977107670547, 1207.7],
          [137.82036249501945, 36.7097892154154, 1203.8],
          [137.82047212513544, 36.709807354125324, 1200.4],
          [137.82058175525142, 36.70982549283526, 1194],
          [137.8206913853674, 36.70984363154518, 1189.8],
          [137.8208013648013, 36.70986028834807, 1183.9],
          [137.82091162716634, 36.70987574487565, 1177.9],
          [137.82102188953138, 36.70989120140324, 1173.8],
          [137.8211321518964, 36.70990665793082, 1167.8],
          [137.82124241426143, 36.70992211445841, 1163.6],
          [137.82135160881384, 36.70994111317118, 1157.6],
          [137.82145840266855, 36.70996807556171, 1153.6],
          [137.82156519652327, 36.70999503795224, 1147.9],
          [137.82167199037798, 36.71002200034277, 1144.4],
          [137.82177350062815, 36.710058541779624, 1138.2],
          [137.82186995246352, 36.71010425399929, 1133.6],
          [137.82196640429888, 36.710149966218964, 1129.4],
          [137.82206159171375, 36.710196979477786, 1125.9],
          [137.8221398952093, 36.71026136562852, 1122],
          [137.8222181987048, 36.71032575177925, 1117.3],
          [137.82229650220035, 36.710390137929984, 1112.7],
          [137.82239466699104, 36.71043223007555, 1108.3],
          [137.822495517822, 36.71047130718135, 1104.1],
          [137.82260339423624, 36.710494937558785, 1098.5],
          [137.82271173863973, 36.710517538996356, 1095.1],
          [137.82279653006503, 36.71047555017186, 1092.9],
          [137.8228678093316, 36.71040642458098, 1089.2],
          [137.82292961648218, 36.71033132446636, 1079.6],
          [137.8230012149022, 36.71026206312601, 1073.9],
          [137.8230728133222, 36.71019280178566, 1067.4],
          [137.82315973140126, 36.71013616986347, 1062.4],
          [137.82324742192236, 36.710080174737016, 1056.8],
          [137.82332189765742, 36.710032617964046, 1055.4]
        ],
        "type": "LineString"
      }
    },
    {
      "type": "Feature",
      "properties": {
        "name": "HAPPO PARKS",
        "slope_deg": [
          17.09266295026772, 17.09266295026772, 17.09266295026772,
          19.798876354525046, 19.925580658184323, 20.806791012711287,
          20.556045219583467, 18.52084947747122, 21.05670559070489,
          18.26288994219419, 19.034434354835135, 18.00416160591338,
          15.642246457208788, 15.642246457208788, 13.49573328079569,
          14.305551846621709, 13.224551192213344, 13.224551192213344,
          14.170977562933274, 12.816647648997623, 13.495733280795996,
          13.766300685466197, 14.036243467926479, 14.17097756293297,
          14.036243467926479, 13.224551192213651, 11.7225209701022,
          11.859779120948104, 11.309932474020215, 11.172136252167274,
          10.896152141141194, 10.757967088389877, 10.203973721731748,
          9.787203664655925, 9.090276920822133, 9.09027692082245,
          10.203973721731431, 10.619655276155134, 11.58512622485511,
          11.996899307923577, 11.996899307923577, 12.133880170633535,
          11.7225209701022, 10.757967088389877, 8.530765609948133,
          6.277298489597361, 6.277298489597361, 6.277298489597361,
          6.277298489597361
        ],
        "horizontal_dist_map": 478,
        "slope_dist_map": 493,
        "elevation_diff_map": 113,
        "avg_slope_deg_map": 12.9,
        "max_slope_deg_map": 21.1
      },
      "geometry": {
        "coordinates": [
          [137.81881161874173, 36.710156611467475, 1218.9],
          [137.81884658680028, 36.71024221305874, 1216.4],
          [137.81888155485882, 36.71032781465001, 1213.9],
          [137.81891652291736, 36.710413416241266, 1209.7],
          [137.8189514909759, 36.71049901783253, 1206.6],
          [137.81898645903445, 36.7105846194238, 1202],
          [137.819021427093, 36.710670221015064, 1199.4],
          [137.81905639515153, 36.71075582260632, 1194.5],
          [137.8191012912475, 36.71083812422834, 1191.6],
          [137.81915151041486, 36.71091865652061, 1188.6],
          [137.81920172958223, 36.71099918881288, 1184],
          [137.8192519487496, 36.71107972110514, 1181.3],
          [137.81930216791696, 36.711160253397416, 1177.8],
          [137.8193552871538, 36.71123928360055, 1175.6],
          [137.81942549223956, 36.71130946419902, 1172.8],
          [137.81949569732532, 36.711379644797496, 1170.1],
          [137.8195659024111, 36.711449825395974, 1168.2],
          [137.81963610749688, 36.711520005994444, 1165.4],
          [137.81970631258267, 36.71159018659292, 1163.4],
          [137.81977651766843, 36.7116603671914, 1160.7],
          [137.81984672275422, 36.71173054778988, 1158.1],
          [137.81991692783998, 36.71180072838835, 1156.3],
          [137.81999094886513, 36.711868317268674, 1153.8],
          [137.8200650573012, 36.71193584678106, 1150.9],
          [137.8201391657373, 36.712003376293445, 1148.1],
          [137.82021327417337, 36.71207090580583, 1146.2],
          [137.82028738260945, 36.712138435318224, 1143.8],
          [137.82036149104553, 36.71220596483061, 1141.5],
          [137.8204355994816, 36.712273494342995, 1139.8],
          [137.8205097079177, 36.71234102385538, 1137.8],
          [137.82058381635377, 36.712408553367766, 1135.8],
          [137.82065792478986, 36.71247608288015, 1133.6],
          [137.8207320332259, 36.71254361239254, 1132.1],
          [137.820806141662, 36.71261114190492, 1130.2],
          [137.82088025009807, 36.71267867141731, 1128.6],
          [137.82095435853415, 36.71274620092969, 1126.7],
          [137.8210315711132, 36.71281123845622, 1125.7],
          [137.82111523800964, 36.71287109449859, 1123.8],
          [137.82119890490608, 36.71293095054095, 1121.4],
          [137.82128257180253, 36.71299080658332, 1119.2],
          [137.82136623869897, 36.71305066262568, 1117.5],
          [137.82144990559541, 36.71311051866805, 1115.3],
          [137.82153357249186, 36.713170374710415, 1112.9],
          [137.8216224807701, 36.7132250496894, 1110.6],
          [137.8217122236473, 36.71327889967407, 1109.2],
          [137.8218019665245, 36.713332749658754, 1107.7],
          [137.82189170940168, 36.71338659964343, 1106.9],
          [137.8219814522789, 36.7134404496281, 1106.2],
          [137.82205745251383, 36.71348605337532, 1105.9]
        ],
        "type": "LineString"
      }
    },
    {
      "type": "Feature",
      "properties": {
        "name": "オリンピックII",
        "slope_deg": [
          19.290046219188735, 19.290046219188735, 19.290046219188735,
          18.906332035086372, 19.290046219188735, 20.806791012711287,
          21.05670559070489, 21.924785220541345, 23.025492008528037,
          22.660536301999365, 23.629377730656817, 25.75730921180767,
          24.584094695438157, 26.9077935265408, 26.9077935265408,
          24.702430227771423, 26.565051177077994, 24.10851589997543,
          24.346751854705083, 26.9077935265408, 27.36156482027059,
          28.36904629327848, 29.030274682486958, 27.36156482027085,
          25.056088833535423, 25.873385226286196, 23.50904022419257,
          24.93842765545712, 25.056088833535423, 25.641005824305072,
          25.056088833535423, 25.173524524530112, 25.29073439214831,
          24.4655351106628, 26.793775628803207, 24.820541335489082,
          25.75730921180767, 22.04794746356044, 18.906332035086518,
          17.092662950267574, 17.092662950267574, 17.092662950267574,
          17.092662950267574
        ],
        "horizontal_dist_map": 412,
        "slope_dist_map": 452,
        "elevation_diff_map": 180.3,
        "avg_slope_deg_map": 21.7,
        "max_slope_deg_map": 29
      },
      "geometry": {
        "coordinates": [
          [137.82123437241083, 36.70293196762352, 1189.9],
          [137.82129449673067, 36.703007970812536, 1186.6],
          [137.8213546210505, 36.70308397400156, 1182.9],
          [137.82141474537033, 36.70315997719057, 1180.2],
          [137.82147486969015, 36.70323598037959, 1175.9],
          [137.82153499401, 36.703311983568604, 1172.9],
          [137.82159511832984, 36.703387986757626, 1168.9],
          [137.82165975878823, 36.70346137863218, 1165],
          [137.82172998929465, 36.70353153823806, 1160.5],
          [137.82180021980108, 36.70360169784394, 1156.8],
          [137.8218704503075, 36.70367185744982, 1151.9],
          [137.82194068081392, 36.7037420170557, 1148.3],
          [137.82201091132038, 36.703812176661586, 1143],
          [137.8220811418268, 36.70388233626747, 1137.5],
          [137.82215137233322, 36.70395249587335, 1133.6],
          [137.82222160283965, 36.70402265547923, 1128],
          [137.82228971680277, 36.70409414711568, 1122.7],
          [137.82235729002028, 36.70416597906632, 1119.1],
          [137.8224248632378, 36.70423781101695, 1113.6],
          [137.82249243645532, 36.70430964296759, 1110.1],
          [137.82256000967283, 36.70438147491822, 1104.6],
          [137.82262758289033, 36.70445330686886, 1098.8],
          [137.82267591724263, 36.70453445432178, 1092.9],
          [137.82272303155992, 36.704616192518436, 1088.5],
          [137.82277014587723, 36.704697930715085, 1082.4],
          [137.8228172601945, 36.70477966891174, 1078.1],
          [137.8228643745118, 36.70486140710839, 1074.2],
          [137.82291148882908, 36.70494314530504, 1069.1],
          [137.8229586031464, 36.70502488350169, 1065],
          [137.8229979718666, 36.70510904433323, 1059.5],
          [137.82303173552043, 36.70519495829359, 1055.5],
          [137.82306549917425, 36.705280872253944, 1049.9],
          [137.82309926282807, 36.705366786214306, 1046.3],
          [137.82313302648188, 36.70545270017466, 1040.7],
          [137.82317186954182, 36.70553675730527, 1036.6],
          [137.82322997430128, 36.705613773121236, 1031.7],
          [137.82328807906077, 36.705690788937204, 1026.1],
          [137.82334618382023, 36.70576780475317, 1022.2],
          [137.8234042885797, 36.70584482056914, 1017.3],
          [137.82346371437052, 36.70592105858406, 1015.5],
          [137.82353724717768, 36.70598899062517, 1012.4],
          [137.82361077998485, 36.70605692266628, 1009.9],
          [137.82363222589214, 36.706076735105285, 1009.6]
        ],
        "type": "LineString"
      }
    },
    {
      "type": "Feature",
      "properties": {
        "name": "セントラル_2",
        "slope_deg": [
          13.901350769509243, 13.901350769509243, 13.901350769509243,
          15.109575122340402, 15.2429977429017, 18.906332035086663,
          19.925580658184323, 20.806791012711287, 22.293629159694188,
          22.416147479343643, 23.025492008528037, 21.924785220541064,
          22.538450040827975, 20.430362329285405, 21.43000730175244,
          24.346751854704813, 22.293629159694188, 22.04794746356044,
          16.304198003832074, 10.619655276155134, 7.547725773843047,
          4.146688825966138, 3.8616074096751394, 2.147585428298503,
          4.0041729407093225, 5.4268124985727555, 10.342657140474548,
          16.304198003832376, 18.52084947747122, 21.924785220541064,
          22.538450040828252, 22.660536301999365, 23.14670784188283,
          20.17838007450879, 19.798876354524758, 19.417554141579338,
          19.417554141579338, 16.567741642975037, 14.43996512100296,
          10.481218144131045, 8.670801453591151, 12.68038349181982,
          11.585126224854799, 13.49573328079569, 11.7225209701022,
          12.816647648997312, 13.360218444764637, 12.680383491819974,
          13.360218444764483, 10.342657140474548, 11.034209003250188,
          12.13388017063338, 11.58512622485511, 11.309932474020215,
          11.58512622485511, 9.22988624372772, 9.926245506651705,
          11.034209003250343, 9.787203664656081, 10.342657140474548,
          9.926245506651705, 8.39062701325255, 10.619655276155134,
          7.68844776990284, 4.146688825965976, 4.146688825965976,
          4.146688825965976, 4.146688825965976
        ],
        "horizontal_dist_map": 666,
        "slope_dist_map": 693,
        "elevation_diff_map": 168.1,
        "avg_slope_deg_map": 13.6,
        "max_slope_deg_map": 24.3
      },
      "geometry": {
        "coordinates": [
          [137.82392595968642, 36.70078004005059, 1155.2],
          [137.82399101092184, 36.70085336436295, 1153.1],
          [137.82405606215727, 36.70092668867532, 1150.4],
          [137.82412814476484, 36.70099496651293, 1148.3],
          [137.82421115209738, 36.70105540358385, 1145.3],
          [137.82429415942994, 36.701115840654765, 1142.3],
          [137.82438023179043, 36.70117298525579, 1139.5],
          [137.82447555672167, 36.70122019069442, 1134.6],
          [137.8245708816529, 36.70126739613305, 1130.8],
          [137.82467067178186, 36.701307693992476, 1127.1],
          [137.82477337309678, 36.70134348830056, 1123.1],
          [137.82488359175778, 36.70135608959189, 1118.1],
          [137.8249949175235, 36.701365275170005, 1113.8],
          [137.82510624328924, 36.70137446074813, 1111],
          [137.82521751206056, 36.70136662332793, 1106.5],
          [137.82532877470027, 36.70135695452873, 1103.2],
          [137.8254400821593, 36.70134768804012, 1098.1],
          [137.82555170529596, 36.70134125516216, 1092.9],
          [137.82566332843265, 36.70133482228421, 1090.1],
          [137.82577234891636, 36.701321365850326, 1087],
          [137.82587009807844, 36.70127749246943, 1086.4],
          [137.82596191175858, 36.7012273225244, 1085.4],
          [137.82604067517138, 36.70116330840533, 1084.8],
          [137.82611943858421, 36.701099294286244, 1084.1],
          [137.82619517937604, 36.70103327590775, 1083.7],
          [137.826258092385, 36.70095875159845, 1083.9],
          [137.82632100539396, 36.70088422728915, 1082],
          [137.8263839184029, 36.70080970297985, 1080.3],
          [137.82645525081765, 36.70074163480626, 1076.4],
          [137.82654461492785, 36.70068739362667, 1072.2],
          [137.82663397903806, 36.70063315244708, 1068.6],
          [137.82672334314827, 36.70057891126749, 1064.2],
          [137.82680947867587, 36.70052174767754, 1059.8],
          [137.82688678800588, 36.700456594894064, 1055.5],
          [137.82696409733592, 36.700391442110586, 1051.5],
          [137.82704140666593, 36.700326289327116, 1049.5],
          [137.82711856764996, 36.70026102376094, 1045.4],
          [137.8271949258466, 36.700195147861216, 1041.4],
          [137.82727128404323, 36.700129271961494, 1037.4],
          [137.82734773975628, 36.70006349156625, 1037.6],
          [137.82744276399876, 36.70001589659979, 1035.1],
          [137.82753778824124, 36.69996830163333, 1034],
          [137.82762820611921, 36.699915907188526, 1031.3],
          [137.827709360447, 36.69985386083522, 1028.6],
          [137.8277989203076, 36.69980442584911, 1026.9],
          [137.82790798890505, 36.69978426108871, 1024.4],
          [137.8280170575025, 36.6997640963283, 1023],
          [137.82812612609996, 36.6997439315679, 1019.5],
          [137.82823648881492, 36.69975491028496, 1017.4],
          [137.8283469874042, 36.69976915887302, 1015.4],
          [137.82845748599343, 36.699783407461084, 1013.5],
          [137.82856738760873, 36.69979986249165, 1012.2],
          [137.82867523203208, 36.69982392099609, 1009.6],
          [137.82878307645544, 36.69984797950052, 1006.8],
          [137.82888527706845, 36.69988144158838, 1005.3],
          [137.8289756920571, 36.69993454060502, 1004.2],
          [137.82906610704575, 36.69998763962166, 1001.4],
          [137.82911205424963, 36.70006454301073, 1000.3],
          [137.82908763097865, 36.70014272881349, 998.3],
          [137.82899779222552, 36.70016665023248, 996.4],
          [137.82888935399237, 36.70014438825214, 994.5],
          [137.8287809157592, 36.7001221262718, 993],
          [137.8286720417176, 36.70012550709301, 991.3],
          [137.82856288753865, 36.700145371086506, 990.5],
          [137.8284746981161, 36.700200721406006, 987],
          [137.82840231817312, 36.70026459302959, 987.6],
          [137.82837450810203, 36.70035187892036, 988.4],
          [137.82835732735913, 36.700405803142374, 987.1]
        ],
        "type": "LineString"
      }
    },
    {
      "type": "Feature",
      "properties": {
        "name": "セントラル",
        "slope_deg": [
          4.0041729407093225, 4.0041729407093225, 4.0041729407093225,
          3.8616074096751394, 8.250387228905435, 8.810732985984973,
          9.369385096487674, 7.688447769902681, 6.701525844729548,
          6.277298489597361, 6.277298489597361, 8.9505586562316,
          6.277298489597683, 5.568737077976766, 5.568737077976766,
          4.431564716436037, 4.573921259900602, 7.125016348901798,
          7.406912128495294, 6.701525844729548, 7.125016348901798,
          6.135733340186728, 7.406912128495294, 7.969610394321233,
          8.670801453591151, 10.481218144131045, 12.270720357815076,
          14.84222705791098, 15.90755193052566, 18.52084947747093,
          18.52084947747122, 19.798876354525046, 22.416147479343643,
          20.931852540892464, 22.904057803637016, 21.305783617828656,
          21.67782085250454, 23.629377730656817, 21.43000730175216,
          23.025492008528037, 20.556045219583467, 19.67196998920079,
          21.05670559070489, 19.034434354835426, 20.556045219583467,
          19.54486232662854, 19.6719699892005, 21.677820852504254,
          20.806791012711287, 23.388482428995122, 22.904057803637016,
          24.22774531795417, 26.9077935265408, 25.407718108948472,
          27.587067675863732, 25.641005824305335, 25.98923358383301,
          28.36904629327848, 26.67952810669144, 29.357753542791276,
          27.587067675863857, 28.369046293278608, 29.03027468248708,
          29.574910497101147, 29.79113729834045, 30.327634119133833,
          30.327634119133833, 27.699472808055, 28.920650342151568,
          25.407718108948472, 23.146707841882964, 21.924785220541064,
          17.484427323220732, 14.708303899682749, 14.97598451475675,
          12.270720357815385, 10.896152141141194, 10.342657140474548,
          7.266008446996026, 7.125016348901798, 6.56019640057118,
          5.426812498572917, 5.568737077976604, 6.560196400571341,
          7.547725773843206, 9.369385096487514, 13.495733280795843,
          15.37625124882619, 19.544862326628685, 21.056705590704752,
          20.931852540892464, 20.806791012711145, 20.43036232928569,
          19.6719699892005, 20.430362329285547, 19.671969989200644,
          18.520849477471074, 18.133621430820412, 13.495733280795843,
          10.896152141141036, 7.406912128495133, 7.406912128495133,
          7.406912128495133, 7.406912128495133
        ],
        "horizontal_dist_map": 1020,
        "slope_dist_map": 1078,
        "elevation_diff_map": 304,
        "avg_slope_deg_map": 15.7,
        "max_slope_deg_map": 30.3
      },
      "geometry": {
        "coordinates": [
          [137.82176688619532, 36.70115250471321, 1198.2],
          [137.82181822776823, 36.70107243519367, 1196.3],
          [137.82186956934115, 36.70099236567414, 1196],
          [137.82192091091406, 36.7009122961546, 1195.8],
          [137.82197225248697, 36.700832226635065, 1195.4],
          [137.82202359405989, 36.70075215711553, 1193.6],
          [137.8220749356328, 36.700672087596, 1190.2],
          [137.8221262772057, 36.700592018076456, 1189.6],
          [137.8221800988442, 36.70051305132782, 1188.8],
          [137.82223690146353, 36.700435410084026, 1188.2],
          [137.82229370408285, 36.70035776884023, 1185.5],
          [137.8223505067022, 36.700280127596436, 1185.2],
          [137.82240730932153, 36.70020248635264, 1184.4],
          [137.8224740212659, 36.70013082655575, 1181.9],
          [137.8225506367214, 36.7000651446964, 1181.1],
          [137.8226272521769, 36.69999946283706, 1181.3],
          [137.822713272978, 36.7000062863911, 1180.5],
          [137.82280509103825, 36.70005780077125, 1178.8],
          [137.82289690909846, 36.700109315151394, 1177.9],
          [137.8229887271587, 36.70016082953154, 1176.3],
          [137.82308824732988, 36.70020142616325, 1175.3],
          [137.82319021408156, 36.70023855476517, 1174.1],
          [137.82329218083322, 36.700275683367096, 1172.9],
          [137.82339414758488, 36.70031281196902, 1172],
          [137.82349611433654, 36.70034994057095, 1170.1],
          [137.82360074834307, 36.70037895556882, 1168.5],
          [137.8237121733026, 36.70038731295914, 1166.8],
          [137.82382359826215, 36.70039567034946, 1164.6],
          [137.8239350232217, 36.70040402773978, 1161.4],
          [137.82404654993593, 36.700411359498425, 1157.9],
          [137.82415820969055, 36.70041735028283, 1155.4],
          [137.82426986944517, 36.70042334106722, 1151.2],
          [137.8243815291998, 36.70042933185162, 1148],
          [137.82449318895442, 36.700435322636025, 1143.5],
          [137.82460484870904, 36.70044131342042, 1138.9],
          [137.82471649357564, 36.700447475546845, 1135.9],
          [137.82482810040992, 36.700454075376314, 1131.1],
          [137.82493970724423, 36.70046067520579, 1127.9],
          [137.8250513140785, 36.700467275035265, 1123],
          [137.8251629209128, 36.70047387486474, 1118.4],
          [137.82527475438218, 36.700476367592096, 1115.4],
          [137.82538664834587, 36.70047776403589, 1110.9],
          [137.8254985423096, 36.70047916047969, 1108],
          [137.82561043627328, 36.70048055692348, 1104.1],
          [137.82572230332482, 36.700478589944005, 1100],
          [137.8258341656537, 36.70047603273743, 1097.1],
          [137.82594602798258, 36.70047347553084, 1093],
          [137.82605789031146, 36.700470918324264, 1089.9],
          [137.82616970743388, 36.70046739797956, 1085.7],
          [137.82628149045982, 36.70046315119899, 1081.2],
          [137.8263932734858, 36.700458904418426, 1077.8],
          [137.82650505651173, 36.70045465763786, 1072.6],
          [137.8266168395377, 36.7004504108573, 1068.8],
          [137.82672862256365, 36.70044616407674, 1063.2],
          [137.82684040558962, 36.700441917296175, 1057.5],
          [137.82695223784845, 36.70043995120685, 1053.6],
          [137.82706413662586, 36.700441066562554, 1047.9],
          [137.82717603540328, 36.700442181918255, 1044],
          [137.82728793418067, 36.70044329727396, 1038],
          [137.8273998329581, 36.70044441262966, 1032],
          [137.82750972779704, 36.70045533125128, 1027.8],
          [137.82761616664598, 36.700483156574094, 1021.5],
          [137.82772260549496, 36.70051098189692, 1017.1],
          [137.8278290443439, 36.70053880721974, 1010.4],
          [137.82793548319285, 36.70056663254256, 1005.6],
          [137.8280419220418, 36.700594457865385, 998.8],
          [137.82814836089074, 36.7006222831882, 994.2],
          [137.82825345907, 36.70065283690535, 987],
          [137.82835472322148, 36.70069119324505, 982.2],
          [137.828455987373, 36.70072954958475, 977.8],
          [137.82855725152447, 36.70076790592445, 972.1],
          [137.82865851567598, 36.70080626226415, 968],
          [137.82875977982746, 36.700844618603846, 965.1],
          [137.82886104397897, 36.700882974943546, 961.7],
          [137.82896230813046, 36.70092133128325, 959.5],
          [137.82905812439347, 36.700967757039656, 957.5],
          [137.8291531605369, 36.70101533830986, 954.4],
          [137.82924819668028, 36.70106291958005, 953],
          [137.8293432328237, 36.701110500850255, 951.8],
          [137.8294382689671, 36.70115808212046, 950.2],
          [137.82953330511052, 36.70120566339066, 949.3],
          [137.8296294206379, 36.70125176560731, 948],
          [137.82972729504365, 36.701295457675926, 947.2],
          [137.82982516944938, 36.70133914974454, 946.4],
          [137.8299230438551, 36.70138284181316, 945.4],
          [137.83002091826083, 36.701426533881765, 943.4],
          [137.83011998039473, 36.70146820845068, 941.9],
          [137.83022394314676, 36.70150155872779, 939.8],
          [137.83032790589877, 36.70153490900491, 935.8],
          [137.8304318686508, 36.70156825928203, 932.4],
          [137.83053583140284, 36.70160160955914, 927.7],
          [137.83063979415488, 36.701634959836255, 924.4],
          [137.83074655231485, 36.701660960036314, 920.5],
          [137.83085587975955, 36.701680204713945, 917.2],
          [137.83096520720426, 36.70169944939158, 912.8],
          [137.831074534649, 36.701718694069214, 910.1],
          [137.8311838620937, 36.701737938746845, 905.6],
          [137.8312931895384, 36.701757183424476, 902.9],
          [137.83140251698313, 36.70177642810211, 899.4],
          [137.83151184442784, 36.70179567277974, 897],
          [137.83162117187254, 36.70181491745737, 896],
          [137.83173049931727, 36.70183416213501, 895.2],
          [137.83183982676198, 36.70185340681264, 894.2],
          [137.83184666298845, 36.70185461017905, 894.2]
        ],
        "type": "LineString"
      }
    },
    {
      "type": "Feature",
      "properties": {
        "name": "パノラマ林道",
        "slope_deg": [
          4.573921259900927, 4.573921259900927, 4.573921259900927,
          3.718993973158237, 3.005269359689804, 2.719505461272635,
          3.290883686067228, 4.431564716435714, 6.418786730238786,
          7.829076510059608, 8.810732985984973, 10.203973721731748,
          9.78720366465624, 9.926245506651705, 9.926245506651705,
          10.203973721731748, 9.787203664655925, 10.48121814413073,
          11.034209003250188, 10.065169352759717, 10.619655276155134,
          8.810732985984973, 8.250387228905435, 8.390627013252708,
          7.969610394321551, 8.9505586562316, 8.810732985984973,
          8.530765609948133, 7.125016348901798, 10.342657140474548,
          10.342657140474548, 9.50877195829791, 8.670801453590833,
          5.142764557884436, 2.719505461272635, 4.7162212343382155,
          5.710593137499643, 5.000644597558433, 6.277298489597683,
          4.573921259900927, 5.852378988915493, 6.135733340186728,
          6.701525844729227, 8.390627013252388, 8.810732985984973,
          9.78720366465624, 10.619655276155134, 7.688447769903003,
          7.547725773843047, 8.530765609948133, 7.829076510059608,
          8.530765609948133, 7.969610394321551, 9.22988624372772,
          5.994092949108534, 6.135733340186728, 8.390627013252388,
          5.852378988915493, 9.50877195829791, 10.203973721731748,
          9.22988624372772, 7.969610394321233, 8.11004782941916,
          8.250387228905435, 7.688447769903003, 7.125016348901798,
          7.266008446995867, 5.852378988915493, 6.842773412630876,
          8.11004782941916, 9.369385096487674, 10.065169352760034,
          9.50877195829791, 9.78720366465624, 8.9505586562316,
          10.203973721731748, 10.481218144131045, 9.369385096487358,
          9.22988624372772, 7.969610394321233, 7.547725773843047,
          8.670801453591151, 8.250387228905435, 9.09027692082245,
          7.829076510059608, 8.110047829418843, 7.406912128495294,
          7.125016348901798, 8.250387228905435, 7.406912128495294,
          8.670801453590833, 8.810732985984655, 8.810732985984973,
          7.969610394321551, 5.568737077976766, 3.148096099562824,
          2.2906100426383995, 2.2906100426383995, 2.5765718302687652,
          3.433630362450652, 2.2906100426387246, 0.8593722436445507,
          1.4320961841646465, 0, -1.145762838175364, -1.2889375601867001,
          1.7183580016555222, 5.4268124985727555, 7.829076510059608,
          13.088732789694, 10.896152141141194, 11.7225209701022,
          12.270720357815385, 11.172136252167274, 11.172136252166961,
          10.065169352760034, 10.342657140474548, 9.090276920822133,
          9.369385096487674, 9.090276920822133, 9.09027692082245,
          9.369385096487674, 9.787203664655925, 10.481218144131045,
          10.481218144131045, 10.065169352759717, 10.203973721731748,
          9.50877195829791, 10.342657140474548, 11.996899307923577,
          9.648045316098093, 10.065169352759717, 8.390627013252388,
          6.135733340186728, 9.09027692082245, 8.530765609948133,
          8.11004782941916, 7.688447769903003, 6.135733340186728,
          5.852378988915493, 6.135733340186728, 5.994092949108534,
          5.994092949108534, 5.994092949108534, 5.994092949108534
        ],
        "horizontal_dist_map": 1435,
        "slope_dist_map": 1452,
        "elevation_diff_map": 192.7,
        "avg_slope_deg_map": 7.6,
        "max_slope_deg_map": 13.1
      },
      "geometry": {
        "coordinates": [
          [137.81531991262725, 36.69790462304349, 1389.7],
          [137.81523068269848, 36.69795900399227, 1388.9],
          [137.81514145276972, 36.69801338494104, 1388.1],
          [137.81504787302538, 36.69806273643226, 1387],
          [137.81495358881318, 36.698111273385216, 1386.5],
          [137.81485384413924, 36.69815121366417, 1386.3],
          [137.81474978990258, 36.69818436918628, 1386],
          [137.81464573566595, 36.69821752470839, 1385.1],
          [137.814535896416, 36.69823093315275, 1384.2],
          [137.8144288105272, 36.698246482523736, 1383.2],
          [137.81435846596037, 36.698312298797426, 1381.5],
          [137.81439093140372, 36.69838595343083, 1379.6],
          [137.81449876479758, 36.69841002474448, 1378],
          [137.81460750754022, 36.69843129380835, 1376],
          [137.81471625028283, 36.69845256287222, 1374.6],
          [137.8148264069925, 36.69846820780286, 1372.6],
          [137.81493686036978, 36.69848267272141, 1371],
          [137.81504821428842, 36.69849150367206, 1368.8],
          [137.81515940464791, 36.6985014778009, 1367.7],
          [137.81527021134883, 36.69851406947146, 1365.2],
          [137.81538101804972, 36.69852666114202, 1363.2],
          [137.8154918247506, 36.69853925281257, 1361.7],
          [137.81560348205852, 36.698545164391064, 1360.2],
          [137.81571515639905, 36.69855094220658, 1359],
          [137.81582700406767, 36.69855286049063, 1357.4],
          [137.81593890498118, 36.69855359315923, 1355.8],
          [137.81605080589472, 36.69855432582784, 1354.6],
          [137.81616270680823, 36.698555058496446, 1352.7],
          [137.81626940252332, 36.69857670048117, 1351.2],
          [137.81632573799072, 36.69864528568133, 1349.8],
          [137.8162557954759, 36.69870114553855, 1349.6],
          [137.8161615577647, 36.69874974198894, 1345.4],
          [137.81606299059206, 36.69879212069371, 1343.9],
          [137.81596234586326, 36.69883151572123, 1343.1],
          [137.8158574859872, 36.69886213252407, 1343.5],
          [137.8157501096244, 36.69888750863544, 1341.8],
          [137.8156409414853, 36.69890616187714, 1342],
          [137.81553009021275, 36.69891849988452, 1339.8],
          [137.8154192389402, 36.69893083789191, 1339.5],
          [137.81530976124284, 36.69894824121904, 1338.3],
          [137.81520261354416, 36.698974236859264, 1337.6],
          [137.8151039716269, 36.69901340703731, 1336.6],
          [137.8150293940141, 36.69907620208941, 1335.4],
          [137.81504632350854, 36.69916190725778, 1334],
          [137.81515787510506, 36.69916048316353, 1332.9],
          [137.81526456850983, 36.69913406164145, 1330.7],
          [137.81537478045774, 36.69911844406575, 1329.2],
          [137.81548631193024, 36.69911164767161, 1327.1],
          [137.81559797729122, 36.69910574836952, 1325.4],
          [137.81570975189368, 36.69910421267903, 1325.3],
          [137.81582162178088, 36.69910648310527, 1323.9],
          [137.81593349659846, 36.69910740192104, 1321.1],
          [137.8160452141965, 36.699108587544686, 1319.9],
          [137.81614264596507, 36.699143668374006, 1319.3],
          [137.8161188263345, 36.69921558771795, 1318.3],
          [137.816019169332, 36.69925657956204, 1314.6],
          [137.8159145929265, 36.69928796740035, 1315.7],
          [137.81580839975953, 36.69931618281656, 1315],
          [137.81571011193242, 36.69935897530804, 1312.4],
          [137.8156522535626, 36.69943390310743, 1310.5],
          [137.81568223401567, 36.69950501308973, 1309],
          [137.8157921940862, 36.69949343862164, 1307.8],
          [137.8159011070713, 36.69947277724112, 1305.9],
          [137.81601072923348, 36.69945661751721, 1304.9],
          [137.8161225386699, 36.69946035878944, 1303.3],
          [137.8162319676431, 36.69947391639118, 1302],
          [137.8163373110345, 36.69950432172944, 1300.5],
          [137.81643409231015, 36.699546765230394, 1299.9],
          [137.8165199633883, 36.699604548249795, 1298.2],
          [137.81660583446646, 36.69966233126919, 1297.9],
          [137.8166917055446, 36.69972011428859, 1295.7],
          [137.81676472446046, 36.699787281209076, 1294.2],
          [137.81682775724568, 36.69986173942107, 1291.6],
          [137.81689079003093, 36.69993619763305, 1290.8],
          [137.81695382281617, 36.70001065584504, 1289],
          [137.8170310104163, 36.700075254241746, 1287.3],
          [137.81711343881534, 36.70013620205666, 1285.3],
          [137.8171958672144, 36.70019714987158, 1283.6],
          [137.81728061659476, 36.70025590320325, 1281.6],
          [137.81736846534932, 36.70031172608273, 1280.7],
          [137.81745631410388, 36.70036754896221, 1278.8],
          [137.81754416285844, 36.70042337184169, 1278],
          [137.817632011613, 36.70047919472117, 1276.3],
          [137.81771166832135, 36.700542430680144, 1274.6],
          [137.8177907257514, 36.70060620893315, 1273],
          [137.81786978318146, 36.70066998718615, 1271.6],
          [137.8179488406115, 36.70073376543916, 1270.8],
          [137.8180137251673, 36.70080617876728, 1268.9],
          [137.81806845135506, 36.70088478126138, 1267.8],
          [137.81812317754282, 36.70096338375547, 1266.6],
          [137.81817790373054, 36.70104198624957, 1265],
          [137.81824442205007, 36.70111402514242, 1263.7],
          [137.8183164016846, 36.70118302422069, 1261.7],
          [137.81839524006313, 36.70124641806936, 1260.4],
          [137.81848198434588, 36.701303350908795, 1258.8],
          [137.81856872862863, 36.70136028374822, 1258.1],
          [137.818534937308, 36.7014246681961, 1257.8],
          [137.81843207326008, 36.701399664137526, 1258.2],
          [137.81832980660238, 36.70136307161615, 1257.2],
          [137.81822597768092, 36.70132949074033, 1256.5],
          [137.81812177374866, 36.701296632789656, 1256],
          [137.8180296827743, 36.7012468631982, 1255.8],
          [137.81796399260082, 36.70117604153031, 1255.6],
          [137.81791108861304, 36.7010966341537, 1255.9],
          [137.81786055831418, 36.70101624130079, 1255],
          [137.8178107664294, 36.70093553984536, 1255.8],
          [137.8177576904536, 36.7008567042694, 1256.4],
          [137.81767822007956, 36.70079325949194, 1256.8],
          [137.81765643317954, 36.70085726736066, 1253.8],
          [137.8176753533516, 36.70094607727367, 1252],
          [137.81769326303052, 36.70103502856355, 1250.9],
          [137.81772726492895, 36.70112072753527, 1247.5],
          [137.81776364648286, 36.70120594530902, 1246.1],
          [137.81780051581103, 36.70129102707175, 1243.7],
          [137.81783738513923, 36.70137610883447, 1242.2],
          [137.81788151630877, 36.70145872287247, 1239.6],
          [137.81793149406852, 36.701539350117535, 1238.2],
          [137.81798147182823, 36.701619977362604, 1236.6],
          [137.81805391224802, 36.70168817245203, 1234.9],
          [137.81812948627166, 36.701754633220986, 1233.2],
          [137.81820087469106, 36.70182386682865, 1231.6],
          [137.81826729828953, 36.70189638948291, 1230.2],
          [137.818333721888, 36.701968912137175, 1228.5],
          [137.8184039587048, 36.70203888189826, 1226.6],
          [137.81848038635172, 36.70210470699034, 1224.7],
          [137.81855681399864, 36.70217053208242, 1222.8],
          [137.8186333285223, 36.70223629069048, 1221.1],
          [137.81871109505136, 36.70230109117859, 1219.5],
          [137.8187888615804, 36.7023658916667, 1217.5],
          [137.81887868747884, 36.70241683454401, 1216.1],
          [137.81898087523825, 36.70245357221272, 1213.8],
          [137.81908306299763, 36.70249030988142, 1211],
          [137.81918899429095, 36.702519274252516, 1210.7],
          [137.81929522609408, 36.7025476146271, 1209],
          [137.81940145125932, 36.702575970838154, 1207.9],
          [137.81950727788066, 36.70260527788349, 1206.7],
          [137.819613104502, 36.70263458492883, 1204.3],
          [137.8197175195314, 36.70266645495308, 1203],
          [137.81981553606167, 36.702709942512, 1202.2],
          [137.81991355259194, 36.70275343007092, 1201.3],
          [137.82001156912222, 36.70279691762984, 1200],
          [137.82011234655326, 36.70283590194748, 1198.9],
          [137.82021482529333, 36.702872111299406, 1197.9],
          [137.82031730403338, 36.70290832065134, 1197.1],
          [137.820373, 36.702928, 1197]
        ],
        "type": "LineString"
      }
    },
    {
      "type": "Feature",
      "properties": {
        "name": "オリンピックII_迂回",
        "slope_deg": [
          3.290883686067228, 3.290883686067228, 3.290883686067228,
          3.148096099562824, 2.862405226111748, 1.5752369256829246,
          1.2889375601867001, 1.718358001655197, 1.2889375601867001,
          1.2889375601870259, 1.2889375601870259, 0.2864765102771396,
          0.7161599454704085, 1.2889375601867001, 2.719505461272635,
          3.148096099562824, 4.0041729407093225, 4.289153328819018,
          5.4268124985727555, 5.710593137499643, 6.13573334018705,
          5.994092949108534, 3.576334374997351, 4.289153328819018,
          5.000644597558433, 6.701525844729548, 9.369385096487358,
          10.896152141141194, 10.342657140474548, 9.926245506651705,
          7.829076510059608, 6.983937460085098, 6.842773412630876,
          7.829076510059608, 9.926245506651705, 9.926245506651705,
          9.22988624372772, 8.9505586562316, 6.842773412630876,
          7.688447769903003, 11.44759626368548, 10.619655276155134,
          11.309932474020215, 8.11004782941916, 5.142764557884436,
          4.7162212343382155, 4.858462919034416, 7.829076510059608,
          7.547725773843047, 9.22988624372772, 11.034209003250188,
          9.369385096487358, 7.125016348901798, 7.266008446996189,
          5.994092949108534, 8.9505586562316, 9.648045316098093,
          9.090276920822133, 9.926245506651705, 8.390627013252708,
          8.670801453591151, 6.560196400571501, 4.289153328819018,
          3.005269359689804, 1.5752369256829246, 2.5765718302687652,
          4.858462919034416, 7.829076510059608, 10.757967088389877,
          9.648045316098093, 8.250387228905435, 5.994092949108534,
          3.576334374997351, 9.369385096487674, 6.701525844729548,
          9.78720366465624, 9.64804531609841, -0.2864765102771396,
          2.862405226111748, 1.1457628381750384, 5.994092949108213,
          12.407418527400683, 11.7225209701022, 11.58512622485511,
          7.829076510059608, 7.829076510059608, 7.688447769902681,
          5.852378988915493, 7.829076510059608, 8.530765609948133,
          8.950558656231918, 11.44759626368579, 12.68038349181982,
          12.816647648997312, 13.224551192213344, 12.543973346571923,
          9.50877195829791, 9.50877195829791, 12.133880170633535,
          14.842227057911282, 12.270720357815385, 8.670801453591151,
          9.22988624372772, 5.852378988915493, 6.98393746008542,
          9.648045316098093, 5.4268124985727555, 8.530765609948133,
          12.407418527400683, 15.774985955414008, 12.407418527400683,
          8.390627013252708, 5.2848210925090795, 1.2889375601870259,
          5.710593137499643, 3.290883686067228, 4.431564716435714,
          5.142764557884112, 7.969610394321233, 12.133880170633224,
          14.439965121002654, 14.17097756293297, 13.088732789694308,
          12.816647648997623, 12.816647648997623, 13.224551192213651,
          11.85977912094779, 11.85977912094779, 11.85977912094779,
          11.85977912094779
        ],
        "horizontal_dist_map": 1288,
        "slope_dist_map": 1308,
        "elevation_diff_map": 171.7,
        "avg_slope_deg_map": 7.5,
        "max_slope_deg_map": 15.8
      },
      "geometry": {
        "coordinates": [
          [137.82117783590996, 36.70278168783145, 1192.6],
          [137.8211567951149, 36.70287019355102, 1192.3],
          [137.8211357543198, 36.70295869927059, 1191.6],
          [137.82111471352474, 36.70304720499016, 1190.8],
          [137.8210821491405, 36.70313113819972, 1190.3],
          [137.8210078049132, 36.70319849334943, 1190.1],
          [137.8209334606859, 36.703265848499136, 1189.6],
          [137.82085732237454, 36.70333144311369, 1189.7],
          [137.82076076847343, 36.70337700390484, 1189.4],
          [137.82066203324615, 36.7034145607656, 1188.9],
          [137.8205506589118, 36.70340574100704, 1188.7],
          [137.82044272990694, 36.7033841799789, 1188.8],
          [137.82033845007865, 36.703352125225585, 1188.5],
          [137.82024122546187, 36.70330749893246, 1188.7],
          [137.8201440008451, 36.703262872639336, 1188.2],
          [137.82003930468676, 36.703234272503124, 1187.9],
          [137.81992962739037, 36.70321635670819, 1186.6],
          [137.81981880848937, 36.703205423055195, 1186.5],
          [137.81970710981557, 36.70319987016056, 1185.4],
          [137.81959775793857, 36.703182785651855, 1184.9],
          [137.81948970021423, 36.70315934197778, 1182.8],
          [137.81938041622038, 36.70314008339528, 1182.5],
          [137.81926937108386, 36.703132654598, 1181.1],
          [137.8191574645718, 36.70313182546783, 1180.7],
          [137.81912607031182, 36.70316153320277, 1180.3],
          [137.81922419167213, 36.70319890150886, 1179.5],
          [137.8193309744418, 36.703225816566, 1177.6],
          [137.81942743449818, 36.703271505850196, 1176],
          [137.8195068963635, 36.70333489873419, 1173.7],
          [137.819586095994, 36.7033985647355, 1171.8],
          [137.8196652956245, 36.70346223073681, 1170.3],
          [137.819737084443, 36.70353123321631, 1169],
          [137.81980684712252, 36.70360169470549, 1168.2],
          [137.81987660980204, 36.70367215619467, 1166.9],
          [137.8199448091245, 36.70374359386734, 1165.5],
          [137.82001218714427, 36.70381554437368, 1163.5],
          [137.82007956516404, 36.703887494880036, 1161.2],
          [137.82015362261797, 36.70395479391736, 1159.9],
          [137.82023233182684, 36.70401885353451, 1159],
          [137.8203119614059, 36.70408209919463, 1157.2],
          [137.82039853154575, 36.70413920676142, 1156.4],
          [137.8204851016856, 36.70419631432821, 1154.5],
          [137.8205766822775, 36.70424772490109, 1150.9],
          [137.82067232454068, 36.7042945172647, 1149.7],
          [137.820777622731, 36.70432112106479, 1148.4],
          [137.82088753799118, 36.70433807151855, 1148.8],
          [137.82099860326957, 36.70433399567944, 1147.3],
          [137.82110966655097, 36.70432333884804, 1146.4],
          [137.82121968550146, 36.7043068304283, 1145],
          [137.82132970445193, 36.70429032200856, 1143.3],
          [137.8214002824403, 36.70432702904222, 1142],
          [137.82136490047492, 36.704401367733276, 1139.9],
          [137.82128713031557, 36.70446542686397, 1137.2],
          [137.8211947557687, 36.70451629823532, 1136.7],
          [137.8210892137118, 36.704543754371265, 1137],
          [137.82098274324204, 36.70457067763671, 1134.8],
          [137.82093295559102, 36.70462768848878, 1133],
          [137.82103810236208, 36.70465829131059, 1130.4],
          [137.8211454087503, 36.70468387964565, 1130.2],
          [137.82124394780902, 36.70472103291814, 1128.4],
          [137.82131596617245, 36.70478917405927, 1126],
          [137.82133219979067, 36.70487132014726, 1124.5],
          [137.82124470356538, 36.70491172555372, 1124.1],
          [137.82113752318094, 36.70488579538413, 1123.8],
          [137.82103278615904, 36.70485465642752, 1123],
          [137.82093107879928, 36.704817058804096, 1122.4],
          [137.82083471737457, 36.704771471510135, 1123],
          [137.82072907158485, 36.70474537895101, 1122],
          [137.820689175598, 36.7048037688158, 1119.6],
          [137.82076184348116, 36.704871719285244, 1116.9],
          [137.82083791964735, 36.704937803686974, 1115.4],
          [137.82091432785677, 36.70500364548357, 1115.2],
          [137.82098513273957, 36.70507334120784, 1113.8],
          [137.8210552071294, 36.705143414103674, 1112.7],
          [137.8211423568274, 36.70519986920156, 1112.9],
          [137.8212398511731, 36.70524411575949, 1108.6],
          [137.82132360055874, 36.705296275663464, 1109.1],
          [137.82124680870066, 36.7053192549265, 1105.8],
          [137.8211469802657, 36.70527884321111, 1106.1],
          [137.82104884758917, 36.705235580017316, 1108.8],
          [137.82095496722886, 36.70518735411007, 1107.1],
          [137.82085807326237, 36.70518009254852, 1105],
          [137.8208759859227, 36.70525598375695, 1101.9],
          [137.82095496573606, 36.705319314192266, 1100],
          [137.82104722659412, 36.705369287472074, 1098.8],
          [137.8211380162923, 36.70542125640837, 1096.8],
          [137.82122365803696, 36.70547926515255, 1096.4],
          [137.82131200722304, 36.705534579625635, 1094.5],
          [137.8214119896122, 36.70556954487944, 1093.4],
          [137.82152144544787, 36.70555730566201, 1092.7],
          [137.82163079028405, 36.70553820749173, 1090.9],
          [137.82173035286954, 36.70549705454533, 1088.5],
          [137.82182991545506, 36.70545590159894, 1087.1],
          [137.82192508692398, 36.7054089045168, 1084.6],
          [137.82201656699777, 36.70535699455799, 1081.9],
          [137.82210553074816, 36.705302533441525, 1079.4],
          [137.8221890399696, 36.705242542287294, 1077.7],
          [137.82229216758327, 36.70521118832498, 1075.7],
          [137.82235191401236, 36.70524913209554, 1075.2],
          [137.82230629745106, 36.705329826190614, 1072.7],
          [137.82225072493674, 36.70540797667527, 1069.1],
          [137.82220043340058, 36.70548847829595, 1065.1],
          [137.8221434045333, 36.70556586441709, 1066.5],
          [137.82210346807636, 36.7056454283457, 1066.6],
          [137.82217835835613, 36.70567458625132, 1062.6],
          [137.82225006906455, 36.70560548775081, 1061],
          [137.8223141890774, 36.70553175299093, 1061.6],
          [137.82239980629038, 36.70547372005303, 1059.8],
          [137.8224938657176, 36.705481347932995, 1058.8],
          [137.82250956806703, 36.70556037703221, 1055],
          [137.82247427118787, 36.70564514387187, 1052.8],
          [137.82242182148946, 36.70572474766656, 1048.5],
          [137.82234964219467, 36.70579360135856, 1050],
          [137.8222773674396, 36.705862403036924, 1049.1],
          [137.82220236191958, 36.70592918776117, 1049.1],
          [137.8221227666299, 36.70599249267251, 1047.6],
          [137.82203758224253, 36.70605093764671, 1046],
          [137.82196045906136, 36.706112998779794, 1046.8],
          [137.82199893946213, 36.70618043162024, 1046],
          [137.8221097616248, 36.70617034579003, 1044],
          [137.82221524273803, 36.70614404775639, 1040.4],
          [137.82231525796092, 36.70610361135208, 1038.2],
          [137.8224172933481, 36.70606716810684, 1035.7],
          [137.82252393160925, 36.70603982313548, 1033.9],
          [137.82263096677383, 36.706013544937406, 1031.1],
          [137.8227387107259, 36.70598917177617, 1029.1],
          [137.82284645467797, 36.70596479861493, 1026.6],
          [137.82295419863007, 36.70594042545369, 1024.5],
          [137.82306194258214, 36.705916052292444, 1022.7],
          [137.8231542582272, 36.70589516922608, 1020.9]
        ],
        "type": "LineString"
      }
    },
    {
      "type": "Feature",
      "properties": {
        "name": "パノラマ",
        "slope_deg": [
          17.092662950267425, 17.092662950267425, 17.092662950267425,
          18.39196625070533, 19.162339354971724, 20.17838007450879,
          20.556045219583467, 20.17838007450879, 19.798876354525046,
          19.417554141579338, 18.778033222445714, 17.6146433000071,
          17.223436191131285, 15.642246457208788, 13.49573328079569,
          13.088732789694, 11.996899307923577, 11.44759626368548,
          11.309932474020215, 10.48121814413073, 10.896152141141194,
          11.58512622485511, 12.816647648997623, 14.036243467926479,
          15.37625124882619, 15.37625124882619, 15.242997742901395,
          15.37625124882619, 14.170977562933274, 13.360218444764483,
          12.543973346572233, 11.172136252167274, 10.619655276155134,
          10.203973721731748, 10.48121814413073, 12.133880170633224,
          14.975984514756448, 16.43605922463559, 17.74467162505717,
          17.74467162505717, 17.223436191131583, 18.52084947747122,
          18.52084947747093, 19.417554141579338, 18.778033222445426,
          18.906332035086663, 18.906332035086663, 20.806791012711287,
          21.181349500266236, 21.43000730175216, 22.782405730481635,
          20.17838007450879, 20.556045219583467, 18.906332035086663,
          17.874511367250427, 18.00416160591338, 16.304198003832376,
          16.172159015782732, 14.574216198038554, 12.133880170633224,
          11.859779120948104, 10.757967088389877, 10.203973721731748,
          9.369385096487358, 9.369385096487358, 9.369385096487358,
          9.369385096487358
        ],
        "horizontal_dist_map": 653,
        "slope_dist_map": 681,
        "elevation_diff_map": 183.2,
        "avg_slope_deg_map": 15.1,
        "max_slope_deg_map": 22.8
      },
      "geometry": {
        "coordinates": [
          [137.81620402964586, 36.697981635324275, 1379.7],
          [137.8162808700748, 36.69804714509094, 1376.8],
          [137.81635771050372, 36.698112654857596, 1374.1],
          [137.81643455093266, 36.69817816462426, 1371],
          [137.81651139136156, 36.698243674390916, 1367.4],
          [137.81658530346905, 36.69831133395454, 1363.5],
          [137.81665921238448, 36.69837899586159, 1360.2],
          [137.8167331212999, 36.698446657768635, 1356.3],
          [137.81680703021533, 36.69851431967568, 1352.4],
          [137.81688093913073, 36.69858198158273, 1348.8],
          [137.81695484804615, 36.69864964348977, 1345.8],
          [137.81702875696158, 36.69871730539682, 1342.2],
          [137.8171012811405, 36.69878591189988, 1338.8],
          [137.8171719967849, 36.698855752092186, 1336.1],
          [137.8172427124293, 36.698925592284496, 1333.4],
          [137.81731342807367, 36.6989954324768, 1331],
          [137.81738414371807, 36.6990652726691, 1329.2],
          [137.81745485936247, 36.69913511286141, 1326.8],
          [137.81752557500687, 36.699204953053716, 1324.9],
          [137.81759629065124, 36.69927479324602, 1322.9],
          [137.81766700629564, 36.69934463343833, 1321.2],
          [137.81773802112494, 36.699414275348985, 1319.4],
          [137.81780958935894, 36.699483550496474, 1317.2],
          [137.81788115759298, 36.69955282564397, 1314.7],
          [137.81795272582698, 36.699622100791466, 1312.1],
          [137.818024294061, 36.69969137593896, 1309.4],
          [137.81809586229502, 36.69976065108646, 1306.2],
          [137.81816743052903, 36.699829926233946, 1303.7],
          [137.81823899876304, 36.69989920138144, 1301.2],
          [137.81831056699704, 36.69996847652894, 1298.4],
          [137.81838213523108, 36.70003775167643, 1296.1],
          [137.8184532179182, 36.70010734723628, 1294.2],
          [137.81852347151704, 36.70017748991148, 1292.3],
          [137.81859372511587, 36.70024763258668, 1290.5],
          [137.81866397871468, 36.70031777526188, 1288.6],
          [137.81873423231352, 36.70038791793708, 1287],
          [137.81880448591235, 36.70045806061228, 1284.9],
          [137.81887473951116, 36.700528203287476, 1281.9],
          [137.81894499311, 36.700598345962675, 1277.9],
          [137.81901524670883, 36.700668488637874, 1275.2],
          [137.81908292418777, 36.70074023502768, 1272.1],
          [137.81914951606313, 36.700812657239425, 1269.1],
          [137.8192161079385, 36.70088507945116, 1265.5],
          [137.81928269981387, 36.7009575016629, 1261.8],
          [137.81934929168924, 36.70102992387464, 1258.7],
          [137.8194158835646, 36.70110234608638, 1255],
          [137.81948247544, 36.70117476829812, 1251.9],
          [137.81954906731536, 36.70124719050986, 1248.1],
          [137.81961565919073, 36.7013196127216, 1245],
          [137.8196822510661, 36.70139203493334, 1239.8],
          [137.81974884294146, 36.70146445714508, 1236.4],
          [137.81981543481683, 36.701536879356816, 1232.4],
          [137.81988202669223, 36.70160930156856, 1228.2],
          [137.8199486185676, 36.7016817237803, 1225.1],
          [137.82001521044296, 36.70175414599204, 1221.4],
          [137.82008180231833, 36.70182656820378, 1218.7],
          [137.820151517171, 36.701896958715956, 1215.3],
          [137.82022546698133, 36.70196459411319, 1212.1],
          [137.8202994167916, 36.70203222951043, 1209.7],
          [137.8203733666019, 36.702099864907666, 1207.1],
          [137.82044731641219, 36.7021675003049, 1204.9],
          [137.82052126622247, 36.70223513570214, 1203.5],
          [137.82059521603279, 36.70230277109937, 1201.3],
          [137.82066916584307, 36.702370406496605, 1199.5],
          [137.82074311565336, 36.70243804189384, 1197.7],
          [137.82081706546364, 36.70250567729108, 1196.9],
          [137.8208465637355, 36.70253265676981, 1196.5]
        ],
        "type": "LineString"
      }
    },
    {
      "type": "Feature",
      "properties": {
        "name": "ウスバ迂回路",
        "slope_deg": [
          14.97598451475675, 14.97598451475675, 14.97598451475675,
          14.305551846622015, 17.874511367250427, 15.37625124882619,
          16.039943306049665, 17.223436191131285, 14.305551846622015,
          17.484427323220586, 17.6146433000071, 17.223436191131583,
          16.039943306049665, 15.642246457208788, 14.17097756293297,
          13.631094443421603, 15.37625124882619, 12.95276451337558,
          14.708303899682749, 12.68038349181982, 11.034209003250188,
          11.034209003250188, 10.342657140474548, 11.034209003250188,
          10.065169352759717, 11.58512622485511, 10.481218144131045,
          10.619655276155134, 10.065169352760034, 8.530765609948133,
          6.56019640057118, 5.568737077976766, 6.135733340186728,
          6.56019640057118, 8.390627013252708, 8.810732985984655,
          9.926245506651705, 9.926245506651705, 8.810732985984973,
          10.481218144131045, 10.342657140474548, 11.034209003250188,
          12.816647648997312, 12.543973346572233, 10.203973721731748,
          10.757967088390194, 11.996899307923577, 9.22988624372772,
          11.859779120948104, 11.85977912094779, 14.305551846622015,
          14.036243467926479, 13.901350769508936, 10.757967088390194,
          8.810732985984973, 9.22988624372772, 7.688447769903003,
          10.896152141141194, 8.670801453590833, 12.407418527400683,
          13.631094443421603, 10.757967088389877, 12.133880170633224,
          9.787203664655925, 9.369385096487358, 10.481218144131045,
          7.125016348901798, 6.701525844729548, 6.842773412630876,
          5.852378988915493, 8.250387228905753, 9.369385096487674,
          7.547725773843047, 10.481218144131045, 8.390627013252388,
          10.203973721731431, 7.829076510059608, 5.284821092508756,
          7.125016348901798, 3.148096099562824, 7.406912128495294,
          7.406912128495294, 7.688447769903003, 9.09027692082245,
          8.530765609948133, 9.926245506651705, 11.85977912094779,
          13.360218444764483, 16.304198003832376, 16.83056598321078,
          17.6146433000071, 19.6719699892005, 17.874511367250427,
          20.052082146098424, 18.39196625070533, 17.874511367250427,
          18.39196625070533, 18.26288994219419, 20.17838007450879,
          18.778033222445426, 20.17838007450879, 18.778033222445426,
          18.64953875405141, 20.806791012711287, 19.162339354971724,
          20.68152167820107, 19.417554141579625, 18.906332035086663,
          20.43036232928569, 18.00416160591338, 18.133621430820266,
          14.574216198038554, 11.996899307923577, 10.065169352759717,
          8.11004782941916, 7.969610394321551, 7.688447769902681,
          8.9505586562316, 8.390627013252388, 7.688447769902681,
          6.560196400571501, 5.4268124985727555, 4.858462919034416,
          6.701525844729548, 7.406912128495294, 8.950558656231918,
          7.829076510059608, 9.22988624372772, 9.369385096487358,
          9.926245506651705, 11.7225209701022, 7.969610394321233,
          8.11004782941916, 5.568737077976444, 5.710593137499643,
          5.710593137499643, 2.433606100720186, 0, 0.8593722436448762,
          1.8614576304668264, 3.005269359689804, 7.547725773843206,
          6.135733340186728, 5.000644597558433, 7.68844776990284,
          7.406912128495133, 8.530765609948133, 12.816647648997467,
          11.58512622485511, 10.342657140474707, 9.090276920822289,
          6.983937460085259, 8.39062701325255, 9.369385096487514,
          10.065169352759877, 9.926245506651705, 8.250387228905435,
          8.250387228905435, 9.508771958297752, 9.369385096487514,
          9.369385096487514, 9.369385096487514, 7.829076510059608,
          8.11004782941916, 8.250387228905595, 9.22988624372772,
          9.787203664656081, 9.369385096487358, 10.757967088389877,
          7.547725773843047, 6.135733340186889, 6.560196400571341,
          6.135733340186889, 9.369385096487514, 10.20397372173159,
          11.722520970102357, 12.407418527400683, 10.757967088390036,
          11.58512622485511, 10.619655276155134, 10.065169352759877,
          7.406912128495133, 8.810732985984973, 8.110047829419,
          7.547725773843047, 11.034209003250343, 8.9505586562316,
          9.22988624372772, 9.22988624372772, 9.22988624372772, 9.22988624372772
        ],
        "horizontal_dist_map": 1890,
        "slope_dist_map": 1936,
        "elevation_diff_map": 363.5,
        "avg_slope_deg_map": 10.6,
        "max_slope_deg_map": 20.8
      },
      "geometry": {
        "coordinates": [
          [137.81888220011896, 36.698575716187115, 1310],
          [137.81889753012973, 36.69848645293504, 1307],
          [137.81891286014053, 36.69839718968298, 1304.4],
          [137.8189281901513, 36.69830792643091, 1301.3],
          [137.81894927082217, 36.69822044764206, 1299.3],
          [137.81901228956795, 36.69814598248141, 1296.8],
          [137.81907530831373, 36.69807151732075, 1291.5],
          [137.81913703689779, 36.69799635482884, 1290.3],
          [137.81920909169304, 36.697928049897946, 1287.8],
          [137.81928896064008, 36.69786493295058, 1284.4],
          [137.81937038016466, 36.69780332580046, 1281.3],
          [137.819462355465, 36.697751996808485, 1277.7],
          [137.81955822019873, 36.69770850806482, 1275.1],
          [137.81966879755666, 36.69769467675846, 1272],
          [137.8197793749146, 36.6976808454521, 1269.8],
          [137.81989111328437, 36.69767653610887, 1266.5],
          [137.82000264278636, 36.69766947698124, 1265],
          [137.82011406312944, 36.69766111370693, 1262.3],
          [137.8202248507193, 36.69764942840308, 1258.8],
          [137.8203342618569, 36.69763051656174, 1257.3],
          [137.82044367299454, 36.697611604720386, 1254.5],
          [137.82055308413214, 36.69759269287904, 1253.3],
          [137.82066486900075, 36.69758884712064, 1251],
          [137.82077667832812, 36.69758515660224, 1249.5],
          [137.82088746447317, 36.69757455853613, 1247.2],
          [137.82099819349168, 36.69756446355165, 1245.5],
          [137.82111008715776, 36.69756328874112, 1243.9],
          [137.82122198082385, 36.697562113930594, 1241.3],
          [137.8213332080299, 36.69756481914426, 1239.8],
          [137.82144050446223, 36.69759040869659, 1238],
          [137.821542713919, 36.69762210362278, 1236.8],
          [137.82161279932637, 36.69769235374316, 1235.3],
          [137.82156778992962, 36.697768448937694, 1235.2],
          [137.82149843891136, 36.6978388660567, 1234.1],
          [137.82142509511576, 36.69790692512811, 1232.5],
          [137.82139628874322, 36.69799334941477, 1230.7],
          [137.82147919865534, 36.6980361861314, 1229.3],
          [137.8215838304367, 36.698004417041275, 1227.9],
          [137.82168593242736, 36.69796753564271, 1225.5],
          [137.8217809659322, 36.69792085467837, 1223.7],
          [137.82187133688993, 36.697867709679336, 1223.1],
          [137.82195975386608, 36.6978124845346, 1220.5],
          [137.82204899767308, 36.69775814632994, 1218.2],
          [137.82215343352337, 36.697733022552605, 1215.9],
          [137.8222092467367, 36.69779489136071, 1214],
          [137.82220427782713, 36.69788491531089, 1211.6],
          [137.8221987978046, 36.697974913458346, 1211],
          [137.82218976587012, 36.69806473229318, 1208.3],
          [137.82217330211537, 36.698153551840065, 1205.5],
          [137.82216585292426, 36.6982300008736, 1205.1],
          [137.82227144982005, 36.69822647430618, 1202.6],
          [137.8223616676971, 36.69817316054121, 1199.9],
          [137.82242522382253, 36.698100172052335, 1195.3],
          [137.82248463175844, 36.6980238340659, 1195.1],
          [137.8225475556671, 36.69794931699124, 1192.7],
          [137.8226176758399, 36.69787937949328, 1192.3],
          [137.82269316277208, 36.69781285730715, 1189.1],
          [137.82277402010888, 36.6977506369861, 1188.6],
          [137.82286459815012, 36.69770295906692, 1187.3],
          [137.82297425880114, 36.69771353513422, 1184.6],
          [137.82302452335537, 36.69778493793034, 1183],
          [137.82301883182893, 36.69787115429438, 1179.8],
          [137.82298595868863, 36.69795727333534, 1177.6],
          [137.82295743442594, 36.6980426775694, 1177],
          [137.82299103862428, 36.69812863136115, 1174.4],
          [137.8230993845783, 36.69810978562819, 1172.9],
          [137.82320368026916, 36.69807712602397, 1171],
          [137.82330108971686, 36.698034216569944, 1169.6],
          [137.82339210398862, 36.69798178819666, 1169.4],
          [137.8234831182604, 36.69792935982336, 1168.2],
          [137.82355407579354, 36.69786178765602, 1166.2],
          [137.82361174277827, 36.69778462956577, 1165.5],
          [137.82366087433564, 36.69770366670468, 1163.6],
          [137.823710005893, 36.69762270384361, 1161.6],
          [137.82373890779078, 36.697537028653194, 1160.9],
          [137.8237510391958, 36.69744744691731, 1158.1],
          [137.82377443839076, 36.697359898229436, 1157.7],
          [137.82381093402515, 36.697274712532916, 1154.4],
          [137.82384742965957, 36.69718952683639, 1155.4],
          [137.82393582283152, 36.69713771098955, 1154.4],
          [137.82403090572623, 36.69709019660005, 1152.7],
          [137.8241282095101, 36.69704572097852, 1152.2],
          [137.82422595069175, 36.6970018438337, 1150.2],
          [137.82432684194362, 36.696964889453774, 1149.2],
          [137.824436646736, 36.69694752395338, 1147.3],
          [137.82454645152836, 36.696930158452986, 1145.8],
          [137.82465603825767, 36.69691194677764, 1144.2],
          [137.82476535815522, 36.69689269968448, 1142.2],
          [137.8248746780528, 36.69687345259132, 1138.9],
          [137.82498399795034, 36.69685420549816, 1136.3],
          [137.82509337425927, 36.69683516863907, 1132.5],
          [137.82520279539352, 36.696816298835195, 1130.1],
          [137.8253122165278, 36.69679742903132, 1126.2],
          [137.82542163766206, 36.69677855922745, 1122],
          [137.82553105879634, 36.69675968942357, 1119.6],
          [137.8256404799306, 36.6967408196197, 1115.5],
          [137.82574990106488, 36.696721949815824, 1112.9],
          [137.8258606910185, 36.696716368711776, 1109.1],
          [137.82597247748072, 36.69672046185973, 1106.3],
          [137.82608426394293, 36.69672455500767, 1102.3],
          [137.82619605040512, 36.69672864815561, 1098.2],
          [137.82630783686733, 36.69673274130356, 1095.5],
          [137.82641890602667, 36.69674328336471, 1091.6],
          [137.8265298162437, 36.69675525439696, 1088.7],
          [137.82664072646074, 36.69676722542922, 1084.7],
          [137.82675163667776, 36.69677919646147, 1080.3],
          [137.82686254689477, 36.69679116749373, 1077.7],
          [137.8269735175772, 36.69680274248516, 1073.6],
          [137.82708472661605, 36.69681275627088, 1070.6],
          [137.8271959356549, 36.6968227700566, 1066.6],
          [137.82730714469378, 36.69683278384232, 1062.8],
          [137.8274183537326, 36.69684279762804, 1060.6],
          [137.82752956277147, 36.69685281141376, 1057.5],
          [137.8276402488405, 36.696844663445276, 1056.2],
          [137.8277507619632, 36.696830509377975, 1054.3],
          [137.8278612750859, 36.69681635531067, 1053.5],
          [137.82795122207017, 36.69676868066811, 1051.8],
          [137.82803232801396, 36.6967065960883, 1050.6],
          [137.82811343395775, 36.69664451150849, 1048.9],
          [137.82819458598996, 36.69658246608788, 1047.2],
          [137.82827581554676, 36.696520486536336, 1045.9],
          [137.82832486448976, 36.696443124678616, 1045.2],
          [137.82835352664998, 36.69635601795595, 1044.3],
          [137.82834833842514, 36.69626798865606, 1043.4],
          [137.82832705533022, 36.69617952069764, 1042.5],
          [137.8283057722353, 36.69609105273921, 1040.5],
          [137.82828303398927, 36.69600282304714, 1039.1],
          [137.82825972682, 36.69591468651053, 1037.1],
          [137.82823641965072, 36.69582654997391, 1037],
          [137.82822013838577, 36.69573741344101, 1034],
          [137.8282045174808, 36.69564818291914, 1032.5],
          [137.82821109962615, 36.6955608917284, 1030.1],
          [137.82829481778057, 36.69553993680409, 1028.7],
          [137.8283624786991, 36.695608637348066, 1028.4],
          [137.82842544662768, 36.69568312927717, 1026.8],
          [137.82845516306963, 36.69576998342945, 1026.2],
          [137.82848448569553, 36.695856943657994, 1024.7],
          [137.8285098453243, 36.69594471194863, 1024.4],
          [137.82855848264165, 36.696024042686155, 1025.1],
          [137.82863171492903, 36.69608953809178, 1026.2],
          [137.82873203197832, 36.69612946571341, 1024.1],
          [137.8288236874019, 36.696180421251455, 1023.1],
          [137.82891208586875, 36.69623538277774, 1023],
          [137.82901843776966, 36.69625216257312, 1020.9],
          [137.82905377832336, 36.6961923719906, 1019.8],
          [137.82897731800412, 36.69612927548709, 1019.6],
          [137.82889182887797, 36.69607114360737, 1017.6],
          [137.82881129042073, 36.69601018395669, 1015.7],
          [137.82876302618587, 36.695928883898596, 1013.8],
          [137.8287746581908, 36.69584302050869, 1010.5],
          [137.8288031195685, 36.69575587114251, 1009.4],
          [137.82882623582677, 36.69566807548962, 1008.4],
          [137.8288307483575, 36.69557803592622, 1007.4],
          [137.82882604081468, 36.695488113078525, 1005.6],
          [137.82881801617123, 36.69539823222158, 1003.5],
          [137.82881488654624, 36.69530816066402, 1001.8],
          [137.82887963290128, 36.695247713501566, 1000.3],
          [137.82893811208814, 36.69532209602819, 998.6],
          [137.828970944088, 36.69540824287409, 997.7],
          [137.8290075285098, 36.69549337793422, 996],
          [137.8290457315466, 36.695578076558455, 993.6],
          [137.82906544007938, 36.69566661231845, 992],
          [137.8290803195798, 36.69575530107067, 991.1],
          [137.82916680179594, 36.69580359527731, 989.4],
          [137.82927572796677, 36.69579546012995, 988.1],
          [137.82938346483607, 36.695771107312204, 986.3],
          [137.8294940138601, 36.69575730173692, 985.3],
          [137.82960301480162, 36.69576799277647, 982.9],
          [137.82966833504443, 36.69583439298807, 981.2],
          [137.829698587794, 36.695920563376525, 979.7],
          [137.8297117281444, 36.69600987313408, 977.7],
          [137.82973854713947, 36.696094758306984, 977.6],
          [137.82980606611903, 36.69616486757352, 976.9],
          [137.82990184209714, 36.69621146898032, 975.1],
          [137.8299967884134, 36.69625915770621, 973.4],
          [137.83007597751256, 36.696319346070936, 971],
          [137.8301324691777, 36.69639700421337, 969.7],
          [137.83016720562543, 36.696482665455136, 966.8],
          [137.83019616474886, 36.69656966932351, 964.6],
          [137.8302234452063, 36.69665706330702, 963.4],
          [137.83025917655306, 36.6967424400717, 961.5],
          [137.83029544426321, 36.696827688806984, 959.3],
          [137.83036255080208, 36.69689935802176, 957.5],
          [137.83043471121135, 36.69696761795712, 958.2],
          [137.83052916689056, 36.697015936606974, 955.3],
          [137.83062362256976, 36.697064255256834, 953.6],
          [137.83071586732464, 36.69711525148843, 952.2],
          [137.83080773279008, 36.69716670706566, 950.4],
          [137.8308995982555, 36.697218162642905, 949],
          [137.83099146372095, 36.69726961822015, 947.1],
          [137.83099822901366, 36.69727340758801, 946.5]
        ],
        "type": "LineString"
      }
    },
    {
      "type": "Feature",
      "properties": {
        "name": "おむすび",
        "slope_deg": [
          24.22774531795417, 24.22774531795417, 24.22774531795417,
          24.10851589997543, 25.873385226286196, 26.104854009099192,
          24.46553511066253, 29.248826336547076, 32.72074484198177,
          35.1838366212463, 38.57236055106202, 38.39682457682462,
          34.702601312228246, 34.41114338393881, 33.92083178831031,
          30.006433790459237, 35.1838366212463, 31.06896350070932,
          32.72074484198154, 36.129444143240896, 31.383191056359134,
          34.5085229876684, 31.06896350070956, 28.14678121412189,
          31.06896350070932, 28.14678121412214, 30.43423575344341,
          29.574910497101147, 29.89890183861456, 32.005383208083494,
          29.466448275119998, 31.487469364213986, 28.25802961470689,
          27.699472808055, 27.81164686964395, 22.04794746356044,
          16.43605922463559, 6.842773412630876, -3.005269359690129,
          -3.005269359690129, -3.005269359690129, -3.005269359690129
        ],
        "horizontal_dist_map": 403,
        "slope_dist_map": 465,
        "elevation_diff_map": 207.5,
        "avg_slope_deg_map": 24,
        "max_slope_deg_map": 38.6
      },
      "geometry": {
        "coordinates": [
          [137.81299632752987, 36.701024565944905, 1458.1],
          [137.81310492033862, 36.701002794811835, 1453.4],
          [137.81321351314733, 36.70098102367876, 1450.2],
          [137.81332210595608, 36.70095925254569, 1444.8],
          [137.81343069876482, 36.700937481412616, 1440.1],
          [137.81353929157356, 36.70091571027954, 1435.5],
          [137.81364788438228, 36.70089393914647, 1430.8],
          [137.81375647719102, 36.7008721680134, 1425.2],
          [137.81386506999976, 36.70085039688032, 1421.9],
          [137.81397366280848, 36.70082862574725, 1413.1],
          [137.81408225561722, 36.70080685461418, 1405.1],
          [137.81419084842597, 36.7007850834811, 1397],
          [137.8142994412347, 36.70076331234803, 1390],
          [137.81440803404342, 36.70074154121496, 1381.4],
          [137.81451662685217, 36.70071977008189, 1377.4],
          [137.8146252196609, 36.70069799894881, 1369.6],
          [137.81473393621823, 36.70067690064528, 1363.1],
          [137.81484570355556, 36.70067238963931, 1358.3],
          [137.81495747089286, 36.70066787863335, 1349.2],
          [137.81506923823017, 36.700663367627385, 1345.5],
          [137.8151810055675, 36.700658856621416, 1337.4],
          [137.8152927729048, 36.700654345615455, 1329.1],
          [137.8154045402421, 36.70064983460949, 1324.8],
          [137.81551630757943, 36.70064532360353, 1318],
          [137.81562807491673, 36.70064081259756, 1313.3],
          [137.81573984225403, 36.7006363015916, 1307.7],
          [137.81585160959136, 36.70063179058564, 1300.7],
          [137.81596337692866, 36.70062727957967, 1296.6],
          [137.81607514426597, 36.70062276857371, 1289.8],
          [137.8161869116033, 36.70061825756775, 1285],
          [137.8162986789406, 36.700613746561785, 1277.7],
          [137.81640853688322, 36.7006267844483, 1271.6],
          [137.81651762718278, 36.70064687759964, 1267.2],
          [137.81662671748234, 36.70066697075098, 1260.5],
          [137.8167358077819, 36.700687063902315, 1256.2],
          [137.81684489808146, 36.70070715705366, 1250.6],
          [137.81695398838102, 36.700727250205, 1246.1],
          [137.81706307868058, 36.70074734335633, 1244.3],
          [137.81717216898014, 36.700767436507675, 1244.4],
          [137.8172812592797, 36.70078752965902, 1245.8],
          [137.81739034957928, 36.70080762281035, 1248.2],
          [137.8174240210497, 36.70081382469956, 1250.6]
        ],
        "type": "LineString"
      }
    },
    {
      "type": "Feature",
      "properties": {
        "name": "裏黒_#下部",
        "slope_deg": [
          22.416147479343643, 22.416147479343643, 22.416147479343643,
          24.22774531795417, 21.305783617828656, 16.961705886532968,
          19.417554141579338, 15.509334522675056, 12.816647648997623,
          13.766300685466197, 10.619655276155134, 14.708303899682749,
          16.304198003832376, 15.907551930525962, 17.09266295026772,
          10.896152141141194, 8.250387228905435, 8.390627013252708,
          7.547725773843047, 10.48121814413073, 11.7225209701022,
          8.810732985984655, 8.250387228905435, 8.390627013252708,
          13.224551192213651, 16.567741642975037, 18.52084947747122,
          19.162339354971724, 13.901350769508936, 10.896152141141194,
          9.090276920822133, 9.369385096487674, 12.816647648997623,
          11.996899307923577, 9.926245506651705, 5.142764557884112,
          5.142764557884112, 5.142764557884112, 5.142764557884112
        ],
        "horizontal_dist_map": 376,
        "slope_dist_map": 391,
        "elevation_diff_map": 91.4,
        "avg_slope_deg_map": 13.1,
        "max_slope_deg_map": 24.2
      },
      "geometry": {
        "coordinates": [
          [137.80851158150008, 36.70179016161537, 1514],
          [137.80858490445203, 36.7018582379277, 1510.9],
          [137.80865822740398, 36.701926314240026, 1505],
          [137.80873155035593, 36.70199439055236, 1499.4],
          [137.80880487330788, 36.70206246686469, 1497.5],
          [137.80887794707678, 36.70213069808018, 1492.9],
          [137.8089411730882, 36.702205051095774, 1489.4],
          [137.8090043990996, 36.702279404111366, 1487.2],
          [137.809067625111, 36.70235375712696, 1483.4],
          [137.8091308511224, 36.70242811014255, 1481.8],
          [137.80919407713378, 36.70250246315814, 1480.3],
          [137.8092573031452, 36.70257681617373, 1477.4],
          [137.8093205291566, 36.70265116918932, 1475.9],
          [137.80937738200407, 36.70272833967907, 1471.3],
          [137.80942135021385, 36.7028112062617, 1468.6],
          [137.80946531842363, 36.70289407284433, 1466],
          [137.8095092866334, 36.70297693942696, 1463.6],
          [137.8095532548432, 36.70305980600959, 1463.6],
          [137.80959722305295, 36.70314267259222, 1462.8],
          [137.80964119126273, 36.70322553917486, 1460.1],
          [137.8096851594725, 36.70330840575749, 1458.3],
          [137.8097291276823, 36.70339127234012, 1456.2],
          [137.80977309589207, 36.70347413892275, 1454.5],
          [137.80981722969463, 36.703556943139795, 1453.9],
          [137.80986804012423, 36.70363723280427, 1452.5],
          [137.80991885055386, 36.70371752246875, 1450.3],
          [137.80996966098348, 36.703797812133224, 1445.1],
          [137.81002047141308, 36.703878101797706, 1442],
          [137.8100712818427, 36.70395839146218, 1439.1],
          [137.8101202662194, 36.704039320351434, 1436.4],
          [137.81015852536163, 36.704124003696755, 1435.2],
          [137.81019678450386, 36.70420868704208, 1434.3],
          [137.81023504364612, 36.70429337038741, 1432.7],
          [137.81027330278835, 36.70437805373274, 1429.8],
          [137.8103115619306, 36.70446273707806, 1426.1],
          [137.81034309621336, 36.704549060415566, 1425.8],
          [137.81036961836827, 36.704636606061214, 1425.7],
          [137.81039614052315, 36.70472415170687, 1426.2],
          [137.81041319203817, 36.70478043619427, 1422.6]
        ],
        "type": "LineString"
      }
    },
    {
      "type": "Feature",
      "properties": {
        "name": "兎平ゲレンデ",
        "slope_deg": [
          23.025492008528037, 23.025492008528037, 23.025492008528037,
          27.24846742664491, 26.335410003881297, 29.248826336547076,
          27.47443162627734, 27.135139622076878, 26.793775628803207,
          25.873385226285933, 27.135139622076878, 24.346751854704813,
          26.45034506503404, 23.989064009552337, 24.584094695437884,
          26.793775628803207, 24.4655351106628, 26.335410003881556,
          23.989064009552337, 24.108515899975156, 27.36156482027085,
          25.75730921180767, 27.021581591177142, 23.629377730656817,
          20.931852540892464, 20.052082146098424, 16.96170588653267,
          18.00416160591338, 15.774985955414008, 14.97598451475675,
          13.495733280795996, 13.495733280795996, 12.68038349181982,
          10.896152141141194, 11.309932474020215, 6.842773412630876,
          6.560196400571501, 6.135733340186728, 5.994092949108534,
          6.701525844729548, 6.701525844729548, 6.701525844729548,
          6.701525844729548
        ],
        "horizontal_dist_map": 414,
        "slope_dist_map": 445,
        "elevation_diff_map": 150,
        "avg_slope_deg_map": 18.6,
        "max_slope_deg_map": 29.2
      },
      "geometry": {
        "coordinates": [
          [137.8101044467979, 36.69784211172779, 1554.4],
          [137.81021509716453, 36.69782866379791, 1551.7],
          [137.81032574753115, 36.697815215868026, 1546.8],
          [137.81043639789777, 36.697801767938145, 1543],
          [137.8105470482644, 36.69778832000826, 1537.4],
          [137.81065769863102, 36.69777487207838, 1531.1],
          [137.81076834899764, 36.697761424148496, 1527],
          [137.81087899936426, 36.697747976218615, 1520.6],
          [137.81098964973089, 36.697734528288734, 1516.6],
          [137.81110030009748, 36.69772108035885, 1510.6],
          [137.8112109504641, 36.69770763242897, 1506.8],
          [137.81132196279097, 36.69769661538345, 1501.2],
          [137.8114334238685, 36.69768861209682, 1496.1],
          [137.811544884946, 36.697680608810195, 1492.5],
          [137.81165634602348, 36.69767260552357, 1486.9],
          [137.811767807101, 36.69766460223694, 1483.4],
          [137.8118792681785, 36.69765659895032, 1477.8],
          [137.81199072925602, 36.697648595663686, 1472.3],
          [137.81210219033352, 36.69764059237706, 1468.7],
          [137.812213651411, 36.69763258909044, 1463.6],
          [137.81232511248854, 36.69762458580381, 1460],
          [137.81243657356603, 36.697616582517185, 1454.4],
          [137.81254803464353, 36.69760857923056, 1448],
          [137.81265949572105, 36.69760057594393, 1444.3],
          [137.81277095679854, 36.69759257265731, 1439.6],
          [137.81288236793915, 36.69758414108675, 1436.9],
          [137.81299373328514, 36.69757531675858, 1432.7],
          [137.8131050986311, 36.697566492430404, 1429.7],
          [137.81321646397708, 36.69755766810223, 1427.4],
          [137.81332782932307, 36.69754884377405, 1423.9],
          [137.81343895324414, 36.697538890006115, 1421.4],
          [137.81354757331468, 36.697517222664075, 1419],
          [137.8136561933852, 36.697495555322035, 1417.8],
          [137.81376481345575, 36.69747388797999, 1414.3],
          [137.81387343352628, 36.69745222063795, 1412.4],
          [137.81398205359682, 36.69743055329591, 1411.3],
          [137.81409067366738, 36.69740888595386, 1409.8],
          [137.81420147284825, 36.69739697487202, 1409.5],
          [137.81431266066184, 36.69738680376728, 1407.8],
          [137.81442384847546, 36.69737663266253, 1407],
          [137.81453503628907, 36.69736646155779, 1405.6],
          [137.81464622410266, 36.697356290453044, 1404.8],
          [137.8146932726071, 36.69735198660669, 1404.4]
        ],
        "type": "LineString"
      }
    },
    {
      "type": "Feature",
      "properties": {
        "name": "兎平ゲレンデ_うさぎ新コース",
        "slope_deg": [
          10.619655276155134, 10.619655276155134, 10.619655276155134,
          10.757967088390194, 14.170977562933274, 14.708303899682749,
          17.48442732322088, 19.290046219188735, 21.056705590704606,
          21.924785220541345, 22.660536301999084, 22.04794746356016,
          21.181349500266236, 20.556045219583467, 19.544862326628827,
          19.417554141579625, 19.544862326628827, 20.30447370996038,
          21.80140948635181, 24.346751854704813, 23.025492008528037,
          25.056088833535423, 23.26770481005701, 24.584094695437884,
          25.641005824305335, 25.290734392148046, 28.59038406079055,
          25.757309211807936, 27.135139622076878, 25.873385226286196,
          24.702430227771423, 27.36156482027059, 25.75730921180767,
          28.59038406079055, 27.248467426644652, 27.587067675863988,
          29.683140179123246, 27.135139622076878, 29.248826336547076,
          26.9077935265408, 27.021581591177142, 26.9077935265408,
          25.75730921180767, 25.407718108948472, 19.162339354972016,
          16.43605922463559, 10.896152141141194, 10.896152141141194,
          10.896152141141194, 10.896152141141194
        ],
        "horizontal_dist_map": 489,
        "slope_dist_map": 531,
        "elevation_diff_map": 196.1,
        "avg_slope_deg_map": 20.2,
        "max_slope_deg_map": 29.7
      },
      "geometry": {
        "coordinates": [
          [137.80918657242705, 36.69860975336223, 1573.7],
          [137.8092973266682, 36.69862264191061, 1571.7],
          [137.80940808090932, 36.69863553045899, 1570.4],
          [137.80951883515047, 36.69864841900738, 1568.2],
          [137.8096295893916, 36.69866130755576, 1566.2],
          [137.80974034363274, 36.69867419610414, 1564.1],
          [137.80985109787386, 36.698687084652526, 1560.3],
          [137.80995837626165, 36.69871004615269, 1557.7],
          [137.81006151031616, 36.698745017845745, 1553.6],
          [137.81016464437067, 36.69877998953881, 1550.1],
          [137.81026959784646, 36.69881049718726, 1544.9],
          [137.8103784091845, 36.69883153937027, 1541.6],
          [137.81048833458007, 36.698831712145584, 1536.9],
          [137.81059898694235, 36.69881826680465, 1533.9],
          [137.810709927468, 36.698815264372925, 1529.4],
          [137.81082121227342, 36.698824738486444, 1526.6],
          [137.81093186784895, 36.698836587942125, 1522.7],
          [137.81103826664187, 36.69886450674643, 1519.8],
          [137.81114466543477, 36.698892425550746, 1515.2],
          [137.81125178226793, 36.69891720449819, 1511.8],
          [137.81136355193252, 36.698921637475934, 1506.7],
          [137.81147532159713, 36.69892607045368, 1501.7],
          [137.8115870912617, 36.69893050343142, 1498.2],
          [137.8116988609263, 36.69893493640917, 1493.1],
          [137.81180485834113, 36.698913686361074, 1489.5],
          [137.81190760894478, 36.69887798996394, 1483.4],
          [137.81201035954845, 36.69884229356681, 1479],
          [137.8121131101521, 36.698806597169686, 1474.2],
          [137.81221862048255, 36.69877689710128, 1467.7],
          [137.8123254422055, 36.69875004642386, 1464.1],
          [137.81243226392846, 36.698723195746446, 1458.5],
          [137.8125390856514, 36.69869634506903, 1454.8],
          [137.81264914005027, 36.69868624996101, 1449.3],
          [137.81276104303657, 36.69868573643063, 1443.4],
          [137.81287294602288, 36.69868522290027, 1439.2],
          [137.81298484900918, 36.69868470936989, 1433],
          [137.81309609558423, 36.6986754375037, 1428.7],
          [137.81320726306973, 36.69866511036525, 1422.5],
          [137.81331843055526, 36.69865478322679, 1416.4],
          [137.81342894556457, 36.69864122173184, 1412.5],
          [137.8135384564247, 36.69862268262037, 1406.3],
          [137.81364796728485, 36.698604143508895, 1402.2],
          [137.81375747814496, 36.69858560439743, 1396],
          [137.8138669890051, 36.69856706528596, 1392.2],
          [137.81397800577693, 36.69855604851061, 1387],
          [137.81408920331546, 36.69854593470194, 1383.2],
          [137.814200400854, 36.69853582089327, 1382.1],
          [137.81431159839252, 36.6985257070846, 1380.4],
          [137.81442279593102, 36.69851559327592, 1379.3],
          [137.81453168952095, 36.69850568901951, 1377.6]
        ],
        "type": "LineString"
      }
    },
    {
      "type": "Feature",
      "properties": {
        "name": "リーゼンスラローム",
        "slope_deg": [
          15.242997742901395, 15.242997742901395, 15.242997742901395,
          17.092662950267425, 17.6146433000071, 19.925580658184323,
          19.034434354835426, 22.782405730481635, 23.025492008528037,
          25.407718108948472, 28.14678121412189, 26.793775628803207,
          28.700704956337432, 26.220246235243597, 27.021581591177142,
          26.220246235243597, 24.938427655457385, 26.104854009099455,
          20.931852540892464, 20.556045219583467, 18.00416160591338,
          15.774985955414008, 15.907551930525962, 16.961705886532968,
          18.906332035086372, 18.52084947747093, 20.681521678200784,
          17.874511367250133, 15.37625124882619, 13.360218444764483,
          12.270720357815385, 13.088732789694, 15.2429977429017,
          17.48442732322088, 21.056705590704606, 23.025492008528037,
          25.641005824305335, 26.793775628803207, 26.67952810669144,
          26.220246235243597, 25.290734392148046, 24.346751854704813,
          23.629377730656817, 23.38848242899485, 23.025492008528037,
          22.538450040827975, 21.677820852504254, 20.93185254089275,
          20.304473709960668, 19.925580658184323, 19.290046219188735,
          19.417554141579338, 18.906332035086372, 18.906332035086663,
          19.034434354835426, 18.778033222445426, 18.906332035086663,
          20.30447370996038, 18.39196625070533, 19.798876354525046,
          17.6146433000071, 16.961705886532968, 18.39196625070533,
          16.69924423399362, 18.00416160591338, 16.567741642975037,
          16.304198003832376, 16.961705886532968, 14.57421619803886,
          14.84222705791098, 11.996899307923577, 10.48121814413073,
          10.619655276155134, 8.9505586562316, 9.369385096487358,
          8.390627013252708, 7.829076510059608, 8.250387228905753,
          7.125016348901798, 7.266008446995867, 6.418786730238786,
          5.568737077976444, 5.568737077976766, 4.146688825966138,
          4.573921259900602, 5.142764557884436, 6.842773412630876,
          10.203973721731748, 11.58512622485511, 14.574216198038554,
          14.84222705791098, 16.69924423399362, 19.544862326628827,
          18.64953875405141, 20.68152167820107, 19.544862326628827,
          18.778033222445426, 18.26288994219419, 18.52084947747093,
          18.133621430820266, 18.00416160591338, 18.778033222445426,
          18.906332035086663, 21.05670559070489, 20.68152167820107,
          22.904057803637016, 21.554019920478787, 21.80140948635181,
          21.80140948635181, 21.554019920478787, 21.67782085250454,
          21.554019920478787, 21.43000730175244, 21.67782085250454,
          21.67782085250454, 21.924785220541064, 21.924785220541064,
          21.554019920478787, 23.14670784188283, 20.43036232928569,
          21.43000730175244, 19.162339354972016, 17.744671625056874,
          18.26288994219419, 15.642246457208788, 15.37625124882619,
          12.95276451337558, 11.585126224854799, 11.85977912094779,
          9.926245506651705, 10.342657140474548, 9.22988624372772,
          8.810732985984973, 9.090276920822133, 9.78720366465624,
          10.619655276155134, 11.44759626368548, 14.036243467926479,
          14.036243467926479, 16.039943306049665, 16.172159015782732,
          17.223436191131583, 17.874511367250133, 16.961705886532968,
          18.906332035086663, 17.092662950267425, 18.52084947747122,
          18.64953875405141, 18.39196625070533, 18.52084947747122,
          18.64953875405141, 18.64953875405141, 17.223436191131285,
          19.034434354835135, 17.6146433000071, 19.034434354835135,
          19.290046219188735, 18.778033222445426, 18.26288994219419,
          18.00416160591338, 19.034434354835426, 17.223436191131583,
          18.39196625070533, 15.77498595541431, 15.109575122340402,
          14.036243467926479, 13.224551192213344, 15.90755193052566,
          15.37625124882619, 18.906332035086663, 18.778033222445714,
          19.162339354972016, 20.681521678200784, 18.52084947747093,
          20.052082146098424, 18.26288994219419, 18.133621430820558,
          19.925580658184323, 18.133621430820558, 19.6719699892005,
          17.874511367250133, 18.00416160591338, 20.052082146098424,
          18.778033222445426, 20.68152167820107, 18.906332035086663,
          18.64953875405141, 18.778033222445714, 17.223436191131285,
          19.417554141579338, 18.00416160591338, 17.223436191131285,
          16.172159015782732, 13.360218444764483, 11.172136252167274,
          8.9505586562316, 6.56019640057118, 3.718993973158237,
          1.8614576304666637, 1.7183580016555222, 2.2906100426383995,
          5.142764557884112, 7.969610394321233, 10.203973721731748,
          14.170977562933274, 14.842227057911282, 17.35402463626132,
          18.133621430820266, 18.906332035086663, 19.798876354524758,
          18.906332035086663, 21.43000730175244, 20.30447370996038,
          22.17089563383452, 22.416147479343643, 22.293629159694188,
          22.293629159694053, 22.660536301999226, 22.904057803636878,
          23.749494492866653, 24.1085158999753, 23.98906400955247,
          23.98906400955247, 23.50904022419257, 23.025492008528037,
          22.660536301999226, 21.80140948635181, 21.056705590704752,
          20.556045219583467, 17.484427323220732, 16.567741642974887,
          15.109575122340402, 15.242997742901547, 12.68038349181982,
          12.68038349181982, 11.172136252167116, 10.619655276155134,
          12.543973346572077, 13.088732789694, 13.224551192213651,
          12.407418527400838, 14.036243467926479, 12.816647648997467,
          12.543973346572077, 12.407418527400683, 9.22988624372772,
          8.9505586562316, 8.9505586562316, 7.829076510059608, 8.11004782941916,
          8.11004782941916, 8.11004782941916, 8.11004782941916
        ],
        "horizontal_dist_map": 2512,
        "slope_dist_map": 2645,
        "elevation_diff_map": 773.4,
        "avg_slope_deg_map": 16.3,
        "max_slope_deg_map": 28.7
      },
      "geometry": {
        "coordinates": [
          [137.80636743569113, 36.69812044334662, 1676.8],
          [137.80647785758867, 36.69810582628899, 1675.8],
          [137.80658827948622, 36.69809120923136, 1672.3],
          [137.80669870138377, 36.69807659217373, 1669.9],
          [137.8068091232813, 36.6980619751161, 1665.9],
          [137.80691954517886, 36.69804735805847, 1663.5],
          [137.8070299670764, 36.698032741000844, 1659.6],
          [137.80714038897395, 36.698018123943214, 1655.4],
          [137.8072508108715, 36.698003506885584, 1652.1],
          [137.80736151173372, 36.697990418682856, 1646.7],
          [137.80747248633682, 36.697978830706, 1642.6],
          [137.80758346093992, 36.69796724272915, 1636.4],
          [137.80769443554303, 36.69795565475229, 1630.7],
          [137.8078054101461, 36.69794406677544, 1626.5],
          [137.8079163847492, 36.697932478798585, 1620.7],
          [137.8080273593523, 36.697920890821734, 1616.7],
          [137.80813833395538, 36.69790930284488, 1610.3],
          [137.8082493085585, 36.69789771486803, 1606.8],
          [137.8083602831616, 36.69788612689117, 1602.1],
          [137.80847125776467, 36.69787453891432, 1597.1],
          [137.80858223236777, 36.69786295093746, 1595],
          [137.808692174533, 36.69784658022316, 1591.8],
          [137.80880149599244, 36.697827334107686, 1589.1],
          [137.80891081745185, 36.697808087992215, 1585.8],
          [137.80902013891128, 36.69778884187674, 1583.6],
          [137.80912946037068, 36.69776959576127, 1579.6],
          [137.8092387818301, 36.6977503496458, 1575.4],
          [137.80934760591757, 36.6977294363566, 1572.4],
          [137.80945585710103, 36.69770660271277, 1568.5],
          [137.8095641082845, 36.697683769068945, 1566.7],
          [137.80967235946795, 36.69766093542511, 1564.4],
          [137.80978061065142, 36.69763810178128, 1562.9],
          [137.80988886183488, 36.69761526813745, 1559.8],
          [137.80999711301834, 36.69759243449362, 1557.4],
          [137.8101053642018, 36.69756960084979, 1553.5],
          [137.81021361538527, 36.69754676720596, 1550.3],
          [137.81032186656873, 36.697523933562124, 1544.4],
          [137.81043011775216, 36.6975010999183, 1540.4],
          [137.81053836893562, 36.697478266274466, 1534.3],
          [137.8106466201191, 36.69745543263063, 1530.1],
          [137.8107541466725, 36.69743056687888, 1524.3],
          [137.8108609548114, 36.69740368644963, 1520.7],
          [137.8109677629503, 36.69737680602038, 1515.4],
          [137.8110745710892, 36.697349925591126, 1512],
          [137.8111813792281, 36.69732304516187, 1506.8],
          [137.81128818736698, 36.69729616473262, 1503.4],
          [137.81139499550588, 36.69726928430337, 1498.4],
          [137.81150180364477, 36.697242403874114, 1495.4],
          [137.81160861178367, 36.69721552344486, 1490.9],
          [137.81171541992256, 36.69718864301561, 1488.1],
          [137.81182222806146, 36.697161762586354, 1483.6],
          [137.81192903620035, 36.69713488215711, 1480.9],
          [137.81203584433925, 36.697108001727855, 1476.9],
          [137.81214265247814, 36.6970811212986, 1474],
          [137.81225217085668, 36.697062853707884, 1469.9],
          [137.8123619848945, 36.697045525689205, 1467.2],
          [137.81247179893228, 36.69702819767052, 1463.1],
          [137.81258161297006, 36.69701086965184, 1460.4],
          [137.81269142700788, 36.69699354163316, 1456.2],
          [137.81280124104566, 36.69697621361448, 1452.4],
          [137.8129125159958, 36.69696767627661, 1449.8],
          [137.81302412357266, 36.696961140438226, 1446],
          [137.81313573114954, 36.69695460459985, 1443.5],
          [137.8132473387264, 36.69694806876147, 1440.2],
          [137.81335894630325, 36.6969415329231, 1436.5],
          [137.81347072881945, 36.69693755191013, 1434],
          [137.8135825520089, 36.69693416489181, 1430.5],
          [137.81369437519834, 36.696930777873476, 1428.3],
          [137.8138061983878, 36.69692739085515, 1424.8],
          [137.81391802157725, 36.69692400383683, 1421.8],
          [137.814029910066, 36.69692283524758, 1420.1],
          [137.81414180692119, 36.69692195089274, 1417.7],
          [137.81425370377636, 36.696921066537904, 1416.3],
          [137.81436560063153, 36.69692018218307, 1414.4],
          [137.8144774974867, 36.69691929782823, 1412.6],
          [137.81458939434188, 36.6969184134734, 1411.4],
          [137.81470129119705, 36.696917529118565, 1409.7],
          [137.81481318805226, 36.69691664476373, 1408.5],
          [137.81492505100593, 36.69691484854747, 1407.1],
          [137.8150368131669, 36.69691034127116, 1405.6],
          [137.81514857532787, 36.69690583399485, 1404.7],
          [137.8152603374888, 36.69690132671853, 1403.4],
          [137.81537098648303, 36.6968878960955, 1402.6],
          [137.8154816288392, 36.69687441226062, 1401.7],
          [137.81559267277888, 36.69686586808147, 1400.8],
          [137.8157045537931, 36.69686762029161, 1400.5],
          [137.8158164348073, 36.69686937250176, 1399.4],
          [137.8159283158215, 36.696871124711905, 1398.1],
          [137.8160401968357, 36.69687287692205, 1396],
          [137.8161517828513, 36.69687901666113, 1393.3],
          [137.81626324469656, 36.696887003192195, 1391.2],
          [137.8163747065418, 36.69689498972327, 1387.7],
          [137.81648616838703, 36.696902976254336, 1385.4],
          [137.81659763023228, 36.6969109627854, 1381.3],
          [137.81670713451672, 36.696929348319166, 1377],
          [137.81681652763808, 36.696948324376244, 1374.2],
          [137.81692592075942, 36.69696730043333, 1370.3],
          [137.81703531388078, 36.696986276490414, 1367.1],
          [137.81714470700214, 36.6970052525475, 1363.4],
          [137.81725410012348, 36.69702422860458, 1361],
          [137.81736349324484, 36.69704320466167, 1356.9],
          [137.81747288636618, 36.69706218071875, 1354],
          [137.81758227948754, 36.69708115677584, 1350.4],
          [137.81769167260887, 36.697100132832915, 1347.4],
          [137.81780016684075, 36.69712201672622, 1343.2],
          [137.8179078388483, 36.69714656045011, 1338.6],
          [137.81801551085582, 36.697171104174004, 1335.3],
          [137.81812318286333, 36.69719564789789, 1330.5],
          [137.81823085487088, 36.69722019162178, 1327.4],
          [137.8183385268784, 36.69724473534568, 1322.6],
          [137.81844619888594, 36.697269279069566, 1319.3],
          [137.81855428496362, 36.6972925080409, 1314.7],
          [137.81866347019943, 36.69731224697347, 1311.5],
          [137.81877265543523, 36.697331985906025, 1306.8],
          [137.818881840671, 36.69735172483858, 1303.6],
          [137.8189910259068, 36.69737146377115, 1298.8],
          [137.8191002111426, 36.697391202703706, 1295.6],
          [137.8192093963784, 36.697410941636264, 1290.7],
          [137.81932006524036, 36.69742340040777, 1287.5],
          [137.81943135831588, 36.69743279616042, 1283],
          [137.81954265139137, 36.697442191913076, 1278.5],
          [137.81965394446686, 36.697451587665725, 1275.8],
          [137.81976523754238, 36.69746098341838, 1271.8],
          [137.81987653061788, 36.69747037917103, 1269.1],
          [137.81998782369337, 36.69747977492368, 1265.7],
          [137.8200990840458, 36.69748413779033, 1262.6],
          [137.82021024884403, 36.69747380418285, 1260.6],
          [137.82032141364223, 36.697463470575364, 1258.1],
          [137.82043257844046, 36.69745313696789, 1256.5],
          [137.82054374323866, 36.6974428033604, 1254.4],
          [137.8206549080369, 36.69743246975292, 1252.2],
          [137.82076607283508, 36.69742213614544, 1251.1],
          [137.82087723763328, 36.69741180253796, 1249.2],
          [137.8209884024315, 36.69740146893047, 1247.9],
          [137.82109731459093, 36.697380924683515, 1246],
          [137.8212060974438, 36.69735979432277, 1244.7],
          [137.82131488029665, 36.697338663962036, 1242.3],
          [137.82142366314952, 36.69731753360129, 1240.4],
          [137.82153244600238, 36.69729640324055, 1237.9],
          [137.82164122885524, 36.69727527287981, 1234.7],
          [137.8217500117081, 36.697254142519064, 1232.3],
          [137.82185879456097, 36.69723301215833, 1228.9],
          [137.82196672035798, 36.69720960562508, 1226.3],
          [137.82207175952038, 36.697178532755764, 1222.3],
          [137.8221767986828, 36.697147459886445, 1219.4],
          [137.8222818378452, 36.69711638701713, 1216.7],
          [137.8223868770076, 36.69708531414781, 1212.6],
          [137.82249191617, 36.697054241278494, 1210],
          [137.82259695533241, 36.69702316840918, 1206],
          [137.8227019944948, 36.69699209553986, 1203.2],
          [137.8228070336572, 36.69696102267054, 1199.3],
          [137.8229120728196, 36.69692994980123, 1196.6],
          [137.823017111982, 36.69689887693191, 1192.5],
          [137.82312215114442, 36.69686780406259, 1189.7],
          [137.82322719030682, 36.69683673119328, 1186.9],
          [137.82333222946923, 36.69680565832396, 1182.8],
          [137.82343726863164, 36.69677458545464, 1179.8],
          [137.82354326835605, 36.69674623340336, 1175.9],
          [137.8236528952876, 36.696728155515224, 1172.9],
          [137.8237625222192, 36.696710077627095, 1169.2],
          [137.82387214915076, 36.69669199973897, 1166.6],
          [137.82398177608235, 36.69667392185083, 1162.9],
          [137.8240914030139, 36.6966558439627, 1159.1],
          [137.8242010299455, 36.696637766074566, 1156.8],
          [137.82431065687706, 36.69661968818644, 1153.3],
          [137.82442028380865, 36.6966016102983, 1151.6],
          [137.8245299107402, 36.69658353241017, 1148.3],
          [137.8246395376718, 36.696565454522045, 1146.8],
          [137.82474942474974, 36.696549204846484, 1143.9],
          [137.82486128799448, 36.69654684294062, 1140.2],
          [137.8249731512392, 36.696544481034756, 1137.3],
          [137.82508501448393, 36.69654211912889, 1133.1],
          [137.82519687772864, 36.69653975722303, 1130.3],
          [137.82530874097338, 36.696537395317165, 1126.3],
          [137.82542060421812, 36.6965350334113, 1122.2],
          [137.82553246746284, 36.696532671505445, 1119.7],
          [137.82564433070758, 36.69653030959958, 1115.7],
          [137.8257561939523, 36.69652794769372, 1113.1],
          [137.82586805719703, 36.69652558578785, 1109.1],
          [137.8259799309162, 36.69652501524894, 1105.2],
          [137.82609181681804, 36.69652652823079, 1102.6],
          [137.8262037027199, 36.696528041212645, 1098.8],
          [137.82631558862178, 36.6965295541945, 1096.2],
          [137.8264264301842, 36.6965370177878, 1092.2],
          [137.82653445460292, 36.696560533372704, 1088],
          [137.82664247902161, 36.69658404895761, 1085.2],
          [137.82675050344034, 36.69660756454252, 1081.1],
          [137.82685852785903, 36.696631080127425, 1078.5],
          [137.82696629408446, 36.69665512593054, 1074.5],
          [137.82706537244658, 36.696697012877095, 1071.6],
          [137.82716445080868, 36.69673889982365, 1068.7],
          [137.8272635291708, 36.696780786770205, 1064.4],
          [137.82736260753293, 36.69682267371675, 1061.5],
          [137.82746168589506, 36.69686456066331, 1059.2],
          [137.82756076425716, 36.69690644760986, 1057.1],
          [137.82765984261928, 36.69694833455642, 1054.9],
          [137.8277589209814, 36.69699022150297, 1053.6],
          [137.82785799934354, 36.69703210844953, 1052.9],
          [137.82795707770566, 36.69707399539608, 1052.5],
          [137.82805615606776, 36.697115882342636, 1052.3],
          [137.8281552344299, 36.69715776928919, 1052.3],
          [137.82825885724094, 36.69719160484281, 1051.7],
          [137.82836319985014, 36.697224165131196, 1050.9],
          [137.82846754245935, 36.697256725419585, 1048.7],
          [137.82857188506856, 36.69728928570797, 1046.7],
          [137.82867622767776, 36.697321845996356, 1044.5],
          [137.82878057028694, 36.697354406284745, 1040.8],
          [137.82888491289614, 36.697386966573134, 1038.1],
          [137.82898925550535, 36.697419526861516, 1034.2],
          [137.82909359811455, 36.697452087149905, 1031.4],
          [137.82919794072376, 36.697484647438294, 1027.1],
          [137.82930228333296, 36.69751720772668, 1023.7],
          [137.82940662594217, 36.697549768015065, 1020.5],
          [137.82951096855138, 36.697582328303454, 1015.7],
          [137.82961607784873, 36.69761323941945, 1012.3],
          [137.8297213343432, 36.697643833909375, 1007.4],
          [137.82982659083765, 36.697674428399296, 1004],
          [137.82993184733215, 36.697705022889224, 999.3],
          [137.8300371038266, 36.69773561737915, 995.9],
          [137.8301423603211, 36.69776621186908, 990.7],
          [137.83024761681557, 36.69779680635901, 987.1],
          [137.83035287331006, 36.69782740084894, 981.7],
          [137.83045812980453, 36.697857995338865, 978],
          [137.83056746061698, 36.69787682212093, 972.9],
          [137.83067719160363, 36.69789449309397, 969.3],
          [137.8307869225903, 36.697912164067006, 964.3],
          [137.83089665357699, 36.69792983504004, 961],
          [137.83100638456364, 36.69794750601308, 956.2],
          [137.83111450870896, 36.697955906350565, 953.3],
          [137.83121403743965, 36.69791471563375, 948.9],
          [137.8313135661703, 36.69787352491694, 946],
          [137.831413094901, 36.697832334200136, 943.6],
          [137.83150514845622, 36.69778159893042, 941.4],
          [137.8315941926381, 36.6977270211926, 938.1],
          [137.83168323682, 36.697672443454785, 935.1],
          [137.83176693640183, 36.69761343713274, 934.6],
          [137.83183722776653, 36.697543320639966, 932.4],
          [137.83190751913122, 36.6974732041472, 930.2],
          [137.83191621966128, 36.69738503982, 927.6],
          [137.8319183250497, 36.697294942932125, 925.7],
          [137.83192236778837, 36.697205030628936, 923.1],
          [137.8319464299244, 36.69711702571148, 920.8],
          [137.8319704920604, 36.69702902079403, 918.8],
          [137.83199455419643, 36.69694101587657, 915.7],
          [137.83206292104038, 36.69686992307933, 914],
          [137.83213228606812, 36.696799211311685, 911.9],
          [137.83220165109586, 36.69672849954404, 910],
          [137.83227101612363, 36.69665778777638, 909.2],
          [137.83236271438344, 36.69660818325112, 907.7],
          [137.8324604213689, 36.69656425760062, 905.6],
          [137.83255812835435, 36.69652033195012, 904.5],
          [137.83265583533978, 36.69647640629962, 903.5],
          [137.83267659678933, 36.69646707267652, 903.4]
        ],
        "type": "LineString"
      }
    },
    {
      "type": "Feature",
      "properties": {
        "name": "スカイライン_林間コース",
        "slope_deg": [
          7.406912128495294, 7.406912128495294, 7.406912128495294,
          8.250387228905753, 9.50877195829791, 11.172136252167274,
          11.172136252166961, 8.390627013252388, 6.842773412630876,
          3.7189939731579127, 4.858462919034416, 4.289153328819018,
          5.142764557884436, 4.7162212343382155, 3.005269359689804,
          7.829076510059608, 4.7162212343382155, 5.142764557884436,
          6.418786730238786, 5.852378988915814, 9.22988624372772,
          11.85977912094779, 9.369385096487674, 8.250387228905435,
          6.135733340186728, 5.568737077976766, 6.983937460085098,
          4.289153328819018, 5.994092949108534, 3.8616074096751394,
          2.862405226111748, 4.7162212343382155, 4.289153328819018,
          4.431564716435714, 6.701525844729548, 6.135733340186728,
          5.568737077976444, 6.842773412630876, 6.135733340186728,
          7.266008446996189, 7.125016348901798, 6.701525844729548,
          7.688447769903003, 5.568737077976444, 7.266008446996189,
          5.994092949108534, 4.146688825965815, 4.858462919034416,
          3.290883686067228, 4.146688825966138, 4.431564716436037,
          5.000644597558433, 5.142764557884112, 4.573921259900602,
          8.810732985984973, 4.0041729407093225, 1.4320961841646465,
          4.289153328819018, 0.7161599454704085, 0.7161599454704085,
          3.005269359690129, 0.8593722436448762, -1.0025738037601275,
          4.146688825966138, 4.0041729407093225, 3.290883686067228,
          3.8616074096751394, 5.142764557884112, 1.8614576304666637,
          1.5752369256829246, 2.0045340321057092, 0.8593722436445507,
          3.8616074096751394, 5.568737077976766, 4.289153328819018,
          5.000644597558433, 3.005269359689804, 0.7161599454704085,
          4.0041729407093225, 5.568737077976766, 7.688447769903003,
          9.09027692082245, 10.342657140474863, 7.125016348901798,
          10.619655276155134, 9.090276920822133, 5.142764557884112,
          6.842773412630876, 0.4297102894009785, 1.57523692568325,
          3.005269359689804, 1.8614576304666637, 5.4268124985727555,
          6.983937460085098, 5.142764557884436, 8.11004782941916,
          6.277298489597683, 6.135733340186728, 5.568737077976444,
          2.0045340321060343, 2.862405226111748, 2.719505461272635,
          5.710593137499643, 6.983937460085098, 8.390627013252708,
          7.688447769903003, 7.547725773843367, 7.547725773843367,
          6.418786730238786, 5.994092949108213, 5.000644597558433,
          2.0045340321057092, 2.7195054612723095, 3.8616074096751394,
          4.289153328819018, 8.250387228905435, 7.969610394321551,
          5.000644597558433, 6.418786730238786, 2.862405226111748,
          4.0041729407093225, 7.688447769903003, 5.994092949108213,
          9.50877195829791, 6.418786730238786, 6.277298489597361,
          5.000644597558433, 6.277298489597683, 7.829076510059608,
          4.431564716436037, 6.277298489597683, 5.710593137499643,
          6.418786730238786, 7.969610394321233, 8.9505586562316,
          6.701525844729548, 6.277298489597361, 7.969610394321551,
          7.829076510059608, 7.406912128494972, 7.829076510059608,
          11.7225209701022, 9.78720366465624, 6.277298489597683,
          5.2848210925090795, -1.7183580016555222, -1.0025738037601275,
          6.277298489597683, 2.862405226111748, 3.8616074096751394,
          2.433606100720186, -0.14323915036850196, 2.433606100720186,
          4.7162212343382155, 5.710593137499643, 4.858462919034416,
          6.56019640057118, 6.277298489597683, 9.22988624372772,
          7.547725773843047, 6.277298489597683, 4.8584629190340936,
          4.146688825965815, 4.573921259900927, 5.568737077976766,
          6.842773412630876, 3.433630362450652, 4.8584629190340936,
          5.000644597558433, 3.433630362450652, 4.858462919034416,
          4.146688825966138, 3.8616074096748143, 4.858462919034416,
          4.431564716435714, 4.573921259900927, 6.701525844729548,
          5.284821092508756, 6.842773412630876, 7.406912128495294,
          4.146688825966138, 7.406912128495294, 5.142764557884436,
          5.852378988915493, 5.2848210925090795, 3.576334374997351,
          3.576334374997351, 1.8614576304666637, 3.576334374997351,
          1.1457628381750384, 5.710593137499643, 6.842773412630876,
          4.289153328819018, 5.142764557884436, 1.4320961841646465,
          1.7183580016555222, 4.8584629190340936, 4.7162212343382155,
          2.433606100719861, 1.4320961841646465, 0.4297102894009785,
          0.7161599454704085, 3.433630362450652, 1.57523692568325,
          1.2889375601870259, 2.5765718302687652, 2.433606100720186,
          5.284821092508756, 7.829076510059608, 9.50877195829791,
          7.969610394321233, 7.829076510059608, 5.710593137499643,
          2.719505461272635, 5.568737077976766, 4.431564716436037,
          5.000644597558433, 6.418786730238786, 4.431564716435714,
          5.852378988915493, 6.701525844729548, 6.135733340186728,
          5.2848210925090795, 4.431564716436037, 5.2848210925090795,
          5.2848210925090795, 7.266008446995867, 5.994092949108213,
          4.289153328819018, 5.4268124985727555, 3.005269359690129,
          3.433630362450652, 5.994092949108213, 4.431564716435714,
          6.277298489597361, 7.266008446995867, 4.858462919034416,
          1.7183580016555222, 1.861457630466989, 1.57523692568325,
          2.2906100426383995, 4.146688825966138, 4.573921259900602,
          4.431564716435714, 4.146688825966138, 5.000644597558433,
          5.710593137499643, 5.994092949108534, 5.4268124985727555,
          5.710593137499643, 4.004172940709647, 4.431564716435714,
          4.431564716436037, 5.4268124985727555, 6.135733340186728,
          5.142764557884436, 5.000644597558433, 4.7162212343382155,
          5.852378988915493, 5.994092949108534, 5.568737077976444,
          5.568737077976444, 5.568737077976444, 5.568737077976444
        ],
        "horizontal_dist_map": 2626,
        "slope_dist_map": 2650,
        "elevation_diff_map": 239.1,
        "avg_slope_deg_map": 5.2,
        "max_slope_deg_map": 11.9
      },
      "geometry": {
        "coordinates": [
          [137.81059599879305, 36.70137842249425, 1492.3],
          [137.8106999255636, 36.7014118450148, 1490.9],
          [137.81080399579224, 36.70144490742896, 1489.7],
          [137.81091267451686, 36.701466401666636, 1488.2],
          [137.81102135324144, 36.70148789590431, 1487.1],
          [137.81112992043109, 36.701509714588504, 1485.1],
          [137.81123685491363, 36.70153628269086, 1483],
          [137.8113458556492, 36.70154130712084, 1480.3],
          [137.81145658805877, 36.70152827469633, 1479.2],
          [137.811567319196, 36.7015152355274, 1479.2],
          [137.81167805033323, 36.701502196358476, 1478.2],
          [137.81178878147045, 36.70148915718955, 1477.7],
          [137.8118995094733, 36.70147610488614, 1475.8],
          [137.81200835630446, 36.701455169591206, 1476.2],
          [137.8121172031356, 36.70143423429627, 1474.6],
          [137.81222390598768, 36.70140778831576, 1474.4],
          [137.81232761407443, 36.70137420575236, 1473.7],
          [137.81241863864545, 36.70132178456012, 1470.7],
          [137.81249401006025, 36.70125836044188, 1471.3],
          [137.81254622038892, 36.70117865591906, 1470.8],
          [137.8125984307176, 36.70109895139624, 1469.2],
          [137.81270029315272, 36.701063094300395, 1466.6],
          [137.81281171066794, 36.701071524149164, 1464.8],
          [137.8128516771648, 36.701149173580156, 1462.4],
          [137.8128387950395, 36.70123851072587, 1462.6],
          [137.81280729103895, 36.70132481213686, 1460.8],
          [137.81276472285916, 36.70140815104721, 1460.5],
          [137.81272361430774, 36.70149195553001, 1458.5],
          [137.81268376588508, 36.70157616195157, 1457.7],
          [137.8126439174624, 36.701660368373126, 1457.8],
          [137.81260406903974, 36.70174457479468, 1456.3],
          [137.81255505535395, 36.701825128930416, 1455.8],
          [137.81249608303227, 36.70190171462744, 1455.7],
          [137.8124371107106, 36.70197830032446, 1454.5],
          [137.81236994829774, 36.70204945670619, 1453.3],
          [137.81228793456955, 36.702110767962594, 1452.7],
          [137.81219918230437, 36.70216472116166, 1451],
          [137.8121022052337, 36.70220969339199, 1450.2],
          [137.81200295961838, 36.70225013241079, 1449.4],
          [137.81189435310895, 36.70227186564278, 1447.9],
          [137.81178583531585, 36.702293871171356, 1446.7],
          [137.8116779679661, 36.702317873101954, 1445.1],
          [137.81157010061634, 36.70234187503255, 1444.4],
          [137.81146219205718, 36.70236575086361, 1443.2],
          [137.81135362253272, 36.70238760416036, 1441.3],
          [137.81124505300824, 36.70240945745711, 1441.2],
          [137.81113614615944, 36.702430017412205, 1439.3],
          [137.8110258310272, 36.702445177841085, 1439],
          [137.81091551589495, 36.70246033826996, 1438.4],
          [137.8108052007627, 36.70247549869884, 1437.8],
          [137.81070211882434, 36.702509469823234, 1437],
          [137.81060320573178, 36.70255129404665, 1436.1],
          [137.81052155768623, 36.70260996618969, 1435.3],
          [137.81045876830848, 36.70268455882559, 1434.3],
          [137.81040051041506, 36.70276145417451, 1433.4],
          [137.81038700477828, 36.70284649116391, 1432.9],
          [137.81039991701732, 36.702936002097296, 1429.1],
          [137.81041282925636, 36.70302551303068, 1431.5],
          [137.81043250636048, 36.703114167795334, 1432.4],
          [137.8104477499106, 36.703202950654415, 1429.9],
          [137.81044262337846, 36.70329296880448, 1428.6],
          [137.81043749684633, 36.70338298695455, 1431],
          [137.81042440122914, 36.703472397482464, 1430.3],
          [137.81040845274026, 36.70356159048628, 1429.3],
          [137.81039258792427, 36.7036507931358, 1429.3],
          [137.81037760189574, 36.703740061016894, 1428.1],
          [137.81037422144007, 36.70383013263727, 1427.5],
          [137.8103728087113, 36.70392013288213, 1427],
          [137.81038623332427, 36.70400959493088, 1426.6],
          [137.8103996579372, 36.70409905697962, 1424.5],
          [137.81041283876073, 36.70418854199025, 1426.2],
          [137.8104254181483, 36.70427808364853, 1425.9],
          [137.81043864361035, 36.70436755226883, 1425.2],
          [137.8104571725725, 36.70445642133451, 1423.9],
          [137.8104747576267, 36.704545407499886, 1423.5],
          [137.81049030845392, 36.70463464602813, 1422],
          [137.81049724831146, 36.704724286144355, 1422.2],
          [137.8104864827662, 36.704812089831265, 1420.4],
          [137.8104188561613, 36.704883889513646, 1421.4],
          [137.81032967094026, 36.704937647492365, 1421.5],
          [137.81027608431555, 36.705015189947254, 1419.4],
          [137.81027871924715, 36.70510151536443, 1416.5],
          [137.81034698074697, 36.70516686293532, 1416],
          [137.8104322912604, 36.70516866207195, 1415.1],
          [137.81050616376976, 36.70510178373381, 1412.1],
          [137.8105671429383, 36.705026222655945, 1411.5],
          [137.81061695025306, 36.70494561336286, 1408.5],
          [137.81066501827434, 36.70486424659217, 1408.7],
          [137.8107044929655, 36.7047799256642, 1408.5],
          [137.81074368395886, 36.70469552282162, 1406.7],
          [137.81077975313, 36.70461021858742, 1408.2],
          [137.81081582230112, 36.704524914353215, 1407.6],
          [137.8108542443589, 36.70444030350416, 1406.4],
          [137.81089508189987, 36.70435640448715, 1405.4],
          [137.81093411823403, 36.70427199760939, 1404.4],
          [137.8109672038836, 36.70418591290143, 1402.7],
          [137.81099006802765, 36.7040978782277, 1402.8],
          [137.81100846578343, 36.70400899149707, 1399.7],
          [137.81102686353918, 36.70392010476644, 1400],
          [137.8110475658443, 36.703831551963674, 1398.4],
          [137.8110688055145, 36.70374307702479, 1398.9],
          [137.8111003819663, 36.70365665485693, 1398.3],
          [137.8111641768295, 36.70358391328697, 1398],
          [137.81127492989296, 36.70357617796055, 1396.5],
          [137.81137804089786, 36.703601549391664, 1394.9],
          [137.81144936104852, 36.70366671650705, 1393.4],
          [137.81146913124087, 36.70375541197843, 1392.1],
          [137.81141632669352, 36.70382889681304, 1391.1],
          [137.81135763922848, 36.703905426527676, 1389.6],
          [137.81131410801487, 36.70398799742111, 1388.1],
          [137.81128284351524, 36.70407416430155, 1387.6],
          [137.81127062547986, 36.70416373839505, 1386.9],
          [137.81125840744446, 36.70425331248855, 1386.1],
          [137.81125042650007, 36.70434313113522, 1386.7],
          [137.81124665310028, 36.70443319262972, 1385.7],
          [137.81124148354806, 36.70452319967207, 1384.2],
          [137.81123442953609, 36.70461313321751, 1383.1],
          [137.81122737552414, 36.704703066762946, 1380.9],
          [137.81121283016836, 36.70479237553165, 1380.1],
          [137.8111968428656, 36.70488156404225, 1380.7],
          [137.81118085556284, 36.704970752552846, 1378.6],
          [137.8111646389342, 36.70505991414864, 1378.9],
          [137.81114834048182, 36.70514906614121, 1377.3],
          [137.81113221901253, 36.705238238887446, 1375.3],
          [137.81111626218814, 36.70532743094052, 1374.4],
          [137.81109437792912, 36.70541568236566, 1372.2],
          [137.81106963242235, 36.70550349243552, 1372.8],
          [137.81105234438434, 36.705592523498574, 1370.9],
          [137.81103418208332, 36.70568143934475, 1370.9],
          [137.81101531688904, 36.70577026255843, 1367.8],
          [137.81101529349598, 36.70585978643222, 1367.3],
          [137.8110239107215, 36.705949631620136, 1367.8],
          [137.81103469789835, 36.7060393099164, 1366.5],
          [137.81104736026603, 36.706128843991124, 1363.8],
          [137.8110600226337, 36.706218378065856, 1362.8],
          [137.8110726850014, 36.70630791214059, 1362.2],
          [137.81108534736907, 36.70639744621531, 1360.2],
          [137.81109348829486, 36.706487277486524, 1359.1],
          [137.81109902849883, 36.70657727970438, 1358.4],
          [137.81110098140263, 36.7066672722755, 1356.6],
          [137.81109469474265, 36.70675724268933, 1354.7],
          [137.811095560082, 36.70684720225572, 1353.9],
          [137.81110422757746, 36.706936991158145, 1352.9],
          [137.8111203296602, 36.70702616630042, 1348.3],
          [137.81120494056998, 36.70705168109094, 1347.8],
          [137.811280985066, 36.70698951613099, 1349.5],
          [137.81130075659414, 36.706901557892635, 1349.2],
          [137.8113064601129, 36.70681188317079, 1349.5],
          [137.81130517714013, 36.70672181870385, 1348.5],
          [137.81131412346969, 36.70663199437935, 1345.1],
          [137.81133002384675, 36.70654311002811, 1347.2],
          [137.81135799678805, 36.70645585751609, 1346.8],
          [137.81138278693615, 36.706368023854274, 1346.8],
          [137.811404294199, 36.70627959076673, 1345.2],
          [137.81142580146187, 36.70619115767918, 1345.5],
          [137.81145642968787, 36.70610493089701, 1343.5],
          [137.81149901040143, 36.70602159534873, 1342.8],
          [137.81154373242447, 36.70593902193695, 1341.8],
          [137.81159161400578, 36.70585757307755, 1340.9],
          [137.81163949558712, 36.705776124218154, 1339.1],
          [137.81168894116615, 36.70569529322945, 1336.3],
          [137.81173963842969, 36.70561495672939, 1336.5],
          [137.8117903356932, 36.70553462022934, 1336.5],
          [137.81184644112992, 36.705456733953284, 1335.7],
          [137.81190540454352, 36.70538014251069, 1333.4],
          [137.8119787371522, 36.70531269024107, 1333.3],
          [137.81205761916684, 36.70524876753458, 1332.6],
          [137.81215781172307, 36.70521080165496, 1330.9],
          [137.81226663840565, 36.705196935820474, 1331],
          [137.81237464573525, 36.705211046127715, 1329.9],
          [137.81247721477507, 36.705247095082555, 1329.1],
          [137.81257650741517, 36.70528853391189, 1328.5],
          [137.8126789956564, 36.70532447301406, 1327.6],
          [137.81278111268108, 36.705360792696005, 1327],
          [137.81287503683723, 36.70540979129525, 1326.4],
          [137.81296896099337, 36.70545878989451, 1325.1],
          [137.81306298740714, 36.70550764346494, 1324.5],
          [137.8131633785636, 36.70554747011914, 1323.8],
          [137.81326376972, 36.70558729677335, 1321.7],
          [137.81336366812502, 36.70562791724373, 1321.4],
          [137.81346347947004, 36.7056686779666, 1319.7],
          [137.8135663122755, 36.70570155339694, 1318.6],
          [137.81367729526067, 36.7057131587983, 1318.8],
          [137.81378827824585, 36.70572476419966, 1316.2],
          [137.81389997322, 36.70572763901732, 1316.1],
          [137.81401188801064, 36.70572781839134, 1314.5],
          [137.8141180887934, 36.70570597937841, 1315.1],
          [137.81422055039366, 36.70566973178074, 1313.7],
          [137.81432301199393, 36.70563348418307, 1313.6],
          [137.81441471602858, 36.70558258283403, 1313.2],
          [137.8145035566396, 36.70552778098382, 1312.6],
          [137.8145969300206, 36.70547857778277, 1312.9],
          [137.8146950525899, 36.7054352405399, 1309.6],
          [137.81479317515922, 36.705391903297034, 1308.4],
          [137.8148918300833, 36.705349380926435, 1309.6],
          [137.8149917667964, 36.70530882058266, 1309.3],
          [137.8150917035095, 36.70526826023888, 1308.6],
          [137.8151916402226, 36.705227699895104, 1307.2],
          [137.81529109931074, 36.70518638819054, 1306.2],
          [137.81539041655748, 36.70514485335259, 1306],
          [137.8154897338042, 36.705103318514645, 1306.9],
          [137.81558565464462, 36.70505748346169, 1306.2],
          [137.8156744868274, 36.705002673407144, 1305.9],
          [137.8157563956338, 36.70494261382065, 1305.5],
          [137.815819011577, 36.70486792574988, 1304.5],
          [137.81585911942446, 36.70478533402463, 1305.1],
          [137.81588449014274, 36.70469756739792, 1305],
          [137.81598614933836, 36.70466102048457, 1303.7],
          [137.8160914154391, 36.70465433953553, 1302.8],
          [137.81617576186707, 36.704697433793996, 1301.4],
          [137.81620082385862, 36.704783808393586, 1299.5],
          [137.8161654987384, 36.704869308771194, 1297],
          [137.8160965336643, 36.70494027828314, 1297.2],
          [137.8160275685902, 36.70501124779508, 1295.9],
          [137.81595855093528, 36.70508218376934, 1295.5],
          [137.81588852070618, 36.70515247389244, 1295.1],
          [137.81581849047708, 36.70522276401554, 1293.3],
          [137.815748460248, 36.705293054138636, 1292.8],
          [137.81567023677908, 36.70535730584258, 1292],
          [137.81558946092412, 36.70541967643756, 1290.6],
          [137.81550868506915, 36.70548204703253, 1290.2],
          [137.81542790921415, 36.705544417627515, 1288.7],
          [137.81534158853253, 36.7056017695346, 1287.3],
          [137.8152552456401, 36.70565910133844, 1286.3],
          [137.81516890274764, 36.70571643314228, 1286.5],
          [137.8150896438996, 36.70577981683647, 1285.6],
          [137.8150134612564, 36.70584582852868, 1283.6],
          [137.8149372786132, 36.70591184022089, 1282.6],
          [137.81486362722205, 36.70597958696529, 1281.4],
          [137.81479485780383, 36.70605068006854, 1281.4],
          [137.8147260883856, 36.7061217731718, 1280.6],
          [137.81465731896736, 36.70619286627505, 1278.8],
          [137.81455977183737, 36.70623513865819, 1279.3],
          [137.81445876744368, 36.706273948610736, 1279],
          [137.81435776305, 36.706312758563286, 1276.4],
          [137.8142542536331, 36.70634697047776, 1275.7],
          [137.81415038302222, 36.70638051941091, 1274.9],
          [137.81404651241135, 36.70641406834406, 1273.9],
          [137.81394264180048, 36.70644761727721, 1273],
          [137.8138384263611, 36.70648046542397, 1274.5],
          [137.81373419395032, 36.7065132790803, 1273.6],
          [137.81362611232473, 36.706536487366485, 1272.8],
          [137.8135177173594, 36.706558913741574, 1271.4],
          [137.81340932239408, 36.706581340116664, 1271.6],
          [137.81330169192768, 36.706606018160855, 1270.4],
          [137.81319420448895, 36.70663111746259, 1269.7],
          [137.8130867170502, 36.70665621676434, 1268.5],
          [137.81301091991338, 36.70669796444055, 1268.1],
          [137.81302568634212, 36.706787289326826, 1266.4],
          [137.81304045277085, 36.70687661421311, 1265.5],
          [137.8130792571392, 36.706959627665576, 1264.7],
          [137.81313272755588, 36.70703879038065, 1264.1],
          [137.81318619797253, 36.707117953095725, 1263.6],
          [137.8132396683892, 36.7071971158108, 1262.4],
          [137.81329284718657, 36.70727639712609, 1261.6],
          [137.81334024259527, 36.70735803051873, 1260.3],
          [137.81338763800397, 36.70743966391139, 1259.3],
          [137.81343503341265, 36.707521297304034, 1258.8],
          [137.81348242882135, 36.70760293069669, 1258.1],
          [137.81352982423005, 36.707684564089334, 1257],
          [137.81357721963872, 36.70776619748199, 1255.2],
          [137.81362461504742, 36.707847830874634, 1254.6],
          [137.81367201045612, 36.70792946426729, 1254.2],
          [137.8137038871223, 36.70798436832823, 1253.2]
        ],
        "type": "LineString"
      }
    },
    {
      "type": "Feature",
      "properties": {
        "name": "黒菱ゲレンデ_黒菱第3リフトエリア",
        "slope_deg": [
          33.42481118260389, 33.42481118260389, 33.42481118260389,
          36.03588940458794, 36.03588940458794, 32.108271141509476,
          31.383191056359134, 30.646741437081463, 30.327634119133954,
          29.79113729834057, 27.47443162627708, 28.700704956337432,
          29.466448275119998, 28.810793742973065, 27.021581591176883,
          28.36904629327873, 27.135139622076878, 28.36904629327848,
          29.357753542791276, 26.793775628803207, 26.220246235243597,
          26.793775628803207, 26.565051177077994, 25.290734392148046,
          24.22774531795417, 25.407718108948472, 25.056088833535423,
          25.641005824305335, 24.584094695437884, 21.056705590704606,
          19.417554141579625, 16.43605922463559, 15.774985955414008,
          16.172159015782732, 14.036243467926479, 11.996899307923577,
          11.996899307923577, 11.996899307923577, 11.996899307923577
        ],
        "horizontal_dist_map": 371,
        "slope_dist_map": 416,
        "elevation_diff_map": 178.7,
        "avg_slope_deg_map": 23.2,
        "max_slope_deg_map": 36
      },
      "geometry": {
        "coordinates": [
          [137.8055942810984, 36.69909839699867, 1682.4],
          [137.8056947188936, 36.69913813372008, 1678.6],
          [137.8057951566888, 36.6991778704415, 1673.1],
          [137.805890986137, 36.69922432827095, 1664.1],
          [137.80598625208037, 36.69927160795191, 1656],
          [137.80608151802375, 36.69931888763286, 1649.5],
          [137.80617678396715, 36.699366167313826, 1644],
          [137.80627204991052, 36.69941344699478, 1639],
          [137.8063673158539, 36.699460726675746, 1631.6],
          [137.80646258179726, 36.6995080063567, 1625.8],
          [137.80655784774063, 36.699555286037665, 1620.6],
          [137.80665311368404, 36.69960256571862, 1616.1],
          [137.80674860021676, 36.699649551072206, 1610.8],
          [137.80684497339115, 36.69969535339994, 1603.9],
          [137.80694134656554, 36.69974115572767, 1598],
          [137.80703771973992, 36.699786958055405, 1594.1],
          [137.8071340929143, 36.69983276038314, 1590.4],
          [137.8072304660887, 36.69987856271087, 1582.3],
          [137.80732683926308, 36.699924365038605, 1577.5],
          [137.80742321243747, 36.69997016736634, 1572.5],
          [137.80751958561189, 36.70001596969407, 1567.9],
          [137.80761595878627, 36.70006177202181, 1562.1],
          [137.80771233196066, 36.700107574349545, 1557.8],
          [137.80780870513505, 36.70015337667728, 1552.3],
          [137.8078992567041, 36.70020621198775, 1547.9],
          [137.80798883420718, 36.700260224050815, 1543.2],
          [137.80807841171026, 36.70031423611389, 1539.8],
          [137.80816798921333, 36.70036824817696, 1533.3],
          [137.8082575667164, 36.700422260240025, 1529.2],
          [137.80834714421948, 36.70047627230309, 1524],
          [137.80843838338754, 36.70052842060266, 1521.5],
          [137.80853059114227, 36.700579482512026, 1517.9],
          [137.808622798897, 36.700630544421394, 1515.1],
          [137.80871500665174, 36.70068160633076, 1512.2],
          [137.8088072144065, 36.70073266824012, 1510.2],
          [137.80889942216123, 36.70078373014949, 1506.3],
          [137.80899162991597, 36.700834792058856, 1505.1],
          [137.8090838376707, 36.700885853968224, 1503.7],
          [137.80910127463687, 36.70089551004095, 1503.7]
        ],
        "type": "LineString"
      }
    },
    {
      "type": "Feature",
      "properties": {
        "name": "黒菱ゲレンデ_黒菱第2リフトエリア",
        "slope_deg": [
          20.556045219583467, 20.556045219583467, 20.556045219583467,
          22.416147479343643, 22.170895633834657, 20.17838007450879,
          21.43000730175244, 18.64953875405141, 18.52084947747093,
          19.162339354972016, 17.223436191131583, 17.223436191131285,
          19.034434354835135, 18.262889942193894, 17.874511367250133,
          20.052082146098712, 17.74467162505717, 17.35402463626132,
          17.48442732322088, 17.614643300006804, 18.39196625070533,
          18.39196625070563, 20.178380074508503, 17.74467162505717,
          17.223436191131285, 18.262889942193894, 15.77498595541431,
          15.509334522674754, 14.170977562933274, 13.901350769509243,
          11.85977912094779, 8.9505586562316, 6.983937460085098,
          3.8616074096751394, 3.8616074096751394, 3.8616074096751394,
          3.8616074096751394, 3.8616074096751394
        ],
        "horizontal_dist_map": 361,
        "slope_dist_map": 379,
        "elevation_diff_map": 105.7,
        "avg_slope_deg_map": 15.6,
        "max_slope_deg_map": 22.4
      },
      "geometry": {
        "coordinates": [
          [137.80835248035999, 36.698351357463636, 1601.7],
          [137.80840503463676, 36.698430914778264, 1598.1],
          [137.80845758891354, 36.69851047209289, 1594.9],
          [137.80851014319032, 36.69859002940753, 1590.2],
          [137.8085626974671, 36.698669586722154, 1586.7],
          [137.80861525174387, 36.69874914403678, 1581.6],
          [137.80866780602065, 36.69882870135141, 1578.6],
          [137.80872036029743, 36.698908258666044, 1575.5],
          [137.80877291457418, 36.69898781598067, 1571],
          [137.80882546885096, 36.6990673732953, 1568.1],
          [137.80887802312773, 36.69914693060993, 1565.2],
          [137.8089305774045, 36.69922648792456, 1561.6],
          [137.8089831316813, 36.69930604523919, 1558.6],
          [137.80903568595807, 36.69938560255382, 1555.7],
          [137.80908824023484, 36.699465159868446, 1551.4],
          [137.80914079451162, 36.69954471718308, 1548.4],
          [137.8091933487884, 36.69962427449771, 1545.7],
          [137.80924590306518, 36.699703831812336, 1541.1],
          [137.80929845734195, 36.699783389126964, 1538.6],
          [137.80935101161873, 36.6998629464416, 1535.9],
          [137.8094035658955, 36.699942503756226, 1533.1],
          [137.80945612017229, 36.700022061070854, 1528.4],
          [137.80950867444906, 36.70010161838548, 1525.3],
          [137.8095612287258, 36.700181175700116, 1522.6],
          [137.8096137830026, 36.700260733014744, 1518.4],
          [137.80966633727937, 36.70034029032937, 1515.6],
          [137.80971936926196, 36.70041963285422, 1512.9],
          [137.80977592606516, 36.70049739052195, 1509.4],
          [137.80983248286833, 36.700575148189685, 1507.1],
          [137.80988903967153, 36.70065290585742, 1504.5],
          [137.80994559647473, 36.70073066352515, 1502.8],
          [137.8100021532779, 36.70080842119288, 1499.5],
          [137.8100587100811, 36.700886178860614, 1498.7],
          [137.8101152668843, 36.70096393652834, 1498.2],
          [137.81017182368748, 36.70104169419607, 1497.9],
          [137.81022838049068, 36.7011194518638, 1496.8],
          [137.81028493729386, 36.701197209531536, 1496],
          [137.8102960963783, 36.70121255170666, 1496]
        ],
        "type": "LineString"
      }
    },
    {
      "type": "Feature",
      "properties": {
        "name": "リーゼングラート",
        "slope_deg": [
          10.065169352760034, 10.065169352760034, 10.065169352760034,
          9.787203664655925, 9.369385096487358, 8.250387228905435,
          7.547725773843047, 6.701525844729548, 6.560196400571501,
          6.983937460085098, 4.8584629190340936, 4.858462919034416,
          3.8616074096751394, 5.000644597558433, 8.950558656231918,
          10.619655276155134, 12.270720357815076, 9.369385096487674,
          8.530765609948133, 8.670801453590833, 7.547725773843367,
          11.172136252166961, 9.648045316098093, 10.342657140474548,
          11.996899307923577, 9.78720366465624, 12.270720357815385,
          10.757967088390194, 11.85977912094779, 13.901350769509243,
          13.360218444764483, 18.00416160591338, 17.35402463626132,
          19.417554141579338, 18.906332035086372, 18.52084947747093,
          19.6719699892005, 17.35402463626132, 20.556045219583467,
          18.906332035086663, 22.538450040828252, 24.93842765545712,
          28.700704956337685, 30.327634119133954, 29.574910497101147,
          27.587067675863988, 25.29073439214831, 26.45034506503404,
          23.267704810056735, 27.699472808055, 27.021581591176883,
          26.565051177077994, 27.47443162627734, 22.782405730481635,
          17.35402463626132, 11.996899307923577, 8.530765609948133,
          5.710593137499643, 4.7162212343382155, 3.148096099562824,
          0.7161599454704085, 0.7161599454704085, 0.7161599454704085,
          0.7161599454704085
        ],
        "horizontal_dist_map": 625,
        "slope_dist_map": 654,
        "elevation_diff_map": 158.4,
        "avg_slope_deg_map": 13.6,
        "max_slope_deg_map": 30.3
      },
      "geometry": {
        "coordinates": [
          [137.79901895856293, 36.69709013625365, 1833.7],
          [137.79909071055204, 36.69715928645077, 1832.3],
          [137.79916130573324, 36.69722917051068, 1830.5],
          [137.79922799122488, 36.69730153482296, 1828.6],
          [137.7993259502032, 36.69734183632138, 1826.6],
          [137.79943443517217, 36.69735030158168, 1825.4],
          [137.79954601714803, 36.69734348232214, 1823.9],
          [137.79965759912392, 36.69733666306261, 1822.8],
          [137.7997691810998, 36.69732984380307, 1821.3],
          [137.79988076307566, 36.697323024543536, 1820.7],
          [137.79999253444234, 36.69732476499188, 1819.3],
          [137.80010434726196, 36.6973283789464, 1817.9],
          [137.80021616008156, 36.697331992900914, 1817.9],
          [137.80032797290116, 36.69733560685543, 1817.3],
          [137.80043978572076, 36.69733922080995, 1816.6],
          [137.80055159854035, 36.69734283476447, 1814.4],
          [137.80066341135995, 36.69734644871899, 1811.6],
          [137.80077522417955, 36.69735006267351, 1809.8],
          [137.80088613287367, 36.697361453753395, 1807.9],
          [137.8009968356425, 36.6973746161658, 1807.8],
          [137.80110753841134, 36.69738777857821, 1805.6],
          [137.80121824118015, 36.69740094099062, 1803.7],
          [137.801328943949, 36.69741410340303, 1802.6],
          [137.80143964671782, 36.697427265815435, 1799.9],
          [137.80155034948666, 36.69744042822784, 1798.8],
          [137.80166105225547, 36.69745359064025, 1796.4],
          [137.8017725821812, 36.69746091928522, 1794.1],
          [137.80188412063998, 36.697468187748456, 1793],
          [137.80199565909874, 36.6974754562117, 1790.1],
          [137.8021071975575, 36.697482724674934, 1788.8],
          [137.80221873601627, 36.69748999313818, 1785.7],
          [137.80233027447503, 36.69749726160141, 1783.1],
          [137.80244181293378, 36.697504530064656, 1780.6],
          [137.80255335139253, 36.69751179852789, 1775.8],
          [137.80266488985131, 36.697519066991134, 1773.2],
          [137.80277642831007, 36.69752633545437, 1769],
          [137.80288556330177, 36.69754528838309, 1766.9],
          [137.80299405453235, 36.697567370959376, 1762.4],
          [137.80310254576293, 36.69758945353566, 1758.9],
          [137.80321103699347, 36.69761153611195, 1756.5],
          [137.80331952822405, 36.697633618688236, 1751.9],
          [137.80342801945463, 36.69765570126452, 1748.7],
          [137.80353651068518, 36.69767778384081, 1742.3],
          [137.8036451745765, 36.69769929223457, 1737.9],
          [137.80375419652782, 36.69771960990137, 1730],
          [137.80386321847917, 36.69773992756817, 1725.3],
          [137.80397224043048, 36.697760245234974, 1719.6],
          [137.80408126238183, 36.69778056290178, 1717],
          [137.8041904053717, 36.697800453844025, 1711.1],
          [137.80429958178047, 36.69782022696717, 1705.4],
          [137.80440875818923, 36.6978400000903, 1702.4],
          [137.80451793459798, 36.697859773213445, 1696],
          [137.80462711100674, 36.69787954633658, 1690.7],
          [137.8047362874155, 36.69789931945972, 1685.4],
          [137.80484546382425, 36.697919092582865, 1681.6],
          [137.8049560399811, 36.697929324237045, 1679.2],
          [137.805067932817, 36.6979305806677, 1678.2],
          [137.80517982565289, 36.697931837098366, 1676.9],
          [137.80529171848877, 36.69793309352902, 1675.6],
          [137.80540361132466, 36.69793434995969, 1675.2],
          [137.80551550416055, 36.697935606390345, 1674.9],
          [137.80562739699644, 36.69793686282101, 1674.7],
          [137.80573928983236, 36.69793811925167, 1675.1],
          [137.80580296545693, 36.69793883425729, 1675.3]
        ],
        "type": "LineString"
      }
    },
    {
      "type": "Feature",
      "properties": {
        "name": "スカイライン_本コース",
        "slope_deg": [
          18.39196625070533, 18.39196625070533, 18.39196625070533,
          25.173524524530112, 27.24846742664491, 27.699472808055,
          28.14678121412214, 25.75730921180767, 27.47443162627708,
          25.173524524530112, 27.135139622076878, 24.584094695438157,
          21.181349500266236, 22.416147479343643, 17.874511367250133,
          17.614643300006804, 17.092662950267425, 12.816647648997312,
          11.7225209701022, 13.495733280795996, 12.407418527400683,
          13.360218444764483, 17.09266295026772, 17.6146433000071,
          18.778033222445714, 21.43000730175244, 18.778033222445426,
          18.906332035086372, 18.133621430820266, 15.774985955414008,
          19.162339354972016, 18.133621430820558, 20.806791012711287,
          20.931852540892464, 18.262889942193894, 20.806791012711287,
          19.034434354835135, 19.034434354835426, 20.556045219583467,
          18.52084947747093, 18.52084947747122, 20.806791012711003,
          19.034434354835426, 19.544862326628827, 18.52084947747093,
          14.842227057911282, 13.631094443421295, 11.996899307923577,
          15.109575122340402, 17.092662950267425, 19.162339354972016,
          20.43036232928569, 20.43036232928569, 19.925580658184323,
          19.798876354525046, 19.290046219188735, 18.64953875405141,
          18.39196625070533, 17.874511367250133, 19.925580658184323,
          19.034434354835135, 23.38848242899485, 21.30578361782894,
          19.6719699892005, 20.556045219583467, 19.417554141579625,
          21.80140948635181, 22.782405730481635, 21.554019920478787,
          18.26288994219419, 17.874511367250133, 16.17215901578243,
          16.172159015782732, 17.35402463626132, 16.83056598321078,
          16.69924423399362, 17.223436191131285, 15.90755193052566,
          15.37625124882619, 16.83056598321078, 15.509334522675056,
          16.567741642975037, 18.39196625070533, 16.039943306049665,
          16.961705886532968, 14.84222705791098, 14.84222705791098,
          15.109575122340402, 15.109575122340402, 17.35402463626132,
          15.907551930525962, 15.907551930525962, 15.907551930525962,
          15.907551930525962
        ],
        "horizontal_dist_map": 920,
        "slope_dist_map": 977,
        "elevation_diff_map": 312,
        "avg_slope_deg_map": 17.7,
        "max_slope_deg_map": 28.1
      },
      "geometry": {
        "coordinates": [
          [137.81033199533292, 36.70137590968057, 1495.3],
          [137.81036504560308, 36.701462002965776, 1494.5],
          [137.81039809587324, 36.70154809625099, 1491.7],
          [137.81043114614343, 36.70163418953619, 1486.1],
          [137.8104641964136, 36.701720282821405, 1482],
          [137.81049724668375, 36.70180637610661, 1475.7],
          [137.8105302969539, 36.701892469391815, 1471.1],
          [137.8105633472241, 36.70197856267703, 1465.1],
          [137.81060676624352, 36.702061458914024, 1460.6],
          [137.81065358054795, 36.70214330826585, 1456.4],
          [137.8107003948524, 36.702225157617676, 1450.3],
          [137.81074720915683, 36.7023070069695, 1446.3],
          [137.81079402346128, 36.70238885632132, 1440.1],
          [137.8108408377657, 36.70247070567315, 1438.1],
          [137.81089021620232, 36.702551550774345, 1434.8],
          [137.81094128590246, 36.70263173348672, 1429.8],
          [137.81099235560262, 36.7027119161991, 1427.2],
          [137.81104342530276, 36.70279209891147, 1425.4],
          [137.8110944950029, 36.702872281623854, 1422.5],
          [137.81114556470303, 36.70295246433623, 1420.7],
          [137.8111966344032, 36.70303264704861, 1418.9],
          [137.81124770410332, 36.70311282976098, 1415.8],
          [137.81129877380346, 36.70319301247336, 1413.7],
          [137.8113498435036, 36.70327319518574, 1411.2],
          [137.8113984819697, 36.70335431763588, 1406.6],
          [137.81144423086735, 36.70343655698242, 1403.1],
          [137.81148997976499, 36.70351879632896, 1400.1],
          [137.81153572866265, 36.7036010356755, 1395.5],
          [137.8115814775603, 36.70368327502204, 1393],
          [137.81162722645794, 36.70376551436858, 1389.4],
          [137.8116729753556, 36.70384775371512, 1387],
          [137.81171872425327, 36.70392999306166, 1384.2],
          [137.8117644731509, 36.704012232408196, 1379.1],
          [137.81181022204856, 36.70409447175474, 1376.3],
          [137.81185597094623, 36.70417671110128, 1371.8],
          [137.81190171984386, 36.70425895044782, 1368.9],
          [137.81194922778894, 36.70434051769143, 1365.9],
          [137.81199941807503, 36.70442106005687, 1361.1],
          [137.81204960836112, 36.70450160242232, 1358],
          [137.8120997986472, 36.704582144787764, 1355.1],
          [137.81214998893333, 36.70466268715321, 1350.9],
          [137.81220017921942, 36.704743229518655, 1347.7],
          [137.8122503695055, 36.7048237718841, 1344.6],
          [137.81229655921084, 36.70490564555278, 1339.9],
          [137.81233163034796, 36.704991219230685, 1337.1],
          [137.81236670148505, 36.70507679290859, 1333.5],
          [137.81240177262214, 36.70516236658649, 1331.2],
          [137.81243684375926, 36.7052479402644, 1329.3],
          [137.8124834498781, 36.70532935961761, 1327.4],
          [137.81253929629096, 36.70540745107808, 1325],
          [137.81259514270386, 36.70548554253856, 1320.4],
          [137.81265098911675, 36.705563633999034, 1317],
          [137.81270683552964, 36.705641725459515, 1313.5],
          [137.81276268194253, 36.70571981691999, 1310.1],
          [137.81281852835542, 36.70579790838047, 1305.5],
          [137.8128743747683, 36.70587599984094, 1302.5],
          [137.81293022118118, 36.70595409130142, 1299.1],
          [137.81298606759407, 36.706032182761895, 1296.1],
          [137.8130400497424, 36.70611107034667, 1292],
          [137.8130890101618, 36.70619210243418, 1289.2],
          [137.81313797058118, 36.706273134521695, 1286.2],
          [137.8131869310006, 36.7063541666092, 1281.6],
          [137.81323589142, 36.70643519869671, 1278.2],
          [137.81328485183937, 36.706516230784224, 1271.9],
          [137.8133374222071, 36.7065957355999, 1270.6],
          [137.81339252851848, 36.70667416752618, 1267.3],
          [137.81344763482983, 36.706752599452464, 1263.2],
          [137.8135027411412, 36.70683103137875, 1257.8],
          [137.81355784745256, 36.70690946330503, 1254.6],
          [137.81361948513285, 36.70698377188912, 1250.5],
          [137.81370093639563, 36.707045571888614, 1247.4],
          [137.8137823876584, 36.70710737188811, 1244.6],
          [137.81386383892118, 36.70716917188761, 1241.7],
          [137.81394529018394, 36.7072309718871, 1238.9],
          [137.81403350205233, 36.707284950769626, 1235.8],
          [137.81413376918238, 36.70732498332599, 1232.1],
          [137.8142340363124, 36.707365015882345, 1229.6],
          [137.81433430344242, 36.7074050484387, 1226.9],
          [137.81443457057247, 36.70744508099506, 1223.4],
          [137.8145348377025, 36.707485113551414, 1220.7],
          [137.81464239001363, 36.70750900021529, 1218.6],
          [137.81475118985972, 36.70753012201105, 1214.8],
          [137.8148599897058, 36.70755124380681, 1212.3],
          [137.8149687895519, 36.70757236560257, 1208.8],
          [137.815077589398, 36.707593487398334, 1205.3],
          [137.81518638924408, 36.707614609194096, 1203.3],
          [137.81529681090106, 36.707629056038996, 1200.1],
          [137.81540747605504, 36.70764250071387, 1198.2],
          [137.81551814120903, 36.70765594538874, 1194.7],
          [137.81562880636298, 36.70766939006361, 1192.5],
          [137.81573947151696, 36.70768283473848, 1189.3],
          [137.81585013667092, 36.70769627941335, 1185.7],
          [137.8159608018249, 36.70770972408822, 1183.3],
          [137.81596855687016, 36.707710666246236, 1183.3]
        ],
        "type": "LineString"
      }
    },
    {
      "type": "Feature",
      "properties": {
        "name": "スカイライン_尾根筋コース",
        "slope_deg": [
          21.43000730175216, 21.43000730175216, 21.43000730175216,
          23.025492008528037, 24.108515899975156, 24.10851589997543,
          23.26770481005701, 22.538450040827975, 20.93185254089275,
          18.906332035086663, 14.170977562933274, 9.50877195829791,
          5.710593137499643, 2.2906100426383995, 1.5752369256829246,
          3.433630362450652, 4.146688825965815, 5.852378988915814,
          8.670801453590833, 8.390627013252388, 10.619655276155134,
          8.670801453590833, 6.277298489597683, 5.710593137499643,
          6.135733340186728, 10.481218144131045, 14.57421619803886,
          16.961705886532968, 18.26288994219419, 18.778033222445426,
          17.744671625056874, 19.162339354972016, 18.778033222445714,
          17.484427323220586, 18.52084947747093, 18.133621430820266,
          18.262889942193894, 18.52084947747122, 19.034434354835426,
          18.64953875405141, 19.67196998920079, 21.924785220541064,
          22.90405780363674, 23.50904022419257, 23.869390064731867,
          24.10851589997543, 23.025492008528037, 24.820541335489082,
          24.820541335489082, 23.26770481005701, 24.4655351106628,
          23.869390064731867, 22.538450040828252, 22.170895633834377,
          22.293629159694188, 21.43000730175244, 22.293629159693914,
          19.417554141579338, 21.056705590704606, 19.034434354835135,
          18.133621430820558, 20.806791012711287, 16.69924423399362,
          18.52084947747122, 19.544862326628827, 19.290046219188735,
          19.417554141579625, 19.417554141579338, 19.162339354971724,
          19.290046219188735, 18.906332035086372, 18.52084947747122,
          17.6146433000071, 18.00416160591338, 19.925580658184323,
          21.67782085250454, 21.67782085250454, 23.38848242899485,
          22.170895633834657, 20.052082146098424, 18.52084947747093,
          17.74467162505717, 18.00416160591338, 17.744671625056874,
          17.48442732322088, 16.567741642974738, 13.766300685466197,
          12.95276451337558, 12.270720357815076, 9.09027692082245,
          9.787203664655925, 7.688447769903003, 8.11004782941916,
          9.369385096487358, 8.950558656231918, 9.508771958297594,
          9.648045316098093, 11.309932474020215, 9.090276920822133,
          10.203973721731748, 7.266008446996189, 5.710593137499643,
          5.710593137499643, 5.710593137499643, 5.710593137499643
        ],
        "horizontal_dist_map": 1033,
        "slope_dist_map": 1086,
        "elevation_diff_map": 305.9,
        "avg_slope_deg_map": 15.7,
        "max_slope_deg_map": 24.8
      },
      "geometry": {
        "coordinates": [
          [137.8108477103516, 36.70152149762574, 1488.6],
          [137.8109208896021, 36.70158967391532, 1485.8],
          [137.8109940688526, 36.7016578502049, 1482.3],
          [137.81106724810311, 36.701726026494484, 1477.9],
          [137.81113928986932, 36.70179497368791, 1472.9],
          [137.8112102149575, 36.7018646776842, 1468.8],
          [137.8112811400457, 36.70193438168049, 1464.4],
          [137.81135566042965, 36.702001520944386, 1460],
          [137.81143304683306, 36.70206661571088, 1455.7],
          [137.81151043323646, 36.70213171047738, 1452.2],
          [137.81158781963987, 36.70219680524388, 1449.1],
          [137.81166520604327, 36.70226190001037, 1446.3],
          [137.81174259244668, 36.70232699477687, 1445.6],
          [137.81181410790933, 36.70239595185793, 1445.5],
          [137.81187789140546, 36.7024699955662, 1445.1],
          [137.81194167490162, 36.70254403927447, 1444.7],
          [137.81200545839775, 36.70261808298274, 1444.5],
          [137.81206924189388, 36.702692126691005, 1443.1],
          [137.8121397172999, 36.702761140029764, 1442.2],
          [137.8122270766442, 36.70281746155868, 1440.6],
          [137.81231443598847, 36.7028737830876, 1438.4],
          [137.81240179533273, 36.70293010461651, 1437.2],
          [137.812489154677, 36.70298642614542, 1434.7],
          [137.81258751402677, 36.70302862905134, 1434.5],
          [137.8126885058518, 36.70306745314754, 1434],
          [137.81278933457904, 36.70310647660259, 1433.2],
          [137.8128734996452, 36.70316586850369, 1430.4],
          [137.8129576647114, 36.70322526040478, 1427.1],
          [137.81304182977757, 36.70328465230587, 1423.6],
          [137.81312197267988, 36.7033474548736, 1421],
          [137.81319998064168, 36.703412067802745, 1417.2],
          [137.8132779886035, 36.70347668073188, 1413.5],
          [137.8133559965653, 36.70354129366102, 1410.8],
          [137.81343864370422, 36.70360196128184, 1407.1],
          [137.81352302908837, 36.703661150641906, 1403.6],
          [137.81360741447253, 36.70372034000198, 1400.9],
          [137.81369179985668, 36.703779529362045, 1397.4],
          [137.81377618524084, 36.70383871872212, 1394],
          [137.81384675377717, 36.70390792126885, 1390.4],
          [137.81391099903874, 36.703981706346354, 1387.5],
          [137.8139752443003, 36.704055491423865, 1383.6],
          [137.81403948956188, 36.70412927650138, 1380.5],
          [137.81411015980837, 36.70419835247725, 1376.1],
          [137.81419536866395, 36.70425677258557, 1371.4],
          [137.81428057751955, 36.7043151926939, 1366.7],
          [137.81436578637513, 36.70437361280222, 1363.1],
          [137.81445099523074, 36.70443203291055, 1358.4],
          [137.81453620408635, 36.70449045301888, 1353.5],
          [137.8146230957327, 36.704547232797246, 1349.7],
          [137.8147104427599, 36.704603568685144, 1344.6],
          [137.81479778978706, 36.70465990457305, 1339.9],
          [137.81488513681424, 36.704716240460954, 1336.3],
          [137.8149791918919, 36.70476437569071, 1331.5],
          [137.81507796412146, 36.70480674415553, 1326.9],
          [137.815176736351, 36.70484911262036, 1323.3],
          [137.81527550858056, 36.704891481085184, 1320],
          [137.81537821896902, 36.70492555960101, 1315.1],
          [137.81548689376254, 36.70494708285557, 1311.2],
          [137.8155955685561, 36.704968606110135, 1306.9],
          [137.81570424334961, 36.704990129364695, 1305.9],
          [137.81581291814317, 36.705011652619255, 1299.7],
          [137.8159215929367, 36.70503317587382, 1297.4],
          [137.816021533424, 36.70507208740286, 1293.8],
          [137.81611823362303, 36.705117449704325, 1290.7],
          [137.81621493382204, 36.705162812005796, 1287.7],
          [137.81631163402108, 36.705208174307266, 1284],
          [137.8164083342201, 36.70525353660873, 1279.6],
          [137.81650503441912, 36.7052988989102, 1276.7],
          [137.81660230436046, 36.70534342853769, 1273.6],
          [137.81670159910553, 36.70538499893017, 1269.9],
          [137.8168008938506, 36.70542656932266, 1265.7],
          [137.81690018859567, 36.705468139715144, 1262.7],
          [137.81699948334077, 36.70550971010763, 1259.9],
          [137.81709877808584, 36.70555128050012, 1256.5],
          [137.8171980728309, 36.7055928508926, 1253],
          [137.81729736757597, 36.70563442128508, 1249.7],
          [137.81739471160472, 36.705678785418925, 1245.4],
          [137.81749041688443, 36.70572549650645, 1240.6],
          [137.81757696204807, 36.705782512770334, 1237.1],
          [137.81765040243394, 36.705848822061476, 1232.4],
          [137.81770737418896, 36.705926384781236, 1229.1],
          [137.81773009878526, 36.70601037080961, 1226],
          [137.8177215586582, 36.70610022076873, 1223.7],
          [137.81770579613152, 36.706189170855836, 1219.6],
          [137.81768020961667, 36.70627689692703, 1216.1],
          [137.81764097001536, 36.70636098769759, 1213.2],
          [137.8175965574342, 36.70644370109923, 1211.1],
          [137.8175354450797, 36.706518443064155, 1207.7],
          [137.8174666329305, 36.706589509624344, 1206.3],
          [137.8173978207813, 36.70666057618453, 1204],
          [137.8173237513507, 36.706728112224845, 1202.4],
          [137.81724927328042, 36.70679537384377, 1201.3],
          [137.81717416714972, 36.706862168663676, 1199.4],
          [137.81709684134108, 36.70692731373226, 1198.6],
          [137.81701951553245, 36.70699245880084, 1196.7],
          [137.81693858360347, 36.70705446965962, 1194.7],
          [137.81685200994397, 36.70711157708601, 1193.1],
          [137.81676543628444, 36.7071686845124, 1191.9],
          [137.8166788626249, 36.7072257919388, 1189.9],
          [137.81659228896538, 36.70728289936519, 1186.7],
          [137.8165056546492, 36.70733994050195, 1186.7],
          [137.8164122568827, 36.707389590089896, 1184.7],
          [137.8163188591162, 36.70743923967783, 1184.8],
          [137.8162254613497, 36.70748888926577, 1182.7],
          [137.81619515773676, 36.70750499845072, 1182.7]
        ],
        "type": "LineString"
      }
    },
    {
      "type": "Feature",
      "properties": {
        "name": "裏黒_#上部",
        "slope_deg": [
          20.430362329285405, 20.430362329285405, 20.430362329285405,
          25.873385226285933, 25.407718108948472, 26.679528106691176,
          28.479831142093357, 27.923589715138434, 29.357753542791276,
          29.357753542791276, 25.641005824305335, 26.220246235243597,
          23.869390064732137, 22.782405730481635, 24.584094695437884,
          23.509040224192297, 23.749494492866653, 23.50904022419257,
          21.43000730175244, 21.181349500266236, 24.4655351106628,
          26.679528106691176, 28.479831142093357, 30.75264555113183,
          28.25802961470689, 26.9077935265408, 28.035301206706748,
          26.220246235243334, 25.524475356294268, 25.407718108948472,
          25.98923358383301, 24.4655351106628, 23.38848242899485,
          19.034434354835426, 12.133880170633224, 7.829076510059608,
          5.2848210925090795, 7.969610394321233, 7.969610394321233,
          7.969610394321233, 7.969610394321233
        ],
        "horizontal_dist_map": 398,
        "slope_dist_map": 437,
        "elevation_diff_map": 170.3,
        "avg_slope_deg_map": 21.3,
        "max_slope_deg_map": 30.8
      },
      "geometry": {
        "coordinates": [
          [137.80541778688573, 36.69927752377151, 1684.3],
          [137.80549046951984, 36.699346042198, 1683.6],
          [137.80556315215395, 36.6994145606245, 1678.3],
          [137.80560672442883, 36.699497552744596, 1674.1],
          [137.80565023736872, 36.6995805743661, 1669.4],
          [137.80569375030862, 36.69966359598761, 1664.2],
          [137.80573726324852, 36.699746617609115, 1659.3],
          [137.80579380116578, 36.69982343364158, 1654],
          [137.80586322150083, 36.69989411200577, 1647.7],
          [137.80593264183585, 36.699964790369954, 1643],
          [137.8060020621709, 36.700035468734136, 1636.8],
          [137.80607148250596, 36.70010614709832, 1631.5],
          [137.806140902841, 36.7001768254625, 1628.5],
          [137.80621509820747, 36.70024395600434, 1623.3],
          [137.80629701645307, 36.70030534848908, 1619.1],
          [137.80637893469867, 36.70036674097382, 1614.7],
          [137.80646085294427, 36.70042813345856, 1610.2],
          [137.80654277118987, 36.70048952594329, 1605.9],
          [137.80662468943547, 36.70055091842803, 1601.5],
          [137.80670660768106, 36.70061231091277, 1597.3],
          [137.80678852592666, 36.700673703397506, 1594.5],
          [137.80687563759042, 36.70073018228874, 1590.4],
          [137.80696399752028, 36.70078548017124, 1583.3],
          [137.80705235745015, 36.700840778053745, 1577.2],
          [137.80714071738, 36.70089607593625, 1572.8],
          [137.80722907730984, 36.700951373818754, 1566.6],
          [137.8073174372397, 36.70100667170126, 1561.8],
          [137.80740579716957, 36.70106196958376, 1556.9],
          [137.80749754280794, 36.7011135529675, 1551.5],
          [137.80758955388072, 36.70116484514015, 1546.9],
          [137.8076815649535, 36.701216137312805, 1542.7],
          [137.80777357602628, 36.701267429485455, 1537.9],
          [137.80786558709906, 36.701318721658104, 1532],
          [137.80795759817187, 36.701370013830754, 1528.7],
          [137.80804134338797, 36.701429481568496, 1525.4],
          [137.80812237453065, 36.701491633732665, 1524.1],
          [137.80820340567334, 36.701553785896834, 1523.4],
          [137.80828443681602, 36.701615938060996, 1523.2],
          [137.8083654679587, 36.701678090225165, 1521.7],
          [137.8084464991014, 36.701740242389334, 1518.5],
          [137.80851158150008, 36.70179016161537, 1514]
        ],
        "type": "LineString"
      }
    },
    {
      "type": "Feature",
      "properties": {
        "name": "グランピングエリア",
        "slope_deg": [
          5.000644597558433, 5.000644597558433, 5.000644597558433,
          4.431564716436037, -1.4320961841646465, -3.005269359689804,
          -4.146688825965815, -4.573921259900927, 0.1432391503681763,
          1.0025738037601275, 1.8614576304666637, 2.5765718302687652,
          2.862405226111748, 3.148096099562824, 3.005269359689804,
          2.862405226111748, 3.290883686067228, 3.290883686067228,
          3.8616074096751394, 3.8616074096751394, 4.004172940709647,
          4.0041729407093225, 4.289153328819018, 4.573921259900927,
          4.7162212343382155, 4.573921259900927, 4.289153328819018,
          4.0041729407093225, 3.7189939731579127, 3.8616074096751394,
          4.146688825966138, 4.146688825966138, 4.858462919034416,
          5.4268124985727555, 5.994092949108213, 7.688447769902681,
          7.266008446995867, 7.688447769902681, 6.560196400571501,
          5.4268124985727555, 5.000644597558433, 3.576334374997351,
          3.7189939731579127, 3.005269359690129, 2.862405226111748,
          3.148096099562824, 3.576334374997351, 3.7189939731579127,
          3.718993973158237, 3.718993973158237, 2.862405226111748,
          2.719505461272635, 2.2906100426383995, 2.433606100719861,
          2.433606100719861, 2.433606100719861, 2.433606100719861
        ],
        "horizontal_dist_map": 558,
        "slope_dist_map": 560,
        "elevation_diff_map": 33.1,
        "avg_slope_deg_map": 3.4,
        "max_slope_deg_map": 7.7
      },
      "geometry": {
        "coordinates": [
          [137.81370778993863, 36.70805487615396, 1252.7],
          [137.81369031864585, 36.708143884059346, 1251.9],
          [137.81367284735305, 36.708232891964734, 1250.8],
          [137.81365537606027, 36.70832189987012, 1249.9],
          [137.81363790476746, 36.708410907775516, 1249.2],
          [137.81362043347468, 36.7084999156809, 1248.8],
          [137.81361520520744, 36.70858693162534, 1251.8],
          [137.81367423035388, 36.70866349343081, 1252],
          [137.81373325550032, 36.708740055236284, 1252.1],
          [137.8138176013434, 36.70879268221639, 1252],
          [137.8139208695097, 36.70882742254395, 1251.7],
          [137.814024137676, 36.70886216287151, 1251.3],
          [137.8141274058423, 36.708896903199076, 1250.8],
          [137.8142306740086, 36.70893164352663, 1250.2],
          [137.8143339421749, 36.7089663838542, 1249.7],
          [137.81443721034123, 36.70900112418176, 1249.1],
          [137.81454047850752, 36.70903586450932, 1248.7],
          [137.81464374667382, 36.70907060483688, 1248.2],
          [137.81474776365124, 36.70910371456454, 1247.4],
          [137.81485426530563, 36.70913141369671, 1246.8],
          [137.81496076695998, 36.70915911282888, 1246],
          [137.81506726861437, 36.709186811961054, 1245.5],
          [137.81517377026876, 36.70921451109322, 1244.6],
          [137.81528027192314, 36.70924221022539, 1244],
          [137.8153867735775, 36.709269909357566, 1243],
          [137.8154932752319, 36.709297608489734, 1242.3],
          [137.81559977688627, 36.70932530762191, 1241.3],
          [137.81570627854063, 36.70935300675408, 1240.8],
          [137.81581278019502, 36.70938070588625, 1240],
          [137.8159192818494, 36.70940840501842, 1239.5],
          [137.8160257835038, 36.70943610415059, 1238.7],
          [137.81613228515815, 36.70946380328276, 1238.1],
          [137.81623878681253, 36.709491502414934, 1237.1],
          [137.81635006386284, 36.70950081088876, 1236.6],
          [137.81646142826725, 36.70950978295095, 1235.3],
          [137.81657279267162, 36.70951875501315, 1234.3],
          [137.816684157076, 36.70952772707535, 1232.9],
          [137.81679552148037, 36.70953669913754, 1231.2],
          [137.81690688588475, 36.709545671199734, 1230.2],
          [137.81701825028915, 36.70955464326193, 1228.9],
          [137.81712961469353, 36.70956361532412, 1228.3],
          [137.8172409790979, 36.70957258738632, 1227.4],
          [137.81735006603128, 36.7095922771984, 1226.7],
          [137.81745880052196, 36.70961362560119, 1226.4],
          [137.81756753501267, 36.70963497400399, 1225.7],
          [137.81767502997067, 36.70966002431654, 1225.3],
          [137.81778235579986, 36.70968557973848, 1224.7],
          [137.81788968162905, 36.70971113516042, 1224.2],
          [137.81799700745825, 36.70973669058235, 1223.2],
          [137.81810433328744, 36.709762246004296, 1222.7],
          [137.81821165911663, 36.70978780142623, 1222.1],
          [137.81831871586326, 36.709814039486616, 1221.6],
          [137.8184246994297, 36.709843000109636, 1221.2],
          [137.8185306829961, 36.70987196073266, 1220.8],
          [137.81863666656255, 36.70990092135568, 1220.5],
          [137.81874265012897, 36.70992988197871, 1219.9],
          [137.8188300699004, 36.70995376993729, 1219.6]
        ],
        "type": "LineString"
      }
    },
    {
      "type": "Feature",
      "properties": {
        "name": "オリンピックI",
        "slope_deg": [
          17.48442732322088, 17.48442732322088, 17.48442732322088,
          15.774985955414008, 14.170977562933274, 13.360218444764483,
          12.68038349181982, 14.170977562933274, 16.961705886532968,
          19.417554141579625, 20.556045219583467, 22.782405730481635,
          22.660536301999084, 22.90405780363674, 23.38848242899485,
          24.346751854704813, 22.904057803637016, 21.67782085250454,
          20.17838007450879, 17.744671625056874, 16.43605922463559,
          15.642246457208788, 16.69924423399362, 14.305551846622015,
          14.036243467926479, 13.631094443421603, 12.95276451337558,
          11.7225209701022, 9.648045316098093, 7.547725773843047,
          3.7189939731579127, 3.005269359690129, 4.004172940709647,
          6.418786730238786, 7.688447769903003, 8.11004782941916,
          8.250387228905435, 6.56019640057118, 7.406912128494972,
          7.829076510059608, 9.22988624372772, 11.58512622485511,
          12.270720357815385, 13.631094443421295, 15.509334522674754,
          15.774985955414008, 17.874511367250427, 19.67196998920079,
          18.26288994219419, 19.544862326628827, 17.744671625056874,
          16.96170588653282, 16.69924423399362, 15.509334522674907,
          15.109575122340402, 14.708303899682749, 12.68038349181982,
          9.787203664656081, 9.78720366465624, 6.560196400571341,
          7.266008446996026, 8.530765609948133, 7.68844776990284,
          10.619655276155134, 11.034209003250188, 11.172136252167116,
          11.859779120947948, 13.49573328079569, 16.436059224635738,
          18.906332035086663, 23.025492008528037, 23.749494492866788,
          27.248467426644652, 29.139666699697365, 28.920650342151568,
          29.139666699697486, 29.574910497101147, 28.810793742973065,
          28.369046293278608, 28.36904629327848, 27.36156482027085,
          26.67952810669131, 25.056088833535288, 24.58409469543802,
          27.923589715138306, 29.030274682487207, 30.96375653207352,
          34.5085229876684, 28.920650342151568, 26.793775628803083,
          26.67952810669131, 21.554019920478787, 22.293629159694053,
          21.056705590704752, 17.874511367250282, 18.906332035086663,
          18.906332035086663, 18.906332035086663, 18.906332035086663
        ],
        "horizontal_dist_map": 976,
        "slope_dist_map": 1035,
        "elevation_diff_map": 311,
        "avg_slope_deg_map": 16.7,
        "max_slope_deg_map": 34.5
      },
      "geometry": {
        "coordinates": [
          [137.8230135731413, 36.70075287892891, 1155.9],
          [137.82306938941667, 36.70083098305689, 1152.5],
          [137.82312520569207, 36.70090908718487, 1148.9],
          [137.82318102196743, 36.700987191312855, 1146.4],
          [137.82323683824282, 36.701065295440834, 1143.3],
          [137.82329265451818, 36.701143399568814, 1141.2],
          [137.82334847079358, 36.70122150369679, 1138.8],
          [137.82340428706894, 36.70129960782477, 1136.9],
          [137.82346010334433, 36.70137771195275, 1134.3],
          [137.8235159196197, 36.70145581608074, 1131.1],
          [137.8235717358951, 36.70153392020872, 1126.6],
          [137.82362755217045, 36.7016120243367, 1122.8],
          [137.82368336844584, 36.701690128464676, 1119.3],
          [137.8237391847212, 36.701768232592656, 1114.3],
          [137.8237950009966, 36.701846336720635, 1109.9],
          [137.82385081727196, 36.70192444084862, 1105.9],
          [137.82390663354735, 36.7020025449766, 1102],
          [137.82396244982272, 36.70208064910458, 1096.2],
          [137.8240182660981, 36.70215875323256, 1093],
          [137.82407408237347, 36.70223685736054, 1090],
          [137.82412989864886, 36.70231496148852, 1087.3],
          [137.82418571492423, 36.702393065616505, 1083.4],
          [137.82424153119962, 36.702471169744484, 1081.2],
          [137.82429719911207, 36.702549341528496, 1078.8],
          [137.82435162702285, 36.7026280787744, 1075.3],
          [137.82440605493366, 36.70270681602032, 1073.2],
          [137.82446048284447, 36.70278555326623, 1071.2],
          [137.82451491075525, 36.70286429051214, 1069.1],
          [137.82456933866607, 36.70294302775805, 1066.1],
          [137.82462376657688, 36.70302176500396, 1064.9],
          [137.8246783126771, 36.703100448445184, 1064.4],
          [137.8247340623421, 36.70317858397419, 1063.8],
          [137.82478981200705, 36.7032567195032, 1063.5],
          [137.82484556167205, 36.70333485503221, 1062.8],
          [137.82490131133702, 36.70341299056122, 1061.6],
          [137.824957061002, 36.70349112609023, 1059.3],
          [137.82501281066698, 36.703569261619236, 1058.1],
          [137.82506856033197, 36.703647397148245, 1057.1],
          [137.8251377519513, 36.70371638130164, 1055.8],
          [137.82522417019746, 36.7037736374482, 1054.7],
          [137.82531058844364, 36.70383089359476, 1052.9],
          [137.8253970066898, 36.703888149741324, 1051.6],
          [137.8254953546821, 36.70393026889123, 1049.3],
          [137.82559649172174, 36.703968849172846, 1046.5],
          [137.82569762876136, 36.704007429454464, 1044.2],
          [137.825798765801, 36.70404600973608, 1041.9],
          [137.82590687420702, 36.704064619694506, 1038.2],
          [137.8260181634366, 36.70407411779863, 1035.2],
          [137.82612945266618, 36.70408361590276, 1031.3],
          [137.82624074189573, 36.704093114006895, 1027.6],
          [137.82635161570695, 36.70410465537567, 1025],
          [137.8264608565871, 36.70412422843175, 1021],
          [137.8265700974672, 36.704143801487824, 1018.5],
          [137.8266793383473, 36.7041633745439, 1015.4],
          [137.82678857922744, 36.70418294759998, 1013],
          [137.82689208718182, 36.70421630941509, 1009.9],
          [137.82699394373205, 36.704253643166176, 1007.7],
          [137.82709580028228, 36.70429097691727, 1004.9],
          [137.8271976568325, 36.704328310668366, 1004],
          [137.82729951338274, 36.70436564441946, 1003],
          [137.82740136993297, 36.704402978170556, 1000.8],
          [137.8275032264832, 36.70444031192165, 1000.3],
          [137.82760508303343, 36.704477645672746, 998.9],
          [137.82770693958366, 36.70451497942384, 997],
          [137.82780844291753, 36.7045528982972, 995.4],
          [137.82790781940446, 36.70459434040911, 992.8],
          [137.8280071958914, 36.70463578252101, 991.1],
          [137.8281065723783, 36.70467722463291, 989.1],
          [137.82820594886522, 36.70471866674482, 987],
          [137.82830532535212, 36.70476010885672, 983.2],
          [137.82840470183905, 36.70480155096862, 979.3],
          [137.82850407832595, 36.704842993080526, 975.4],
          [137.82860345481288, 36.704884435192426, 970],
          [137.82870283129978, 36.704925877304326, 965.6],
          [137.8288022077867, 36.704967319416234, 958.7],
          [137.8289007613138, 36.70500999540011, 953.1],
          [137.82899853372066, 36.705053842525444, 947.9],
          [137.82909630612755, 36.705097689650785, 943.3],
          [137.8291940785344, 36.70514153677612, 936],
          [137.8292918509413, 36.70518538390145, 931.1],
          [137.82938962334816, 36.705229231026784, 926.3],
          [137.82948739575505, 36.70527307815212, 921.7],
          [137.8295851681619, 36.70531692527745, 915.3],
          [137.82968294056877, 36.705360772402784, 911],
          [137.82978071297566, 36.70540461952812, 907.6],
          [137.82987848538252, 36.70544846665345, 903.4],
          [137.8299762577894, 36.705492313778784, 894.1],
          [137.83007403019627, 36.70553616090412, 888.8],
          [137.83017180260316, 36.70558000802945, 883.6],
          [137.83026957501002, 36.70562385515478, 875.9],
          [137.83037138486918, 36.705660854591585, 872],
          [137.83047538948736, 36.70569413162497, 868.6],
          [137.83057939410554, 36.705727408658355, 863.5],
          [137.83068339872372, 36.70576068569174, 860.1],
          [137.8307874033419, 36.70579396272513, 855.6],
          [137.83089140796008, 36.70582723975851, 853.2],
          [137.83099541257826, 36.7058605167919, 850.6],
          [137.83109941719644, 36.70589379382529, 846.4],
          [137.83116706657546, 36.705915438735715, 844.9]
        ],
        "type": "LineString"
      }
    },
    {
      "type": "Feature",
      "properties": {
        "name": "展望",
        "slope_deg": [
          31.383191056358893, 31.383191056358893, 31.383191056358893,
          34.01934998982646, 31.173938199371065, 29.248826336547076,
          26.450345065034302, 28.479831142093357, 26.104854009099455,
          28.700704956337685, 27.47443162627708, 27.135139622076878,
          28.035301206706748, 25.05608883353516, 23.50904022419257,
          18.52084947747122, 16.961705886532968, 16.172159015782732,
          16.172159015782732, 16.172159015782732, 16.172159015782732
        ],
        "horizontal_dist_map": 190,
        "slope_dist_map": 213,
        "elevation_diff_map": 91,
        "avg_slope_deg_map": 23.1,
        "max_slope_deg_map": 34
      },
      "geometry": {
        "coordinates": [
          [137.806623280667, 36.69756332862215, 1680.8],
          [137.80673284026113, 36.69758167445684, 1678.7],
          [137.80684239985527, 36.697600020291524, 1670.1],
          [137.80695098203074, 36.6976216973805, 1664.4],
          [137.80705915180292, 36.69764478002915, 1656.4],
          [137.807168384359, 36.697663319051514, 1651.7],
          [137.8072795701734, 36.697673507480935, 1645.9],
          [137.80739075598777, 36.69768369591035, 1642],
          [137.80750194180217, 36.69769388433977, 1636.5],
          [137.80761312761655, 36.697704072769184, 1630],
          [137.80772431343095, 36.697714261198605, 1626.3],
          [137.807835694624, 36.69772285038135, 1620.1],
          [137.80794721481897, 36.697730301782286, 1615.7],
          [137.8080587350139, 36.69773775318321, 1609.5],
          [137.80817025520884, 36.697745204584145, 1605],
          [137.80828172181694, 36.69775308990968, 1601.4],
          [137.8083928798971, 36.69776347357059, 1598.3],
          [137.80850403797726, 36.69777385723149, 1596.1],
          [137.80861519605742, 36.697784240892396, 1592.8],
          [137.80872635413758, 36.697794624553296, 1589.8],
          [137.8087371067026, 36.697795628987606, 1589.8]
        ],
        "type": "LineString"
      }
    },
    {
      "type": "Feature",
      "properties": {
        "name": "無名_1",
        "slope_deg": [
          10.757967088389877, 10.757967088389877, 10.757967088389877,
          10.481218144131045, 6.701525844729548, 4.431564716435714,
          5.142764557884436, 6.277298489597683, 9.926245506651705,
          9.926245506651705, 11.034209003250188, 9.22988624372772,
          5.568737077976766, 7.266008446996189, 6.842773412630876,
          11.585126224854799, 13.088732789694, 8.9505586562316,
          10.203973721731748, 5.2848210925090795, 3.8616074096751394,
          6.98393746008542, 6.98393746008542, 6.98393746008542, 6.98393746008542
        ],
        "horizontal_dist_map": 231,
        "slope_dist_map": 235,
        "elevation_diff_map": 33.2,
        "avg_slope_deg_map": 8,
        "max_slope_deg_map": 13.1
      },
      "geometry": {
        "coordinates": [
          [137.82126611548273, 36.70273200724206, 1191.3],
          [137.82136884620698, 36.70269626432229, 1189.4],
          [137.82147157693126, 36.702660521402514, 1186.9],
          [137.8215679906238, 36.7026187800645, 1184.5],
          [137.82162856995993, 36.70254301175517, 1183.7],
          [137.82168914929608, 36.70246724344584, 1182],
          [137.82173856311826, 36.70238648864958, 1182.2],
          [137.82178630882726, 36.702304988878694, 1181.4],
          [137.82183405453623, 36.70222348910781, 1180.1],
          [137.8218805134343, 36.702141528425244, 1177.6],
          [137.82192371431069, 36.702058400780054, 1175.2],
          [137.82196691518706, 36.70197527313486, 1174.4],
          [137.82201011606344, 36.70189214548967, 1172.3],
          [137.82205331693982, 36.70180901784448, 1171.1],
          [137.82210967441955, 36.70173138465429, 1171.3],
          [137.82216917048234, 36.7016550621978, 1169.3],
          [137.82222866654516, 36.701578739741315, 1167.5],
          [137.82228816260795, 36.701502417284836, 1162.9],
          [137.82234765867076, 36.70142609482835, 1162],
          [137.82240715473358, 36.70134977237186, 1163],
          [137.8224657389708, 36.70127300477403, 1160.3],
          [137.82252227068017, 36.70119523515887, 1159.2],
          [137.82257880238956, 36.70111746554371, 1159.3],
          [137.82263533409892, 36.70103969592855, 1158.1],
          [137.82264546933322, 36.701025753076294, 1158.1]
        ],
        "type": "LineString"
      }
    },
    {
      "type": "Feature",
      "properties": {
        "name": "北尾根急斜面_#下部",
        "slope_deg": [
          22.416147479343643, 22.416147479343643, 22.416147479343643,
          19.925580658184323, 22.293629159694188, 21.924785220541064,
          24.938427655457385, 25.873385226286196, 25.75730921180767,
          27.47443162627708, 25.173524524530112, 26.67952810669131,
          23.869390064732137, 23.26770481005701, 22.660536301999365,
          23.025492008528037, 21.80140948635181, 21.924785220541203,
          24.465535110662668, 20.30447370996038, 21.80140948635181,
          18.906332035086518, 18.26288994219419, 18.133621430820412,
          18.133621430820412, 18.133621430820412, 18.133621430820412
        ],
        "horizontal_dist_map": 255,
        "slope_dist_map": 277,
        "elevation_diff_map": 104.5,
        "avg_slope_deg_map": 20.6,
        "max_slope_deg_map": 27.5
      },
      "geometry": {
        "coordinates": [
          [137.82332189765742, 36.710032617964046, 1055.4],
          [137.82340619636267, 36.70997334230554, 1050.4],
          [137.82348956254575, 36.70991322030217, 1046.2],
          [137.82357271512114, 36.70985290443124, 1042.1],
          [137.82365930101457, 36.709798025403956, 1038.9],
          [137.82376882240422, 36.70977946596768, 1035.9],
          [137.82387834379384, 36.70976090653139, 1029.8],
          [137.82398887093305, 36.70975966723077, 1026],
          [137.824100065289, 36.70976991815112, 1020.3],
          [137.82421125964498, 36.709780169071465, 1016.5],
          [137.8243222420728, 36.70978468910632, 1010.5],
          [137.82443248196947, 36.70976912987467, 1005.2],
          [137.8245427218661, 36.709753570643024, 1001.5],
          [137.8246528180148, 36.709737472573174, 996.4],
          [137.82476127048204, 36.70971521317452, 992.8],
          [137.82486972294927, 36.709692953775864, 988],
          [137.8249781754165, 36.70967069437721, 984.8],
          [137.8250885976144, 36.70965646339064, 979.4],
          [137.8251994159497, 36.70964384701763, 976.8],
          [137.82531023428498, 36.70963123064463, 971.9],
          [137.8254202110455, 36.70961563285886, 966.6],
          [137.82552691662784, 36.709588446402975, 964.6],
          [137.82563362221015, 36.70956125994709, 960.8],
          [137.8257403277925, 36.7095340734912, 958.2],
          [137.8258470333748, 36.70950688703531, 953.4],
          [137.82595373895714, 36.70947970057942, 951.5],
          [137.82601150883536, 36.709464981965716, 950.9]
        ],
        "type": "LineString"
      }
    },
    {
      "type": "Feature",
      "properties": {
        "name": "無名_2",
        "slope_deg": [
          9.787203664656081, 9.787203664656081, 9.787203664656081,
          11.7225209701022, 11.859779120947948, 12.407418527400683,
          12.270720357815385, 12.543973346572077, 13.631094443421603,
          13.224551192213497, 13.766300685466197, 13.495733280795843,
          12.952764513375426, 12.816647648997467, 13.495733280795843,
          12.68038349181982, 12.13388017063338, 13.088732789694154,
          11.034209003250343, 11.447596263685636, 11.309932474020215,
          11.309932474020215, 12.543973346572077, 11.447596263685636,
          12.95276451337558, 12.133880170633224, 11.309932474020215,
          12.407418527400683, 10.481218144130889, 11.447596263685636,
          12.952764513375426, 11.7225209701022, 11.172136252167116,
          8.39062701325255, 6.277298489597683, 5.710593137499643,
          5.852378988915653, 6.135733340186889, 7.266008446995867,
          6.560196400571341, 6.135733340186728, 6.842773412630876,
          6.135733340186889, 6.560196400571341, 6.277298489597523,
          6.277298489597523, 4.146688825965976, 1.5752369256830872,
          -1.4320961841646465, -1.0025738037599647, 0, 1.1457628381750384,
          3.8616074096751394, 2.2906100426385625, 2.5765718302687652,
          4.858462919034255, 5.142764557884274, 13.224551192213497,
          5.426812498572917, 2.433606100720186, -0.8593722436447134,
          -10.481218144130889, -5.142764557884274, -4.146688825965976,
          -0.4297102894009785, 4.858462919034255, 10.619655276155134,
          13.766300685466197, 14.708303899682749, 13.495733280795843,
          12.95276451337558, 12.95276451337558, 12.95276451337558,
          12.95276451337558
        ],
        "horizontal_dist_map": 723,
        "slope_dist_map": 738,
        "elevation_diff_map": 105.6,
        "avg_slope_deg_map": 8.1,
        "max_slope_deg_map": 14.7
      },
      "geometry": {
        "coordinates": [
          [137.82744557520607, 36.707288158424035, 916.6],
          [137.8275571717927, 36.70728134189343, 915.3],
          [137.82766876837937, 36.70727452536283, 913.4],
          [137.827780364966, 36.70726770883222, 911.4],
          [137.82789196155264, 36.70726089230161, 909.7],
          [137.8280035581393, 36.707254075771004, 907],
          [137.82811480560306, 36.70724513147049, 905],
          [137.82822477223831, 36.707228381011916, 902.6],
          [137.8283347388736, 36.707211630553346, 901],
          [137.82844470550884, 36.70719488009477, 898.1],
          [137.8285546721441, 36.70717812963619, 895.3],
          [137.82866463877937, 36.70716137917761, 893.2],
          [137.82876420025733, 36.7071240421085, 891.2],
          [137.8288574443712, 36.70707420613038, 888.5],
          [137.8289506884851, 36.70702437015226, 886.1],
          [137.82905050611515, 36.70698386178303, 884.1],
          [137.82915146207668, 36.706944968669674, 881.6],
          [137.8292532218876, 36.706907712578, 879.5],
          [137.82935991349177, 36.706880499975334, 877.5],
          [137.82946660509597, 36.70685328737267, 874.8],
          [137.82957329670015, 36.70682607476999, 873.8],
          [137.829681927255, 36.706804647589664, 871.4],
          [137.82979113679664, 36.70678494798453, 869.5],
          [137.82989299948784, 36.706750796815655, 866.8],
          [137.8299880193847, 36.70670318558265, 864.9],
          [137.8300830392816, 36.70665557434964, 863.3],
          [137.83018289019603, 36.70661493439225, 860.3],
          [137.83028310962925, 36.70657482621639, 858.2],
          [137.83038332906247, 36.70653471804052, 856.9],
          [137.83048354849566, 36.706494609864656, 854.5],
          [137.83058376792889, 36.70645450168879, 852.9],
          [137.83067452083887, 36.70640180397846, 850.1],
          [137.8307651147854, 36.706348894862565, 847.7],
          [137.83085570873195, 36.70629598574668, 846.2],
          [137.83094630267848, 36.70624307663079, 845],
          [137.83103689662505, 36.7061901675149, 844.2],
          [137.831123871181, 36.70613355535985, 843.3],
          [137.83120903960275, 36.70607509532856, 842.2],
          [137.83129420802447, 36.70601663529727, 840.9],
          [137.83137937644622, 36.70595817526598, 839.9],
          [137.83146454486797, 36.705899715234686, 838.2],
          [137.8315497132897, 36.70584125520339, 837.6],
          [137.83163426878062, 36.70578222419825, 836.6],
          [137.8317184627972, 36.70572285646279, 835.1],
          [137.83180265681378, 36.70566348872734, 833.9],
          [137.83188685083036, 36.705604120991886, 833],
          [137.83197104484694, 36.70554475325643, 832.2],
          [137.83203507368273, 36.70547342122236, 830.7],
          [137.83208055805335, 36.70539108648408, 831],
          [137.83212604242394, 36.705308751745804, 831.9],
          [137.83219780310716, 36.70524090237868, 833.2],
          [137.83227668122285, 36.7051769766462, 831.4],
          [137.83235555933857, 36.70511305091372, 831],
          [137.8324416038083, 36.70505651656427, 831.1],
          [137.83253776166725, 36.705010413172175, 830.5],
          [137.83263391952622, 36.70496430978009, 829.8],
          [137.8327290308632, 36.70491688644767, 829.2],
          [137.8328214505318, 36.7048660682112, 827.7],
          [137.8329138702004, 36.704815249974736, 826.9],
          [137.83300628986902, 36.70476443173827, 820.4],
          [137.8330987095376, 36.7047136135018, 825.4],
          [137.83319112920623, 36.704662795265335, 826],
          [137.83328354887482, 36.70461197702887, 827.5],
          [137.8333759685434, 36.7045611587924, 827.8],
          [137.83346838821203, 36.704510340555935, 829],
          [137.83356080788062, 36.70445952231947, 828.9],
          [137.83365322754923, 36.704408704082994, 827.8],
          [137.83374564721782, 36.70435788584653, 824.4],
          [137.83383806688644, 36.70430706761006, 821.5],
          [137.83393048655503, 36.70425624937359, 819.1],
          [137.83402290622362, 36.704205431137126, 817.3],
          [137.83411532589224, 36.70415461290066, 814.8],
          [137.83420774556083, 36.70410379466419, 812.3],
          [137.83423735566186, 36.70408751313951, 811]
        ],
        "type": "LineString"
      }
    },
    {
      "type": "Feature",
      "properties": {
        "name": "名木山ゲレンデ北",
        "slope_deg": [
          10.065169352759877, 10.065169352759877, 10.065169352759877,
          11.309932474020215, 15.109575122340402, 17.744671625056874,
          17.092662950267425, 18.77803322244557, 16.961705886532968,
          17.092662950267574, 18.133621430820412, 16.567741642974887,
          18.00416160591338, 16.304198003832227, 16.69924423399362,
          18.00416160591338, 16.43605922463559, 18.00416160591338,
          15.907551930525813, 16.43605922463559, 17.484427323220732,
          15.37625124882619, 15.109575122340402, 15.109575122340402,
          15.109575122340402, 15.109575122340402
        ],
        "horizontal_dist_map": 248,
        "slope_dist_map": 258,
        "elevation_diff_map": 67.4,
        "avg_slope_deg_map": 14.6,
        "max_slope_deg_map": 18.8
      },
      "geometry": {
        "coordinates": [
          [137.83601417814674, 36.69944931670271, 820.9],
          [137.83612581816269, 36.699455525547656, 819.4],
          [137.83623745817866, 36.6994617343926, 818.4],
          [137.8363490981946, 36.69946794323754, 816.9],
          [137.83646073821058, 36.69947415208249, 813.8],
          [137.83657237822652, 36.69948036092743, 811.4],
          [137.83668401824247, 36.699486569772375, 807.6],
          [137.83679565825844, 36.699492778617326, 804.1],
          [137.83690729827438, 36.69949898746227, 801.5],
          [137.83701893829036, 36.699505196307214, 797.8],
          [137.8371305783063, 36.69951140515216, 795.4],
          [137.83724221060686, 36.69951770183286, 791.8],
          [137.83735382082128, 36.69952424995338, 788.4],
          [137.83746543103567, 36.699530798073894, 785.9],
          [137.83757704125006, 36.69953734619441, 782.4],
          [137.83768865146448, 36.69954389431493, 780.1],
          [137.83780026167886, 36.699550442435445, 776.4],
          [137.83791187189325, 36.69955699055596, 772.9],
          [137.83802348210764, 36.69956353867648, 770.6],
          [137.83813509232206, 36.699570086796996, 767.1],
          [137.83824670253645, 36.69957663491751, 765],
          [137.83835832939224, 36.6995829358142, 761.1],
          [137.83847016481675, 36.6995861382214, 758],
          [137.83858200024127, 36.6995893406286, 756.1],
          [137.83869383566582, 36.6995925430358, 754.2],
          [137.83879367711455, 36.699593814143554, 753.5]
        ],
        "type": "LineString"
      }
    },
    {
      "type": "Feature",
      "properties": {
        "name": "白樺ゲレンデ南_#下部",
        "slope_deg": [
          18.00416160591338, 18.00416160591338, 18.00416160591338,
          16.69924423399362, 13.088732789694154, 12.68038349181982,
          12.13388017063338, 13.088732789694, 13.495733280795843,
          14.170977562933123, 15.509334522674907, 17.092662950267574,
          18.00416160591338, 19.544862326628827, 20.052082146098567,
          19.798876354524904, 19.925580658184323, 20.178380074508645,
          20.931852540892464, 20.931852540892464, 20.931852540892464,
          20.931852540892464
        ],
        "horizontal_dist_map": 206,
        "slope_dist_map": 216,
        "elevation_diff_map": 65.5,
        "avg_slope_deg_map": 16.8,
        "max_slope_deg_map": 20.9
      },
      "geometry": {
        "coordinates": [
          [137.8341358175809, 36.70178857920547, 842.1],
          [137.83424177596083, 36.70181757421172, 838.9],
          [137.83434773434078, 36.70184656921797, 834.2],
          [137.83445369272073, 36.70187556422422, 831.2],
          [137.83455965110065, 36.701904559230464, 829.1],
          [137.8346656094806, 36.70193355423672, 826.9],
          [137.83477156786054, 36.701962549242964, 824.9],
          [137.8348775262405, 36.70199154424922, 822.2],
          [137.83498348462044, 36.702020539255464, 820.5],
          [137.83508944300038, 36.70204953426171, 817.6],
          [137.8351954013803, 36.702078529267965, 815.3],
          [137.83530135976025, 36.70210752427421, 812.1],
          [137.8354073181402, 36.70213651928046, 809.4],
          [137.83551327652015, 36.70216551428671, 805.3],
          [137.8356192349001, 36.70219450929296, 802.3],
          [137.83572519328004, 36.702223504299205, 797.9],
          [137.83583115166, 36.70225249930546, 794.8],
          [137.8359371100399, 36.702281494311706, 790.9],
          [137.83604306841985, 36.70231048931796, 787.8],
          [137.8361490267998, 36.702339484324206, 783.2],
          [137.83625498517975, 36.70236847933045, 779.5],
          [137.836319505188, 36.70238613492356, 776.6]
        ],
        "type": "LineString"
      }
    },
    {
      "type": "Feature",
      "properties": {
        "name": "国際_下部",
        "slope_deg": [
          10.896152141141194, 10.896152141141194, 10.896152141141194,
          11.034209003250188, 10.20397372173159, 10.757967088390036,
          9.22988624372772, 9.787203664656081, 8.810732985984973,
          8.810732985984814, 8.9505586562316, 9.090276920822289,
          9.22988624372772, 7.829076510059608, 6.98393746008542,
          6.418786730238786, 6.135733340186728, 6.560196400571341,
          6.418786730238786, 5.2848210925090795, 5.994092949108534,
          6.983937460085259, 7.547725773843047, 7.969610394321392,
          7.68844776990284, 5.142764557884274, 5.142764557884274,
          5.142764557884274, 5.142764557884274
        ],
        "horizontal_dist_map": 274,
        "slope_dist_map": 277,
        "elevation_diff_map": 37.7,
        "avg_slope_deg_map": 7.7,
        "max_slope_deg_map": 11
      },
      "geometry": {
        "coordinates": [
          [137.8314749325309, 36.70600977790609, 837.2],
          [137.83158433512187, 36.706028766539596, 835.8],
          [137.83169373771287, 36.70604775517311, 833.3],
          [137.83180314030383, 36.706066743806616, 831.9],
          [137.8319125428948, 36.70608573244013, 829.5],
          [137.8320219454858, 36.706104721073636, 828],
          [137.83213134807676, 36.70612370970715, 826.1],
          [137.83224161804998, 36.706136710704385, 824.3],
          [137.83235351147488, 36.70613850483375, 823],
          [137.83246540489978, 36.70614029896312, 821.1],
          [137.83257729832468, 36.70614209309249, 819.9],
          [137.83268919490038, 36.70614044630141, 818.1],
          [137.83280109148936, 36.70613878502742, 816.7],
          [137.8329129880783, 36.70613712375343, 814.7],
          [137.8330248507349, 36.70613459083049, 813.4],
          [137.83313665690886, 36.70613060699432, 812.6],
          [137.83324846308284, 36.70612662315816, 811.8],
          [137.83335962679823, 36.706129962351625, 810.2],
          [137.8334696271101, 36.70614656253763, 809.1],
          [137.83357962742198, 36.70616316272364, 808],
          [137.83368962773386, 36.706179762909656, 807.3],
          [137.8337996280457, 36.706196363095664, 806.5],
          [137.8339096283576, 36.70621296328168, 804.9],
          [137.83401293321353, 36.706244588039695, 803.1],
          [137.83411094663495, 36.70628808675214, 802],
          [137.83420896005637, 36.70633158546458, 800.9],
          [137.83430697347782, 36.706375084177026, 799.5],
          [137.83440557840962, 36.706417674411995, 799.5],
          [137.83445333666884, 36.706436818516934, 799.5]
        ],
        "type": "LineString"
      }
    },
    {
      "type": "Feature",
      "properties": {
        "name": "無名_3",
        "slope_deg": [
          7.125016348901798, 7.125016348901798, 7.125016348901798,
          10.342657140474548, 12.95276451337558, 14.84222705791098,
          16.43605922463559, 17.092662950267574, 15.907551930525813,
          16.567741642975037, 15.109575122340402, 13.63109444342145,
          12.407418527400683, 10.20397372173159, 8.250387228905595,
          8.950558656231758, 9.50877195829791, 11.309932474020215,
          11.7225209701022, 11.034209003250188, 9.926245506651705,
          9.22988624372772, 9.787203664656081, 11.309932474020215,
          9.50877195829791, 9.648045316098251, 8.11004782941916,
          9.090276920822289, 11.034209003250188, 10.757967088389877,
          11.172136252167116, 8.530765609948133, 10.342657140474548,
          8.950558656231758, 10.619655276155134, 11.58512622485511,
          9.50877195829791, 9.090276920822289, 6.983937460085259,
          4.7162212343382155, 4.7162212343382155, 4.7162212343382155,
          4.7162212343382155
        ],
        "horizontal_dist_map": 418,
        "slope_dist_map": 427,
        "elevation_diff_map": 75.1,
        "avg_slope_deg_map": 10,
        "max_slope_deg_map": 17.1
      },
      "geometry": {
        "coordinates": [
          [137.83204069431815, 36.701495625596095, 895.3],
          [137.83205644080132, 36.70140640934311, 895.5],
          [137.83207218728447, 36.70131719309012, 894.1],
          [137.83208793376764, 36.70122797683713, 892.8],
          [137.8321036802508, 36.70113876058414, 890.3],
          [137.83211942673395, 36.701049544331156, 888.2],
          [137.83215012283955, 36.70096333400749, 884.9],
          [137.83218830855228, 36.70087862962351, 882.2],
          [137.832226494265, 36.70079392523952, 878.5],
          [137.83226467997773, 36.70070922085554, 875.9],
          [137.83231719873731, 36.7006333847958, 873.5],
          [137.83240900699028, 36.70058185842882, 870.3],
          [137.83250081524324, 36.700530332061845, 867.7],
          [137.8325926234962, 36.700478805694864, 866.2],
          [137.83269590654203, 36.70045051884841, 864.7],
          [137.8328065875387, 36.70043721482837, 863.1],
          [137.83291726853537, 36.70042391080832, 861.9],
          [137.83302794953204, 36.700410606788274, 859.9],
          [137.8331386305287, 36.70039730276823, 858],
          [137.83324954766826, 36.70038535913447, 855.1],
          [137.83336051561167, 36.700373708174595, 853.6],
          [137.8334714835551, 36.70036205721471, 852.1],
          [137.8335824514985, 36.70035040625483, 851],
          [137.833693740227, 36.70034116945376, 848.6],
          [137.83380525700423, 36.70033364889759, 846.7],
          [137.83391677378143, 36.70032612834142, 844.1],
          [137.83402829055865, 36.70031860778525, 844.3],
          [137.83413980733587, 36.70031108722908, 841.8],
          [137.83425116926358, 36.70030246402978, 841],
          [137.83436195582135, 36.700289743769886, 837.7],
          [137.8344727423791, 36.70027702350999, 836.5],
          [137.83458352893686, 36.700264303250094, 834.2],
          [137.8346943154946, 36.7002515829902, 833.1],
          [137.83480510205237, 36.70023886273031, 831.7],
          [137.83491582392625, 36.7002258018806, 829.2],
          [137.83502626929965, 36.700211285131, 827.9],
          [137.83513671467304, 36.700196768381396, 825.6],
          [137.83524598470484, 36.70017948551086, 823.5],
          [137.83534432438373, 36.700136478478285, 822.5],
          [137.83544266406264, 36.70009347144571, 821.5],
          [137.83552838183533, 36.70003722345634, 820.7],
          [137.8356053950235, 36.69997184395974, 820.2],
          [137.8356731754169, 36.699914302542396, 820.2]
        ],
        "type": "LineString"
      }
    }
  ]
}
