{
  "type": "FeatureCollection",
  "features": [
    {
      "type": "Feature",
      "properties": {
        "name": "フレンドリーゲレンデ",
        "slope_deg": [
          11.7225209701022, 11.7225209701022, 11.7225209701022,
          11.44759626368548, 11.44759626368548, 11.58512622485511,
          11.44759626368579, 11.859779120948104, 12.133880170633224,
          13.360218444764483, 12.270720357815385, 12.68038349181982,
          11.172136252167274, 10.342657140474548, 9.926245506651705,
          9.78720366465624, 9.78720366465624, 9.09027692082245,
          9.926245506651705, 8.530765609948133, 8.810732985984655,
          8.250387228905435, 7.688447769902681, 7.688447769902681,
          6.701525844729548, 6.135733340186728, 5.852378988915814,
          5.852378988915814, 6.135733340186728, 6.13573334018705,
          5.852378988915493, 5.710593137499643, 5.710593137499643,
          5.568737077976444, 5.142764557884112, 5.000644597558433,
          4.431564716436037, 5.2848210925090795, 5.568737077976766,
          6.135733340186728, 6.277298489597361, 5.710593137499643,
          5.142764557884112, 4.289153328819018, 3.718993973158237,
          3.576334374997351, 3.576334374997351, 3.7189939731579127,
          4.0041729407093225, 3.8616074096751394, 4.573921259900927,
          4.573921259900927, 5.2848210925090795, 5.4268124985727555,
          5.2848210925090795, 5.568737077976766, 5.852378988915493,
          6.701525844729548, 6.701525844729548, 7.406912128494972,
          6.842773412630876, 6.842773412630876, 7.406912128495294,
          6.842773412631197, 6.701525844729548, 6.418786730238786,
          5.568737077976444, 6.135733340186728, 5.852378988915814,
          6.701525844729548, 6.701525844729548, 6.842773412630876,
          7.547725773843047, 6.56019640057118, 7.125016348901798,
          6.418786730238786, 6.418786730238786, 6.418786730238786,
          6.418786730238786
        ],
        "horizontal_dist_map": 781,
        "slope_dist_map": 789,
        "elevation_diff_map": 99.3,
        "avg_slope_deg_map": 7.2,
        "max_slope_deg_map": 13.4
      },
      "geometry": {
        "type": "LineString",
        "coordinates": [
          [140.0354534670769, 37.61970650155409, 1130.7],
          [140.03547973439424, 37.61979414424927, 1129],
          [140.03550600171158, 37.619881786944454, 1126.6],
          [140.03553226902892, 37.61996942963963, 1124.9],
          [140.03555853634626, 37.620057072334816, 1122.4],
          [140.03558894149242, 37.620143774533275, 1120.9],
          [140.03562485804352, 37.6202292240317, 1118.5],
          [140.03566077459462, 37.62031467353014, 1116.7],
          [140.03569669114572, 37.62040012302857, 1114.3],
          [140.03573260769681, 37.620485572527, 1112.5],
          [140.0357685242479, 37.62057102202543, 1109.9],
          [140.035804440799, 37.620656471523866, 1107.2],
          [140.0358403573501, 37.620741921022294, 1105.6],
          [140.0358762739012, 37.62082737052073, 1103.5],
          [140.0359121904523, 37.62091282001916, 1102],
          [140.0359481070034, 37.62099826951759, 1099.9],
          [140.03598402355448, 37.62108371901602, 1098.6],
          [140.0360222463887, 37.62116849802485, 1096.6],
          [140.0360640738331, 37.621252229090494, 1095.1],
          [140.0361059012775, 37.621335960156145, 1093.5],
          [140.03614772872191, 37.621419691221796, 1091.6],
          [140.0361895561663, 37.62150342228745, 1090.6],
          [140.0362316513831, 37.62158706834253, 1088.9],
          [140.03627384503358, 37.62167068314756, 1087.7],
          [140.03631603868402, 37.6217542979526, 1086.2],
          [140.0363582323345, 37.621837912757634, 1085.2],
          [140.03640042598494, 37.62192152756267, 1084.2],
          [140.03644083960376, 37.62200569271582, 1083.4],
          [140.03648070297928, 37.622090027992556, 1082.1],
          [140.0365205663548, 37.62217436326929, 1081.1],
          [140.03656042973032, 37.62225869854603, 1079.9],
          [140.0366002931058, 37.62234303382276, 1079.1],
          [140.03664015648133, 37.6224273690995, 1078],
          [140.03668001985685, 37.62251170437624, 1077.1],
          [140.03671988323237, 37.62259603965297, 1075.9],
          [140.03675974660788, 37.62268037492971, 1075.2],
          [140.03679960998338, 37.62276471020644, 1074.4],
          [140.0368394733589, 37.62284904548318, 1073.6],
          [140.03687933673442, 37.62293338075991, 1072.8],
          [140.03691920010993, 37.62301771603665, 1071.5],
          [140.03695906348545, 37.62310205131339, 1070.5],
          [140.03699892686095, 37.62318638659012, 1069.3],
          [140.03703879023647, 37.62327072186686, 1068.4],
          [140.03707865361199, 37.62335505714359, 1067.5],
          [140.0371185169875, 37.62343939242033, 1066.9],
          [140.03715838036302, 37.62352372769706, 1066.3],
          [140.03719824373852, 37.6236080629738, 1065.8],
          [140.03723810711404, 37.62369239825054, 1065],
          [140.0372668774648, 37.62377953663868, 1064.4],
          [140.0372955145116, 37.62386670871155, 1063.7],
          [140.03732415155847, 37.623953880784434, 1063],
          [140.03735278860532, 37.62404105285731, 1062.3],
          [140.03738142565217, 37.62412822493019, 1061.2],
          [140.037410062699, 37.62421539700306, 1060.5],
          [140.03743869974585, 37.624302569075944, 1059.3],
          [140.0374673367927, 37.62438974114882, 1058.5],
          [140.03749597383953, 37.6244769132217, 1057.5],
          [140.03752461088638, 37.62456408529458, 1056.6],
          [140.03755324793323, 37.624651257367454, 1055.2],
          [140.03757684960541, 37.624739348674055, 1053.8],
          [140.03759886902625, 37.624827728828826, 1052.8],
          [140.0376208884471, 37.624916108983605, 1051.4],
          [140.0376429078679, 37.625004489138384, 1050.4],
          [140.03766492728874, 37.62509286929316, 1049],
          [140.03768694670956, 37.62518124944794, 1047.6],
          [140.0377089661304, 37.62526962960272, 1046.6],
          [140.03773098555124, 37.6253580097575, 1045.7],
          [140.03775300497205, 37.62544638991228, 1044.5],
          [140.0377750243929, 37.625534770067055, 1043.7],
          [140.0377970438137, 37.625623150221834, 1042.3],
          [140.03781906323454, 37.62571153037661, 1041.6],
          [140.03784108265538, 37.62579991053139, 1039.8],
          [140.0378631020762, 37.62588829068617, 1039],
          [140.03788512149703, 37.62597667084094, 1037.5],
          [140.03790714091784, 37.62606505099572, 1036.3],
          [140.03792916033868, 37.6261534311505, 1035.2],
          [140.03795117975952, 37.62624181130528, 1034],
          [140.03797319918033, 37.626330191460056, 1033],
          [140.03799521860117, 37.626418571614835, 1031.8]
        ]
      }
    },
    {
      "type": "Feature",
      "properties": {
        "name": "フォレスト1",
        "slope_deg": [
          11.58512622485511, 11.58512622485511, 11.58512622485511,
          13.49573328079569, 14.574216198038554, 16.039943306049665,
          16.304198003832376, 16.567741642975037, 19.290046219188735,
          19.034434354835135, 18.906332035086663, 20.43036232928569,
          20.68152167820107, 20.43036232928569, 20.931852540892464,
          18.52084947747093, 15.509334522674754, 15.509334522674754,
          14.305551846622015, 13.224551192213651, 13.088732789694,
          11.58512622485511, 11.034209003250188, 10.48121814413073,
          10.203973721731748, 9.648045316098093, 9.369385096487358,
          10.342657140474863, 9.926245506651705, 11.309932474020215,
          10.203973721731748, 9.648045316098093, 9.648045316098093,
          7.688447769903003, 8.11004782941916, 6.842773412630876,
          4.858462919034416, 4.0041729407093225, 2.147585428298503,
          0.7161599454704085, 0.7161599454704085, 0.2864765102771396,
          -0.14323915036850196, 1.1457628381750384, 1.5752369256829246,
          2.147585428298503, 3.148096099562824, 2.433606100720186,
          2.147585428298503, 1.0025738037601275, -0.7161599454704085,
          -1.8614576304666637, -3.576334374997351, -3.576334374997351,
          -3.576334374997351
        ],
        "horizontal_dist_map": 546,
        "slope_dist_map": 557,
        "elevation_diff_map": 88.4,
        "avg_slope_deg_map": 9,
        "max_slope_deg_map": 20.9
      },
      "geometry": {
        "type": "LineString",
        "coordinates": [
          [140.03049277797146, 37.62164166889092, 1200.2],
          [140.0304691502507, 37.621553552027606, 1198.5],
          [140.03044552252996, 37.62146543516428, 1197.1],
          [140.0304218948092, 37.621377318300965, 1195],
          [140.03041077525705, 37.621288506921275, 1192],
          [140.0304187822092, 37.62119863354197, 1188.9],
          [140.03042678916137, 37.62110876016267, 1186.7],
          [140.03043479611352, 37.621018886783375, 1183.5],
          [140.03045548274505, 37.620930777482755, 1180.3],
          [140.03048630371353, 37.62084407813638, 1177],
          [140.03051712468204, 37.62075737879001, 1172.7],
          [140.0305479456505, 37.62067067944364, 1169.7],
          [140.03060172660727, 37.62059165004928, 1166.6],
          [140.03065797409587, 37.62051344461791, 1162.1],
          [140.03072281960334, 37.620439619608476, 1157.6],
          [140.03078860521956, 37.62036627355507, 1154.8],
          [140.03085560940704, 37.620293843965385, 1151.3],
          [140.0309439924083, 37.620237492965, 1148.7],
          [140.03104109252496, 37.62020463335036, 1146.5],
          [140.0311538544386, 37.6202126, 1143.7],
          [140.03126712589918, 37.6202126, 1141.1],
          [140.03138039735975, 37.6202126, 1139.3],
          [140.03149347141098, 37.62021373645975, 1137.2],
          [140.03160249887745, 37.62023816858088, 1135.5],
          [140.0317115263439, 37.62026260070201, 1133.3],
          [140.03182055381038, 37.62028703282314, 1131.9],
          [140.03192958127684, 37.62031146494427, 1130],
          [140.0320386087433, 37.62033589706541, 1128.7],
          [140.03214763620977, 37.62036032918654, 1126.7],
          [140.03225666367624, 37.62038476130767, 1124.6],
          [140.03236778695114, 37.6203995854691, 1123],
          [140.03248078940658, 37.62040579477296, 1120.7],
          [140.03259379186204, 37.62041200407682, 1119.5],
          [140.0327067943175, 37.620418213380674, 1117.8],
          [140.03281979677297, 37.620424422684536, 1116.2],
          [140.03293279922843, 37.62043063198839, 1115.3],
          [140.03304557546258, 37.62042920128905, 1113.8],
          [140.03315808511593, 37.6204187675561, 1113],
          [140.03327059476928, 37.620408333823164, 1112.8],
          [140.03338310442263, 37.62039790009022, 1112.5],
          [140.03349561407597, 37.62038746635727, 1112.3],
          [140.03360812372932, 37.62037703262433, 1112.5],
          [140.03372063338267, 37.62036659889139, 1112.3],
          [140.03383314303602, 37.62035616515845, 1112.3],
          [140.03394565268937, 37.6203457314255, 1112.4],
          [140.0340577184766, 37.62035056436971, 1111.7],
          [140.03416950146178, 37.620365124228094, 1111.2],
          [140.03428128444693, 37.62037968408647, 1110.8],
          [140.03439306743212, 37.62039424394485, 1110.2],
          [140.03450485041728, 37.62040880380323, 1110],
          [140.03461663340246, 37.620423363661615, 1109.7],
          [140.03472841638762, 37.620437923519994, 1110.1],
          [140.0348401993728, 37.62045248337837, 1110.7],
          [140.034951982358, 37.62046704323676, 1111.3],
          [140.03506376534315, 37.620481603095136, 1112.2]
        ]
      }
    },
    {
      "type": "Feature",
      "properties": {
        "name": "フォレスト2",
        "slope_deg": [
          23.26770481005701, 23.26770481005701, 23.26770481005701,
          23.38848242899485, 25.05608883353516, 28.810793742973065,
          29.466448275119998, 28.810793742973065, 26.907793526541056,
          22.538450040828252, 18.133621430820558, 17.092662950267425,
          15.509334522674754, 14.305551846622015, 14.708303899682749,
          13.360218444764483, 13.360218444764483, 13.360218444764483
        ],
        "horizontal_dist_map": 172,
        "slope_dist_map": 185,
        "elevation_diff_map": 65.3,
        "avg_slope_deg_map": 19.4,
        "max_slope_deg_map": 29.5
      },
      "geometry": {
        "type": "LineString",
        "coordinates": [
          [140.03094212690064, 37.62171729991369, 1194.7],
          [140.03095023120338, 37.621627432059036, 1190.5],
          [140.03095833550609, 37.62153756420439, 1186.1],
          [140.03096643980882, 37.62144769634973, 1182.4],
          [140.03099617607714, 37.6213614225658, 1177.5],
          [140.03103397608598, 37.62127648854241, 1173.2],
          [140.03109809983863, 37.62120295880652, 1167.4],
          [140.03116730182063, 37.62113162912196, 1160.4],
          [140.03123650380263, 37.62106029943741, 1154.9],
          [140.03130645519806, 37.620989442000024, 1151.2],
          [140.03137791001262, 37.62091953195082, 1147.1],
          [140.0314493648272, 37.62084962190162, 1143.8],
          [140.0315208196418, 37.620779711852414, 1141.8],
          [140.0315922744564, 37.620709801803216, 1138.9],
          [140.03166372927097, 37.62063989175401, 1136],
          [140.03175996694813, 37.620594162686565, 1133.6],
          [140.03186045283323, 37.62055257865435, 1131.3],
          [140.03196093871833, 37.62051099462214, 1129.4]
        ]
      }
    },
    {
      "type": "Feature",
      "properties": {
        "name": "フォレスト3",
        "slope_deg": [
          12.543973346572233, 12.543973346572233, 12.543973346572233,
          12.68038349181982, 12.68038349181982, 14.305551846622015,
          16.961705886532968, 15.774985955414008, 18.39196625070533,
          17.6146433000071, 17.744671625056874, 17.874511367250427,
          17.6146433000071, 17.223436191131285, 16.43605922463559,
          15.90755193052566, 13.766300685466197, 14.170977562933274,
          13.766300685466197, 15.109575122340708, 15.242997742901395,
          15.509334522674754, 14.97598451475675, 13.631094443421295,
          13.495733280795996, 13.631094443421603, 12.95276451337558,
          13.901350769509243, 14.574216198038554, 13.088732789694,
          13.766300685466197, 12.270720357815385, 11.859779120948104,
          11.58512622485511, 10.619655276155134, 11.172136252166961,
          10.203973721731748, 10.757967088389877, 10.342657140474548,
          9.78720366465624, 10.619655276155134, 9.926245506651705,
          10.342657140474548, 10.203973721731748, 11.309932474020215,
          11.309932474020215, 11.172136252167274, 12.270720357815385,
          9.926245506651705, 8.670801453591151, 7.969610394321233,
          6.418786730238786, 5.4268124985727555, 6.135733340186728,
          6.560196400571501, 5.568737077976444, 6.98393746008542,
          7.688447769902681, 7.829076510059608, 8.250387228905435,
          8.250387228905435, 8.250387228905435
        ],
        "horizontal_dist_map": 610,
        "slope_dist_map": 626,
        "elevation_diff_map": 132.4,
        "avg_slope_deg_map": 11.9,
        "max_slope_deg_map": 18.4
      },
      "geometry": {
        "type": "LineString",
        "coordinates": [
          [140.03133990122063, 37.6220346614285, 1190.7],
          [140.03136562524745, 37.62212240613617, 1187.5],
          [140.03139134927426, 37.62221015084384, 1185.6],
          [140.03141707330104, 37.62229789555152, 1183.5],
          [140.03144279732786, 37.62238564025919, 1181.8],
          [140.03147021832362, 37.622473019751624, 1178.5],
          [140.03150363021658, 37.622559109905815, 1176.6],
          [140.03153704210953, 37.62264520006001, 1173.3],
          [140.0315704540025, 37.62273129021421, 1169.6],
          [140.03160386589545, 37.6228173803684, 1167.2],
          [140.03163727778843, 37.6229034705226, 1163.3],
          [140.0316706896814, 37.62298956067679, 1160.6],
          [140.03170389559594, 37.6230757011206, 1156.8],
          [140.03173693356757, 37.62316188256765, 1154.3],
          [140.0317699715392, 37.6232480640147, 1150.6],
          [140.03180300951084, 37.62333424546176, 1148.2],
          [140.03183791599383, 37.623419906050195, 1145],
          [140.0318797457164, 37.62350363674456, 1142.9],
          [140.03194526405906, 37.62357394146329, 1140.8],
          [140.032031110071, 37.62363272508916, 1138.1],
          [140.0321190046625, 37.62368916346657, 1135.2],
          [140.0322182180563, 37.62373264388799, 1132.1],
          [140.0323174314501, 37.623776124309416, 1129.9],
          [140.03241664484392, 37.62381960473084, 1127],
          [140.03251585823773, 37.62386308515226, 1124.5],
          [140.03261507163154, 37.623906565573684, 1122.4],
          [140.0327168120263, 37.62394595635207, 1120.3],
          [140.0328207036571, 37.623981865617104, 1117.3],
          [140.03292459528788, 37.62401777488214, 1115.3],
          [140.03302848691868, 37.62405368414718, 1112.5],
          [140.03313237854948, 37.624089593412215, 1109.9],
          [140.03323627018028, 37.62412550267725, 1108],
          [140.0333399757902, 37.624161744752556, 1105.5],
          [140.03344307860692, 37.62419906528636, 1103.8],
          [140.03354618142365, 37.62423638582016, 1101.5],
          [140.03364928424037, 37.62427370635396, 1099.8],
          [140.0337523870571, 37.62431102688777, 1098],
          [140.0338554898738, 37.62434834742157, 1095.9],
          [140.0339585926905, 37.624385667955366, 1094.3],
          [140.03406169550723, 37.624422988489165, 1092.2],
          [140.03416479832396, 37.62446030902297, 1090.7],
          [140.03426642688598, 37.624499829915734, 1089],
          [140.03436286770614, 37.62454709363224, 1086.8],
          [140.03445930852632, 37.62459435734875, 1085.2],
          [140.0345557493465, 37.62464162106525, 1083.4],
          [140.0346521901667, 37.62468888478176, 1081.8],
          [140.03474863098685, 37.62473614849827, 1078.8],
          [140.03484915852204, 37.62477737398187, 1077.2],
          [140.03495186806845, 37.624815375484346, 1075.5],
          [140.03505457761486, 37.62485337698681, 1073.1],
          [140.03513832380384, 37.624911193647954, 1071.8],
          [140.0352117283762, 37.624979816453276, 1071.1],
          [140.03528513294853, 37.625048439258606, 1069.9],
          [140.03535687513346, 37.625118164618264, 1068.6],
          [140.03542854236034, 37.62518793969275, 1068],
          [140.03550020958724, 37.62525771476724, 1066.8],
          [140.03557187681412, 37.62532748984172, 1065.3],
          [140.03564354404102, 37.62539726491621, 1064.7],
          [140.0357152112679, 37.625467039990696, 1063.1],
          [140.03578897162487, 37.62553539405353, 1061.4],
          [140.0358643631426, 37.62560264073253, 1059.8],
          [140.03593975466032, 37.625669887411526, 1058.9]
        ]
      }
    },
    {
      "type": "Feature",
      "properties": {
        "name": "デビル1",
        "slope_deg": [
          21.43000730175244, 21.43000730175244, 21.43000730175244,
          20.68152167820107, 18.906332035086663, 18.906332035086663,
          20.556045219583467, 21.056705590704606, 23.025492008528037,
          24.46553511066253, 21.80140948635181, 22.538450040828252,
          19.544862326628827, 18.64953875405141, 19.162339354972016,
          17.35402463626132, 18.778033222445426, 17.48442732322088,
          17.484427323220586, 18.906332035086663, 17.223436191131583,
          18.64953875405141, 16.961705886532968, 17.092662950267425,
          18.39196625070533, 16.304198003832376, 18.00416160591338,
          16.039943306049665, 15.509334522674754, 17.223436191131285,
          15.109575122340402, 16.17215901578243, 16.172159015782732,
          14.036243467926479, 14.97598451475675, 13.631094443421603,
          13.224551192213344, 13.224551192213651, 13.088732789694,
          12.543973346572233, 12.407418527400683, 12.543973346571923,
          12.543973346572233, 12.952764513375273, 12.95276451337558,
          12.816647648997623, 12.68038349181982, 12.68038349181982,
          12.543973346572233, 12.95276451337558, 12.407418527400683,
          11.859779120948104, 10.342657140474548, 9.508771958297594,
          9.369385096487358, 9.369385096487358, 10.065169352759717,
          10.481218144131045, 9.78720366465624, 10.481218144131045,
          10.342657140474863, 10.619655276155134, 10.619655276155134,
          10.481218144131045, 10.619655276155134, 10.065169352759717,
          10.065169352759717, 9.787203664655925, 9.369385096487358,
          8.810732985984973, 8.950558656231918, 7.969610394321551,
          5.710593137499643, 5.710593137499643, 5.710593137499643
        ],
        "horizontal_dist_map": 744,
        "slope_dist_map": 771,
        "elevation_diff_map": 191.5,
        "avg_slope_deg_map": 13.9,
        "max_slope_deg_map": 24.5
      },
      "geometry": {
        "type": "LineString",
        "coordinates": [
          [140.0297341617764, 37.624411586433496, 1222.4],
          [140.0298415070386, 37.6244403621951, 1218.9],
          [140.0299488523008, 37.624469137956716, 1214],
          [140.03005619756303, 37.62449791371832, 1210.8],
          [140.03016354282525, 37.62452668947993, 1206.7],
          [140.03027088808744, 37.624555465241535, 1203.8],
          [140.03037823334967, 37.62458424100315, 1200.3],
          [140.0304855786119, 37.624613016764755, 1197.1],
          [140.03059292387408, 37.62464179252636, 1191.7],
          [140.03070233323203, 37.62466396683632, 1188.4],
          [140.03081412154086, 37.62467853271562, 1183.3],
          [140.03092590984969, 37.62469309859491, 1178.9],
          [140.0310376981585, 37.62470766447421, 1175.7],
          [140.03114948646734, 37.6247222303535, 1171.8],
          [140.03126127477617, 37.624736796232796, 1169.1],
          [140.031373063085, 37.624751362112086, 1165.4],
          [140.03148485139383, 37.624765927991376, 1161.8],
          [140.03159663970266, 37.624780493870674, 1159.3],
          [140.03170842801148, 37.624795059749964, 1155.5],
          [140.0318202163203, 37.62480962562926, 1152.8],
          [140.03193200462914, 37.62482419150855, 1149.2],
          [140.03204379293797, 37.62483875738784, 1145.6],
          [140.0321555812468, 37.62485332326714, 1143.1],
          [140.03226736955563, 37.62486788914643, 1139.3],
          [140.03237915786445, 37.62488245502573, 1137],
          [140.03249094617328, 37.62489702090502, 1133.3],
          [140.0326027344821, 37.624911586784314, 1129.8],
          [140.03271452279094, 37.624926152663605, 1127.6],
          [140.03282631109977, 37.624940718542895, 1124],
          [140.03293839956672, 37.62495370938792, 1121.8],
          [140.03305059707566, 37.6249661280515, 1118.7],
          [140.0331627945846, 37.624978546715084, 1115.2],
          [140.03327499209357, 37.624990965378664, 1113.2],
          [140.0333871896025, 37.62500338404225, 1110.2],
          [140.03349938711145, 37.62501580270584, 1107.1],
          [140.03361158462042, 37.62502822136942, 1105.2],
          [140.03372378212936, 37.625040640033006, 1102.5],
          [140.03383234103467, 37.62506564573888, 1100.5],
          [140.03394009047355, 37.62509345163667, 1097.7],
          [140.0340478399124, 37.62512125753447, 1095.8],
          [140.03415558935126, 37.62514906343226, 1093.2],
          [140.03426333879014, 37.62517686933005, 1091.6],
          [140.034371088229, 37.62520467522784, 1088.9],
          [140.03447883766788, 37.625232481125636, 1086.9],
          [140.03458658710673, 37.62526028702343, 1084.3],
          [140.034692142606, 37.62529295639499, 1082.4],
          [140.03479753601636, 37.625325985081425, 1079.7],
          [140.0349029294267, 37.625359013767856, 1077.8],
          [140.03500832283706, 37.62539204245429, 1075.3],
          [140.03511371624742, 37.62542507114072, 1073.4],
          [140.03521910965776, 37.62545809982715, 1070.8],
          [140.03532450306813, 37.62549112851358, 1068.6],
          [140.0354298964785, 37.62552415720001, 1066.5],
          [140.03552957420777, 37.625566398213856, 1065],
          [140.03562664608137, 37.62561283925136, 1063.5],
          [140.035723717955, 37.62565928028886, 1061.9],
          [140.0358207898286, 37.62570572132636, 1059.9],
          [140.0359178617022, 37.62575216236387, 1058.4],
          [140.0360107376212, 37.6258031496626, 1056.4],
          [140.03609553027286, 37.625862895074484, 1054.5],
          [140.03618032292448, 37.625922640486365, 1053],
          [140.03626511557613, 37.62598238589825, 1051],
          [140.03634990822778, 37.62604213131013, 1049.1],
          [140.0364347008794, 37.62610187672201, 1047],
          [140.03651949353105, 37.62616162213389, 1045.5],
          [140.03660189725963, 37.626223395718334, 1043.6],
          [140.03668237036172, 37.62628680838599, 1041.6],
          [140.03676284346378, 37.62635022105365, 1039.9],
          [140.03684331656586, 37.62641363372131, 1038.4],
          [140.03692378966795, 37.62647704638897, 1036.7],
          [140.03700426277004, 37.62654045905663, 1035],
          [140.0370847358721, 37.62660387172429, 1033.7],
          [140.0371652089742, 37.62666728439195, 1032.1],
          [140.03724568207627, 37.62673069705961, 1031.1],
          [140.03732615517836, 37.626794109727264, 1031]
        ]
      }
    },
    {
      "type": "Feature",
      "properties": {
        "name": "デビル3",
        "slope_deg": [
          9.50877195829791, 9.50877195829791, 9.50877195829791,
          7.125016348901798, 5.568737077976444, 5.568737077976766,
          3.433630362450652, 2.147585428298503, 1.4320961841646465,
          -0.7161599454704085, 0.7161599454704085, 3.290883686067228,
          0.7161599454704085, 4.289153328819018, 7.688447769902681,
          10.757967088390194, 14.305551846622015, 17.484427323220586,
          19.034434354835426, 19.034434354835135, 21.924785220541064,
          22.538450040828252, 21.056705590704606, 22.904057803637016,
          20.93185254089275, 21.056705590704606, 23.146707841883106,
          21.43000730175216, 23.267704810056735, 22.416147479343643,
          19.6719699892005, 19.67196998920079, 17.6146433000071,
          15.109575122340708, 15.642246457208788, 14.17097756293297,
          14.708303899682749, 15.509334522674754, 14.305551846621709,
          16.17215901578243, 15.642246457208788, 14.57421619803886,
          15.642246457208788, 13.360218444764483, 12.95276451337558,
          14.036243467926479, 12.95276451337558, 14.305551846622015,
          13.224551192213344, 13.224551192213344, 13.766300685466197,
          12.270720357815385, 13.088732789694308, 11.44759626368579,
          11.172136252167274, 11.034209003250188, 10.757967088389877,
          10.619655276155134, 10.48121814413073, 10.342657140474548,
          10.481218144131045, 10.757967088389877, 10.757967088390194,
          10.757967088390194, 10.48121814413073, 10.342657140474548,
          9.369385096487358, 9.648045316098093, 8.250387228905435,
          8.530765609948133, 8.250387228905435, 7.688447769903003,
          8.530765609948133, 7.829076510059608, 8.11004782941916,
          7.969610394321233, 7.688447769903003, 7.688447769903003,
          7.125016348901798, 7.688447769903003, 6.701525844729548,
          6.418786730238786, 5.710593137499643, 5.142764557884112,
          4.7162212343382155, 4.8584629190340936, 4.573921259900927,
          4.573921259900927, 4.573921259900927
        ],
        "horizontal_dist_map": 886,
        "slope_dist_map": 910,
        "elevation_diff_map": 180.6,
        "avg_slope_deg_map": 11.2,
        "max_slope_deg_map": 23.3
      },
      "geometry": {
        "type": "LineString",
        "coordinates": [
          [140.02978272140973, 37.62475326688531, 1210.9],
          [140.0297129489555, 37.62482424618928, 1209.2],
          [140.02964150799602, 37.62489404125426, 1206.1],
          [140.0295607539943, 37.62495722629036, 1205.4],
          [140.02947999999256, 37.62502041132647, 1204.2],
          [140.02940684225456, 37.625089026120534, 1204.2],
          [140.0293986443469, 37.62517597477238, 1202.2],
          [140.02940438788147, 37.625265955089276, 1201.5],
          [140.02941046248196, 37.62535592414485, 1201.8],
          [140.02941653708245, 37.62544589320043, 1202.7],
          [140.02942261168295, 37.625535862256, 1201.2],
          [140.02938303700114, 37.625619554900105, 1202],
          [140.02933934150846, 37.625702680965645, 1201.3],
          [140.02925023805938, 37.625757513675474, 1200.4],
          [140.02915925270307, 37.625811179109846, 1200.7],
          [140.0290914382565, 37.6258833495057, 1199],
          [140.02912329100295, 37.62595161886394, 1195.9],
          [140.02921545202742, 37.62598957575716, 1192.8],
          [140.02932873156604, 37.625989262097185, 1190.5],
          [140.02944201110466, 37.62598894843721, 1186.4],
          [140.0295552906433, 37.625988634777244, 1182.1],
          [140.02966857018188, 37.62598832111727, 1179],
          [140.0297818497205, 37.625988007457295, 1174.4],
          [140.02989512925913, 37.62598769379733, 1169.8],
          [140.03000816791067, 37.625982187540814, 1166.7],
          [140.03012116854748, 37.6259758618337, 1162.1],
          [140.0302341691843, 37.62596953612659, 1159.1],
          [140.0303471698211, 37.625963210419485, 1154.4],
          [140.03046017045793, 37.62595688471237, 1149.6],
          [140.03057317109474, 37.62595055900526, 1146.4],
          [140.03068617173156, 37.62594423329815, 1141.9],
          [140.03079917236838, 37.625937907591045, 1137.9],
          [140.0309121730052, 37.62593158188393, 1135.3],
          [140.031025173642, 37.62592525617682, 1132.1],
          [140.03113836086004, 37.62592197317809, 1129.2],
          [140.03125159899582, 37.62591952052958, 1127.1],
          [140.03136483713158, 37.62591706788107, 1124.1],
          [140.03147807526736, 37.62591461523256, 1122],
          [140.03159131340314, 37.62591216258405, 1118.7],
          [140.0317045515389, 37.62590970993554, 1116],
          [140.03181696890985, 37.62591766990643, 1113.9],
          [140.0319289351518, 37.62593135311795, 1110.4],
          [140.03204090139374, 37.62594503632947, 1107.5],
          [140.0321528676357, 37.62595871954099, 1105.6],
          [140.03226483387763, 37.62597240275251, 1102.7],
          [140.03237680011958, 37.62598608596403, 1100.9],
          [140.03248876636152, 37.62599976917555, 1098.3],
          [140.03260073260347, 37.62601345238707, 1095.6],
          [140.03271269884542, 37.62602713559859, 1093.5],
          [140.03282466508736, 37.626040818810104, 1090.7],
          [140.0329366313293, 37.626054502021624, 1088.9],
          [140.0330484388151, 37.62606883328855, 1086.2],
          [140.03315867258405, 37.62608958859363, 1083.7],
          [140.033268906353, 37.626110343898716, 1082],
          [140.03337914012192, 37.626131099203796, 1079.6],
          [140.0334893738909, 37.626151854508876, 1078.1],
          [140.03359960765982, 37.626172609813956, 1075.8],
          [140.0337098414288, 37.626193365119036, 1074.2],
          [140.03381634222944, 37.626223527757396, 1072],
          [140.0339215831732, 37.62625686532063, 1070.6],
          [140.03402682411695, 37.62629020288385, 1068.4],
          [140.03413206506067, 37.62632354044708, 1066.9],
          [140.03423730600443, 37.626356878010306, 1064.6],
          [140.03434254694818, 37.62639021557354, 1063],
          [140.03444778789193, 37.62642355313676, 1060.8],
          [140.0345530288357, 37.62645689069999, 1059.3],
          [140.03465826977944, 37.626490228263215, 1057.2],
          [140.0347635107232, 37.626523565826446, 1055.7],
          [140.03486806092764, 37.62655813205055, 1054.2],
          [140.03496946611088, 37.62659829251916, 1052.5],
          [140.03507087129412, 37.62663845298778, 1051.4],
          [140.03517227647737, 37.62667861345639, 1049.7],
          [140.0352736816606, 37.626718773925, 1048.4],
          [140.0353750901945, 37.62675892842053, 1047.1],
          [140.03548040781072, 37.626792114279574, 1045.4],
          [140.03558572542696, 37.62682530013863, 1044.2],
          [140.0356910430432, 37.62685848599767, 1042.7],
          [140.0357963606594, 37.626891671856725, 1041.5],
          [140.03590167827562, 37.62692485771577, 1040],
          [140.03600699589185, 37.62695804357482, 1038.8],
          [140.03611231350808, 37.62699122943387, 1037.7],
          [140.03621763112432, 37.627024415292915, 1036.1],
          [140.03632294874055, 37.62705760115197, 1035.3],
          [140.03642826635678, 37.627090787011014, 1034.3],
          [140.03653358397298, 37.627123972870066, 1033.7],
          [140.0366389015892, 37.62715715872911, 1032.5],
          [140.03674421920545, 37.627190344588165, 1032],
          [140.03684953682168, 37.62722353044721, 1030.9],
          [140.0369548544379, 37.62725671630626, 1030.5]
        ]
      }
    },
    {
      "type": "Feature",
      "properties": {
        "name": "フローズン3",
        "slope_deg": [
          1.2889375601870259, 1.2889375601870259, 1.2889375601870259,
          2.433606100720186, 4.7162212343382155, 6.842773412631197,
          8.530765609948133, 9.22988624372772, 10.203973721731748,
          9.369385096487358, 10.203973721731748, 11.7225209701022,
          10.065169352760034, 9.78720366465624, 7.125016348901798,
          5.142764557884436, 4.289153328819018, 3.290883686067228,
          2.862405226111748, 1.5752369256829246, 1.2889375601867001,
          1.4320961841646465, 1.1457628381750384, 0.8593722436445507,
          1.1457628381750384, 0, 0.1432391503681763, 0.4297102894013041,
          -0.2864765102768139, 1.0025738037601275, 1.7183580016555222,
          2.147585428298503, 2.5765718302687652, 3.4336303624503275,
          3.7189939731579127, 5.000644597558433, 6.277298489597361,
          6.560196400571501, 7.125016348901798, 7.547725773843047,
          7.266008446996189, 8.250387228905435, 8.670801453591151,
          8.810732985984973, 11.7225209701022, 12.407418527400683,
          15.37625124882619, 18.262889942193894, 17.744671625056874,
          19.290046219188735, 20.052082146098424, 19.162339354972016,
          21.80140948635181, 21.181349500266236, 22.170895633834377,
          24.346751854704813, 22.660536301999365, 24.584094695437884,
          24.346751854705083, 22.170895633834657, 23.749494492866653,
          23.146707841883106, 21.056705590704606, 22.782405730481635,
          23.025492008528037, 21.554019920478787, 23.749494492866926,
          22.782405730481635, 23.26770481005701, 23.509040224192297,
          23.749494492866653, 23.14670784188283, 22.293629159694188,
          22.293629159694188, 21.554019920478787, 21.05670559070489,
          20.430362329285405, 19.798876354525046, 18.906332035086663,
          18.39196625070533, 16.039943306049665, 15.242997742901395,
          12.543973346572233, 10.757967088390194, 9.64804531609841,
          8.9505586562316, 8.9505586562316, 9.648045316098093,
          9.090276920822133, 8.950558656231918, 8.530765609948133,
          8.11004782941916, 8.390627013252708, 7.125016348901798,
          7.125016348901798, 7.125016348901798
        ],
        "horizontal_dist_map": 950,
        "slope_dist_map": 983,
        "elevation_diff_map": 202.4,
        "avg_slope_deg_map": 11.6,
        "max_slope_deg_map": 24.6
      },
      "geometry": {
        "type": "LineString",
        "coordinates": [
          [140.0406617180472, 37.61257294388952, 1283.2],
          [140.04077334549532, 37.612588186195154, 1283.2],
          [140.04088497294345, 37.61260342850078, 1283.2],
          [140.04099660039157, 37.61261867080642, 1282.9],
          [140.0411082278397, 37.61263391311205, 1282.3],
          [140.0412198552878, 37.612649155417685, 1281.5],
          [140.0413292292083, 37.612671304487016, 1279.9],
          [140.0414360835878, 37.612701175615655, 1278.1],
          [140.0415429379673, 37.612731046744294, 1276.3],
          [140.04164979234682, 37.61276091787293, 1275],
          [140.0417566467263, 37.61279078900157, 1272.7],
          [140.0418635011058, 37.61282066013021, 1271.5],
          [140.04197220672782, 37.612845873999426, 1269.1],
          [140.0420812257255, 37.61287029949446, 1266.7],
          [140.04219024472317, 37.6128947249895, 1265.6],
          [140.04229926372082, 37.612919150484544, 1264.6],
          [140.0424082827185, 37.61294357597958, 1264.1],
          [140.04251966764727, 37.61295463364018, 1263.1],
          [140.04263292656282, 37.61295510301913, 1262.6],
          [140.04274618547836, 37.612955572398086, 1262.3],
          [140.0428594443939, 37.61295604177703, 1262.1],
          [140.04297270330946, 37.612956511155986, 1262],
          [140.04308553374162, 37.6129519482496, 1261.7],
          [140.04319767862862, 37.612939334018165, 1261.3],
          [140.04330982351559, 37.61292671978672, 1261.3],
          [140.04342196840255, 37.612914105555284, 1261.4],
          [140.04353411328952, 37.612901491323846, 1260.9],
          [140.0436462581765, 37.61288887709241, 1261.3],
          [140.04375556799246, 37.61286604616283, 1261.2],
          [140.0438639671138, 37.6128399333781, 1261.1],
          [140.04397236623512, 37.61281382059336, 1261.1],
          [140.04408076535643, 37.61278770780863, 1260.6],
          [140.04418916447776, 37.6127615950239, 1260],
          [140.04429359912996, 37.61272781397479, 1259.6],
          [140.04439372813573, 37.61268570473996, 1259.3],
          [140.0444938571415, 37.612643595505126, 1258.2],
          [140.04459398614728, 37.61260148627029, 1257.4],
          [140.04469411515305, 37.61255937703546, 1256.1],
          [140.04478820867533, 37.61251048359507, 1254.9],
          [140.044871430668, 37.6124493699752, 1253.6],
          [140.04495465266066, 37.61238825635533, 1252.4],
          [140.04503787465333, 37.61232714273546, 1250.8],
          [140.045121096646, 37.61226602911559, 1249.8],
          [140.04517757748556, 37.612189940256876, 1247.8],
          [140.04522182948915, 37.61210700316171, 1246.3],
          [140.04526608149274, 37.612024066066546, 1244.6],
          [140.04531033349636, 37.61194112897139, 1241.5],
          [140.04535458549995, 37.61185819187622, 1239],
          [140.04535924538857, 37.61176929664687, 1235.3],
          [140.04535613290264, 37.61167923176921, 1231.4],
          [140.04535302041668, 37.61158916689154, 1228.7],
          [140.04534990793076, 37.61149910201387, 1225],
          [140.04534679544483, 37.611409037136205, 1220.7],
          [140.04534368295887, 37.611318972258545, 1217.5],
          [140.04534057047294, 37.61122890738088, 1212.7],
          [140.04534794531267, 37.61113919020889, 1209.5],
          [140.04536046763178, 37.61104964370079, 1204.4],
          [140.04537298995086, 37.610960097192695, 1199.4],
          [140.04538551226995, 37.610870550684595, 1196],
          [140.04539345843972, 37.61078081671716, 1191.2],
          [140.04539256411653, 37.61069072060398, 1186.3],
          [140.0453916697933, 37.61060062449081, 1183.1],
          [140.0453907754701, 37.61051052837763, 1178.4],
          [140.0453898811469, 37.610420432264455, 1174.1],
          [140.0453889868237, 37.61033033615127, 1170.9],
          [140.04538809250047, 37.610240240038095, 1166.3],
          [140.04537946982387, 37.610151055785316, 1161.4],
          [140.04534745482476, 37.61006463156837, 1158.3],
          [140.04531543982566, 37.609978207351425, 1153.3],
          [140.04528342482655, 37.609891783134486, 1149.5],
          [140.04525140982744, 37.60980535891754, 1144.2],
          [140.04521939482834, 37.6097189347006, 1140.9],
          [140.04518737982923, 37.60963251048366, 1135.7],
          [140.0451490308528, 37.60954775722701, 1132.4],
          [140.04510979200768, 37.60946323872574, 1127.8],
          [140.0450705531626, 37.60937872022446, 1124.5],
          [140.04503083809055, 37.60929434859361, 1119.9],
          [140.0449882182079, 37.60921087281877, 1117],
          [140.04494559832526, 37.609127397043935, 1112.9],
          [140.0449029784426, 37.60904392126909, 1110.1],
          [140.04486035855993, 37.608960445494255, 1106.2],
          [140.04481773867727, 37.60887696971942, 1103.7],
          [140.04474962203219, 37.60880538896674, 1101.4],
          [140.04467885624493, 37.6087350441202, 1099.2],
          [140.04460809045767, 37.60866469927365, 1097.3],
          [140.04453732467042, 37.608594354427105, 1096.1],
          [140.04446655888316, 37.608524009580556, 1094.6],
          [140.04439579309593, 37.608453664734014, 1092.9],
          [140.04432502730867, 37.608383319887466, 1091],
          [140.04425290239175, 37.608313976589336, 1089.3],
          [140.0441701500001, 37.608252464722355, 1088.2],
          [140.04408739760848, 37.608190952855374, 1086.6],
          [140.04400464521686, 37.6081294409884, 1085],
          [140.04392189282524, 37.60806792912142, 1083.6],
          [140.04383914043362, 37.60800641725444, 1082.3],
          [140.043756388042, 37.607944905387455, 1081.6]
        ]
      }
    },
    {
      "type": "Feature",
      "properties": {
        "name": "フローズン4",
        "slope_deg": [
          22.538450040828252, 22.538450040828252, 22.538450040828252,
          22.416147479343643, 26.220246235243334, 25.75730921180767,
          27.47443162627708, 30.64674143708122, 28.479831142093357,
          29.89890183861456, 27.923589715138434, 23.26770481005701,
          22.293629159694188, 22.293629159694188, 22.293629159694188
        ],
        "horizontal_dist_map": 147,
        "slope_dist_map": 163,
        "elevation_diff_map": 66.7,
        "avg_slope_deg_map": 22.2,
        "max_slope_deg_map": 30.6
      },
      "geometry": {
        "type": "LineString",
        "coordinates": [
          [140.04182303155847, 37.608911398233055, 1146.9],
          [140.0418109267621, 37.60882181539443, 1143.1],
          [140.04179882196576, 37.6087322325558, 1140.1],
          [140.04178671716937, 37.60864264971718, 1135.5],
          [140.04177461237302, 37.60855306687856, 1130.3],
          [140.04176250757666, 37.60846348403993, 1126.6],
          [140.0417504027803, 37.608373901201304, 1120.4],
          [140.04173829798393, 37.60828431836268, 1116.2],
          [140.04172798879776, 37.60819460977751, 1109.5],
          [140.0417202356664, 37.608104722191875, 1102.9],
          [140.04171248253502, 37.60801483460624, 1098.7],
          [140.04170472940365, 37.60792494702061, 1093.2],
          [140.0416969762723, 37.60783505943497, 1088.3],
          [140.04168922314093, 37.60774517184933, 1085.7],
          [140.04168147000956, 37.6076552842637, 1082.3]
        ]
      }
    },
    {
      "type": "Feature",
      "properties": {
        "name": "フローズン2",
        "slope_deg": [
          19.798876354525046, 19.798876354525046, 19.798876354525046,
          22.04794746356044, 21.554019920478787, 23.14670784188283,
          21.67782085250454, 19.544862326628827, 16.961705886532968,
          13.088732789694308, 13.49573328079569, 11.44759626368548,
          13.360218444764483, 13.49573328079569, 14.305551846622015,
          17.35402463626132, 17.35402463626132, 20.681521678200784,
          21.677820852504254, 18.906332035086663, 18.26288994219419,
          16.961705886532968, 14.708303899682749, 16.961705886532968,
          17.6146433000071, 18.39196625070533, 19.290046219188735,
          19.290046219188735, 18.00416160591338, 17.6146433000071,
          16.69924423399362, 16.69924423399362, 16.96170588653267,
          16.69924423399362, 17.09266295026772, 17.484427323220586,
          17.874511367250427, 16.304198003832376, 14.708303899682749,
          12.543973346572233, 11.172136252167274, 12.270720357815385,
          14.574216198038554, 18.262889942193894, 21.554019920478787,
          24.346751854704813, 24.820541335489082, 23.025492008528037,
          23.26770481005701, 19.925580658184323, 20.30447370996038,
          20.17838007450879, 18.133621430820266, 18.64953875405141,
          16.172159015782732, 14.97598451475675, 15.509334522674754,
          15.642246457208788, 17.223436191131285, 19.290046219188735,
          19.162339354972016, 16.304198003832376, 14.305551846622015,
          10.065169352759717, 8.11004782941916, 10.757967088389877,
          10.757967088389877, 10.757967088389877
        ],
        "horizontal_dist_map": 671,
        "slope_dist_map": 705,
        "elevation_diff_map": 209.2,
        "avg_slope_deg_map": 16.5,
        "max_slope_deg_map": 24.8
      },
      "geometry": {
        "type": "LineString",
        "coordinates": [
          [140.0403395694001, 37.612427808174374, 1278.4],
          [140.0403800481447, 37.612343660172975, 1275],
          [140.0404205268893, 37.612259512171576, 1271],
          [140.04046100563392, 37.61217536417017, 1267.5],
          [140.0405014843785, 37.61209121616877, 1264],
          [140.0405419631231, 37.61200706816737, 1258.8],
          [140.0405824418677, 37.61192292016597, 1255.2],
          [140.04062292061232, 37.61183877216457, 1250.4],
          [140.04066339935693, 37.61175462416317, 1248.1],
          [140.04070387810154, 37.61167047616177, 1244.6],
          [140.04074435684615, 37.61158632816037, 1243],
          [140.04076733062166, 37.61149826912132, 1241.1],
          [140.04078784397592, 37.61140966036405, 1238.5],
          [140.0408032432397, 37.61132061712763, 1236.5],
          [140.04080671486048, 37.61123056055121, 1233.5],
          [140.04081018648125, 37.6111405039748, 1231.5],
          [140.04081365810202, 37.611050447398384, 1228.3],
          [140.04081712972283, 37.610960390821965, 1224],
          [140.0408206013436, 37.610870334245554, 1221],
          [140.04082407296437, 37.610780277669136, 1216.4],
          [140.0408602042483, 37.61069568015416, 1212.4],
          [140.04090258545824, 37.61061212731407, 1210.3],
          [140.04094496666818, 37.61052857447398, 1207.8],
          [140.04098734787812, 37.61044502163389, 1204.2],
          [140.04102972908805, 37.610361468793805, 1201.9],
          [140.041072110298, 37.610277915953716, 1198.1],
          [140.04111449150793, 37.61019436311363, 1195.1],
          [140.04115687271786, 37.61011081027354, 1190.9],
          [140.0411992539278, 37.61002725743345, 1187.9],
          [140.04124163513774, 37.60994370459336, 1184.1],
          [140.04128401634767, 37.609860151753274, 1182.1],
          [140.0413263975576, 37.609776598913186, 1178.2],
          [140.04136708844587, 37.60969254507707, 1175.9],
          [140.04140376385467, 37.609607301089234, 1172.1],
          [140.04144043926348, 37.6095220571014, 1169.9],
          [140.0414771146723, 37.60943681311357, 1166.2],
          [140.0415137900811, 37.609351569125735, 1163.6],
          [140.0415504654899, 37.6092663251379, 1159.5],
          [140.04161646835146, 37.609193319105685, 1157],
          [140.0416837742983, 37.60912085683362, 1154.5],
          [140.04177475415537, 37.609068857979345, 1153.1],
          [140.04187109941384, 37.60902149690773, 1150.6],
          [140.0419674446723, 37.60897413583612, 1149.1],
          [140.04206421583845, 37.60892738117231, 1145.8],
          [140.04216541243332, 37.60888692743893, 1142.7],
          [140.0422666090282, 37.60884647370555, 1137.4],
          [140.04236780562306, 37.60880601997217, 1133.3],
          [140.04246900221793, 37.608765566238795, 1127.7],
          [140.0425701988128, 37.60872511250541, 1124.2],
          [140.04267139540767, 37.608684658772034, 1120.4],
          [140.04277259200254, 37.60864420503866, 1116.1],
          [140.0428498509243, 37.60858076221316, 1113.2],
          [140.04291864570797, 37.608509190658964, 1109.4],
          [140.04298713376335, 37.608437435497976, 1105.7],
          [140.04305453249506, 37.6083650282706, 1103],
          [140.04312193122678, 37.60829262104322, 1099.7],
          [140.04318932995852, 37.608220213815834, 1097.8],
          [140.0432588708055, 37.608149104588385, 1095],
          [140.0433286965654, 37.60807816800195, 1091.9],
          [140.0433985223253, 37.60800723141553, 1088.5],
          [140.0434690212206, 37.607936746541796, 1085.4],
          [140.04354513905088, 37.60787003229773, 1081],
          [140.0435891658685, 37.60779673558491, 1078],
          [140.04356308452608, 37.60770905837315, 1076.8],
          [140.04349272092065, 37.60763904405478, 1075.2],
          [140.04342001268756, 37.607569964939486, 1073.9],
          [140.04334730445444, 37.6075008858242, 1072.3],
          [140.04327459622132, 37.60743180670891, 1069.2]
        ]
      }
    },
    {
      "type": "Feature",
      "properties": {
        "name": "フローズン1",
        "slope_deg": [
          11.58512622485511, 11.58512622485511, 11.58512622485511,
          10.757967088389877, 7.125016348901798, 7.547725773843047,
          7.266008446995867, 6.701525844729548, 6.560196400571501,
          4.573921259900927, 6.98393746008542, 6.56019640057118,
          16.69924423399362, 17.874511367250427, 16.96170588653267,
          17.74467162505717, 10.619655276155134, 10.619655276155134,
          10.619655276155134
        ],
        "horizontal_dist_map": 181,
        "slope_dist_map": 186,
        "elevation_diff_map": 34.2,
        "avg_slope_deg_map": 10.4,
        "max_slope_deg_map": 17.9
      },
      "geometry": {
        "type": "LineString",
        "coordinates": [
          [140.0402502838807, 37.61242718782563, 1278.3],
          [140.0401707962627, 37.61236300533558, 1276.3],
          [140.0400913086447, 37.61229882284554, 1273.2],
          [140.03998621400942, 37.61227242034878, 1272],
          [140.03987446890835, 37.61225840849962, 1270.1],
          [140.03976173782752, 37.612249716205504, 1268.7],
          [140.03964905111746, 37.61224066878307, 1268.2],
          [140.03953637744678, 37.6122321462446, 1266.7],
          [140.0394238152593, 37.61224212785238, 1265],
          [140.03931271343325, 37.6122391462575, 1264],
          [140.03920417590064, 37.612213402176344, 1263.6],
          [140.03910344955668, 37.61217528193262, 1263.5],
          [140.03901266257503, 37.612121413616556, 1260.1],
          [140.03893403703347, 37.61205755536234, 1259.4],
          [140.03886344464604, 37.611987098324406, 1251.6],
          [140.03878480262964, 37.61192361920918, 1250.6],
          [140.03869051227042, 37.61187370505795, 1247.9],
          [140.03859622191118, 37.61182379090672, 1246.6],
          [140.03850193155193, 37.61177387675549, 1244.1]
        ]
      }
    },
    {
      "type": "Feature",
      "properties": {
        "name": "ピーク3",
        "slope_deg": [
          26.565051177077994, 26.565051177077994, 26.565051177077994,
          29.357753542791276, 28.59038406079055, 24.70243022777115,
          25.407718108948472, 24.10851589997543, 21.677820852504254,
          23.50904022419257, 21.43000730175244, 21.80140948635181,
          24.346751854705083, 22.538450040827975, 24.4655351106628,
          21.677820852504254, 19.544862326628827, 20.30447370996038,
          17.484427323220586, 18.52084947747122, 16.43605922463559,
          16.43605922463559, 16.43605922463559
        ],
        "horizontal_dist_map": 223,
        "slope_dist_map": 242,
        "elevation_diff_map": 92.1,
        "avg_slope_deg_map": 20.8,
        "max_slope_deg_map": 29.4
      },
      "geometry": {
        "type": "LineString",
        "coordinates": [
          [140.03850000576472, 37.61170430437548, 1240.5],
          [140.03850907147998, 37.61161449457034, 1237],
          [140.03851813719524, 37.6115246847652, 1231.1],
          [140.0385272029105, 37.61143487496006, 1224.6],
          [140.0385362686258, 37.611345065154914, 1220.5],
          [140.03854533434105, 37.611255255349775, 1214.5],
          [140.0385544000563, 37.611165445544636, 1209.3],
          [140.0385724300079, 37.61107652445361, 1206.2],
          [140.03859134943846, 37.610987691545496, 1201.5],
          [140.03861026886904, 37.61089885863739, 1196.6],
          [140.0386291882996, 37.61081002572928, 1193.4],
          [140.03864810773018, 37.61072119282117, 1188.8],
          [140.03866702716076, 37.61063235991306, 1185.8],
          [140.03868594659133, 37.61054352700495, 1180.6],
          [140.0387048660219, 37.61045469409684, 1175.3],
          [140.03872378545248, 37.61036586118873, 1172.2],
          [140.03874270488305, 37.61027702828062, 1167.6],
          [140.03876282005663, 37.61018838188274, 1164.7],
          [140.03878746736672, 37.610100442400835, 1161.1],
          [140.0388121146768, 37.61001250291892, 1157.4],
          [140.0388367619869, 37.60992456343701, 1155],
          [140.03886140929697, 37.6098366239551, 1151.3],
          [140.03888605660705, 37.60974868447319, 1149.3]
        ]
      }
    },
    {
      "type": "Feature",
      "properties": {
        "name": "ピーク2",
        "slope_deg": [
          22.660536301999365, 22.660536301999365, 22.660536301999365,
          26.104854009099455, 25.98923358383301, 26.104854009099192,
          25.524475356294534, 24.346751854704813, 24.820541335489082,
          23.629377730656817, 23.509040224192297, 22.04794746356044,
          20.806791012711287, 19.034434354835135, 17.223436191131583,
          16.17215901578243, 14.84222705791098, 14.036243467926479,
          12.68038349181982, 11.996899307923577, 12.270720357815385,
          12.407418527400683, 12.816647648997312, 13.088732789694,
          12.133880170633535, 11.44759626368579, 10.896152141141194,
          10.757967088390194, 10.89615214114088, 10.89615214114088,
          10.89615214114088
        ],
        "horizontal_dist_map": 302,
        "slope_dist_map": 318,
        "elevation_diff_map": 95.5,
        "avg_slope_deg_map": 16.7,
        "max_slope_deg_map": 26.1
      },
      "geometry": {
        "type": "LineString",
        "coordinates": [
          [140.03500408427232, 37.61270139459782, 1269.9],
          [140.0350811611794, 37.61263537754942, 1267.7],
          [140.03515823808644, 37.61256936050102, 1263.2],
          [140.0352353149935, 37.612503343452616, 1258.6],
          [140.0353123919006, 37.61243732640422, 1253.2],
          [140.03538946880764, 37.612371309355815, 1248.1],
          [140.0354665457147, 37.61230529230741, 1243.7],
          [140.0355436226218, 37.612239275259014, 1239],
          [140.03562069952883, 37.61217325821061, 1234.1],
          [140.03567057656727, 37.6120935398442, 1230],
          [140.03571263796144, 37.612009884523935, 1225.2],
          [140.0357546993556, 37.611926229203675, 1221.5],
          [140.03579676074978, 37.611842573883415, 1216.7],
          [140.03583882214394, 37.61175891856315, 1213.8],
          [140.0358808835381, 37.61167526324289, 1210],
          [140.03592294493228, 37.61159160792263, 1207.7],
          [140.03596353006955, 37.61150752339753, 1204.3],
          [140.0359991931003, 37.61142200782618, 1202.2],
          [140.03603485613107, 37.61133649225483, 1199.4],
          [140.03607051916183, 37.611250976683486, 1197.7],
          [140.03610618219258, 37.61116546111214, 1195.3],
          [140.03614184522334, 37.611079945540794, 1193.7],
          [140.0361775082541, 37.610994429969445, 1190.7],
          [140.03621317128486, 37.6109089143981, 1188.9],
          [140.03624883431561, 37.61082339882675, 1186.2],
          [140.03628449734637, 37.6107378832554, 1184.4],
          [140.03632016037713, 37.61065236768406, 1182.1],
          [140.0363558234079, 37.61056685211271, 1180.8],
          [140.03639148643865, 37.61048133654137, 1178.5],
          [140.0364271494694, 37.61039582097002, 1176.8],
          [140.03646281250016, 37.61031030539867, 1174.4]
        ]
      }
    },
    {
      "type": "Feature",
      "properties": {
        "name": "ピーク1",
        "slope_deg": [
          13.631094443421603, 13.631094443421603, 13.631094443421603,
          17.092662950267425, 18.52084947747122, 18.26288994219419,
          18.906332035086663, 19.162339354972016, 20.052082146098424,
          21.056705590704606, 19.034434354835135, 14.574216198038554,
          14.439965121002654, 10.065169352760034, 11.58512622485511,
          13.631094443421603, 9.09027692082245, 10.757967088389877,
          8.670801453590833, 7.125016348901798, 11.034209003250188,
          8.810732985984973, 8.390627013252708, 7.829076510059608,
          6.56019640057118, 7.829076510059608, 8.11004782941916,
          8.810732985984973, 8.11004782941916, 7.688447769902681,
          8.11004782941916, 5.2848210925090795, 4.146688825966138,
          1.2889375601870259, -1.57523692568325, -1.57523692568325,
          -1.57523692568325
        ],
        "horizontal_dist_map": 364,
        "slope_dist_map": 374,
        "elevation_diff_map": 67.5,
        "avg_slope_deg_map": 10.2,
        "max_slope_deg_map": 21.1
      },
      "geometry": {
        "type": "LineString",
        "coordinates": [
          [140.03573104199924, 37.61289987274196, 1267.4],
          [140.03565602401193, 37.61283237121246, 1265.8],
          [140.03558100602464, 37.612764869682955, 1264.5],
          [140.03550598803733, 37.612697368153455, 1260.8],
          [140.03546695971215, 37.612615163377484, 1257.7],
          [140.0354416988565, 37.61252733402808, 1253.5],
          [140.0354151925224, 37.61243976045236, 1251.1],
          [140.03538385596482, 37.61235317881995, 1247.6],
          [140.03535251940727, 37.61226659718754, 1244],
          [140.03532118284969, 37.61218001555513, 1239.6],
          [140.03528984629213, 37.61209343392272, 1236.5],
          [140.03525850973455, 37.612006852290314, 1232.2],
          [140.03523254289553, 37.61191926708506, 1230.2],
          [140.0352121357132, 37.611830642808485, 1229.2],
          [140.03519172853092, 37.61174201853192, 1226.2],
          [140.0351713213486, 37.61165339425535, 1225.1],
          [140.03515091416628, 37.61156476997878, 1222],
          [140.03513050698396, 37.611476145702206, 1219.5],
          [140.03511561082422, 37.6113869048324, 1219.8],
          [140.03510449759958, 37.611297240714066, 1217.5],
          [140.03509338437493, 37.611207576595724, 1215.9],
          [140.0350822711503, 37.61111791247739, 1214.5],
          [140.03507115792564, 37.61102824835905, 1212],
          [140.035060044701, 37.610938584240714, 1211.3],
          [140.03504736761303, 37.610849070511065, 1210],
          [140.03503130385553, 37.610759882460016, 1209],
          [140.035015240098, 37.61067069440897, 1207.4],
          [140.03499917634048, 37.61058150635792, 1205.8],
          [140.03498311258298, 37.61049231830687, 1204.3],
          [140.03496704882545, 37.61040313025582, 1202.8],
          [140.03495098506792, 37.610313942204776, 1201.7],
          [140.03493492131042, 37.61022475415373, 1200.4],
          [140.0349188575529, 37.61013556610268, 1198.6],
          [140.03490279379537, 37.61004637805163, 1199.1],
          [140.03488412191462, 37.6099575143292, 1198.8],
          [140.034865206883, 37.60986868084338, 1199.5],
          [140.03484629185144, 37.60977984735755, 1199.7]
        ]
      }
    },
    {
      "type": "Feature",
      "properties": {
        "name": "ブラックバレー5",
        "slope_deg": [
          11.309932474020215, 11.309932474020215, 11.309932474020215,
          15.774985955414008, 24.346751854705083, 29.89890183861456,
          33.62390614717275, 35.37475184387617, 34.99202019855866,
          34.01934998982646, 28.035301206706748, 22.538450040827975,
          15.642246457208788, 12.133880170633224, 10.065169352760034,
          10.481218144131045, 9.508771958297594, 9.22988624372772,
          8.9505586562316, 8.390627013252388, 7.829076510059608,
          7.406912128495294, 8.11004782941916, 8.11004782941916,
          8.11004782941916
        ],
        "horizontal_dist_map": 249,
        "slope_dist_map": 266,
        "elevation_diff_map": 76.9,
        "avg_slope_deg_map": 16.1,
        "max_slope_deg_map": 35.4
      },
      "geometry": {
        "type": "LineString",
        "coordinates": [
          [140.03952231651007, 37.606121165729114, 1131.1],
          [140.03962568908963, 37.60608436507572, 1129.8],
          [140.0397290616692, 37.606047564422326, 1128.9],
          [140.03983352251817, 37.60601965429658, 1128.1],
          [140.03994387750825, 37.60603989587303, 1123.1],
          [140.04005222358214, 37.606065448837256, 1118.5],
          [140.0401582931823, 37.60609702058651, 1110.8],
          [140.04026436278244, 37.606128592335764, 1105.1],
          [140.0403704323826, 37.60616016408502, 1096.5],
          [140.04047650198277, 37.60619173583427, 1090.1],
          [140.04058257158292, 37.60622330758353, 1082.8],
          [140.04068864118307, 37.60625487933278, 1078.1],
          [140.04079488360983, 37.60628608111994, 1075.2],
          [140.04090117728373, 37.60631717320466, 1073.5],
          [140.04100747095762, 37.60634826528938, 1071.6],
          [140.04111376463155, 37.60637935737409, 1069.5],
          [140.04122005830544, 37.60641044945881, 1068.1],
          [140.04132635197934, 37.606441541543525, 1066.1],
          [140.04143264565326, 37.60647263362824, 1064.9],
          [140.04153893932715, 37.60650372571296, 1063],
          [140.04164523300105, 37.60653481779768, 1061.8],
          [140.04175152667497, 37.60656590988239, 1060.2],
          [140.04185782034887, 37.60659700196711, 1059.4],
          [140.04196411402276, 37.60662809405183, 1057.8],
          [140.04207040769668, 37.60665918613655, 1056.1]
        ]
      }
    },
    {
      "type": "Feature",
      "properties": {
        "name": "ブラックバレー2",
        "slope_deg": [
          27.021581591177142, 27.021581591177142, 27.021581591177142,
          29.89890183861456, 28.59038406079055, 28.920650342151447,
          30.752645551131586, 28.590384060790807, 28.25802961470689,
          30.11373315098249, 27.587067675863988, 28.810793742973065,
          30.96375653207352, 28.810793742973065, 28.810793742973065,
          30.858317233519113, 28.25802961470689, 28.035301206706748,
          30.22079992383123, 28.035301206706748, 27.699472808055,
          27.8116468696437, 24.93842765545712, 21.43000730175244,
          20.806791012711287, 17.6146433000071, 14.842227057911282,
          13.901350769509243, 10.757967088390194, 10.203973721731748,
          9.22988624372772, 7.829076510059608, 8.250387228905435,
          7.547725773843047, 7.406912128495294, 8.530765609948133,
          8.390627013252388, 9.78720366465624, 9.787203664655925,
          11.172136252167116, 13.766300685466351, 14.036243467926479,
          17.092662950267574, 16.830565983210626, 17.874511367250282,
          20.178380074508645, 18.39196625070533, 19.162339354971866,
          16.436059224635738, 15.242997742901547, 15.242997742901547,
          15.242997742901547
        ],
        "horizontal_dist_map": 517,
        "slope_dist_map": 559,
        "elevation_diff_map": 194,
        "avg_slope_deg_map": 19.1,
        "max_slope_deg_map": 31
      },
      "geometry": {
        "type": "LineString",
        "coordinates": [
          [140.03722075056348, 37.60772465291249, 1184.9],
          [140.0371683634966, 37.607644772833666, 1180.9],
          [140.03711597642973, 37.607564892754844, 1174.7],
          [140.03706358936284, 37.607485012676015, 1170.1],
          [140.03701120229596, 37.607405132597194, 1164.5],
          [140.0369588152291, 37.60732525251837, 1157.9],
          [140.0369064281622, 37.60724537243955, 1152.9],
          [140.03685404109535, 37.60716549236072, 1148],
          [140.03680165402847, 37.6070856122819, 1140.7],
          [140.03674926696158, 37.60700573220308, 1136.1],
          [140.03669687989472, 37.606925852124256, 1131.4],
          [140.03664449282783, 37.60684597204543, 1124.8],
          [140.03659210576095, 37.606766091966605, 1119.8],
          [140.0365397186941, 37.606686211887784, 1114.1],
          [140.0364873316272, 37.60660633180896, 1107.4],
          [140.0364349445603, 37.60652645173013, 1102.8],
          [140.03638169298318, 37.60644694016327, 1097.8],
          [140.03632713656705, 37.60636798480584, 1090.2],
          [140.03627258015095, 37.60628902944842, 1085.9],
          [140.03621802373485, 37.60621007409099, 1081.5],
          [140.03616346731874, 37.60613111873356, 1074.5],
          [140.0361089109026, 37.606052163376134, 1068.9],
          [140.03606241434488, 37.60597062112287, 1064.9],
          [140.03603283014786, 37.605883650670556, 1060.4],
          [140.03600324595087, 37.60579668021825, 1055.9],
          [140.03597366175384, 37.60570970976594, 1053.2],
          [140.03597455979033, 37.60561973993381, 1049.7],
          [140.03597661912548, 37.60552965583262, 1047.7],
          [140.03597867846065, 37.60543957173144, 1045.3],
          [140.03598073779582, 37.60534948763026, 1043.3],
          [140.03599034342557, 37.60525995580094, 1042.1],
          [140.03600897553062, 37.60517108456979, 1040.5],
          [140.0360276076357, 37.60508221333865, 1038.8],
          [140.03604623974078, 37.6049933421075, 1037.8],
          [140.03606487184587, 37.604904470876356, 1036.3],
          [140.03608350395092, 37.60481559964521, 1035.2],
          [140.03610356374182, 37.60472695856754, 1033.6],
          [140.0361298838826, 37.60463932670444, 1031.8],
          [140.03615620402343, 37.604551694841334, 1030.4],
          [140.03618252416422, 37.604464062978224, 1028.3],
          [140.03620884430504, 37.60437643111512, 1026.7],
          [140.03623516444583, 37.60428879925202, 1023.9],
          [140.03626148458665, 37.604201167388915, 1020.6],
          [140.036284918878, 37.60411302829142, 1018.3],
          [140.03630745301004, 37.60402473097646, 1014.4],
          [140.0363299871421, 37.60393643366151, 1011.8],
          [140.03635252127413, 37.60384813634655, 1007.7],
          [140.03637505540618, 37.603759839031596, 1003.6],
          [140.0363975895382, 37.603671541716636, 1001.1],
          [140.03640286005805, 37.60358164546327, 997.9],
          [140.0364064227291, 37.603491591030675, 995.9],
          [140.03640998540013, 37.60340153659808, 992.7]
        ]
      }
    },
    {
      "type": "Feature",
      "properties": {
        "name": "ブラックバレー3",
        "slope_deg": [
          3.148096099562824, 3.148096099562824, 3.148096099562824,
          1.0025738037601275, 2.0045340321060343, 1.2889375601870259,
          1.7183580016555222, 1.8614576304666637, 1.1457628381750384,
          1.5752369256829246, 0.2864765102771396, -0.1432391503681763,
          1.0025738037601275, 1.57523692568325, 1.8614576304666637,
          1.5752369256829246, 0.7161599454704085, 0.4297102894009785,
          1.5752369256829246, 3.005269359690129, 3.8616074096751394,
          3.148096099562824, 2.433606100720186, 1.4320961841646465,
          0.4297102894009785, 1.2889375601867001, 2.5765718302687652,
          4.8584629190340936, 8.670801453590833, 10.619655276155134,
          11.859779120948104, 13.901350769509243, 13.901350769509243,
          14.43996512100296, 15.509334522674754, 14.97598451475675,
          13.901350769508936, 13.901350769508936, 13.495733280795996,
          12.95276451337558, 14.43996512100296, 14.842227057911282,
          16.304198003832074, 16.039943306049665, 15.242997742901395,
          15.90755193052566, 13.360218444764483, 11.309932474020215,
          10.065169352760034, 10.065169352760034, 10.065169352760034
        ],
        "horizontal_dist_map": 504,
        "slope_dist_map": 511,
        "elevation_diff_map": 61.9,
        "avg_slope_deg_map": 6.9,
        "max_slope_deg_map": 16.3
      },
      "geometry": {
        "type": "LineString",
        "coordinates": [
          [140.03496570806894, 37.60931021260069, 1198.2],
          [140.03505608021095, 37.60925590851468, 1196.4],
          [140.03514645235293, 37.60920160442868, 1196.7],
          [140.03523682449494, 37.60914730034267, 1196.4],
          [140.03532719663696, 37.60909299625666, 1196],
          [140.03541756877894, 37.60903869217066, 1195.7],
          [140.03550794092095, 37.60898438808465, 1195.3],
          [140.03559831306296, 37.608930083998644, 1195.5],
          [140.03568868520495, 37.60887577991264, 1194.8],
          [140.0357815890316, 37.60882427648496, 1194.4],
          [140.03587505240827, 37.60877339205561, 1194.5],
          [140.03596851578496, 37.608722507626254, 1194.4],
          [140.03606197916164, 37.6086716231969, 1194.6],
          [140.03615544253833, 37.60862073876754, 1194.5],
          [140.03624517590814, 37.60856579009553, 1193.8],
          [140.0363345690994, 37.60851047076251, 1193.3],
          [140.03642396229068, 37.608455151429496, 1193.3],
          [140.03651335548193, 37.60839983209648, 1193.4],
          [140.0366027486732, 37.608344512763466, 1193.3],
          [140.03668841824188, 37.60828559647997, 1193],
          [140.0367738086438, 37.60822641052659, 1192.2],
          [140.03685919904572, 37.60816722457321, 1191.3],
          [140.03694458944767, 37.608108038619825, 1190.6],
          [140.0370299798496, 37.60804885266644, 1190.8],
          [140.0371153702515, 37.60798966671306, 1190.5],
          [140.03720076065346, 37.60793048075968, 1190.3],
          [140.03729105493656, 37.60787610932443, 1190.3],
          [140.0373815281378, 37.60782191354688, 1189.9],
          [140.03747200133898, 37.60776771776932, 1188.7],
          [140.03756247454018, 37.60771352199177, 1186.9],
          [140.0376529477414, 37.60765932621421, 1184.2],
          [140.0377434209426, 37.60760513043666, 1182.4],
          [140.03783070843645, 37.6075480754318, 1180.3],
          [140.03790919865125, 37.60748312471731, 1177],
          [140.03798768886602, 37.60741817400283, 1174.3],
          [140.03806617908083, 37.60735322328835, 1172.1],
          [140.03814466929563, 37.60728827257387, 1169.2],
          [140.0382235542005, 37.60722364231843, 1166.3],
          [140.03830677158504, 37.607162529714785, 1164.4],
          [140.03838998896956, 37.607101417111146, 1162.2],
          [140.0384717126151, 37.60703917518096, 1159.6],
          [140.0385441941361, 37.606969945834386, 1157.1],
          [140.03861667565715, 37.60690071648781, 1154.1],
          [140.03868915717817, 37.606831487141235, 1151.6],
          [140.0387405721557, 37.606751565795854, 1147.9],
          [140.038788935222, 37.60667009550006, 1145.6],
          [140.03883729828826, 37.60658862520426, 1143.2],
          [140.03888566135453, 37.606507154908456, 1140.2],
          [140.03896311225455, 37.60644501386445, 1138.4],
          [140.03905526682883, 37.606392643607265, 1137.6],
          [140.03914742140313, 37.60634027335008, 1136.1]
        ]
      }
    },
    {
      "type": "Feature",
      "properties": {
        "name": "ブラックバレー1",
        "slope_deg": [
          22.170895633834377, 22.170895633834377, 22.170895633834377,
          21.181349500266236, 24.820541335489082, 27.021581591177142,
          27.587067675863988, 29.79113729834032, 29.79113729834057,
          30.646741437081463, 32.9230569278588, 31.798912824294376,
          30.96375653207352, 29.139666699697365, 26.450345065034302,
          24.22774531795417, 22.538450040827975, 21.677820852504254,
          21.43000730175244, 21.43000730175244, 21.80140948635181,
          21.43000730175244, 20.681521678200784, 19.798876354525046,
          18.778033222445426, 18.778033222445714, 15.642246457208788,
          15.242997742901395, 12.68038349181982, 11.309932474020215,
          11.309932474020215, 10.757967088390194, 10.342657140474863,
          11.585126224854799, 11.172136252166961, 12.543973346571923,
          14.439965121002654, 12.543973346572233, 13.766300685466504,
          11.859779120948104, 11.85977912094779, 11.859779120948104,
          11.309932474020215, 11.309932474020215, 10.342657140474863,
          11.172136252166961, 10.065169352759717, 10.896152141141194,
          10.342657140474548, 9.50877195829791, 10.203973721731748,
          8.9505586562316, 9.090276920822289, 8.11004782941916,
          7.266008446995867, 7.406912128495294, 6.701525844729388,
          7.266008446995867, 7.266008446995867, 7.266008446995867
        ],
        "horizontal_dist_map": 599,
        "slope_dist_map": 633,
        "elevation_diff_map": 183.2,
        "avg_slope_deg_map": 16.1,
        "max_slope_deg_map": 32.9
      },
      "geometry": {
        "type": "LineString",
        "coordinates": [
          [140.03470360464613, 37.60923048668924, 1193.8],
          [140.03467254516565, 37.60914384215314, 1188.6],
          [140.0346414856852, 37.609057197617034, 1185.5],
          [140.03461042620472, 37.60897055308092, 1182.2],
          [140.03457936672427, 37.60888390854482, 1177.5],
          [140.0345483072438, 37.608797264008714, 1173.1],
          [140.03452381538673, 37.60870933871036, 1167],
          [140.03450098454206, 37.60862108949545, 1161.8],
          [140.0344781536974, 37.60853284028054, 1156.6],
          [140.03445532285272, 37.60844459106563, 1150.2],
          [140.03443249200805, 37.608356341850715, 1144.1],
          [140.03440966116338, 37.60826809263581, 1138.1],
          [140.0343863072596, 37.608179947435886, 1130.7],
          [140.03435425914603, 37.60809353115749, 1125.4],
          [140.03432221103242, 37.60800711487911, 1120.1],
          [140.03429016291884, 37.607920698600715, 1115.8],
          [140.03425811480525, 37.60783428232233, 1110.8],
          [140.03422606669167, 37.60774786604394, 1107.4],
          [140.0341940185781, 37.607661449765544, 1103.5],
          [140.0341609712008, 37.60757527338213, 1099.9],
          [140.0341275928494, 37.607489176456255, 1095.1],
          [140.034094214498, 37.60740307953038, 1091.7],
          [140.03406083614658, 37.6073169826045, 1087.5],
          [140.0340274577952, 37.607230885678625, 1084.2],
          [140.03399407944377, 37.60714478875275, 1080],
          [140.03395899347584, 37.60705912598336, 1077.3],
          [140.0339234308349, 37.60697358440666, 1073.9],
          [140.033887868194, 37.606888042829965, 1070.6],
          [140.0338523055531, 37.60680250125326, 1068.8],
          [140.03381674291217, 37.60671695967657, 1066.4],
          [140.03378118027126, 37.60663141809987, 1064.9],
          [140.03375294653665, 37.606544345098634, 1062.6],
          [140.03373108199375, 37.6064559412117, 1060.8],
          [140.03370921745088, 37.606367537324765, 1058.8],
          [140.033687352908, 37.60627913343783, 1057.6],
          [140.0337176084556, 37.60619293071186, 1054.4],
          [140.0337511142977, 37.60610686525392, 1052.9],
          [140.0337846201398, 37.60602079979597, 1049.9],
          [140.03381743268605, 37.60593456636914, 1047.3],
          [140.0338499177465, 37.60584825360041, 1045.5],
          [140.03388240280697, 37.60576194083168, 1043.1],
          [140.03391488786744, 37.60567562806294, 1041.5],
          [140.0339473729279, 37.60558931529421, 1038.9],
          [140.0339708101763, 37.60550119196793, 1037.1],
          [140.0339935206633, 37.60541292320944, 1035.1],
          [140.0340162311503, 37.60532465445095, 1033.5],
          [140.0340389416373, 37.605236385692464, 1031.6],
          [140.03406165212434, 37.605148116933975, 1029.2],
          [140.03408436261134, 37.605059848175486, 1028],
          [140.0341321919507, 37.60497848631827, 1025.8],
          [140.03418283544087, 37.60489789826477, 1024.3],
          [140.03423347893101, 37.60481731021127, 1022.5],
          [140.03428412242116, 37.60473672215777, 1020.8],
          [140.03433210167108, 37.60465515619876, 1019.5],
          [140.0343762985131, 37.60457220191244, 1017.9],
          [140.03442049535516, 37.60448924762612, 1016.8],
          [140.03446469219722, 37.60440629333979, 1015.7],
          [140.03450888903927, 37.60432333905347, 1014.3],
          [140.0345530858813, 37.60424038476715, 1013.2],
          [140.03459728272335, 37.60415743048083, 1011.7]
        ]
      }
    },
    {
      "type": "Feature",
      "properties": {
        "name": "ホワイトバレー1",
        "slope_deg": [
          9.926245506651705, 9.926245506651705, 9.926245506651705,
          10.619655276155134, 12.270720357815385, 11.034209003250501,
          12.133880170633224, 14.84222705791098, 15.774985955414008,
          19.417554141579338, 18.39196625070533, 21.554019920478787,
          23.50904022419257, 23.14670784188283, 25.75730921180767,
          23.869390064732137, 23.869390064731867, 23.50904022419257,
          22.416147479343643, 23.629377730656817, 22.170895633834657,
          22.170895633834377, 22.538450040828252, 20.681521678200784,
          22.170895633834377, 21.554019920478787, 21.554019920478787,
          21.05670559070489, 20.931852540892464, 19.925580658184323,
          18.39196625070533, 16.830565983210477, 14.439965121002654,
          14.57421619803886, 13.901350769509243, 14.708303899682749,
          13.631094443421603, 13.360218444764483, 12.133880170633224,
          12.133880170633535, 11.996899307923577, 11.996899307923577,
          12.816647648997467, 12.407418527400683, 12.13388017063338,
          11.309932474020215, 10.619655276155134, 9.926245506651705,
          9.22988624372772, 8.39062701325255, 7.68844776990284,
          7.547725773843047, 7.406912128495133, 7.969610394321392,
          8.670801453590993, 8.950558656231758, 9.09027692082245,
          9.50877195829791, 10.203973721731748, 10.619655276155134,
          11.585126224854955, 14.036243467926479, 14.305551846621862,
          14.9759845147566, 16.172159015782583, 14.439965121002654,
          12.270720357815385, 10.896152141141194, 9.926245506651705,
          11.859779120947948, 14.305551846622015, 16.69924423399362,
          16.304198003832376, 11.722520970102357, 10.896152141141036,
          13.631094443421603, 15.907551930525813, 16.96170588653282,
          16.039943306049665, 10.065169352759717, 5.568737077976604,
          5.568737077976604, 5.568737077976604
        ],
        "horizontal_dist_map": 825,
        "slope_dist_map": 858,
        "elevation_diff_map": 213.6,
        "avg_slope_deg_map": 14,
        "max_slope_deg_map": 25.8
      },
      "geometry": {
        "type": "LineString",
        "coordinates": [
          [140.0300519, 37.6055235, 1154.6],
          [140.03016319127164, 37.60554018147246, 1154.1],
          [140.03027448254326, 37.60555686294493, 1153],
          [140.0303857738149, 37.605573544417396, 1150.4],
          [140.03049706508654, 37.60559022588987, 1147.6],
          [140.03060964515325, 37.60559940004859, 1146.6],
          [140.03072248321473, 37.605607071371395, 1144.3],
          [140.03083417734078, 37.60559979479577, 1142.6],
          [140.03094501215898, 37.605581289573585, 1139],
          [140.0310558469772, 37.60556278435139, 1136],
          [140.0311666817954, 37.6055442791292, 1133],
          [140.0312775166136, 37.60552577390701, 1128.5],
          [140.03138835143181, 37.60550726868482, 1125.7],
          [140.03149918625002, 37.605488763462624, 1120.2],
          [140.0316100946677, 37.60547054595299, 1115.6],
          [140.03172119837416, 37.605453091859246, 1111.4],
          [140.03183230208057, 37.6054356377655, 1106.4],
          [140.03194340578702, 37.60541818367176, 1102.5],
          [140.03205450949343, 37.605400729578015, 1097.9],
          [140.03216561319985, 37.60538327548427, 1094],
          [140.03227665513873, 37.60536561439046, 1089.9],
          [140.03238576538172, 37.6053414796532, 1085],
          [140.0324948756247, 37.60531734491594, 1081.6],
          [140.03260398586767, 37.60529321017868, 1077.7],
          [140.03270681943016, 37.605255770349665, 1073.3],
          [140.03280894586618, 37.60521683157819, 1069.9],
          [140.03290587241466, 37.60517051281154, 1065.3],
          [140.03300091563668, 37.60512152111396, 1061.9],
          [140.0330959588587, 37.60507252941637, 1057.5],
          [140.0331910020807, 37.60502353771878, 1054.5],
          [140.03328415262501, 37.60497264967238, 1050],
          [140.03336566942014, 37.604910105311575, 1047.4],
          [140.03344718621528, 37.604847560950766, 1044.2],
          [140.0335287030104, 37.60478501658996, 1042.4],
          [140.03361021980552, 37.60472247222914, 1039.7],
          [140.03369173660064, 37.60465992786833, 1037],
          [140.0337732533958, 37.604597383507524, 1034.3],
          [140.0338443554088, 37.60452845571813, 1031.9],
          [140.03389957522685, 37.6044497934133, 1030],
          [140.0339547950449, 37.60437113110848, 1027.5],
          [140.03401001486296, 37.60429246880365, 1025.7],
          [140.03406523468104, 37.60421380649882, 1023.3],
          [140.0341204544991, 37.604135144194, 1021.5],
          [140.03417567431714, 37.60405648188917, 1019],
          [140.0342467435499, 37.60398671138249, 1016.6],
          [140.03432132875227, 37.6039189133961, 1014.5],
          [140.03439591395463, 37.60385111540971, 1012.9],
          [140.03447049915698, 37.60378331742332, 1011],
          [140.03454508435934, 37.603715519436925, 1009.1],
          [140.0346196695617, 37.603647721450535, 1007.5],
          [140.03469425476405, 37.603579923464146, 1006.4],
          [140.0347688399664, 37.60351212547775, 1005.1],
          [140.0348434251688, 37.60344432749136, 1003.7],
          [140.03491801037114, 37.60337652950497, 1002.2],
          [140.0349925955735, 37.603308731518574, 1001.2],
          [140.03506718077585, 37.603240933532184, 999.5],
          [140.0351417659782, 37.603173135545795, 997.6],
          [140.03521635118057, 37.603105337559406, 995.9],
          [140.03529093638295, 37.60303753957301, 994.8],
          [140.0353655215853, 37.60296974158662, 992.8],
          [140.03543337736576, 37.60289801387933, 990.4],
          [140.03549231958687, 37.60282108099974, 988.4],
          [140.03555126180797, 37.60274414812015, 986.6],
          [140.03561020402907, 37.60266721524056, 982.8],
          [140.03566914625017, 37.60259028236097, 980.2],
          [140.03572808847127, 37.60251334948138, 977.7],
          [140.03578703069238, 37.60243641660179, 975],
          [140.0358459729135, 37.602359483722196, 972.5],
          [140.0359049151346, 37.60228255084261, 971.5],
          [140.0359638573557, 37.602205617963016, 970],
          [140.0360227995768, 37.60212868508343, 968],
          [140.03608174179791, 37.602051752203835, 964.1],
          [140.0361477009203, 37.6019794888916, 961.3],
          [140.03623245395576, 37.60191973244518, 958],
          [140.0363172069912, 37.60185997599876, 956.3],
          [140.03640196002667, 37.60180021955234, 955.8],
          [140.03648671306212, 37.60174046310591, 953.6],
          [140.03657146609757, 37.60168070665949, 948.3],
          [140.03665621913302, 37.60162095021307, 944.9],
          [140.03674097216847, 37.60156119376664, 943.6],
          [140.03682572520393, 37.60150143732022, 942.1],
          [140.03691047823938, 37.6014416808738, 941.2],
          [140.03699523127483, 37.60138192442738, 941]
        ]
      }
    },
    {
      "type": "Feature",
      "properties": {
        "name": "ホワイトバレー2",
        "slope_deg": [
          29.248826336546827, 29.248826336546827, 29.248826336546827,
          28.59038406079055, 23.749494492866926, 28.035301206706748,
          27.699472808055, 27.699472808055, 28.25802961470689,
          29.79113729834057, 32.31335307714656, 30.22079992383147,
          31.487469364213986, 28.810793742973065, 27.36156482027085,
          26.565051177077994, 23.26770481005701, 21.924785220541064,
          17.874511367250427, 17.223436191131285, 17.744671625056874,
          16.039943306049665, 16.69924423399362, 14.842227057911131,
          11.309932474020215, 10.896152141141194, 7.969610394321233,
          7.969610394321233, 7.969610394321233
        ],
        "horizontal_dist_map": 283,
        "slope_dist_map": 312,
        "elevation_diff_map": 120.2,
        "avg_slope_deg_map": 21,
        "max_slope_deg_map": 32.3
      },
      "geometry": {
        "type": "LineString",
        "coordinates": [
          [140.03109398122263, 37.60353019442563, 1133.6],
          [140.03120572604925, 37.60354481712902, 1126.2],
          [140.03131747087588, 37.60355943983241, 1117.9],
          [140.0314292157025, 37.6035740625358, 1116],
          [140.0315409605291, 37.60358868523918, 1111.2],
          [140.03165270535573, 37.60360330794257, 1104.4],
          [140.03176445018235, 37.60361793064596, 1100.3],
          [140.0318747678285, 37.603638080788244, 1094.7],
          [140.03198470820132, 37.603659692101836, 1090.2],
          [140.03209464857412, 37.60368130341542, 1083.4],
          [140.03220458894694, 37.60370291472901, 1078.8],
          [140.03231504007627, 37.603722731480204, 1071.8],
          [140.03242595923524, 37.60374090379148, 1064.9],
          [140.0325368783942, 37.603759076102754, 1060.1],
          [140.03264779755318, 37.60377724841403, 1054.3],
          [140.03275871671215, 37.60379542072531, 1049.8],
          [140.03287070639942, 37.603808593653376, 1044.2],
          [140.03298293209576, 37.60382066441544, 1040.1],
          [140.0330951577921, 37.6038327351775, 1037.1],
          [140.03320738348845, 37.60384480593956, 1033.7],
          [140.03332051723453, 37.603847919103664, 1031.3],
          [140.03343372390432, 37.603850312900164, 1027.7],
          [140.03354693057415, 37.60385270669667, 1024.3],
          [140.03366012118116, 37.60385456899037, 1022.2],
          [140.03377305243666, 37.60384784959239, 1019.3],
          [140.0338859836922, 37.60384113019441, 1017.1],
          [140.0339989149477, 37.60383441079643, 1016.3],
          [140.03411184620322, 37.60382769139845, 1014.5],
          [140.03422477745875, 37.60382097200047, 1013.7]
        ]
      }
    },
    {
      "type": "Feature",
      "properties": {
        "name": "ホワイトバレー3",
        "slope_deg": [
          3.005269359689804, 3.005269359689804, 3.005269359689804,
          3.4336303624503275, 5.4268124985727555, 5.142764557884436,
          6.701525844729548, 5.994092949108534, 6.701525844729548,
          9.090276920822133, 9.09027692082245, 9.926245506651705,
          10.203973721731431, 9.09027692082245, 10.065169352759717,
          10.757967088389877, 9.50877195829791, 10.481218144131045,
          9.09027692082245, 10.065169352760034, 11.7225209701022,
          10.89615214114088, 11.172136252166961, 8.9505586562316,
          7.406912128495294, 10.203973721731748, 9.926245506651705,
          15.2429977429017, 17.223436191131583, 17.223436191131583,
          17.223436191131583
        ],
        "horizontal_dist_map": 306,
        "slope_dist_map": 312,
        "elevation_diff_map": 51.4,
        "avg_slope_deg_map": 9.4,
        "max_slope_deg_map": 17.2
      },
      "geometry": {
        "type": "LineString",
        "coordinates": [
          [140.0337510941157, 37.60122293633588, 1072],
          [140.0338578283853, 37.601225371966876, 1071.1],
          [140.0338994224034, 37.60129781401243, 1071.1],
          [140.03389853710797, 37.60138789310478, 1070.4],
          [140.0338810506457, 37.60147691152207, 1069.9],
          [140.03386356418346, 37.60156592993937, 1068.7],
          [140.0338460777212, 37.60165494835666, 1067.3],
          [140.03382859125892, 37.60174396677395, 1066.8],
          [140.03381110479665, 37.601832985191244, 1065.2],
          [140.03379361833439, 37.60192200360854, 1064.5],
          [140.03377873322884, 37.60201127250268, 1062.6],
          [140.03376902476955, 37.602101039840576, 1060.4],
          [140.03375931631024, 37.602190807178474, 1058.8],
          [140.03374960785092, 37.60228057451637, 1057.5],
          [140.03373989939163, 37.60237034185427, 1055.4],
          [140.03373019093232, 37.602460109192165, 1054],
          [140.03372048247303, 37.60254987653006, 1051.7],
          [140.03370626797513, 37.60263923144313, 1049.9],
          [140.03369010251342, 37.60272840779005, 1048.7],
          [140.0336739370517, 37.60281758413697, 1046.6],
          [140.03365777159, 37.6029067604839, 1045.3],
          [140.03364160612827, 37.60299593683082, 1042.8],
          [140.03362544066655, 37.60308511317774, 1040.4],
          [140.03360411867482, 37.60317359015048, 1038.9],
          [140.03358223484497, 37.60326199092178, 1037.4],
          [140.0335603510151, 37.60335039169308, 1036.5],
          [140.03353846718525, 37.603438792464374, 1035.2],
          [140.0335165833554, 37.60352719323567, 1031.7],
          [140.03349469952556, 37.60361559400697, 1030.4],
          [140.0335507006341, 37.60369367353171, 1025.6],
          [140.0336470955396, 37.6037327270639, 1022.8]
        ]
      }
    },
    {
      "type": "Feature",
      "properties": {
        "name": "ダット",
        "slope_deg": [
          18.39196625070563, 18.39196625070563, 18.39196625070563,
          20.052082146098712, 18.906332035086663, 19.6719699892005,
          19.290046219188735, 16.69924423399362, 17.223436191131285,
          17.35402463626132, 17.35402463626132, 18.64953875405141,
          17.223436191131583, 17.484427323220586, 16.830565983210477,
          14.708303899682749, 12.816647648997467, 11.172136252167274,
          9.369385096487514, 7.969610394321233, 9.787203664656081,
          9.090276920822289, 10.481218144130889, 11.447596263685636,
          11.034209003250188, 10.065169352759877, 10.757967088390036,
          10.481218144130889, 10.065169352759877, 11.7225209701022,
          10.619655276155134, 10.757967088390036, 10.203973721731748,
          8.11004782941916, 7.547725773843047, 7.266008446996026,
          7.266008446996026, 6.983937460085259, 6.277298489597523,
          5.710593137499643, 4.7162212343382155, 4.146688825965976,
          4.146688825966138, 3.0052693596899664, 2.5765718302687652,
          2.5765718302687652, 2.147585428298503, 2.2906100426385625,
          2.719505461272635, 3.0052693596899664, 3.4336303624504896,
          4.289153328819018, 5.852378988915493, 6.560196400571341,
          8.810732985984814, 11.585126224854955, 12.68038349181982,
          15.774985955414008, 18.64953875405141, 17.744671625057023,
          19.925580658184323, 18.39196625070548, 16.436059224635738,
          17.61464330000695, 14.036243467926479, 13.90135076950909,
          11.996899307923577, 10.203973721731748, 10.203973721731748,
          10.342657140474548, 10.065169352759877, 8.810732985984814,
          7.969610394321392, 5.710593137499643, 5.568737077976604,
          5.2848210925090795, 6.277298489597523, 8.390627013252708,
          8.530765609948133, 10.757967088390036, 12.543973346572077,
          12.27072035781523, 14.439965121002654, 13.63109444342145,
          14.036243467926479, 15.37625124882619, 14.170977562933123,
          16.039943306049665, 16.69924423399362, 15.774985955414158,
          17.223436191131434, 17.874511367250427, 14.305551846622015,
          11.859779120947948, 8.250387228905595, 4.0041729407093225,
          6.418786730238786, 11.447596263685636, 14.305551846621862,
          17.744671625056874, 17.092662950267425, 15.109575122340402,
          14.708303899682749, 12.407418527400838, 12.68038349181982,
          11.996899307923577, 10.757967088390036, 11.7225209701022,
          12.13388017063338, 11.859779120947948, 14.036243467926479,
          15.509334522674907, 15.242997742901547, 16.830565983210626,
          15.242997742901547, 13.360218444764483, 13.224551192213497,
          10.757967088390036, 11.172136252167116, 9.926245506651705,
          9.926245506651705, 11.172136252167116, 10.757967088390036,
          12.13388017063338, 12.68038349181982, 11.58512622485511,
          12.13388017063338, 11.172136252167116, 10.481218144131045,
          11.585126224854955, 10.481218144130889, 11.996899307923577,
          12.816647648997312, 12.270720357815385, 14.036243467926479,
          14.170977562933123, 12.68038349181982, 13.63109444342145,
          11.722520970102357, 11.034209003250188, 11.58512622485511,
          10.065169352759877, 10.619655276155134, 9.926245506651705,
          8.39062701325255, 8.670801453590993, 7.969610394321233,
          6.983937460085259, 7.406912128495294, 6.983937460085259,
          6.277298489597683, 6.277298489597683, 5.4268124985727555,
          4.146688825965976, 3.8616074096749773, 3.4336303624504896,
          4.289153328819018, 5.142764557884274, 5.142764557884274,
          5.568737077976604, 5.710593137499643, 6.277298489597523,
          5.852378988915653, 6.701525844729548, 5.426812498572917,
          3.8616074096751394, 5.000644597558433, 3.4336303624504896,
          3.8616074096749773, 3.8616074096751394, 3.290883686067228,
          3.0052693596899664, 2.862405226111748, 2.719505461272472,
          2.147585428298503, 3.4336303624504896, 3.0052693596899664,
          3.8616074096749773, 3.8616074096751394, 3.1480960995626615,
          3.290883686067228, 3.290883686067228, 3.290883686067228
        ],
        "horizontal_dist_map": 1827,
        "slope_dist_map": 1866,
        "elevation_diff_map": 331.4,
        "avg_slope_deg_map": 10.1,
        "max_slope_deg_map": 20.1
      },
      "geometry": {
        "type": "LineString",
        "coordinates": [
          [140.03394863553268, 37.60100869309452, 1065.9],
          [140.03404938193432, 37.60096755066465, 1062.4],
          [140.03415012833597, 37.600926408234784, 1058.5],
          [140.03425087473764, 37.60088526580491, 1055.6],
          [140.034347424647, 37.60083824513434, 1052.6],
          [140.03444343777386, 37.60079047256513, 1047.8],
          [140.03453945090072, 37.600742699995926, 1044.8],
          [140.03463546402756, 37.600694927426716, 1041.3],
          [140.03473147715442, 37.60064715485751, 1038.6],
          [140.0348274902813, 37.60059938228831, 1035.8],
          [140.03493531140887, 37.600572031339375, 1032.4],
          [140.03504337724738, 37.600545103611395, 1028.8],
          [140.03515144308588, 37.600518175883415, 1026.1],
          [140.03525950892438, 37.60049124815543, 1022.3],
          [140.0353675747629, 37.60046432042745, 1020],
          [140.0354760457005, 37.60043846491683, 1016.2],
          [140.03558485700162, 37.60041351028119, 1014],
          [140.03569366830277, 37.600388555645566, 1011.8],
          [140.0358020021256, 37.60036255920487, 1010.9],
          [140.03590546193888, 37.600325928211575, 1008.3],
          [140.03600731996883, 37.60028717368408, 1007.4],
          [140.03609661532383, 37.600231764425686, 1006.2],
          [140.03618591067885, 37.600176355167285, 1004],
          [140.03627038336177, 37.600116630078745, 1001.9],
          [140.0363466650573, 37.600050458221, 1000],
          [140.03640676820564, 37.59997409703214, 998.1],
          [140.036466871354, 37.599897735843285, 996.2],
          [140.03652697450235, 37.599821374654425, 994.8],
          [140.0365870776507, 37.599745013465565, 992.4],
          [140.03664718079906, 37.59966865227671, 990.7],
          [140.03668573530408, 37.59958395403713, 989.1],
          [140.036724108881, 37.599499185797484, 986.5],
          [140.03676248245796, 37.59941441755784, 984.9],
          [140.0368039558471, 37.59933085817931, 983.1],
          [140.03686465621792, 37.59925479691655, 981.9],
          [140.0369253565887, 37.59917873565378, 980.8],
          [140.03698605695953, 37.59910267439102, 979.6],
          [140.03704675733036, 37.59902661312826, 978],
          [140.0371072875427, 37.59895046733314, 976.8],
          [140.037166554068, 37.59887369375598, 975.9],
          [140.03722582059328, 37.59879692017883, 975.2],
          [140.03728508711856, 37.59872014660167, 974],
          [140.03734435364385, 37.59864337302451, 973.5],
          [140.03740362016916, 37.59856659944735, 973],
          [140.03746288669444, 37.598489825870196, 972.3],
          [140.03752215321973, 37.59841305229304, 971.9],
          [140.03757908635993, 37.598335437983025, 971.7],
          [140.0376125099977, 37.598249353056104, 971.2],
          [140.03764593363547, 37.59816326812919, 970.8],
          [140.03767935727325, 37.59807718320227, 970.3],
          [140.03771278091102, 37.59799109827535, 969.8],
          [140.0377209531676, 37.597901307128545, 969.1],
          [140.0377283317115, 37.59781139948619, 968.4],
          [140.0377357102554, 37.59772149184383, 967.3],
          [140.03774308879926, 37.59763158420147, 965.7],
          [140.03775046734316, 37.59754167655911, 964.5],
          [140.03775784588706, 37.597451768916756, 962.2],
          [140.03776522443096, 37.59736186127439, 959.1],
          [140.03778029585578, 37.597272645886655, 956.7],
          [140.03779833948047, 37.59718369795646, 953.2],
          [140.03781638310517, 37.59709475002627, 948.7],
          [140.03783442672986, 37.59700580209608, 946.3],
          [140.03785247035455, 37.59691685416589, 942.2],
          [140.03787051397924, 37.596827906235696, 939.9],
          [140.0378812918871, 37.59673901346545, 936.9],
          [140.0378611185602, 37.59665035567111, 933.6],
          [140.03784094523328, 37.59656169787677, 932.2],
          [140.03779968536642, 37.596477863360484, 930],
          [140.0377576062647, 37.596394216233755, 928.4],
          [140.037715527163, 37.596310569107025, 926.4],
          [140.03767344806127, 37.596226921980296, 925],
          [140.03763079455408, 37.596143473021584, 922.7],
          [140.0375828222798, 37.59606185902017, 921.3],
          [140.0375348500055, 37.59598024501875, 920.2],
          [140.03748687773123, 37.595898631017334, 919.4],
          [140.03743890545695, 37.595817017015925, 918.7],
          [140.03742328860386, 37.59572785009673, 917.4],
          [140.03740824296008, 37.595638549836764, 916.5],
          [140.0373931973163, 37.595549249576806, 915],
          [140.03737815167253, 37.59545994931684, 912.8],
          [140.03737491149926, 37.59537028641073, 911.4],
          [140.0373812597707, 37.59528032896213, 908.9],
          [140.0373876080422, 37.595190371513546, 906.1],
          [140.03739395631365, 37.59510041406496, 904.1],
          [140.0374003045851, 37.595010456616365, 901.1],
          [140.03740379686343, 37.594920410057796, 899.2],
          [140.03740632027848, 37.59483033326968, 896.1],
          [140.0374088436935, 37.59474025648156, 893.1],
          [140.03741136710852, 37.59465017969343, 891],
          [140.03741389052357, 37.59456010290531, 887.7],
          [140.0374164139386, 37.59447002611719, 884.1],
          [140.03741463408383, 37.594380030045755, 881.8],
          [140.03740677913368, 37.594290147925236, 878.6],
          [140.03739892418352, 37.594200265804716, 874.8],
          [140.03739106923337, 37.5941103836842, 873.9],
          [140.03738321428324, 37.59402050156368, 873.4],
          [140.03737535933308, 37.593930619443164, 872.8],
          [140.0373673736723, 37.5938407446311, 872],
          [140.03735934729406, 37.59375087209568, 869.4],
          [140.03735132091577, 37.593660999560264, 865.3],
          [140.0373432945375, 37.593571127024845, 862.6],
          [140.0373352681592, 37.593481254489426, 859.2],
          [140.03733018080263, 37.593391247724206, 857.1],
          [140.03732523210797, 37.593301234626075, 854.5],
          [140.0373202834133, 37.593211221527945, 852.1],
          [140.03731533471864, 37.593121208429814, 850.4],
          [140.037310386024, 37.59303119533168, 848.1],
          [140.0373054373293, 37.59294118223355, 846],
          [140.03730048863466, 37.59285116913542, 844.5],
          [140.03729553994, 37.59276115603729, 842.1],
          [140.03729061698118, 37.592671142042356, 839.5],
          [140.03728571130753, 37.5925811274451, 837.6],
          [140.03728080563388, 37.592491112847846, 834.5],
          [140.03727589996024, 37.59240109825058, 831],
          [140.0372709942866, 37.59231108365333, 828.6],
          [140.03726983596303, 37.59222129605451, 825.5],
          [140.03729180904205, 37.59213290965714, 823.6],
          [140.03731378212106, 37.592044523259766, 821.5],
          [140.03733575520008, 37.59195613686239, 819.2],
          [140.0373577282791, 37.59186775046501, 817.9],
          [140.03737970135813, 37.59177936406764, 815.7],
          [140.03740167443715, 37.59169097767027, 814.5],
          [140.03742364751616, 37.59160259127289, 812.2],
          [140.03744562059518, 37.591514204875516, 810],
          [140.03746198077422, 37.59142506529124, 808.1],
          [140.0374776500214, 37.591335832991824, 805.9],
          [140.03749331926855, 37.5912466006924, 803.2],
          [140.0375089885157, 37.59115736839298, 801.8],
          [140.03752465776287, 37.59106813609356, 799.5],
          [140.03754032701002, 37.59097890379414, 798],
          [140.0375559962572, 37.590889671494715, 795.8],
          [140.03756096522628, 37.59079967692195, 793.6],
          [140.037565463656, 37.590709648828586, 792.1],
          [140.03756996208574, 37.590619620735225, 789.5],
          [140.03757446051546, 37.590529592641865, 786.7],
          [140.0375789589452, 37.590439564548504, 784.9],
          [140.03758345737495, 37.59034953645514, 782.1],
          [140.03758795580467, 37.59025950836178, 779.4],
          [140.0375924542344, 37.59016948026842, 777.7],
          [140.03759695266416, 37.59007945217506, 775.2],
          [140.03760145109388, 37.5899894240817, 773.8],
          [140.0376081226882, 37.58989949331184, 771.6],
          [140.03761634769018, 37.58980963211013, 769.5],
          [140.03762457269215, 37.58971977090843, 768.1],
          [140.03763279769416, 37.58962990970673, 766.3],
          [140.03764102269614, 37.58954004850502, 764.6],
          [140.0376492476981, 37.58945018730332, 763.6],
          [140.03765747270012, 37.58936032610162, 762],
          [140.0376656977021, 37.58927046489991, 760.7],
          [140.03767392270407, 37.58918060369821, 759.7],
          [140.03768214770605, 37.58909074249651, 758.4],
          [140.03768469145643, 37.58900091049073, 757.1],
          [140.03767500858206, 37.58891114131754, 756.3],
          [140.03766532570768, 37.588821372144345, 755.3],
          [140.03765564283327, 37.588731602971144, 754.6],
          [140.0376459599589, 37.58864183379795, 754.2],
          [140.03761861246446, 37.58855459784043, 753.6],
          [140.03758830628806, 37.58846778617618, 752.9],
          [140.03755800011163, 37.588380974511935, 751.6],
          [140.03752769393523, 37.588294162847696, 750.6],
          [140.0374581597898, 37.58822483487688, 750],
          [140.03738097221728, 37.5881589179971, 749],
          [140.03730378464473, 37.58809300111732, 747.6],
          [140.03721004090772, 37.588042806836846, 746.2],
          [140.03711498247554, 37.58799386105962, 745.9],
          [140.03701992404336, 37.58794491528241, 744.3],
          [140.03692486561118, 37.58789596950518, 743.8],
          [140.03682980717898, 37.58784702372797, 743.5],
          [140.0367347487468, 37.587798077950744, 742.4],
          [140.03663969031462, 37.58774913217353, 741.9],
          [140.03654463188244, 37.587700186396305, 741.1],
          [140.03644957345026, 37.58765124061909, 740.8],
          [140.03635451501805, 37.587602294841865, 740.1],
          [140.03625945658587, 37.58755334906465, 739.8],
          [140.0361643981537, 37.58750440328743, 739.1],
          [140.0360693397215, 37.58745545751021, 738.9],
          [140.03597428128933, 37.58740651173299, 738.6],
          [140.03587922285712, 37.58735756595577, 737.4],
          [140.03578416442494, 37.587308620178554, 737],
          [140.03568910599276, 37.58725967440133, 736.2],
          [140.03559404756058, 37.587210728624115, 735.9],
          [140.0354989891284, 37.58716178284689, 735.2],
          [140.0354039306962, 37.587112837069675, 734.7]
        ]
      }
    },
    {
      "type": "Feature",
      "properties": {
        "name": "ズナイ2",
        "slope_deg": [
          10.342657140474707, 10.342657140474707, 10.342657140474707,
          8.530765609948133, 8.39062701325255, 7.266008446996026,
          6.135733340186728, 6.277298489597523, 6.277298489597523,
          6.135733340186728, 8.11004782941916, 8.810732985984973,
          10.065169352759877, 11.722520970102357, 10.481218144130889,
          10.619655276155134, 9.369385096487514, 7.266008446995867,
          5.994092949108534, 5.000644597558433, 4.146688825965976,
          5.000644597558433, 6.418786730238786, 6.701525844729388,
          8.11004782941916, 8.950558656231758, 8.9505586562316,
          10.481218144131045, 10.896152141141036, 10.757967088390036,
          11.58512622485511, 10.342657140474548, 10.203973721731748,
          10.342657140474548, 9.648045316098093, 10.896152141141194,
          11.447596263685636, 11.309932474020215, 12.816647648997467,
          13.90135076950909, 13.495733280795843, 15.242997742901547,
          15.907551930525813, 14.439965121002654, 15.774985955414008,
          15.774985955414158, 14.305551846622015, 14.97598451475675,
          12.68038349181982, 10.757967088389877, 10.065169352759717,
          7.969610394321392, 7.969610394321392, 7.547725773843206,
          7.125016348901798, 9.508771958297752, 11.585126224854955,
          12.27072035781523, 14.842227057911131, 14.97598451475675,
          13.360218444764483, 14.036243467926479, 11.172136252167116,
          9.22988624372772, 8.530765609948133, 5.568737077976766,
          5.568737077976766, 5.568737077976766
        ],
        "horizontal_dist_map": 678,
        "slope_dist_map": 690,
        "elevation_diff_map": 119.3,
        "avg_slope_deg_map": 9.8,
        "max_slope_deg_map": 15.9
      },
      "geometry": {
        "type": "LineString",
        "coordinates": [
          [140.03508900491195, 37.59303019584689, 853.2],
          [140.035092776349, 37.59294014664083, 851],
          [140.03509654778605, 37.592850097434756, 849.5],
          [140.0351003192231, 37.59276004822869, 847.5],
          [140.03510409066013, 37.59266999902262, 845.9],
          [140.03510786209716, 37.59257994981655, 845],
          [140.03511163353423, 37.59248990061049, 843.6],
          [140.03511540497126, 37.592399851404416, 842.4],
          [140.0351191764083, 37.59230980219835, 841.6],
          [140.03512294784537, 37.59221975299228, 840.6],
          [140.0351267192824, 37.59212970378621, 839.2],
          [140.03513049071944, 37.59203965458015, 838.1],
          [140.03513426215648, 37.591949605374076, 835.9],
          [140.03513803359354, 37.59185955616801, 834.4],
          [140.03514154750823, 37.591769500748605, 832.1],
          [140.03514463213054, 37.591679434971496, 829.8],
          [140.03514771675282, 37.591589369194395, 828.5],
          [140.03515080137512, 37.59149930341729, 826.9],
          [140.03515388599743, 37.59140923764018, 825.5],
          [140.03515697061974, 37.59131917186308, 824.7],
          [140.03516005524202, 37.59122910608597, 824.3],
          [140.03516313986432, 37.59113904030887, 823.4],
          [140.03516622448663, 37.59104897453176, 822.6],
          [140.03516930910894, 37.59095890875466, 821.2],
          [140.03517239373122, 37.59086884297755, 819.8],
          [140.03517547835352, 37.59077877720044, 818.7],
          [140.03517856297583, 37.59068871142334, 816.9],
          [140.03518164759814, 37.59059864564623, 814.9],
          [140.03517884241674, 37.590508591112226, 813.5],
          [140.0351752139428, 37.5904185381498, 811.3],
          [140.03517158546885, 37.59032848518738, 809.2],
          [140.03516795699488, 37.59023843222496, 807.3],
          [140.03516432852092, 37.59014837926254, 805.3],
          [140.03516070004696, 37.59005832630012, 804],
          [140.035157071573, 37.589968273337696, 802],
          [140.03515344309906, 37.58987822037527, 800],
          [140.0351498146251, 37.58978816741285, 798.5],
          [140.03514618615114, 37.58969811445043, 796.3],
          [140.03514255767718, 37.58960806148801, 793.9],
          [140.0351389292032, 37.58951800852559, 792],
          [140.03513530072925, 37.58942795556317, 789.4],
          [140.03513167225532, 37.58933790260074, 786.4],
          [140.03512804378136, 37.58924784963832, 784.3],
          [140.0351244153074, 37.5891577966759, 781.1],
          [140.03512078683343, 37.58906774371348, 778],
          [140.03511715835947, 37.58897769075106, 776.1],
          [140.0351110221661, 37.58888772684503, 773],
          [140.0351045539997, 37.58879777472833, 769.8],
          [140.0350980858333, 37.588707822611624, 767.8],
          [140.03509161766692, 37.58861787049492, 765.4],
          [140.03508514950053, 37.58852791837822, 764],
          [140.03507868133414, 37.58843796626152, 762.2],
          [140.03507221316775, 37.58834801414482, 760.7],
          [140.03506574500136, 37.58825806202812, 759.8],
          [140.03505927683497, 37.588168109911415, 758.4],
          [140.0350531243102, 37.5880781492243, 756.9],
          [140.03505187326266, 37.58798805545057, 755.7],
          [140.03505062221512, 37.58789796167684, 753.1],
          [140.0350493711676, 37.58780786790311, 750.2],
          [140.03504812012005, 37.58771777412937, 748.2],
          [140.0350468690725, 37.587627680355645, 745.1],
          [140.03504561802495, 37.58753758658191, 742.4],
          [140.03504436697742, 37.58744749280818, 740.7],
          [140.03504311592988, 37.587357399034445, 738.2],
          [140.03504186488234, 37.58726730526072, 737.2],
          [140.0350406138348, 37.58717721148698, 735.9],
          [140.03503936278727, 37.58708711771325, 734.7],
          [140.03503811173974, 37.586997023939524, 734.3]
        ]
      }
    },
    {
      "type": "Feature",
      "properties": {
        "name": "バトウ2",
        "slope_deg": [
          11.309932474020215, 11.309932474020215, 11.309932474020215,
          12.270720357815385, 11.58512622485511, 10.896152141141194,
          12.13388017063338, 11.447596263685636, 12.27072035781523,
          12.13388017063338, 14.17097756293297, 15.37625124882619,
          16.69924423399362, 19.925580658184323, 18.26288994219419,
          21.305783617828656, 21.43000730175244, 20.806791012711145,
          20.430362329285547, 16.304198003832376, 14.842227057911131,
          11.859779120948104, 11.859779120947948, 12.270720357815385,
          11.585126224854955, 12.952764513375426, 12.816647648997467,
          11.996899307923577, 13.088732789694154, 12.816647648997467,
          12.543973346572077, 13.088732789694, 13.90135076950909,
          14.842227057911131, 14.708303899682749, 15.774985955414008,
          15.37625124882619, 15.642246457208639, 16.304198003832376,
          14.305551846622015, 13.360218444764483, 10.896152141141194,
          9.648045316098093, 8.670801453590993, 7.125016348901798,
          6.560196400571341, 5.000644597558433, 4.858462919034255,
          3.8616074096749773, 3.4336303624504896, 4.573921259900927,
          5.000644597558433, 6.135733340186889, 4.7162212343382155,
          3.4336303624504896, 3.0052693596899664, 1.8614576304666637,
          2.862405226111748, 2.719505461272472, 2.2906100426385625,
          2.862405226111748, 3.0052693596899664, 4.573921259900927,
          4.431564716435714, 4.004172940709484, 4.573921259900927,
          2.862405226111748, 4.004172940709484, 5.284821092508918,
          5.710593137499643, 7.406912128495294, 7.969610394321392,
          7.829076510059608, 8.250387228905435, 7.266008446995867,
          6.701525844729388, 6.701525844729388, 6.701525844729388
        ],
        "horizontal_dist_map": 778,
        "slope_dist_map": 794,
        "elevation_diff_map": 138.5,
        "avg_slope_deg_map": 9.9,
        "max_slope_deg_map": 21.4
      },
      "geometry": {
        "type": "LineString",
        "coordinates": [
          [140.02508904945648, 37.58971464005901, 872.4],
          [140.0251748216501, 37.58965582396946, 870.6],
          [140.02526059384374, 37.58959700787991, 868.5],
          [140.0253471263525, 37.589539002633636, 866.2],
          [140.0254423965861, 37.589490315793675, 864.4],
          [140.0255376668197, 37.589441628953715, 861.9],
          [140.02563293705327, 37.589392942113754, 860.3],
          [140.02572820728687, 37.58934425527379, 858.5],
          [140.02582347752048, 37.589295568433826, 855.8],
          [140.02591874775408, 37.589246881593866, 853.8],
          [140.02601401798768, 37.589198194753905, 851.6],
          [140.02610928822125, 37.589149507913945, 849.9],
          [140.02620455845485, 37.589100821073984, 845.7],
          [140.02629982868845, 37.589052134234024, 842.8],
          [140.02639509892205, 37.58900344739406, 839.6],
          [140.02649036915565, 37.5889547605541, 835.4],
          [140.02658563938922, 37.588906073714135, 832.5],
          [140.02668090962283, 37.588857386874174, 827.2],
          [140.02678437509644, 37.58882117119439, 823.9],
          [140.02688897541006, 37.58878668246484, 820.2],
          [140.0269935757237, 37.58875219373529, 817.6],
          [140.02709817603733, 37.58871770500574, 815.5],
          [140.02720277635095, 37.58868321627619, 813.3],
          [140.0273038579284, 37.58864421013414, 811.8],
          [140.02738920823646, 37.588585007924955, 809.2],
          [140.02747455854453, 37.58852580571576, 806.8],
          [140.02755990885262, 37.58846660350657, 805.1],
          [140.0276452591607, 37.58840740129738, 802.6],
          [140.0277306094688, 37.58834819908819, 800.1],
          [140.02781595977686, 37.588288996878994, 798.3],
          [140.02790131008493, 37.58822979466981, 795.8],
          [140.02797736685366, 37.58816327681749, 793.5],
          [140.02805083576902, 37.58809472187134, 791.2],
          [140.02812430468438, 37.588026166925204, 789],
          [140.02819777359974, 37.587957611979064, 785.9],
          [140.0282712425151, 37.587889057032925, 782.9],
          [140.02834471143046, 37.58782050208678, 780.7],
          [140.02841818034582, 37.58775194714064, 777.7],
          [140.02849164926118, 37.5876833921945, 774.9],
          [140.02856511817654, 37.58761483724836, 771.7],
          [140.02861199095176, 37.587534796192436, 769],
          [140.02864418612637, 37.587448416301974, 767.5],
          [140.02867638130095, 37.58736203641152, 765.4],
          [140.02870857647557, 37.58727565652106, 764],
          [140.02875546212948, 37.58719507584091, 762.2],
          [140.02882240843854, 37.58712241430048, 761.4],
          [140.0288893547476, 37.587049752760045, 760.4],
          [140.02895630105667, 37.586977091219616, 759.4],
          [140.02904659009675, 37.58692875177577, 758.7],
          [140.0291522983864, 37.58689647851017, 758],
          [140.02925800667603, 37.586864205244574, 757.7],
          [140.02936371496568, 37.58683193197898, 757],
          [140.02947332001182, 37.58681675044945, 755.5],
          [140.0295865377711, 37.5868174148012, 754.5],
          [140.02969975553043, 37.58681807915295, 753.4],
          [140.02981297328975, 37.5868187435047, 753.7],
          [140.02992553260844, 37.58682493204235, 753.1],
          [140.03003688817418, 37.58684121982797, 752.4],
          [140.03014824373994, 37.586857507613594, 752.1],
          [140.03025959930568, 37.586873795399214, 751.7],
          [140.03037095487144, 37.58689008318484, 751.2],
          [140.03048231043718, 37.58690637097046, 750.8],
          [140.03059366600291, 37.58692265875608, 750.1],
          [140.03070502156868, 37.58693894654171, 749.6],
          [140.0308163771344, 37.58695523432733, 748],
          [140.03092773270018, 37.586971522112954, 747.7],
          [140.03103986361555, 37.586983241011374, 747.3],
          [140.03115265975902, 37.586991039933494, 746.4],
          [140.03126311167796, 37.58698903202093, 746],
          [140.0313644315603, 37.58694882112406, 744.9],
          [140.0314657514426, 37.586908610227184, 743.6],
          [140.03156123639303, 37.586860555507805, 742.4],
          [140.0316542742381, 37.58680921117678, 740.8],
          [140.03174731208318, 37.58675786684575, 739.3],
          [140.03184034992825, 37.58670652251472, 738.1],
          [140.0319333877733, 37.58665517818369, 736.6],
          [140.0320264256184, 37.586603833852664, 735.7],
          [140.03211946346346, 37.58655248952164, 734.6]
        ]
      }
    },
    {
      "type": "Feature",
      "properties": {
        "name": "バトウ1",
        "slope_deg": [
          12.68038349181982, 12.68038349181982, 12.68038349181982,
          12.543973346572077, 10.342657140474548, 11.172136252167274,
          9.648045316098093, 10.619655276155134, 12.13388017063338,
          11.309932474020215, 12.68038349181982, 11.447596263685636,
          11.309932474020215, 10.757967088389877, 11.859779120947948,
          11.7225209701022, 11.172136252167116, 11.58512622485511,
          11.447596263685636, 14.57421619803871, 17.35402463626132,
          19.544862326628827, 20.931852540892606, 19.544862326628827,
          18.64953875405141, 18.26288994219404, 16.567741642974887,
          15.37625124882619, 14.170977562933123, 13.766300685466351,
          15.37625124882619, 17.223436191131434, 17.744671625057023,
          17.874511367250282, 16.567741642974887, 15.109575122340555,
          14.17097756293297, 13.224551192213497, 13.495733280795843,
          12.68038349181982, 12.407418527400838, 11.996899307923577,
          9.508771958297752, 9.508771958297752, 9.508771958297752,
          9.508771958297752
        ],
        "horizontal_dist_map": 458,
        "slope_dist_map": 472,
        "elevation_diff_map": 109.4,
        "avg_slope_deg_map": 13,
        "max_slope_deg_map": 20.9
      },
      "geometry": {
        "type": "LineString",
        "coordinates": [
          [140.02525052891883, 37.58945161835076, 866.4],
          [140.0252574559728, 37.589361687880206, 864.4],
          [140.02526438302678, 37.589271757409655, 861.5],
          [140.02527131008074, 37.589181826939104, 859.7],
          [140.0252782371347, 37.58909189646855, 857.4],
          [140.0252851641887, 37.58900196599801, 855.5],
          [140.02529480410672, 37.588912289972775, 854.2],
          [140.02531434206068, 37.5888235423055, 851.8],
          [140.02533388001464, 37.58873479463821, 850.6],
          [140.02535341796857, 37.588646046970936, 848],
          [140.02537295592253, 37.58855729930366, 845.6],
          [140.02539926169095, 37.58847200801506, 843.8],
          [140.02549251110068, 37.588420905396426, 841.6],
          [140.02558576051044, 37.5883698027778, 839.9],
          [140.0256790099202, 37.588318700159164, 837.6],
          [140.02577225932995, 37.588267597540536, 836.2],
          [140.02586550873968, 37.5882164949219, 833.2],
          [140.02595875814944, 37.588165392303274, 831.6],
          [140.0260520075592, 37.58811428968464, 829.7],
          [140.02614525696896, 37.58806318706601, 828],
          [140.02623850637872, 37.58801208444738, 825.1],
          [140.02633175578845, 37.58796098182875, 821.2],
          [140.0264250051982, 37.58790987921012, 817.2],
          [140.02651825460796, 37.58785877659149, 813.8],
          [140.02661150401772, 37.58780767397286, 809.8],
          [140.02670475342748, 37.58775657135423, 807],
          [140.0267980028372, 37.5877054687356, 803.7],
          [140.02689125224697, 37.587654366116965, 800.6],
          [140.02698450165673, 37.58760326349834, 797.9],
          [140.0270803343911, 37.58755528431804, 796],
          [140.02717617541714, 37.587507315162995, 793.6],
          [140.02727201644316, 37.58745934600795, 790.8],
          [140.0273678574692, 37.5874113768529, 786.9],
          [140.0274636984952, 37.58736340769784, 783.6],
          [140.02755953952123, 37.587315438542795, 780.8],
          [140.02765538054726, 37.58726746938775, 777.9],
          [140.02775122157328, 37.58721950023269, 775],
          [140.0278470625993, 37.587171531077644, 772.8],
          [140.02794290362533, 37.587123561922596, 770.7],
          [140.02803874465135, 37.58707559276755, 768.5],
          [140.02813458567738, 37.58702762361249, 765.4],
          [140.0282368321506, 37.58698978506794, 763.8],
          [140.02834235213828, 37.586957123788785, 761.9],
          [140.02844787212598, 37.58692446250963, 760],
          [140.02855339211365, 37.58689180123047, 758.7],
          [140.02865891210135, 37.586859139951315, 757.1]
        ]
      }
    },
    {
      "type": "Feature",
      "properties": {
        "name": "ズナイ1",
        "slope_deg": [
          3.1480960995624994, 3.1480960995624994, 3.1480960995624994,
          5.852378988915814, 9.369385096487358, 10.619655276155134,
          10.896152141141194, 10.342657140474548, 8.810732985984973,
          7.688447769902681, 6.418786730238786, 5.994092949108534,
          5.4268124985727555, 5.994092949108534, 5.4268124985727555,
          5.2848210925090795, 5.710593137499643, 4.7162212343382155,
          4.289153328819018, 3.4336303624503275, 1.7183580016555222,
          1.0025738037601275, 0.2864765102771396, -0.1432391503681763,
          0.14323915036850196, 0.7161599454704085, 1.2889375601870259,
          1.8614576304666637, 2.433606100719861, 3.433630362450652,
          4.573921259900927, 5.994092949108534, 7.406912128495294,
          7.829076510059608, 9.22988624372772, 10.757967088389877,
          11.172136252167274, 12.407418527400683, 12.270720357815076,
          12.543973346572233, 13.49573328079569, 13.088732789694,
          14.305551846622015, 14.17097756293297, 14.439965121002654,
          16.172159015782732, 15.2429977429017, 15.774985955414008,
          15.509334522675056, 14.574216198038554, 14.305551846622015,
          13.224551192213651, 12.407418527400683, 11.58512622485511,
          11.309932474020215, 10.481218144131045, 9.648045316098093,
          9.09027692082245, 8.390627013252388, 10.203973721731431,
          13.224551192213651, 14.036243467926479, 16.961705886532968,
          16.43605922463589, 15.242997742901395, 14.84222705791098,
          13.49573328079569, 12.543973346571923, 12.543973346572233,
          12.133880170633224, 12.407418527400994, 12.95276451337558,
          13.088732789694, 14.43996512100296, 12.816647648997312,
          13.631094443421603, 12.407418527400683, 12.407418527400683,
          12.816647648997467, 11.859779120947948, 13.088732789694154,
          11.996899307923577, 13.224551192213497, 13.360218444764483,
          13.631094443421603, 14.036243467926479, 13.766300685466197,
          13.495733280795843, 12.816647648997467, 13.63109444342145,
          12.543973346572233, 13.49573328079569, 13.90135076950909,
          13.088732789694154, 14.57421619803871, 14.97598451475675,
          14.036243467926479, 16.039943306049665, 15.509334522674907,
          17.092662950267425, 19.544862326628685, 18.39196625070533,
          20.430362329285547, 20.556045219583467, 17.744671625057023,
          18.133621430820412, 14.842227057911131, 11.722520970102357,
          11.034209003250188, 8.39062701325255, 7.68844776990284,
          6.418786730238786, 6.983937460085259, 7.68844776990284,
          9.648045316098093, 11.309932474020215, 13.766300685466351,
          14.305551846622015, 13.631094443421603, 14.842227057911131,
          13.360218444764483, 13.495733280795843, 14.036243467926479,
          13.766300685466197, 12.13388017063338, 11.585126224854955,
          9.648045316098093, 7.547725773843047, 7.829076510059608,
          8.530765609948133, 8.810732985984973, 8.810732985984973,
          9.787203664656081, 8.810732985984973, 10.619655276155134,
          11.172136252167116, 11.172136252167116, 11.034209003250188,
          10.20397372173159, 9.090276920822289, 8.810732985984973,
          7.969610394321392, 7.688447769903003, 7.829076510059608,
          6.701525844729388, 7.547725773843047, 7.68844776990284,
          7.969610394321392, 8.950558656231758, 8.810732985984973,
          9.369385096487514, 10.619655276155134, 10.20397372173159,
          11.309932474020215, 11.44759626368548, 9.787203664656081,
          11.447596263685636, 11.447596263685636, 11.447596263685636
        ],
        "horizontal_dist_map": 1586,
        "slope_dist_map": 1621,
        "elevation_diff_map": 300.3,
        "avg_slope_deg_map": 10.5,
        "max_slope_deg_map": 20.6
      },
      "geometry": {
        "type": "LineString",
        "coordinates": [
          [140.03007373924578, 37.60541968956482, 1155.6],
          [140.03011385747908, 37.605335433385854, 1155.9],
          [140.03015397571238, 37.60525117720689, 1156],
          [140.03019409394568, 37.60516692102792, 1155.3],
          [140.030234212179, 37.60508266484896, 1153.4],
          [140.0302743304123, 37.60499840866999, 1151.8],
          [140.0303144486456, 37.60491415249103, 1149.4],
          [140.03035329123293, 37.60482952249385, 1147.8],
          [140.03039146305235, 37.60474469593333, 1145.7],
          [140.03042963487178, 37.6046598693728, 1144.5],
          [140.0304678066912, 37.60457504281228, 1143.2],
          [140.03050597851063, 37.60449021625175, 1142.4],
          [140.03054415033006, 37.60440538969122, 1141.2],
          [140.0305932256355, 37.60432424012677, 1140.3],
          [140.03064330057595, 37.60424342767047, 1139.4],
          [140.0306933755164, 37.604162615214165, 1138.2],
          [140.03074345045684, 37.60408180275786, 1137.4],
          [140.0307918552692, 37.60400045631357, 1136.6],
          [140.03082599482434, 37.603914548856245, 1135.4],
          [140.0308601343795, 37.60382864139893, 1134.9],
          [140.03089427393465, 37.60374273394161, 1134.4],
          [140.03092315825637, 37.603655647381956, 1134.2],
          [140.03095046478933, 37.60356820681817, 1134.2],
          [140.0309777713223, 37.60348076625437, 1134.2],
          [140.03100507785527, 37.60339332569058, 1134.2],
          [140.03104776018031, 37.60331002686338, 1134.3],
          [140.03109283673442, 37.60322737296337, 1134.1],
          [140.03113791328855, 37.603144719063344, 1133.7],
          [140.03118672719975, 37.60306343365917, 1133.3],
          [140.03123631754855, 37.6029824325606, 1133],
          [140.0313035776604, 37.60291100872116, 1132.4],
          [140.03138017136422, 37.602844643819324, 1131.3],
          [140.03145676506804, 37.602778278917484, 1130.1],
          [140.0315333587719, 37.60271191401565, 1128.8],
          [140.0316237711711, 37.60265918026865, 1127.2],
          [140.03172150998608, 37.602613673506916, 1125.8],
          [140.03181910299026, 37.60256797343548, 1123.6],
          [140.03191556373386, 37.602520772262, 1121.2],
          [140.03201202447747, 37.602473571088524, 1119.3],
          [140.03210848522107, 37.602426369915044, 1117],
          [140.03220494596468, 37.60237916874157, 1114.9],
          [140.03230346217273, 37.602334818512745, 1112.3],
          [140.03240336802585, 37.60229239573207, 1109.7],
          [140.03250327387894, 37.6022499729514, 1107.7],
          [140.03259142703138, 37.602195699926554, 1104.7],
          [140.03266652139598, 37.60212825973028, 1102.2],
          [140.03274161576059, 37.60206081953401, 1099.4],
          [140.03281671012516, 37.60199337933774, 1096.1],
          [140.03289180448976, 37.601925939141466, 1093.8],
          [140.03296689885437, 37.6018584989452, 1090.9],
          [140.03304199321894, 37.60179105874892, 1088.3],
          [140.03311708758355, 37.601723618552654, 1085.7],
          [140.03319218194815, 37.601656178356386, 1083.6],
          [140.03326510309742, 37.60158726463828, 1081.5],
          [140.03333689928388, 37.60151758815303, 1079.5],
          [140.03340869547034, 37.601447911667776, 1077.5],
          [140.03348049165677, 37.60137823518252, 1075.6],
          [140.03355228784324, 37.60130855869727, 1074.1],
          [140.0336240840297, 37.60123888221201, 1072.7],
          [140.0336749354263, 37.6011600941034, 1071.1],
          [140.0337099140918, 37.601074400871916, 1069.7],
          [140.03369718389806, 37.600987921384956, 1066.9],
          [140.03366669534435, 37.60090114923521, 1063.3],
          [140.03363620679062, 37.60081437708546, 1061.1],
          [140.0336057182369, 37.60072760493572, 1057.5],
          [140.03357522968318, 37.60064083278597, 1055.1],
          [140.03354474112948, 37.60055406063622, 1052.4],
          [140.03351425257574, 37.60046728848648, 1050.5],
          [140.03348146019735, 37.600381070104284, 1047.9],
          [140.0334464683257, 37.600295380411644, 1046.2],
          [140.03341147645406, 37.600209690719005, 1043.5],
          [140.03337648458242, 37.60012400102637, 1041.9],
          [140.03334149271075, 37.60003831133373, 1039.1],
          [140.0333065008391, 37.599952621641094, 1037],
          [140.03327150896746, 37.599866931948455, 1034.2],
          [140.03323651709582, 37.599781242255816, 1031.6],
          [140.03320152522414, 37.599695552563176, 1030],
          [140.0331665333525, 37.59960986287054, 1027.3],
          [140.03313154148086, 37.5995241731779, 1025.4],
          [140.03309309825983, 37.59943949836148, 1022.8],
          [140.03304964399373, 37.599356297052914, 1020.9],
          [140.03300618972764, 37.59927309574435, 1018.9],
          [140.03296273546158, 37.599189894435796, 1016.1],
          [140.0329192811955, 37.59910669312723, 1014.3],
          [140.0328758269294, 37.59902349181867, 1011.5],
          [140.03283237266334, 37.598940290510114, 1009.4],
          [140.03279279472181, 37.59885605732034, 1006.4],
          [140.0327645713845, 37.59876880152437, 1004.3],
          [140.03273634804714, 37.5986815457284, 1001.7],
          [140.0327081247098, 37.59859428993242, 999.8],
          [140.0326804427627, 37.598506966186136, 997.3],
          [140.03267353735208, 37.598417034760324, 994.6],
          [140.03266663194145, 37.59832710333451, 992.8],
          [140.03265972653082, 37.5982371719087, 990.2],
          [140.0326587755245, 37.59814721138579, 987.4],
          [140.03266429227602, 37.59805721925721, 985.3],
          [140.03266980902754, 37.59796722712862, 982.4],
          [140.03267532577905, 37.597877235000034, 979.5],
          [140.03268084253057, 37.59778724287145, 977.4],
          [140.0326863592821, 37.59769725074286, 973.8],
          [140.03269187603362, 37.597607258614275, 971.3],
          [140.03269739278514, 37.59751726648569, 967.2],
          [140.03270290953665, 37.5974272743571, 963.2],
          [140.03271680107466, 37.597337990096214, 960.5],
          [140.03273516892125, 37.59724908418937, 956.4],
          [140.03275353676784, 37.59716017828252, 952.2],
          [140.03277190461444, 37.59707127237567, 950.4],
          [140.03279027246103, 37.59698236646882, 947.4],
          [140.03280864030762, 37.59689346056197, 945.8],
          [140.03282700815421, 37.59680455465513, 943.9],
          [140.0328453760008, 37.59671564874828, 942.6],
          [140.03286893430044, 37.59662774401436, 941.5],
          [140.03290377220807, 37.59654201497458, 940.4],
          [140.03294661139904, 37.59646099927484, 939.4],
          [140.0330394924755, 37.59640946189916, 937.7],
          [140.03313237355195, 37.59635792452348, 936.1],
          [140.03322525462843, 37.5963063871478, 933.6],
          [140.03331830682114, 37.59625506626634, 931.4],
          [140.03341691473366, 37.59621077441414, 927.9],
          [140.03351552264618, 37.59616648256195, 925.9],
          [140.0336141305587, 37.59612219070975, 923.9],
          [140.0337127384712, 37.59607789885755, 920.8],
          [140.03381134638371, 37.59603360700535, 918.4],
          [140.03390995429623, 37.59598931515316, 916.3],
          [140.03400856220875, 37.59594502330096, 913.9],
          [140.03410717012127, 37.595900731448765, 911],
          [140.03420577803377, 37.59585643959657, 909.8],
          [140.0342973449932, 37.59580352110568, 908.1],
          [140.034388305593, 37.59574985969755, 907.1],
          [140.03447787655853, 37.59569530175318, 905.7],
          [140.03452506044468, 37.59561339736727, 904.3],
          [140.0345719990112, 37.5955314109065, 902.1],
          [140.0346125525653, 37.59544728825723, 900.9],
          [140.03465310611944, 37.59536316560796, 899.5],
          [140.03469365967354, 37.59527904295869, 897.4],
          [140.03473421322767, 37.59519492030941, 895.9],
          [140.03477476678177, 37.59511079766014, 893.4],
          [140.0348153203359, 37.595026675010864, 891.6],
          [140.03485587389, 37.594942552361594, 889.5],
          [140.0348964274441, 37.59485842971232, 888.1],
          [140.03493698099822, 37.59477430706305, 886.2],
          [140.0349717052307, 37.59468884160831, 885.2],
          [140.0349939036801, 37.59460049079383, 883.3],
          [140.03501610212948, 37.59451213997935, 882.5],
          [140.0350383005789, 37.59442378916488, 880.8],
          [140.03506049902828, 37.5943354383504, 879.7],
          [140.03508269747766, 37.594247087535926, 878.6],
          [140.03510489592708, 37.59415873672145, 877.2],
          [140.03511466200655, 37.594069589027654, 875.4],
          [140.0351105230695, 37.593979550062116, 874.1],
          [140.03510638413246, 37.59388951109658, 872.3],
          [140.03510224519542, 37.59379947213104, 871],
          [140.0350981062584, 37.5937094331655, 868.8],
          [140.03509396732136, 37.59361939419996, 866.6],
          [140.0350908155214, 37.59352933298762, 865.1],
          [140.03508854431234, 37.59343925192968, 863],
          [140.0350862731033, 37.59334917087174, 860.7],
          [140.0350840018943, 37.5932590898138, 859.7],
          [140.03508173068525, 37.59316900875585, 857]
        ]
      }
    },
    {
      "type": "Feature",
      "properties": {
        "name": "ピーク4",
        "slope_deg": [
          15.642246457208788, 15.642246457208788, 15.642246457208788,
          13.360218444764483, 14.305551846622015, 13.224551192213651,
          11.585126224854799, 12.68038349181982, 11.85977912094779,
          10.757967088389877, 11.58512622485511, 9.22988624372772,
          7.688447769903003, 7.125016348901798, 5.994092949108534,
          7.406912128495294, 7.547725773843047, 6.98393746008542,
          6.842773412630876, 5.2848210925090795, 6.277298489597683,
          6.983937460085098, 7.688447769903003, 9.369385096487358,
          9.22988624372772, 9.50877195829791, 9.090276920822133,
          8.11004782941916, 7.125016348901798, 6.701525844729548,
          6.13573334018705, 5.568737077976766, 4.7162212343382155,
          4.573921259900927, 3.7189939731579127, 3.148096099562824,
          4.289153328819018, 3.4336303624503275, 5.142764557884112,
          6.135733340186728, 7.266008446995867, 9.22988624372772,
          8.530765609948133, 9.648045316098093, 9.926245506651705,
          9.78720366465624, 9.926245506651705, 10.203973721731748,
          9.64804531609841, 9.78720366465624, 10.065169352760034,
          10.619655276155134, 11.44759626368548, 11.996899307923577,
          12.95276451337558, 12.270720357815385, 12.407418527400683,
          12.68038349181982, 14.305551846621709, 15.242997742901395,
          16.304198003832376, 16.830565983210477, 15.2429977429017,
          15.774985955414008, 15.109575122340402, 13.766300685466197,
          13.088732789694, 11.309932474020215, 10.203973721731748,
          10.896152141141194, 11.996899307923577, 12.543973346572233,
          11.7225209701022, 12.95276451337558, 16.039943306049665,
          16.039943306049665, 16.039943306049665
        ],
        "horizontal_dist_map": 760,
        "slope_dist_map": 775,
        "elevation_diff_map": 138.6,
        "avg_slope_deg_map": 10.1,
        "max_slope_deg_map": 16.8
      },
      "geometry": {
        "type": "LineString",
        "coordinates": [
          [140.0349824, 37.6100508, 1197.3],
          [140.03509552491425, 37.61005513493501, 1193.9],
          [140.03520864982855, 37.61005946987001, 1192],
          [140.0353217747428, 37.610063804805016, 1188.7],
          [140.03543489965708, 37.61006813974002, 1186.1],
          [140.03554802457134, 37.61007247467503, 1184.4],
          [140.03566114948563, 37.61007680961003, 1181.8],
          [140.0357742743999, 37.610081144545035, 1179.3],
          [140.03588739931416, 37.61008547948004, 1177.9],
          [140.0360003888284, 37.610087701976326, 1175.4],
          [140.03611237273728, 37.61007423555691, 1173.4],
          [140.03622435664616, 37.61006076913748, 1171.7],
          [140.03633634055504, 37.610047302718066, 1169.7],
          [140.03644832350338, 37.61003383168949, 1168.9],
          [140.03656030610088, 37.61002035897743, 1168],
          [140.03667228869838, 37.61000688626537, 1166.7],
          [140.0367842712959, 37.609993413553305, 1165.5],
          [140.0368962538934, 37.609979940841235, 1163.7],
          [140.03700823649086, 37.60996646812917, 1162.7],
          [140.03712021908837, 37.60995299541711, 1161.8],
          [140.03723220168587, 37.60993952270505, 1160.7],
          [140.03734030928152, 37.60991401292631, 1160],
          [140.03744664790662, 37.609883008126644, 1158.3],
          [140.03755298653172, 37.60985200332697, 1156.9],
          [140.03765932515682, 37.6098209985273, 1155.3],
          [140.0377656637819, 37.609789993727624, 1153.4],
          [140.037872002407, 37.60975898892795, 1151.8],
          [140.0379783410321, 37.60972798412828, 1150.2],
          [140.0380846796572, 37.609696979328604, 1148.9],
          [140.0381910182823, 37.60966597452893, 1147.7],
          [140.0382973569074, 37.60963496972926, 1146.8],
          [140.0384036955325, 37.60960396492958, 1145.5],
          [140.03850418087936, 37.60956298998855, 1144.6],
          [140.03860232254038, 37.60951802294635, 1143.8],
          [140.03870046420144, 37.60947305590415, 1143.5],
          [140.03879860550572, 37.60942808846438, 1142.3],
          [140.03889674588447, 37.609383119993254, 1142],
          [140.03899488626325, 37.60933815152213, 1141.6],
          [140.03909302664204, 37.60929318305101, 1140.5],
          [140.0391911670208, 37.609248214579885, 1139.9],
          [140.0392856286414, 37.609199133578514, 1138.4],
          [140.0393711926557, 37.6091401058306, 1137.3],
          [140.03945675666998, 37.60908107808268, 1135.4],
          [140.03954232068426, 37.60902205033477, 1133.4],
          [140.03962788469855, 37.608963022586856, 1132.4],
          [140.03971344871283, 37.60890399483894, 1130.5],
          [140.03979901272714, 37.608844967091024, 1128.4],
          [140.03988457674143, 37.60878593934311, 1126.5],
          [140.0399701407557, 37.60872691159519, 1125.4],
          [140.04005570477, 37.60866788384728, 1123.3],
          [140.04014126878428, 37.608608856099366, 1121.6],
          [140.04022683279857, 37.60854982835145, 1119.6],
          [140.04031239681288, 37.60849080060353, 1118.3],
          [140.04039796082716, 37.60843177285562, 1115.8],
          [140.04048187158065, 37.60837131462279, 1113.5],
          [140.04056299065124, 37.60830844088457, 1111.1],
          [140.04064410972182, 37.60824556714635, 1109.1],
          [140.0407252287924, 37.608182693408125, 1107.1],
          [140.04080634786297, 37.6081198196699, 1104.7],
          [140.04088746693355, 37.60805694593168, 1102.1],
          [140.04096858600414, 37.607994072193456, 1098.9],
          [140.0410497050747, 37.60793119845523, 1096.2],
          [140.04113082414528, 37.60786832471701, 1093],
          [140.04121177022975, 37.607805313432785, 1090],
          [140.04129077699923, 37.607740760145916, 1088],
          [140.04136978376872, 37.60767620685905, 1084.9],
          [140.0414487905382, 37.60761165357218, 1082.2],
          [140.04152779730768, 37.60754710028531, 1080.2],
          [140.04160680407716, 37.60748254699844, 1078.7],
          [140.04168581166198, 37.60741799438833, 1076.9],
          [140.04176482461887, 37.6073534462373, 1075],
          [140.04184383757575, 37.60728889808627, 1072.5],
          [140.04192285053264, 37.60722434993523, 1070.2],
          [140.04200186348953, 37.6071598017842, 1068],
          [140.04208087644645, 37.60709525363317, 1066.7],
          [140.04215988940334, 37.60703070548214, 1063.3],
          [140.04223890236022, 37.60696615733111, 1058.7]
        ]
      }
    },
    {
      "type": "Feature",
      "properties": {
        "name": "ブラックバレー4",
        "slope_deg": [
          28.035301206707, 28.035301206707, 28.035301206707, 28.14678121412214,
          27.699472808055, 29.574910497101147, 29.357753542791276,
          30.00643379045899, 31.173938199371303, 29.574910497100905,
          29.79113729834032, 28.810793742973065, 26.335410003881297,
          25.757309211807936, 23.989064009552337, 23.025492008528037,
          22.170895633834377, 21.677820852504254, 22.416147479343643,
          22.660536301999365, 22.170895633834377, 24.4655351106628,
          24.938427655457385, 24.93842765545712, 23.629377730656817,
          21.80140948635181, 18.64953875405141, 17.223436191131583,
          14.439965121002807, 10.896152141141194, 10.757967088389877,
          12.407418527400683, 14.9759845147566, 15.109575122340402,
          16.436059224635738, 13.90135076950909, 12.68038349181982,
          12.68038349181982, 12.68038349181982, 12.68038349181982
        ],
        "horizontal_dist_map": 399,
        "slope_dist_map": 434,
        "elevation_diff_map": 158.4,
        "avg_slope_deg_map": 20,
        "max_slope_deg_map": 31.2
      },
      "geometry": {
        "type": "LineString",
        "coordinates": [
          [140.03909480595195, 37.606190667044146, 1130.4],
          [140.03903606181194, 37.60611363717629, 1126],
          [140.03897731767194, 37.60603660730845, 1118.8],
          [140.03891857353193, 37.60595957744059, 1114.3],
          [140.0388598293919, 37.60588254757275, 1109.1],
          [140.0388010852519, 37.605805517704894, 1104.6],
          [140.03874234111188, 37.60572848783705, 1097.8],
          [140.03868359697188, 37.605651457969195, 1091.6],
          [140.03862485283187, 37.60557442810135, 1086.6],
          [140.03856610869187, 37.605497398233496, 1081.5],
          [140.03850736455186, 37.60542036836565, 1073.6],
          [140.03844862041186, 37.605343338497796, 1068.9],
          [140.03838987627182, 37.60526630862995, 1063.7],
          [140.03833113213182, 37.6051892787621, 1059.5],
          [140.0382723879918, 37.60511224889425, 1053.8],
          [140.0382136438518, 37.6050352190264, 1049.6],
          [140.03815342160195, 37.60495894176441, 1045.9],
          [140.03809012239552, 37.60488423118945, 1042.5],
          [140.03802682318906, 37.6048095206145, 1037.5],
          [140.03796352398263, 37.604734810039545, 1033.7],
          [140.03790022477617, 37.60466009946459, 1029.4],
          [140.03783692556974, 37.60458538888964, 1025.8],
          [140.03777362636328, 37.60451067831468, 1021.2],
          [140.03771032715684, 37.60443596773973, 1015.5],
          [140.03764702795038, 37.604361257164776, 1010.8],
          [140.03758372874395, 37.604286546589826, 1007.2],
          [140.03752793508784, 37.60420845128916, 1003.7],
          [140.03747987840467, 37.604126866899755, 999.5],
          [140.03743182172147, 37.604045282510356, 997.3],
          [140.0373837650383, 37.60396369812095, 994.8],
          [140.03738069046452, 37.60387558017461, 993.4],
          [140.0373967823213, 37.603786789104106, 991.8],
          [140.03742743668604, 37.60370005371061, 989.7],
          [140.03744749629308, 37.60361143364784, 986],
          [140.0374611821876, 37.60352207591727, 982.7],
          [140.0374703727286, 37.603432274083545, 981],
          [140.03746725847324, 37.6033428522857, 977.9],
          [140.0374493454327, 37.60325388755103, 976.1],
          [140.03743143239214, 37.603164922816354, 973.7],
          [140.0374022729197, 37.60307789411512, 972]
        ]
      }
    },
    {
      "type": "Feature",
      "properties": {
        "name": "ブラックバレー2迂回路",
        "slope_deg": [
          8.250387228905753, 8.250387228905753, 8.250387228905753,
          8.530765609948133, 8.390627013252708, 7.406912128495294,
          9.090276920822133, 8.950558656231918, 8.810732985984655,
          9.648045316098093, 8.530765609948133, 7.547725773843047,
          8.810732985984973, 9.369385096487674, 10.065169352760034,
          11.309932474020215, 15.37625124882619, 14.305551846621709,
          15.642246457208486, 17.35402463626132, 11.44759626368579,
          14.708303899682749, 12.95276451337558, 13.631094443421603,
          15.642246457208486, 14.036243467926479, 16.567741642975037,
          14.17097756293297, 14.170977562933274, 16.43605922463589,
          15.109575122340402, 14.57421619803886, 12.68038349181982,
          8.9505586562316, 10.065169352759717, 11.85977912094779,
          14.708303899682749, 15.90755193052566, 14.842227057911282,
          15.37625124882619, 12.407418527400683, 9.926245506651705,
          7.125016348901798, 3.005269359690129, 4.7162212343382155,
          2.2906100426387246, 7.406912128495294, 10.203973721731431,
          12.270720357815385, 17.6146433000071, 18.133621430820266,
          17.35402463626132, 16.039943306049665, 15.774985955414008,
          11.58512622485511, 12.133880170633535, 9.369385096487358,
          9.22988624372772, 9.369385096487358, 11.172136252166961,
          12.95276451337558, 12.816647648997312, 13.631094443421603,
          13.631094443421603, 13.631094443421603
        ],
        "horizontal_dist_map": 642,
        "slope_dist_map": 660,
        "elevation_diff_map": 134.9,
        "avg_slope_deg_map": 11.5,
        "max_slope_deg_map": 18.1
      },
      "geometry": {
        "type": "LineString",
        "coordinates": [
          [140.03695117195178, 37.60800506589618, 1189.4],
          [140.0368430884291, 37.60803197635208, 1187.9],
          [140.03673500490643, 37.60805888680798, 1186.5],
          [140.03662692138374, 37.60808579726388, 1184.7],
          [140.03651883786108, 37.60811270771979, 1183.6],
          [140.0364147138464, 37.608148021223315, 1181.9],
          [140.03631102969211, 37.60818426821848, 1180.6],
          [140.0362073455378, 37.608220515213645, 1179.5],
          [140.03610366138352, 37.60825676220881, 1177.2],
          [140.0359999772292, 37.608293009203976, 1175.6],
          [140.03590262603754, 37.60833770738678, 1174.4],
          [140.03581323698037, 37.60839303084832, 1172.7],
          [140.03572384792324, 37.60844835430985, 1171.2],
          [140.03563122613107, 37.608499928646445, 1170.3],
          [140.03553416458126, 37.608546354028405, 1168.2],
          [140.03543766049057, 37.60858125546052, 1166.1],
          [140.035446362154, 37.608502262147525, 1164.1],
          [140.03549293743623, 37.60842017654376, 1162.3],
          [140.03554028982296, 37.60833833095472, 1157.2],
          [140.03557698993035, 37.60825310438331, 1155.9],
          [140.035613460149, 37.6081678048463, 1152.9],
          [140.0356373169133, 37.608080223380284, 1149.8],
          [140.03565080026644, 37.607990765236615, 1149.1],
          [140.03566580276802, 37.607901649447754, 1145.4],
          [140.03571329673224, 37.607819855924866, 1143.7],
          [140.03576078710444, 37.60773806115175, 1140.1],
          [140.0358040637241, 37.607654799757285, 1137.9],
          [140.03584734034374, 37.60757153836281, 1135.4],
          [140.0358938811007, 37.6074895358433, 1131.8],
          [140.0359492355259, 37.60741093247808, 1130],
          [140.03600458995112, 37.60733232911286, 1127.8],
          [140.03605994437632, 37.60725372574764, 1123.6],
          [140.03611321330666, 37.607174288478554, 1121],
          [140.03615947590197, 37.60709204966348, 1119.6],
          [140.03620573849727, 37.6070098108484, 1118.8],
          [140.03625200109258, 37.60692757203333, 1117.3],
          [140.03629390254477, 37.60684395376643, 1113.9],
          [140.03626830307388, 37.60676840394418, 1111.2],
          [140.0361579874017, 37.60677633207917, 1108.3],
          [140.03605362018342, 37.60681131270769, 1105.9],
          [140.03594925296517, 37.60684629333621, 1103.3],
          [140.03584531671697, 37.606882028154615, 1100.2],
          [140.03574357161307, 37.60692159743633, 1099.5],
          [140.0356418265092, 37.60696116671806, 1098.9],
          [140.03554160381597, 37.607003112050485, 1098.3],
          [140.0354415829245, 37.60704537233812, 1098.1],
          [140.03534108444418, 37.60708689402229, 1096.2],
          [140.0352397038969, 37.60712705156716, 1097.3],
          [140.03516617525995, 37.6070910884545, 1093.1],
          [140.03514673488672, 37.60700520801569, 1090.9],
          [140.03521081405086, 37.60693091844388, 1087.5],
          [140.03527489321496, 37.60685662887206, 1084.6],
          [140.03533648366297, 37.606781073739654, 1080],
          [140.0353943292213, 37.60670361425797, 1078.4],
          [140.03545217477964, 37.60662615477628, 1076],
          [140.03551002033797, 37.60654869529459, 1073.3],
          [140.0355411494783, 37.60646237216751, 1071.8],
          [140.03556961785458, 37.60637516628479, 1069.8],
          [140.0356083946971, 37.6062907162699, 1069.4],
          [140.03565189647694, 37.60620752942089, 1066.8],
          [140.0356953982568, 37.60612434257189, 1065.2],
          [140.03572427753534, 37.60603734832685, 1061.9],
          [140.03575101478128, 37.605949796340944, 1060.2],
          [140.03577505217788, 37.60586177719082, 1057.7],
          [140.03579643818276, 37.60577329926126, 1055.5]
        ]
      }
    },
    {
      "type": "Feature",
      "properties": {
        "name": "ピーク3尾根",
        "slope_deg": [
          -1.7183580016555222, -1.7183580016555222, -1.7183580016555222,
          -2.7195054612723095, -4.716221234338539, -2.862405226111748,
          -4.573921259900927, -6.418786730238786, -5.852378988915493,
          -7.547725773843047, -10.342657140474548, -6.701525844729548,
          -5.852378988915493, -6.418786730238786, -6.135733340186728,
          -7.547725773843047, -7.547725773843367, -5.994092949108534,
          -1.861457630466989, -2.147585428298503, -1.4320961841646465,
          -1.57523692568325, -5.284821092508756, -4.573921259900927,
          -6.277298489597361, -9.090276920822133, -9.090276920822133,
          -9.090276920822133
        ],
        "horizontal_dist_map": 272,
        "slope_dist_map": 274,
        "elevation_diff_map": -25.9,
        "avg_slope_deg_map": -5.4,
        "max_slope_deg_map": -1.4
      },
      "geometry": {
        "type": "LineString",
        "coordinates": [
          [140.0382892500387, 37.61176970133465, 1244.1],
          [140.03818563289414, 37.611806078460525, 1244.9],
          [140.03808201574958, 37.6118424555864, 1245.1],
          [140.037978398605, 37.61187883271227, 1245.8],
          [140.03787478146043, 37.611915209838145, 1245.3],
          [140.0377841845474, 37.6119689047276, 1246.8],
          [140.0376948810437, 37.612024319936445, 1248.4],
          [140.03760557754, 37.61207973514529, 1247.8],
          [140.03752770071335, 37.612144521314356, 1248.5],
          [140.0374553570203, 37.612213845178346, 1251.3],
          [140.0373830133272, 37.61228316904234, 1252.5],
          [140.0373106696341, 37.61235249290633, 1253.1],
          [140.0372376098433, 37.61242133661933, 1255.8],
          [140.0371639548831, 37.6124897812651, 1256],
          [140.03709029992297, 37.612558225910874, 1256.6],
          [140.03701602657665, 37.6126262275039, 1257.6],
          [140.03693813179595, 37.61269163446177, 1260.1],
          [140.03686023701522, 37.61275704141963, 1261.3],
          [140.03678055630786, 37.61281991634737, 1261.9],
          [140.03666978968644, 37.61283871865248, 1261.8],
          [140.03655902306502, 37.6128575209576, 1261.4],
          [140.03644823929702, 37.612876242638016, 1262.8],
          [140.03633586178353, 37.612887470397936, 1262.9],
          [140.03622348427004, 37.612898698157856, 1262.9],
          [140.03611110675655, 37.61290992591777, 1265.1],
          [140.03599872924306, 37.61292115367769, 1266],
          [140.0358865372577, 37.61293337821259, 1267.3],
          [140.0357748918618, 37.612948539373456, 1269.3]
        ]
      }
    },
    {
      "type": "Feature",
      "properties": {
        "name": "パノラマライン",
        "slope_deg": [
          7.406912128495294, 7.406912128495294, 7.406912128495294,
          5.710593137499643, 5.568737077976766, 4.573921259900764,
          2.2906100426385625, 2.719505461272635, 6.418786730238786,
          5.710593137499643, 1.8614576304666637, 1.4320961841646465,
          -2.2906100426385625, -2.862405226111748, 0.2864765102771396,
          0.5729386976834533, 1.4320961841646465, 2.2906100426385625,
          3.8616074096749773, 3.4336303624504896, 2.147585428298503,
          2.719505461272472, 1.7183580016555222, 2.2906100426385625,
          2.719505461272472, 2.147585428298503, 2.004534032105872,
          1.8614576304666637, 2.147585428298503, 2.0045340321060343,
          2.2906100426385625, 2.147585428298503, 1.7183580016555222,
          2.004534032105872, 2.5765718302687652, 2.862405226111748,
          3.290883686067228, 2.862405226111748, 2.576571830268928,
          1.8614576304668264, 3.4336303624504896, 4.7162212343382155,
          4.431564716435714, 5.4268124985727555, 4.004172940709484,
          3.4336303624504896, 4.431564716435877, 4.289153328819018,
          3.290883686067228, 3.433630362450652, 3.0052693596899664,
          3.0052693596899664, 4.573921259900927, 5.142764557884112,
          4.858462919034255, 5.710593137499643, 5.142764557884112,
          4.858462919034416, 5.852378988915653, 5.284821092508918,
          5.710593137499643, 5.852378988915493, 5.000644597558433,
          5.568737077976766, 5.000644597558433, 5.142764557884274,
          5.4268124985727555, 4.573921259900764, 5.142764557884274,
          4.573921259900927, 4.573921259900927, 4.146688825965976,
          4.146688825965976, 4.289153328819018, 4.289153328819018,
          4.858462919034416, 4.858462919034416, 4.858462919034255,
          5.4268124985727555, 5.710593137499643, 5.142764557884112,
          5.000644597558433, 5.142764557884274, 4.573921259900764,
          4.431564716435877, 4.146688825965976, 2.576571830268928,
          3.718993973158075, 3.4336303624504896, 3.0052693596899664,
          4.7162212343382155, 3.718993973158075, 5.000644597558433,
          5.4268124985727555, 3.576334374997351, 3.576334374997351,
          2.862405226111748, 3.148096099562824, 3.4336303624504896,
          2.2906100426385625, 1.7183580016555222, 0.8593722436447134,
          1.4320961841646465, 1.4320961841646465, 1.8614576304666637,
          1.1457628381750384, -0.4297102894009785, -0.7161599454704085,
          1.145762838175201, 1.288937560186863, -2.2906100426385625,
          1.1457628381750384, -2.004534032105872, 3.0052693596899664,
          8.39062701325255, 5.000644597558433, 7.266008446995867,
          -1.7183580016553597, 0, 0.14323915036833912, -0.7161599454704085,
          6.842773412630876, 6.701525844729548, 8.110047829419,
          9.22988624372772, 7.266008446996026, 5.852378988915653,
          6.842773412631036, 5.426812498572917, 5.284821092508918,
          4.289153328819018, 5.142764557884274, 5.710593137499643,
          5.2848210925090795, 5.9940929491083725, 4.431564716435714,
          3.8616074096749773, 6.135733340186728, 6.560196400571341,
          6.135733340186889, 5.852378988915653, 4.573921259900927,
          3.4336303624504896, 3.290883686067228, 3.8616074096751394,
          3.4336303624504896, 3.4336303624504896, 2.576571830268928,
          3.290883686067228, 2.862405226111748, 3.8616074096751394,
          4.858462919034255, 4.858462919034255, 5.142764557884274,
          5.2848210925090795, 7.125016348901798, 7.125016348901798,
          7.266008446996026, 6.418786730238786, 4.7162212343382155,
          3.8616074096751394, 3.576334374997351, 3.4336303624504896,
          4.004172940709484, 3.8616074096751394, 3.8616074096749773,
          3.576334374997351, 3.005269359689804, 3.005269359689804,
          2.576571830268928, 3.1480960995626615, 2.719505461272635,
          2.862405226111748, 2.862405226111748, 2.433606100720186,
          2.147585428298503, 1.7183580016555222, 1.7183580016553597,
          0.2864765102771396, 0.1432391503681763, 0.7161599454704085,
          1.5752369256830872, 2.719505461272472, 2.576571830268928,
          1.7183580016555222, 1.288937560186863, 1.288937560186863,
          2.2906100426385625, 3.1480960995626615, 3.148096099562824,
          3.576334374997351, 3.1480960995626615, 3.0052693596899664,
          2.862405226111748, 2.2906100426385625, 2.2906100426385625,
          3.0052693596899664, 3.4336303624504896, 4.431564716435877,
          5.568737077976604, 6.418786730238786, 5.568737077976604,
          5.284821092508918, 4.146688825965976, 2.004534032105872,
          2.0045340321060343, 1.288937560186863, 0.2864765102771396,
          1.288937560186863, 0.2864765102769768, 3.8616074096751394,
          5.4268124985727555, 3.4336303624504896, 5.994092949108534,
          1.288937560186863, 1.4320961841646465, 2.576571830268928,
          -0.7161599454704085, 0.5729386976834533, -2.5765718302687652,
          -2.719505461272472, 1.5752369256830872, 3.433630362450652,
          7.829076510059608, 5.000644597558433, 2.4336061007200236,
          0.5729386976834533, -1.8614576304666637, 2.147585428298503,
          2.004534032105872, 2.5765718302687652, 3.8616074096749773,
          3.4336303624504896, 4.146688825966138, 5.000644597558433,
          4.431564716435877, 4.289153328819018, 5.000644597558433,
          3.718993973158075, 3.718993973158075, 3.718993973158075,
          5.284821092508918, 6.701525844729548, 3.0052693596899664,
          3.290883686067228, 1.5752369256830872, 0.5729386976834533,
          4.573921259900764, 5.000644597558433, 4.858462919034255,
          5.710593137499643, 7.125016348901798, 7.547725773843047,
          7.547725773843206, 7.829076510059608, 7.406912128495294,
          6.842773412631036, 7.266008446995867, 6.701525844729388,
          5.710593137499643, 6.418786730238786, 6.98393746008542,
          6.560196400571341, 6.560196400571341, 5.142764557884274,
          5.284821092508918, 5.852378988915653, 6.135733340186728,
          7.829076510059608, 7.266008446996026, 8.11004782941916,
          7.969610394321392, 7.829076510059608, 7.68844776990284,
          8.250387228905435, 9.090276920822289, 10.20397372173159,
          11.034209003250343, 10.481218144130889, 11.447596263685636,
          10.203973721731748, 10.065169352759717, 9.50877195829791,
          9.50877195829791, 9.50877195829791
        ],
        "horizontal_dist_map": 2841,
        "slope_dist_map": 2856,
        "elevation_diff_map": 199.6,
        "avg_slope_deg_map": 4,
        "max_slope_deg_map": 11.4
      },
      "geometry": {
        "type": "LineString",
        "coordinates": [
          [140.03712617311623, 37.60156897718764, 939.6],
          [140.03723919144971, 37.60157465234416, 938.2],
          [140.0373522097832, 37.60158032750068, 937.7],
          [140.03746522811667, 37.6015860026572, 936.4],
          [140.0375783463691, 37.601584099824976, 934.4],
          [140.03768086994035, 37.601565653977495, 934.2],
          [140.03773236205083, 37.601488212251695, 933.8],
          [140.03771176275862, 37.601399616368596, 933.2],
          [140.03769035080285, 37.601311146472874, 932.8],
          [140.03766763603895, 37.60122287855171, 932.3],
          [140.03764492185627, 37.60113461053612, 929.3],
          [140.03762222638142, 37.60104633948146, 929.2],
          [140.0375995309066, 37.60095806842679, 931.5],
          [140.03760873298847, 37.60087111584328, 931.3],
          [140.03764280274808, 37.60078519115403, 930.9],
          [140.0376772557277, 37.600699376670775, 931.2],
          [140.03772010679313, 37.600615977299704, 931.3],
          [140.03776295785858, 37.60053257792863, 930.9],
          [140.03780792377873, 37.60044993212227, 929.9],
          [140.03785759057172, 37.60036896133017, 929.6],
          [140.0379072573647, 37.60028799053808, 928.6],
          [140.03795933558598, 37.60020800063444, 928.5],
          [140.0380127442941, 37.600128551928385, 928.4],
          [140.0380684128241, 37.60005015341434, 927.7],
          [140.038129149528, 37.599974110199064, 927.4],
          [140.0381898862319, 37.59989806698378, 926.9],
          [140.0382506229358, 37.59982202376851, 926.5],
          [140.0383137187142, 37.59974720972538, 926.2],
          [140.0383770402679, 37.59967251332023, 926],
          [140.03844036182164, 37.59959781691508, 925.6],
          [140.03851173147748, 37.59952922329123, 925],
          [140.03860246084227, 37.59947530990725, 924.8],
          [140.03869319020706, 37.59942139652327, 924.4],
          [140.03878391957184, 37.59936748313929, 924.1],
          [140.03887758869092, 37.599317458269226, 923.8],
          [140.0389799647814, 37.59927895040893, 923.4],
          [140.03908234087183, 37.599240442548634, 922.6],
          [140.0391695202805, 37.59918402926623, 922.1],
          [140.03925266347858, 37.59912286033682, 921.5],
          [140.03931370749464, 37.59904871458609, 921.4],
          [140.0393626630695, 37.59896747040332, 920.8],
          [140.0394116186444, 37.59888622622056, 920.8],
          [140.03946057421928, 37.5988049820378, 919.1],
          [140.03947101460588, 37.59871667658753, 918.1],
          [140.0394716801125, 37.598626579037955, 917.7],
          [140.03947234561915, 37.59853648148839, 917],
          [140.03947301112578, 37.598446383938814, 916.3],
          [140.03947367663238, 37.59835628638924, 915.7],
          [140.03947434213902, 37.59826618883967, 914.6],
          [140.03947013486598, 37.59817619542778, 914],
          [140.0394633914044, 37.59808625621756, 914],
          [140.0394566479428, 37.59799631700734, 913.3],
          [140.03944990448124, 37.59790637779712, 912.5],
          [140.03944316101965, 37.597816438586904, 911.9],
          [140.03943641755808, 37.597726499376684, 910.8],
          [140.03942967409648, 37.597636560166464, 909.7],
          [140.03941591977843, 37.59754714582273, 909.1],
          [140.0394014602041, 37.59745778427789, 907.9],
          [140.03938700062974, 37.59736842273305, 907.2],
          [140.0393725410554, 37.5972790611882, 906.3],
          [140.03935808148105, 37.59718969964336, 905],
          [140.0393436219067, 37.59710033809852, 904.2],
          [140.03932916233234, 37.597010976553676, 903.2],
          [140.039314702758, 37.59692161500883, 902.2],
          [140.03930024318365, 37.59683225346399, 901.5],
          [140.0392857836093, 37.59674289191914, 900.3],
          [140.03926635210013, 37.59665425691278, 899.7],
          [140.03923996287966, 37.59656663862226, 898.6],
          [140.03921357365923, 37.596479020331735, 897.7],
          [140.0391871844388, 37.59639140204122, 897.1],
          [140.03916079521835, 37.5963037837507, 896.1],
          [140.03913440599788, 37.59621616546018, 895.4],
          [140.03909213691398, 37.59613450137331, 894.5],
          [140.0390240124856, 37.59606253182735, 894.2],
          [140.03895588805727, 37.5959905622814, 893.2],
          [140.0388877636289, 37.595918592735444, 892.4],
          [140.03880088134454, 37.59586255359647, 891.5],
          [140.0387061907138, 37.59581314581959, 890.8],
          [140.0386115000831, 37.595763738042706, 889.8],
          [140.03852062165276, 37.59571031284612, 889],
          [140.03843497112663, 37.595651378315516, 887.7],
          [140.03834932060047, 37.5955924437849, 886.8],
          [140.03826768160883, 37.595531794730945, 886.2],
          [140.03825322236872, 37.59544243315994, 885.5],
          [140.03823876312862, 37.59535307158894, 884.1],
          [140.03823210861924, 37.595263409610695, 883.6],
          [140.03823566039082, 37.59517335478858, 883.1],
          [140.03824160833045, 37.595083427908406, 882.6],
          [140.03825320975758, 37.59499380289278, 882.3],
          [140.03826481118472, 37.59490417787716, 881],
          [140.03824677608674, 37.594816708552024, 880.7],
          [140.03821494454425, 37.59473024274751, 880.5],
          [140.03818311300176, 37.594643776943, 879],
          [140.03815128145928, 37.59455731113849, 878.4],
          [140.0381194499168, 37.59447084533397, 877.2],
          [140.03804523309552, 37.594405191595904, 876.7],
          [140.0379623800632, 37.59434377841973, 876.5],
          [140.03787952703087, 37.59428236524356, 875.9],
          [140.03780929343904, 37.59421170178277, 875.2],
          [140.0377391536838, 37.594140969538, 874.5],
          [140.03764405910346, 37.594102284654525, 874.1],
          [140.03753256027213, 37.59409145062284, 874.3],
          [140.03742272663013, 37.5941072069697, 874],
          [140.03732004052898, 37.59414517662388, 873.9],
          [140.03722009481538, 37.59418597098148, 873.1],
          [140.03714793134623, 37.594255402383624, 873.3],
          [140.03708143659054, 37.594328195519545, 872.7],
          [140.0370184429704, 37.59440306494418, 873.1],
          [140.03695544935027, 37.59447793436882, 873.4],
          [140.03689489438025, 37.594554030730414, 873.8],
          [140.03683690410534, 37.594631417444916, 871.9],
          [140.03677891383043, 37.59470880415942, 872.2],
          [140.0367209235555, 37.59478619087392, 875],
          [140.03666293328058, 37.59486357758842, 873],
          [140.0365984045386, 37.594937361623, 873.3],
          [140.03652776356546, 37.59500777783267, 870.1],
          [140.03645712259234, 37.59507819404234, 869.1],
          [140.03638746715595, 37.59514919990065, 869.5],
          [140.0363220658256, 37.59522275099937, 868.2],
          [140.03625666449523, 37.59529630209808, 871.3],
          [140.03619126316485, 37.595369853196786, 869.1],
          [140.0361206526973, 37.59544015348461, 869.4],
          [140.03604646186525, 37.59550821941244, 868.7],
          [140.0359472190413, 37.595537567610315, 866.5],
          [140.03584813243228, 37.59552541035707, 864.4],
          [140.03579296362287, 37.59544672817088, 863.7],
          [140.03578326858417, 37.5953582215624, 862.2],
          [140.03578084971548, 37.595268142967136, 861.4],
          [140.0357784308468, 37.59517806437187, 860.3],
          [140.03578462545028, 37.59508819874451, 858.9],
          [140.03579406846183, 37.59499841343397, 858.4],
          [140.03580351147338, 37.59490862812342, 857.7],
          [140.03581295448495, 37.59481884281288, 857.3],
          [140.0358223974965, 37.59472905750233, 855.3],
          [140.03582921929168, 37.59463912450115, 854.4],
          [140.0358357706477, 37.59454917626226, 854],
          [140.03584232200376, 37.59445922802338, 853.1],
          [140.03584887335978, 37.594369279784495, 852.2],
          [140.03585542471583, 37.59427933154561, 851.7],
          [140.03586197607186, 37.59418938330673, 849.7],
          [140.0358685274279, 37.59409943506784, 848.5],
          [140.03587507878393, 37.59400948682896, 847.9],
          [140.03587647243316, 37.59391947003844, 847.6],
          [140.03587369984018, 37.59382939787397, 846.5],
          [140.03587092724723, 37.59373932570949, 846.1],
          [140.03586815465425, 37.59364925354502, 845.6],
          [140.0358653820613, 37.59355918138054, 844.9],
          [140.03586079876322, 37.59346928809828, 844.1],
          [140.0358358060399, 37.59338141109303, 843.7],
          [140.03581081331657, 37.59329353408778, 843.8],
          [140.03578582059325, 37.59320565708253, 842.6],
          [140.03576082786992, 37.59311778007728, 842.1],
          [140.03573674602785, 37.593029752876, 841],
          [140.03571579376117, 37.59294120963622, 840.4],
          [140.03569484149446, 37.59285266639644, 839.2],
          [140.03567388922775, 37.592764123156655, 838.5],
          [140.03565293696107, 37.59267557991687, 837.3],
          [140.03565044508676, 37.59258566577066, 835.4],
          [140.03565044508403, 37.592495566572985, 834.2],
          [140.0356504450813, 37.5924054673753, 833.4],
          [140.03565102470634, 37.59231538320023, 832.8],
          [140.0356583931184, 37.592225474974775, 832.1],
          [140.03566576153045, 37.59213556674931, 831.5],
          [140.0356731299425, 37.59204565852386, 830.9],
          [140.03568049835454, 37.591955750298396, 830.4],
          [140.0356878667666, 37.59186584207294, 829.3],
          [140.03569523517865, 37.59177593384748, 828.8],
          [140.03568890083397, 37.59168604756202, 828.2],
          [140.03568107769837, 37.59159616366031, 827.9],
          [140.03567325456274, 37.591506279758605, 827.2],
          [140.03566337239826, 37.59141736418783, 826.7],
          [140.0355681915667, 37.591368563323506, 826.4],
          [140.03546643184583, 37.591329873410864, 825.7],
          [140.03536141367624, 37.591296191337115, 825.3],
          [140.03525639550665, 37.59126250926336, 824.7],
          [140.03514620276965, 37.59125211863493, 824.4],
          [140.0350330375327, 37.591255107640904, 824],
          [140.03491987229575, 37.59125809664689, 823.8],
          [140.0348067070588, 37.591261085652874, 823.5],
          [140.03470880040467, 37.59129684288139, 823.2],
          [140.034620510733, 37.591353252841984, 823.8],
          [140.03453222106134, 37.591409662802576, 823.7],
          [140.03444393138966, 37.59146607276317, 823],
          [140.03437049839522, 37.591534385983415, 822.1],
          [140.03429900553004, 37.591604253646985, 821.9],
          [140.03422751266487, 37.591674121310554, 821.9],
          [140.03415385594948, 37.59174250414886, 821.8],
          [140.03407751432232, 37.59180904461157, 821.2],
          [140.03400117269518, 37.591875585074284, 821],
          [140.03391651832334, 37.59192593270577, 820.3],
          [140.03380346262063, 37.59192095589555, 819.6],
          [140.03371158430423, 37.591870246210924, 819],
          [140.03362818306832, 37.591810117247654, 818.5],
          [140.03355588914246, 37.59174077337211, 818.1],
          [140.03347991418704, 37.591674429952405, 817.5],
          [140.03339105584928, 37.59161858794801, 817],
          [140.0333021975115, 37.59156274594363, 816.9],
          [140.03322489197384, 37.59149795308258, 816.5],
          [140.0331571100979, 37.59142578149692, 815.4],
          [140.03308932822196, 37.591353609911266, 814.6],
          [140.03302154634602, 37.591281438325616, 813.8],
          [140.03296747662574, 37.59120275730228, 812.6],
          [140.03291986240467, 37.59112101172287, 810.9],
          [140.03285306035178, 37.59104975662027, 810.7],
          [140.03277424167356, 37.59098507131309, 810.1],
          [140.03269542299535, 37.590920386005905, 809.7],
          [140.0326167685947, 37.59085557441144, 809.5],
          [140.03253818321286, 37.5907907097592, 809.3],
          [140.03245261893983, 37.59073953961083, 809.2],
          [140.0323394544812, 37.5907425286169, 809.5],
          [140.03222714636814, 37.590747214102755, 808.6],
          [140.03214282667716, 37.59080734658955, 809.1],
          [140.0320625399822, 37.59086962335659, 806.5],
          [140.03202499446562, 37.59095462493257, 805.7],
          [140.03199865995248, 37.59104187098361, 806.2],
          [140.031981184216, 37.59113089058714, 804.9],
          [140.03196370847948, 37.59121991019067, 805.6],
          [140.031947391941, 37.5913090562861, 804.7],
          [140.03193410704506, 37.59139853319492, 804.4],
          [140.0319208221491, 37.59148801010374, 805.4],
          [140.03190753725312, 37.59157748701255, 805.2],
          [140.03187972989667, 37.59166423070926, 806.5],
          [140.0318412337272, 37.59174896270876, 806.3],
          [140.03175842706506, 37.59179922228534, 804.3],
          [140.03165144727723, 37.591818355444985, 802.8],
          [140.03154057950238, 37.59180005355703, 801],
          [140.03145598988831, 37.59175262953025, 802.8],
          [140.03139875761897, 37.59167488738505, 802.6],
          [140.03134112889316, 37.59159733185755, 802.4],
          [140.03128308026322, 37.59151997398489, 802.3],
          [140.03122503163328, 37.591442616112225, 801.3],
          [140.03116926934104, 37.591364245625286, 801.2],
          [140.0311172323619, 37.59128422520483, 800.6],
          [140.03106519538275, 37.59120420478437, 799.6],
          [140.03101315840362, 37.591124184363906, 798.9],
          [140.0309611214245, 37.59104416394345, 798.3],
          [140.03090908444537, 37.59096414352299, 797.1],
          [140.03086030509473, 37.59088310860207, 796.5],
          [140.03083026095496, 37.5907962391055, 795.9],
          [140.0308801625132, 37.59072854405857, 794.8],
          [140.03096553002888, 37.59066935528815, 794.5],
          [140.03105089754453, 37.590610166517735, 793.9],
          [140.03113626506018, 37.59055097774732, 793.3],
          [140.03121411283678, 37.59048708170571, 791.1],
          [140.0312663049537, 37.59040712551277, 789.8],
          [140.03131849707063, 37.590327169319835, 791.8],
          [140.03137068918755, 37.5902472131269, 791],
          [140.0314228813045, 37.59016725693397, 790],
          [140.03144369615387, 37.59008064673898, 789.4],
          [140.0314484297107, 37.58999062627402, 788.6],
          [140.0314531632675, 37.58990060580906, 787.5],
          [140.0314552764862, 37.58981057722003, 786.6],
          [140.03145142434522, 37.58972053013604, 785.4],
          [140.0314475722042, 37.589630483052055, 783.6],
          [140.03144372006318, 37.589540435968075, 782.2],
          [140.0314398679222, 37.58945038888409, 781.3],
          [140.03143601578117, 37.5893603418001, 779.9],
          [140.03143216364015, 37.589270294716115, 778.4],
          [140.03142831149916, 37.58918024763213, 777.4],
          [140.03142486259307, 37.58909019956244, 776.2],
          [140.0314280197839, 37.58900013534418, 775.2],
          [140.03143117697473, 37.588910071125916, 774.4],
          [140.0314343341656, 37.58882000690765, 772.9],
          [140.03143749135643, 37.58872994268939, 771.3],
          [140.0314401404993, 37.58863990225597, 770.6],
          [140.03142373392677, 37.5885507539377, 769.8],
          [140.03140732735426, 37.58846160561943, 769.3],
          [140.03139092078172, 37.588372457301155, 767.6],
          [140.0313745142092, 37.58828330898288, 766.5],
          [140.03135810763666, 37.58819416066461, 765.5],
          [140.03134170106415, 37.58810501234633, 763.8],
          [140.03133898794093, 37.58801697895452, 762.5],
          [140.03137774139492, 37.58793232178903, 760.8],
          [140.03141649484888, 37.58784766462354, 759.9],
          [140.03145524830285, 37.58776300745805, 758.3],
          [140.0314940017568, 37.58767835029256, 757.1],
          [140.0315327552108, 37.587593693127076, 755],
          [140.03157150866477, 37.58750903596158, 753.5],
          [140.03161026211873, 37.58742437879609, 751.1],
          [140.03167009422953, 37.58734823487017, 749.3],
          [140.03173308180658, 37.58727336537273, 747.6],
          [140.03179606938363, 37.58719849587529, 745.4],
          [140.0318590569607, 37.587123626377846, 743.9],
          [140.03192204453777, 37.58704875688041, 742.2],
          [140.03198503211485, 37.58697388738297, 740.9]
        ]
      }
    },
    {
      "type": "Feature",
      "properties": {
        "name": "デビル2",
        "slope_deg": [
          22.538450040827975, 22.538450040827975, 22.538450040827975,
          27.699472808055, 30.646741437081463, 30.540604849681404,
          28.14678121412214, 27.36156482027085, 24.346751854705083,
          25.75730921180767, 25.641005824305335, 25.407718108948472,
          24.46553511066253, 24.46553511066253, 24.46553511066253
        ],
        "horizontal_dist_map": 149,
        "slope_dist_map": 166,
        "elevation_diff_map": 69,
        "avg_slope_deg_map": 22.6,
        "max_slope_deg_map": 30.6
      },
      "geometry": {
        "type": "LineString",
        "coordinates": [
          [140.03011161914242, 37.624670375593325, 1206],
          [140.03014520004348, 37.624756424344966, 1205],
          [140.03017878094454, 37.6248424730966, 1200.9],
          [140.03021236184557, 37.62492852184824, 1195.8],
          [140.03024594274663, 37.62501457059987, 1189.4],
          [140.0302795236477, 37.625100619351514, 1184],
          [140.03032042269336, 37.62518384572617, 1177.2],
          [140.03038457362905, 37.625258104582095, 1172.2],
          [140.0304487245647, 37.62533236343803, 1168],
          [140.0305128755004, 37.62540662229395, 1163.3],
          [140.03057702643605, 37.62548088114988, 1159.1],
          [140.0306411773717, 37.62555514000581, 1152.9],
          [140.0307053283074, 37.62562939886174, 1148.8],
          [140.03076947924305, 37.625703657717665, 1144.3],
          [140.03083363017873, 37.6257779165736, 1140.9]
        ]
      }
    },
    {
      "type": "Feature",
      "properties": {
        "name": "エキサイト2",
        "slope_deg": [
          1.4320961841646465, 1.4320961841646465, 1.4320961841646465,
          1.4320961841646465, 1.4320961841646465, 2.147585428298503,
          3.7189939731579127, 5.568737077976444, 10.065169352760034,
          13.495733280795996, 18.906332035086663, 21.43000730175244,
          24.22774531795417, 27.36156482027085, 25.290734392148046,
          26.220246235243597, 23.749494492866653, 20.806791012711003,
          21.181349500266236, 21.43000730175244, 22.170895633834377,
          21.80140948635181, 20.052082146098712, 18.64953875405141,
          18.00416160591338, 18.778033222445714, 19.162339354971724,
          19.162339354971724, 19.67196998920079, 19.162339354971724,
          19.67196998920079, 21.554019920478787, 20.931852540892464,
          23.50904022419257, 23.749494492866653, 23.388482428995122,
          22.90405780363674, 21.43000730175244, 20.556045219583467,
          18.133621430820266, 15.37625124882619, 13.49573328079569,
          12.543973346572233, 12.543973346572233, 12.543973346572233
        ],
        "horizontal_dist_map": 442,
        "slope_dist_map": 467,
        "elevation_diff_map": 136,
        "avg_slope_deg_map": 16.2,
        "max_slope_deg_map": 27.4
      },
      "geometry": {
        "type": "LineString",
        "coordinates": [
          [140.03834967878885, 37.61744164402596, 1284.6],
          [140.03827819828385, 37.617371752720025, 1284.1],
          [140.03820671777882, 37.61730186141409, 1283.9],
          [140.03813523727382, 37.61723197010815, 1283.9],
          [140.03804962854406, 37.61717438404287, 1283.6],
          [140.03795566125646, 37.61712407801931, 1283.1],
          [140.03786169396886, 37.61707377199574, 1282.9],
          [140.03776443945873, 37.617028758256524, 1282.4],
          [140.03765711808805, 37.61699995172179, 1281],
          [140.03754979671737, 37.61697114518706, 1279.2],
          [140.0374424753467, 37.61694233865232, 1275.8],
          [140.03733291205774, 37.616923447646734, 1272.8],
          [140.03721969818278, 37.61692070240864, 1267.3],
          [140.03710648430786, 37.61691795717056, 1263.5],
          [140.03699327043293, 37.61691521193247, 1257.8],
          [140.0368818010723, 37.616921255931764, 1252.1],
          [140.03677515754688, 37.61695161352404, 1248.4],
          [140.03666851402147, 37.61698197111632, 1243.8],
          [140.0365671750646, 37.617020647167934, 1240.2],
          [140.03647338711076, 37.61707116446766, 1236.9],
          [140.03637959915696, 37.61712168176739, 1232.9],
          [140.03628581120313, 37.61717219906711, 1228.1],
          [140.03619806433068, 37.61722883324118, 1223.9],
          [140.03611416122953, 37.61728935941156, 1220.9],
          [140.03603025812842, 37.617349885581945, 1218.3],
          [140.03595894220743, 37.617418369435306, 1214.6],
          [140.03590375725568, 37.617497051374194, 1210.9],
          [140.03584857230393, 37.61757573331308, 1207.3],
          [140.0357856238265, 37.617650576553324, 1204.4],
          [140.03572134832444, 37.61772476364224, 1200.7],
          [140.0356627911386, 37.61780140703903, 1196.6],
          [140.03562005819427, 37.617884847753, 1193.4],
          [140.03557732524993, 37.61796828846696, 1190.1],
          [140.0355345923056, 37.618051729180934, 1184.9],
          [140.03549185936126, 37.6181351698949, 1181.3],
          [140.03544912641692, 37.618218610608864, 1176],
          [140.0354066826796, 37.618302144420646, 1172.5],
          [140.0353644625301, 37.618385750206954, 1167.6],
          [140.03532224238066, 37.61846935599327, 1164.4],
          [140.0352812980877, 37.61855333195412, 1160.3],
          [140.03524593250356, 37.61863892651069, 1157.5],
          [140.0352105669194, 37.61872452106727, 1154.5],
          [140.03518856810157, 37.61881269781872, 1153.4],
          [140.03517063882546, 37.618901660725136, 1150.7],
          [140.03515270954935, 37.61899062363155, 1148.6]
        ]
      }
    },
    {
      "type": "Feature",
      "properties": {
        "name": "ブラックバレー2迂回路",
        "slope_deg": [
          12.133880170633224, 12.133880170633224, 12.133880170633224,
          13.088732789694, 13.49573328079569, 12.95276451337558,
          14.97598451475675, 16.039943306049665, 14.842227057911282,
          16.304198003832376, 15.242997742901395, 15.642246457208788,
          17.744671625056874, 16.961705886532968, 19.034434354835426,
          19.544862326628827, 18.133621430820266, 20.681521678200784,
          22.538450040827975, 21.924785220541064, 24.346751854705083,
          23.989064009552337, 20.806791012711287, 21.924785220541345,
          21.056705590704606, 18.906332035086663, 22.04794746356044,
          21.677820852504254, 23.025492008528037, 25.524475356294268,
          22.538450040827975, 23.749494492866926, 24.346751854705083,
          22.170895633834657, 24.93842765545712, 25.641005824305072,
          23.749494492866653, 27.248467426644652, 27.81164686964395,
          25.98923358383301, 28.59038406079055, 29.030274682487207,
          26.45034506503404, 28.035301206707, 24.938427655457385,
          23.989064009552337, 26.907793526541056, 24.820541335489082,
          26.565051177077994, 23.869390064732137, 22.04794746356016,
          21.305783617828656, 19.034434354835135, 17.092662950267425,
          12.68038349181982, 9.22988624372772, 5.568737077976444,
          3.576334374997351, 2.5765718302690908, 3.005269359689804,
          3.433630362450652, 3.005269359689804, 2.7195054612723095,
          2.5765718302690908, 2.719505461272635, 2.862405226111748,
          3.576334374997351, 3.7189939731579127, 3.290883686067228,
          3.290883686067228, 3.290883686067228
        ],
        "horizontal_dist_map": 705,
        "slope_dist_map": 748,
        "elevation_diff_map": 221.9,
        "avg_slope_deg_map": 16.5,
        "max_slope_deg_map": 29
      },
      "geometry": {
        "type": "LineString",
        "coordinates": [
          [140.0384401150585, 37.61767158988607, 1283.6],
          [140.03844840837198, 37.617761446861984, 1282],
          [140.03845670168542, 37.6178513038379, 1279.3],
          [140.0384649949989, 37.617941160813814, 1276.7],
          [140.03847328831236, 37.61803101778973, 1275],
          [140.03848158162583, 37.618120874765644, 1272.7],
          [140.03848987493927, 37.61821073174156, 1269.7],
          [140.03849674865057, 37.61830065553994, 1267.5],
          [140.038501836698, 37.618390663391764, 1264.3],
          [140.03850692474543, 37.61848067124359, 1261.2],
          [140.03851201279286, 37.61857067909541, 1259.1],
          [140.0385171008403, 37.618660686947244, 1255.8],
          [140.03852218888773, 37.61875069479907, 1253.4],
          [140.0385264491719, 37.61884071272137, 1250],
          [140.03852482435687, 37.61893080224118, 1246.3],
          [140.03852319954183, 37.61902089176098, 1243.6],
          [140.0385215747268, 37.61911098128079, 1239.6],
          [140.03851994991174, 37.61920107080059, 1235.8],
          [140.0385183250967, 37.6192911603204, 1233.2],
          [140.03851670028166, 37.61938124984021, 1228.5],
          [140.03851324098784, 37.61947129596721, 1223],
          [140.0385081338245, 37.61956130311547, 1219.7],
          [140.03850302666117, 37.61965131026373, 1215.1],
          [140.03849791949781, 37.61974131741198, 1210.7],
          [140.03849281233448, 37.61983132456024, 1207.8],
          [140.03848770517112, 37.6199213317085, 1203.6],
          [140.0384825980078, 37.620011338856756, 1199.7],
          [140.03847749084443, 37.620101346005015, 1197],
          [140.0384723836811, 37.620191353153274, 1191.6],
          [140.03846727651774, 37.62028136030153, 1187.7],
          [140.0384621693544, 37.620371367449785, 1182.7],
          [140.03845706219107, 37.620461374598044, 1177.9],
          [140.0384519550277, 37.6205513817463, 1175],
          [140.03844721560128, 37.62064140157483, 1170.1],
          [140.03844250177, 37.62073142228593, 1164.6],
          [140.03843778793868, 37.62082144299702, 1161.6],
          [140.0384330741074, 37.62091146370812, 1156.4],
          [140.03842836027607, 37.62100148441922, 1150.9],
          [140.03842364644476, 37.62109150513031, 1147],
          [140.03841893261347, 37.62118152584141, 1141],
          [140.03841421878215, 37.62127154655251, 1135.3],
          [140.03840950495086, 37.6213615672636, 1131.4],
          [140.0384026788366, 37.621451451959715, 1125.2],
          [140.0383891265777, 37.62154090354319, 1118.8],
          [140.0383755743188, 37.62163035512667, 1115.4],
          [140.03836202205989, 37.621719806710146, 1110.1],
          [140.03834846980095, 37.621809258293624, 1106.6],
          [140.03832711217504, 37.621897509046164, 1101],
          [140.03829775154017, 37.62198452856118, 1095.1],
          [140.0382683909053, 37.6220715480762, 1091.6],
          [140.03823903027043, 37.622158567591214, 1086.6],
          [140.03820966963556, 37.62224558710623, 1083.3],
          [140.0381803090007, 37.62233260662125, 1078.9],
          [140.03814747964904, 37.622418829007344, 1076],
          [140.03811396716705, 37.622504894406575, 1072.8],
          [140.03808045468503, 37.622590959805805, 1071],
          [140.038046942203, 37.622677025205036, 1069.9],
          [140.03801342972102, 37.622763090604266, 1069.5],
          [140.0379844469791, 37.62285012702899, 1068.9],
          [140.03795904713428, 37.62293793150757, 1068.5],
          [140.03793364728944, 37.623025735986154, 1068.1],
          [140.0379082474446, 37.623113540464736, 1067.4],
          [140.03788284759978, 37.623201344943325, 1066.5],
          [140.03785744775493, 37.62328914942191, 1066.4],
          [140.03783204791011, 37.62337695390049, 1066.2],
          [140.03780925833365, 37.62346509124824, 1065.6],
          [140.03779887463276, 37.62355481063004, 1064.6],
          [140.03778849093186, 37.62364453001184, 1064.4],
          [140.037778107231, 37.623734249393635, 1063.7],
          [140.0377677235301, 37.62382396877544, 1063],
          [140.0377573398292, 37.62391368815724, 1062.3]
        ]
      }
    },
    {
      "type": "Feature",
      "properties": {
        "name": "ディープ1",
        "slope_deg": "[18.262889942193894,18.262889942193894,18.262889942193894,18.778033222445426,20.806791012711003,19.544862326628827,15.77498595541431,15.907551930525962,14.97598451475675,15.90755193052566,17.744671625056874,19.798876354524758,22.782405730481635,25.873385226286196,27.021581591176883,28.25802961470689,28.920650342151696,29.683140179123246,30.43423575344341,30.96375653207352,31.278680693976355,30.858317233519347,30.75264555113183,28.920650342151696,25.75730921180767,24.22774531795417,23.14670784188283,21.554019920478787,19.925580658184323,18.00416160591338,16.961705886532968,16.304198003832376,16.567741642975037,15.37625124882619,15.109575122340402,15.109575122340402,15.642246457208788,16.17215901578243,15.642246457208788,14.708303899682749,14.305551846621709,14.57421619803886,13.766300685466197,14.439965121002654,13.766300685466504,15.242997742901395,14.57421619803886,13.766300685466197,11.996899307923577,8.530765609948133,8.530765609948133,7.688447769903003,9.369385096487358,9.926245506651705,9.369385096487358,9.78720366465624,8.810732985984973,8.9505586562316,8.810732985984973,8.110047829418843,8.11004782941916,6.98393746008542,8.250387228905435,8.530765609948133,9.090276920822133,8.9505586562316,8.11004782941916,7.829076510059608,7.266008446996189,7.266008446996189,8.11004782941916,7.969610394321551,8.250387228905435,8.110047829418843,7.829076510059608,7.688447769902681,7.406912128495294,7.688447769903003,7.125016348901798,7.266008446996189,7.266008446995867,7.688447769903003,7.547725773843047,7.688447769902681,7.688447769903003,7.688447769902681,6.983937460085098,7.266008446996189,7.125016348901798,7.125016348901798,7.125016348901798]",
        "horizontal_dist_map": 903,
        "slope_dist_map": 943,
        "elevation_diff_map": 236.6,
        "avg_slope_deg_map": 14.1,
        "max_slope_deg_map": 31.3
      },
      "geometry": {
        "type": "LineString",
        "coordinates": [
          [140.02786243380422, 37.614175147078384, 1350.1],
          [140.02797442861308, 37.61418858880223, 1347.3],
          [140.02808642342194, 37.61420203052607, 1345.1],
          [140.0281984182308, 37.61421547224992, 1341.8],
          [140.02831041303966, 37.61422891397376, 1336.9],
          [140.02842240784852, 37.614242355697606, 1333.7],
          [140.02852577505953, 37.6142773227667, 1329.9],
          [140.02862688097795, 37.614317931626715, 1327.6],
          [140.0287279868964, 37.61435854048673, 1325.6],
          [140.02882909281482, 37.61439914934674, 1322.3],
          [140.02893019873324, 37.61443975820675, 1319.2],
          [140.02903130465168, 37.61448036706676, 1316.2],
          [140.02911682712514, 37.61453694968344, 1312.8],
          [140.02919137622186, 37.61460478052218, 1307.9],
          [140.0292659253186, 37.614672611360916, 1302.4],
          [140.02934047441536, 37.61474044219966, 1296.8],
          [140.0294150235121, 37.6148082730384, 1292.4],
          [140.02948957260884, 37.61487610387714, 1286.4],
          [140.02956412170556, 37.614943934715875, 1280.3],
          [140.0296386708023, 37.61501176555462, 1274],
          [140.02971321989904, 37.61507959639336, 1268.9],
          [140.0297939724686, 37.61514269013302, 1262.4],
          [140.02987613284594, 37.61520470884181, 1256],
          [140.02995829322327, 37.6152667275506, 1250.1],
          [140.0300404536006, 37.61532874625938, 1245.1],
          [140.03012261397794, 37.61539076496817, 1240.3],
          [140.03020477435527, 37.61545278367696, 1236.7],
          [140.0302869347326, 37.615514802385746, 1232.1],
          [140.03036909510993, 37.615576821094535, 1228],
          [140.03045125548726, 37.61563883980332, 1224.5],
          [140.0305306012284, 37.61570309810673, 1222.2],
          [140.03060857795228, 37.61576844573165, 1219.1],
          [140.03068655467612, 37.61583379335657, 1215.8],
          [140.03076453139997, 37.6158991409815, 1212.8],
          [140.0308425081238, 37.615964488606416, 1210.3],
          [140.03092048484768, 37.616029836231334, 1208.1],
          [140.03099846157153, 37.61609518385626, 1205],
          [140.03107643829537, 37.61616053148118, 1202],
          [140.0311545923231, 37.616225745201966, 1199.1],
          [140.03123277685137, 37.616290935888, 1196.5],
          [140.03131096137966, 37.61635612657404, 1193.8],
          [140.03138914590792, 37.61642131726008, 1191.5],
          [140.03146733043621, 37.616486507946114, 1188.9],
          [140.03154551496448, 37.61655169863215, 1186.1],
          [140.0316309311441, 37.6166098613752, 1184],
          [140.03172672081465, 37.61665794283815, 1181.2],
          [140.0318225104852, 37.6167060243011, 1179.1],
          [140.03191830015575, 37.61675410576405, 1175.2],
          [140.0320140898263, 37.616802187227, 1173.6],
          [140.03210987949686, 37.61685026868995, 1171.4],
          [140.0322056691674, 37.6168983501529, 1170.6],
          [140.03227514182302, 37.61696706976239, 1169.2],
          [140.032334215957, 37.61704394402818, 1167.6],
          [140.03239329009102, 37.61712081829398, 1166],
          [140.03245236422504, 37.61719769255978, 1164],
          [140.03251143835902, 37.61727456682557, 1162.2],
          [140.03257051249304, 37.617351441091365, 1161],
          [140.0326214087063, 37.61743150520315, 1159.1],
          [140.03266164135997, 37.61751572869893, 1157.8],
          [140.03270187401364, 37.617599952194716, 1155.9],
          [140.03274210666734, 37.6176841756905, 1154.8],
          [140.03278233932102, 37.61776839918628, 1153.4],
          [140.0328225719747, 37.617852622682065, 1152.1],
          [140.03286387368502, 37.61793650553792, 1151],
          [140.03290787042224, 37.61801952966119, 1149],
          [140.03295186715945, 37.61810255378446, 1147.4],
          [140.0329958638967, 37.61818557790773, 1145.7],
          [140.03303986063392, 37.618268602031, 1144.7],
          [140.03308385737114, 37.61835162615427, 1143.3],
          [140.0331278541084, 37.61843465027754, 1141.9],
          [140.03316852917814, 37.61851868235766, 1140.6],
          [140.0332052261121, 37.61860392159932, 1139.6],
          [140.03324192304603, 37.61868916084099, 1137.6],
          [140.03327861998, 37.61877440008266, 1136.3],
          [140.03331531691393, 37.61885963932432, 1134.8],
          [140.0333520138479, 37.61894487856598, 1133.9],
          [140.03338871078182, 37.619030117807654, 1132.1],
          [140.03342540771578, 37.61911535704932, 1130.9],
          [140.03346210464971, 37.61920059629098, 1129.6],
          [140.03352218176528, 37.619276659484626, 1128.5],
          [140.03358489874853, 37.619351686606215, 1127.1],
          [140.03364761573175, 37.6194267137278, 1125.8],
          [140.033710332715, 37.61950174084938, 1124.5],
          [140.03377304969825, 37.61957676797097, 1123.1],
          [140.03383530180105, 37.61965203655491, 1121.8],
          [140.03389642344433, 37.619727892307914, 1120.4],
          [140.03395754508762, 37.61980374806091, 1119.1],
          [140.0340186667309, 37.61987960381391, 1117.7],
          [140.03407978837419, 37.61995545956691, 1116.9],
          [140.03414174146218, 37.62003087215784, 1115.3],
          [140.03420670606505, 37.620104679603955, 1114.1]
        ]
      },
      "id": 33
    },
    {
      "type": "Feature",
      "properties": {
        "name": "ディープ2",
        "slope_deg": "[26.104854009099455,26.104854009099455,26.104854009099455,28.14678121412189,27.47443162627708,28.14678121412214,24.584094695437884,23.749494492866926,24.820541335489082,23.38848242899485,23.025492008528037,24.22774531795417,22.04794746356044,21.43000730175244,22.170895633834377,19.798876354524758,18.906332035086663,19.162339354971724,17.35402463626132,15.37625124882619,15.509334522674754,12.816647648997623,11.859779120948104,11.58512622485511,10.757967088390194,11.85977912094779,11.309932474020215,12.543973346572233,13.901350769508936,14.170977562933274,14.975984514756448,15.509334522674754,13.901350769509243,14.17097756293297,13.766300685466504,13.901350769509243,14.708303899682749,16.961705886532968,19.290046219188735,19.417554141579338,20.17838007450879,21.305783617828656,20.30447370996038,21.43000730175244,21.181349500266236,19.925580658184323,19.544862326628827,19.6719699892005,19.034434354835135,17.6146433000071,15.774985955414008,12.270720357815385,11.85977912094779,10.065169352760034,10.48121814413073,10.342657140474548,9.50877195829791,8.810732985984655,8.390627013252708,7.969610394321551,7.969610394321551,8.11004782941916,7.547725773843047,7.266008446995867,6.701525844729227,6.560196400571501,6.98393746008542,6.701525844729548,6.842773412631197,7.829076510059608,7.829076510059608,7.688447769902681,7.688447769902681,6.983937460085098,6.701525844729548,7.547725773843367,8.390627013252708,8.670801453591151,9.22988624372772,9.648045316098093,7.969610394321233,5.852378988915493,5.852378988915493,5.852378988915493]",
        "horizontal_dist_map": 838,
        "slope_dist_map": 873,
        "elevation_diff_map": 218.2,
        "avg_slope_deg_map": 14,
        "max_slope_deg_map": 28.1
      },
      "geometry": {
        "type": "LineString",
        "coordinates": [
          [140.02766062427133, 37.61459776720788, 1334.7],
          [140.0277319268876, 37.61466777189514, 1331.3],
          [140.02780322950392, 37.61473777658241, 1326.5],
          [140.0278745321202, 37.61480778126967, 1322.2],
          [140.0279458347365, 37.61487778595693, 1315.1],
          [140.02801713735278, 37.614947790644194, 1309.9],
          [140.02808843996908, 37.615017795331454, 1305.7],
          [140.02815824904843, 37.61508858830503, 1300.8],
          [140.02821161820535, 37.615168058242475, 1296.8],
          [140.02826498736226, 37.61524752817993, 1292.3],
          [140.02831835651918, 37.615326998117375, 1287.2],
          [140.02837172567607, 37.61540646805482, 1283.5],
          [140.02842509483298, 37.61548593799227, 1279.8],
          [140.0284784639899, 37.615565407929715, 1274.3],
          [140.02853241868834, 37.615644619269105, 1271],
          [140.02858900224953, 37.615722669599876, 1267.8],
          [140.02864558581072, 37.61580071993065, 1263.5],
          [140.0287021693719, 37.61587877026142, 1259.9],
          [140.0287587529331, 37.61595682059218, 1257.3],
          [140.02881533649426, 37.61603487092295, 1253.9],
          [140.02887192005545, 37.61611292125372, 1251],
          [140.02892903465383, 37.61619070208043, 1248.9],
          [140.0289941720969, 37.616264411272695, 1246.2],
          [140.02905930953997, 37.61633812046496, 1244.8],
          [140.02913958899768, 37.61640124207639, 1242.6],
          [140.02922313259725, 37.61646208133857, 1240.7],
          [140.0293066761968, 37.61652292060075, 1238.6],
          [140.02939021979637, 37.61658375986293, 1236.4],
          [140.02947376339594, 37.6166445991251, 1234.6],
          [140.0295646264306, 37.61669797614721, 1231.8],
          [140.02965913226095, 37.61674763930132, 1228.7],
          [140.02975363809128, 37.616797302455446, 1226.3],
          [140.0298481439216, 37.61684696560956, 1223.9],
          [140.02994264975194, 37.61689662876368, 1220.7],
          [140.03003715558228, 37.6169462919178, 1218.8],
          [140.03013166141264, 37.616995955071914, 1216.2],
          [140.0302242759456, 37.617047783567685, 1214.1],
          [140.03031574936827, 37.61710091851782, 1210.8],
          [140.03040722279096, 37.617154053467964, 1208.3],
          [140.0304986962136, 37.6172071884181, 1204],
          [140.0305905395135, 37.617259881145316, 1200.1],
          [140.03068749362043, 37.617306463422985, 1196.7],
          [140.03078444772737, 37.61735304570065, 1193.6],
          [140.0308814018343, 37.61739962797832, 1188.4],
          [140.03097835594124, 37.61744621025599, 1185.3],
          [140.03107215260653, 37.61749662756527, 1181],
          [140.03116457791512, 37.617548710525696, 1178.1],
          [140.0312570032237, 37.617600793486126, 1173.9],
          [140.03134942853228, 37.617652876446556, 1171.1],
          [140.03144185384085, 37.617704959406986, 1166.7],
          [140.03153427914944, 37.61775704236741, 1164.3],
          [140.031626704458, 37.61780912532784, 1161.2],
          [140.03171833540785, 37.61786193629655, 1159.8],
          [140.03179616050764, 37.61792739995334, 1158],
          [140.0318739856074, 37.61799286361013, 1155.9],
          [140.0319518107072, 37.618058327266915, 1154.1],
          [140.03202963580696, 37.6181237909237, 1152.4],
          [140.03210746090673, 37.618189254580486, 1150.7],
          [140.03218528600652, 37.618254718237274, 1149.2],
          [140.0322631111063, 37.618320181894056, 1147.9],
          [140.03234093620608, 37.618385645550845, 1146.5],
          [140.03241876130585, 37.61845110920763, 1145.1],
          [140.0324965864056, 37.61851657286442, 1143.6],
          [140.03256557063548, 37.618588015312795, 1142.2],
          [140.03263426929865, 37.61865965088062, 1141.2],
          [140.0327029679618, 37.618731286448444, 1140],
          [140.03277166662497, 37.618802922016265, 1138.9],
          [140.0328403652881, 37.618874557584085, 1137.6],
          [140.03290906395125, 37.618946193151906, 1136.3],
          [140.03297776261442, 37.619017828719734, 1135.3],
          [140.03304646127756, 37.619089464287555, 1134.1],
          [140.03311271893205, 37.6191625398295, 1132.1],
          [140.03317892913668, 37.61923564336258, 1130.8],
          [140.0332451393413, 37.619308746895655, 1129.9],
          [140.0333113495459, 37.61938185042873, 1128.7],
          [140.03337755975053, 37.619454953961814, 1127.2],
          [140.03344376995514, 37.61952805749489, 1126.1],
          [140.03350998015975, 37.619601161027965, 1124.6],
          [140.03357619036439, 37.61967426456104, 1122.8],
          [140.033642400569, 37.61974736809412, 1121.1],
          [140.0337086107736, 37.61982047162719, 1119.6],
          [140.03377482097824, 37.619893575160276, 1117.8],
          [140.03384103118285, 37.61996667869335, 1117.2],
          [140.03390724138745, 37.62003978222643, 1117]
        ]
      },
      "id": 34
    }
  ]
}
