{
  "type": "FeatureCollection",
  "features": [
    {
      "type": "Feature",
      "properties": {
        "name": "マウント",
        "slope_deg": [
          22.538450040827975,
          22.538450040827975,
          22.538450040827975,
          24.93842765545712,
          27.8116468696437,
          34.117640032813114,
          34.01934998982646,
          35.56476799303529,
          36.59388639107611,
          32.005383208083494,
          34.21570213243745,
          34.31353650821081,
          32.108271141509476,
          32.92305692785903,
          30.00643379045899,
          27.923589715138434,
          27.135139622076878,
          26.220246235243597,
          27.021581591177142,
          25.173524524530112,
          25.873385226286196,
          25.05608883353516,
          23.14670784188283,
          23.989064009552337,
          22.660536301999365,
          23.025492008528037,
          22.660536301999365,
          20.931852540892464,
          22.170895633834377,
          21.30578361782894,
          21.05670559070489,
          21.05670559070489,
          21.05670559070489,
          21.05670559070489
        ],
        "horizontal_dist_map": 326,
        "slope_dist_map": 368,
        "elevation_diff_map": 165.8,
        "avg_slope_deg_map": 24.2,
        "max_slope_deg_map": 36.6
      },
      "geometry": {
        "type": "LineString",
        "coordinates": [
          [
            137.4875321805381,
            36.16811380803583,
            1515.1
          ],
          [
            137.48762692151942,
            36.168160931184666,
            1511.3
          ],
          [
            137.48772166250075,
            36.168208054333505,
            1507.8
          ],
          [
            137.48781640348204,
            36.16825517748235,
            1503.8
          ],
          [
            137.48791114446337,
            36.16830230063119,
            1498.5
          ],
          [
            137.4880058854447,
            36.16834942378003,
            1492.7
          ],
          [
            137.48810062642602,
            36.16839654692887,
            1486.7
          ],
          [
            137.48819536740731,
            36.16844367007771,
            1476.7
          ],
          [
            137.4882826327776,
            36.16849931456484,
            1471.5
          ],
          [
            137.4883686092391,
            36.16855642826002,
            1464.1
          ],
          [
            137.4884545857006,
            36.168613541955196,
            1457.0
          ],
          [
            137.4885405621621,
            36.16867065565038,
            1451.7
          ],
          [
            137.48862653862358,
            36.16872776934556,
            1444.3
          ],
          [
            137.48871251508507,
            36.168784883040736,
            1436.8
          ],
          [
            137.48879849154656,
            36.16884199673592,
            1431.9
          ],
          [
            137.48887910844857,
            36.16890343207169,
            1425.8
          ],
          [
            137.4889490672575,
            36.16897346148091,
            1421.2
          ],
          [
            137.48901902606642,
            36.169043490890125,
            1415.6
          ],
          [
            137.4890889848753,
            36.16911352029935,
            1411.4
          ],
          [
            137.48915894368423,
            36.16918354970857,
            1406.1
          ],
          [
            137.48922890249315,
            36.16925357911779,
            1400.8
          ],
          [
            137.48929886130205,
            36.169323608527016,
            1396.8
          ],
          [
            137.48935964405723,
            36.169398694162986,
            1392.0
          ],
          [
            137.4894141901744,
            36.169477216336816,
            1387.4
          ],
          [
            137.48946873629157,
            36.169555738510645,
            1383.7
          ],
          [
            137.48952328240873,
            36.16963426068447,
            1379.0
          ],
          [
            137.48957782852588,
            36.1697127828583,
            1375.3
          ],
          [
            137.48963237464304,
            36.16979130503213,
            1370.4
          ],
          [
            137.48968437753152,
            36.16987087332768,
            1367.0
          ],
          [
            137.4897303055035,
            36.16995294045557,
            1363.7
          ],
          [
            137.48977623347554,
            36.17003500758347,
            1359.0
          ],
          [
            137.48982216144753,
            36.170117074711364,
            1354.8
          ],
          [
            137.48986808941953,
            36.170199141839255,
            1351.6
          ],
          [
            137.48989777196928,
            36.17025218057578,
            1349.3
          ]
        ]
      }
    },
    {
      "type": "Feature",
      "properties": {
        "name": "パノラマ",
        "slope_deg": [
          8.110047829418843,
          8.110047829418843,
          8.110047829418843,
          6.842773412630876,
          7.406912128495294,
          8.390627013252388,
          8.250387228905753,
          8.670801453591151,
          9.50877195829791,
          10.619655276155134,
          12.133880170633224,
          13.088732789694,
          14.305551846621709,
          14.97598451475675,
          15.109575122340402,
          14.57421619803886,
          13.631094443421603,
          11.44759626368579,
          11.172136252167274,
          11.44759626368548,
          11.859779120948104,
          12.270720357815076,
          12.95276451337558,
          12.95276451337558,
          12.543973346571923,
          12.270720357815385,
          12.407418527400683,
          13.224551192213344,
          12.543973346572233,
          12.133880170633535,
          11.034209003250188,
          10.896152141141194,
          9.78720366465624,
          9.090276920822133,
          7.969610394321233,
          6.418786730238786,
          7.266008446995867,
          7.829076510059608,
          8.250387228905753,
          7.688447769903003,
          7.266008446995867,
          6.98393746008542,
          6.135733340186728,
          5.2848210925090795,
          3.576334374997351,
          1.7183580016555222,
          0.4297102894009785,
          -0.2864765102771396,
          -0.5729386976832906,
          -0.14323915036850196,
          0.1432391503681763,
          1.1457628381750384,
          1.1457628381750384,
          1.1457628381750384,
          1.1457628381750384
        ],
        "horizontal_dist_map": 537,
        "slope_dist_map": 545,
        "elevation_diff_map": 81.4,
        "avg_slope_deg_map": 8.5,
        "max_slope_deg_map": 15.1
      },
      "geometry": {
        "type": "LineString",
        "coordinates": [
          [
            137.49549001356047,
            36.16470443589936,
            1535.6
          ],
          [
            137.49539007594367,
            36.164743867917295,
            1533.7
          ],
          [
            137.49529013832685,
            36.16478329993524,
            1532.5
          ],
          [
            137.49519020071006,
            36.16482273195317,
            1531.3
          ],
          [
            137.49509033252318,
            36.16486227775012,
            1529.9
          ],
          [
            137.49499105793674,
            36.1649027963161,
            1528.9
          ],
          [
            137.4948917833503,
            36.16494331488208,
            1527.3
          ],
          [
            137.49479250876388,
            36.16498383344806,
            1525.4
          ],
          [
            137.49469457160959,
            36.165026413143345,
            1524.1
          ],
          [
            137.49459716751377,
            36.16506981434003,
            1522.8
          ],
          [
            137.49449976341796,
            36.16511321553672,
            1520.6
          ],
          [
            137.4944021697176,
            36.165156333572874,
            1517.9
          ],
          [
            137.4943042163474,
            36.16519891446834,
            1515.5
          ],
          [
            137.49420626297717,
            36.16524149536381,
            1513.5
          ],
          [
            137.49410582103525,
            36.1652788171364,
            1510.4
          ],
          [
            137.4939978813117,
            36.16530029377392,
            1507.2
          ],
          [
            137.49388951383474,
            36.16531718222235,
            1504.7
          ],
          [
            137.4937788190506,
            36.16530910739705,
            1503.1
          ],
          [
            137.49367033415695,
            36.16529243828232,
            1500.7
          ],
          [
            137.49356488310366,
            36.165263970527825,
            1499.1
          ],
          [
            137.49345943598678,
            36.16523549323261,
            1496.8
          ],
          [
            137.49335406062326,
            36.16520684202917,
            1495.0
          ],
          [
            137.49324868525974,
            36.165178190825735,
            1492.3
          ],
          [
            137.49314209276213,
            36.16515353745589,
            1490.4
          ],
          [
            137.49303238015312,
            36.16513913249307,
            1487.6
          ],
          [
            137.49292266754415,
            36.16512472753024,
            1485.8
          ],
          [
            137.49281266102585,
            36.16512928362533,
            1483.4
          ],
          [
            137.49270253657392,
            36.165141448006715,
            1481.7
          ],
          [
            137.4926103069026,
            36.16519024532632,
            1478.8
          ],
          [
            137.49251977940185,
            36.1652425272099,
            1476.4
          ],
          [
            137.49243486944675,
            36.16529993992383,
            1474.5
          ],
          [
            137.49236012280713,
            36.16536663538341,
            1473.1
          ],
          [
            137.4922861732769,
            36.16543385866752,
            1471.0
          ],
          [
            137.49222051902152,
            36.1655065748609,
            1468.7
          ],
          [
            137.49215682835623,
            36.165580256443974,
            1467.6
          ],
          [
            137.4921076708881,
            36.16566108320403,
            1466.7
          ],
          [
            137.49207930255636,
            36.165747935867856,
            1465.4
          ],
          [
            137.49211560360266,
            36.165831866672285,
            1464.2
          ],
          [
            137.49215709345827,
            36.1659154726677,
            1462.5
          ],
          [
            137.4921959933437,
            36.1659998420061,
            1461.2
          ],
          [
            137.4922303941306,
            36.16608553736566,
            1459.6
          ],
          [
            137.49226479491747,
            36.166171232725226,
            1458.8
          ],
          [
            137.49229919570436,
            36.166256928084785,
            1457.4
          ],
          [
            137.49233359649125,
            36.16634262344435,
            1456.3
          ],
          [
            137.49236799727814,
            36.16642831880391,
            1455.3
          ],
          [
            137.49238994540713,
            36.16651649427193,
            1455.1
          ],
          [
            137.49240842216608,
            36.16660536110834,
            1454.9
          ],
          [
            137.49242689892503,
            36.16669422794475,
            1455.1
          ],
          [
            137.49244537568399,
            36.16678309478116,
            1455.0
          ],
          [
            137.49246385244297,
            36.166871961617574,
            1455.3
          ],
          [
            137.49248232920192,
            36.16696082845398,
            1455.3
          ],
          [
            137.49250080596087,
            36.167049695290395,
            1455.2
          ],
          [
            137.49251928271983,
            36.16713856212681,
            1454.9
          ],
          [
            137.49253775947878,
            36.167227428963216,
            1454.5
          ],
          [
            137.49255182813937,
            36.16729509436714,
            1454.2
          ]
        ]
      }
    },
    {
      "type": "Feature",
      "properties": {
        "name": "ポール練習",
        "slope_deg": [
          12.952764513375273,
          12.952764513375273,
          12.952764513375273,
          13.495733280795996,
          12.816647648997623,
          14.43996512100296,
          14.57421619803886,
          14.305551846622015,
          15.109575122340402,
          13.631094443421295,
          11.44759626368548,
          10.342657140474548,
          8.9505586562316,
          7.547725773843367,
          8.11004782941916,
          8.670801453590833,
          7.969610394321233,
          9.926245506651705,
          9.22988624372772,
          12.270720357815385,
          15.642246457208788,
          19.798876354524758,
          22.904057803637016,
          24.702430227771423,
          24.346751854705083,
          20.556045219583467,
          21.554019920478787,
          19.162339354971724,
          19.417554141579338,
          19.798876354525046,
          17.092662950267425,
          15.2429977429017,
          13.49573328079569,
          13.224551192213344,
          12.95276451337558,
          15.109575122340402,
          15.2429977429017,
          16.83056598321078,
          16.69924423399362,
          16.69924423399362,
          16.304198003832376,
          16.304198003832376,
          16.304198003832376,
          16.304198003832376
        ],
        "horizontal_dist_map": 426,
        "slope_dist_map": 444,
        "elevation_diff_map": 114.2,
        "avg_slope_deg_map": 14.4,
        "max_slope_deg_map": 24.7
      },
      "geometry": {
        "type": "LineString",
        "coordinates": [
          [
            137.48812839946268,
            36.171767412279436,
            1347.6
          ],
          [
            137.48809400203191,
            36.171853109110145,
            1345.9
          ],
          [
            137.48805960460115,
            36.171938805940854,
            1343.2
          ],
          [
            137.48802520717038,
            36.17202450277156,
            1341.4
          ],
          [
            137.4879908097396,
            36.17211019960227,
            1338.4
          ],
          [
            137.48795641230885,
            36.17219589643298,
            1336.3
          ],
          [
            137.48792826844945,
            36.17228287921475,
            1334.1
          ],
          [
            137.48790813551778,
            36.17237150932095,
            1331.1
          ],
          [
            137.48788800258615,
            36.17246013942716,
            1328.0
          ],
          [
            137.4878807220752,
            36.172548390378246,
            1326.1
          ],
          [
            137.4879087461241,
            36.17263559982092,
            1323.3
          ],
          [
            137.48793677017298,
            36.17272280926359,
            1321.4
          ],
          [
            137.48796479422185,
            36.17281001870626,
            1319.9
          ],
          [
            137.48799281827075,
            36.17289722814893,
            1318.8
          ],
          [
            137.48802084231963,
            36.1729844375916,
            1317.0
          ],
          [
            137.48805999368182,
            36.173068769708344,
            1316.1
          ],
          [
            137.48809942058935,
            36.17315303057394,
            1314.2
          ],
          [
            137.4881388474969,
            36.173237291439534,
            1312.7
          ],
          [
            137.48817827440448,
            36.17332155230513,
            1311.4
          ],
          [
            137.48821770131204,
            36.173405813170724,
            1309.1
          ],
          [
            137.4882571282196,
            36.173490074036316,
            1307.7
          ],
          [
            137.48829655512716,
            36.173574334901915,
            1304.0
          ],
          [
            137.48833598203473,
            36.173658595767506,
            1300.2
          ],
          [
            137.4883754089423,
            36.173742856633105,
            1294.7
          ],
          [
            137.48841477266012,
            36.17382713637473,
            1290.8
          ],
          [
            137.48845218414795,
            36.17391199928666,
            1285.6
          ],
          [
            137.48848959563577,
            36.173996862198585,
            1282.1
          ],
          [
            137.48852700712357,
            36.174081725110504,
            1279.7
          ],
          [
            137.4885644186114,
            36.17416658802243,
            1275.0
          ],
          [
            137.4886018300992,
            36.17425145093436,
            1271.7
          ],
          [
            137.488639241587,
            36.17433631384628,
            1268.0
          ],
          [
            137.48867665307483,
            36.17442117675821,
            1265.3
          ],
          [
            137.48871406456266,
            36.17450603967013,
            1262.7
          ],
          [
            137.48875147605048,
            36.174590902582054,
            1260.8
          ],
          [
            137.48878888753828,
            36.17467576549398,
            1258.4
          ],
          [
            137.4888262990261,
            36.174760628405906,
            1255.9
          ],
          [
            137.48886371051393,
            36.174845491317825,
            1253.5
          ],
          [
            137.48890292792007,
            36.1749297967547,
            1250.0
          ],
          [
            137.48894460906777,
            36.175013341650825,
            1247.5
          ],
          [
            137.4889862902155,
            36.17509688654695,
            1243.8
          ],
          [
            137.4890279713632,
            36.17518043144308,
            1241.5
          ],
          [
            137.48906965251092,
            36.17526397633921,
            1238.0
          ],
          [
            137.48911133365863,
            36.17534752123534,
            1235.8
          ],
          [
            137.489140489804,
            36.17540596125607,
            1233.4
          ]
        ]
      }
    },
    {
      "type": "Feature",
      "properties": {
        "name": "朴の木山",
        "slope_deg": [
          20.17838007450879,
          20.17838007450879,
          20.17838007450879,
          21.80140948635181,
          21.056705590704606,
          17.6146433000071,
          14.84222705791098,
          9.508771958297594,
          5.2848210925090795,
          2.719505461272635,
          1.0025738037601275,
          0.2864765102771396,
          1.0025738037601275,
          5.852378988915493,
          10.203973721731748,
          17.6146433000071,
          22.04794746356044,
          24.702430227771423,
          25.873385226285933,
          23.869390064732137,
          25.407718108948472,
          23.14670784188283,
          22.78240573048191,
          22.660536301999365,
          18.64953875405141,
          17.484427323220586,
          14.975984514756448,
          12.543973346571923,
          13.631094443421295,
          12.95276451337558,
          14.170977562933274,
          14.170977562933274,
          13.224551192213651,
          14.439965121002654,
          13.901350769508936,
          16.304198003832074,
          16.43605922463559,
          16.43605922463559,
          16.43605922463559,
          16.43605922463559
        ],
        "horizontal_dist_map": 389,
        "slope_dist_map": 408,
        "elevation_diff_map": 109.6,
        "avg_slope_deg_map": 15.0,
        "max_slope_deg_map": 25.9
      },
      "geometry": {
        "type": "LineString",
        "coordinates": [
          [
            137.4881397977768,
            36.17200699297848,
            1341.0
          ],
          [
            137.48818243019113,
            36.17209022124548,
            1337.6
          ],
          [
            137.48822506260547,
            36.172173449512485,
            1334.1
          ],
          [
            137.4882676950198,
            36.17225667777949,
            1329.7
          ],
          [
            137.48830511560436,
            36.172341392391615,
            1326.3
          ],
          [
            137.48833613215078,
            36.17242793335099,
            1321.6
          ],
          [
            137.48836862897255,
            36.17251411243044,
            1318.7
          ],
          [
            137.48840178605343,
            36.172600130097685,
            1317.0
          ],
          [
            137.48843494313434,
            36.17268614776493,
            1315.7
          ],
          [
            137.48845446814002,
            36.17277481151897,
            1314.9
          ],
          [
            137.48847294989494,
            36.172863677775716,
            1315.0
          ],
          [
            137.48849143164983,
            36.17295254403247,
            1315.1
          ],
          [
            137.48850991340473,
            36.173041410289215,
            1315.0
          ],
          [
            137.48853319437762,
            36.1731295214016,
            1314.7
          ],
          [
            137.4885570524698,
            36.17321754170577,
            1314.3
          ],
          [
            137.48858091056195,
            36.17330556200994,
            1311.0
          ],
          [
            137.48862210148474,
            36.173388849688195,
            1307.8
          ],
          [
            137.48866877655072,
            36.17347063995389,
            1302.0
          ],
          [
            137.4887154516167,
            36.17355243021959,
            1298.1
          ],
          [
            137.48876079308107,
            36.173634703387314,
            1292.6
          ],
          [
            137.48880475081444,
            36.173717477609095,
            1288.4
          ],
          [
            137.4888487085478,
            36.17380025183087,
            1284.3
          ],
          [
            137.48889266628117,
            36.17388302605265,
            1279.1
          ],
          [
            137.48893662401457,
            36.17396580027443,
            1275.5
          ],
          [
            137.48898058174794,
            36.17404857449621,
            1271.6
          ],
          [
            137.4890245394813,
            36.174131348717985,
            1267.6
          ],
          [
            137.48906849721467,
            36.174214122939766,
            1265.6
          ],
          [
            137.48911245494804,
            36.17429689716155,
            1262.9
          ],
          [
            137.4891564126814,
            36.17437967138333,
            1260.9
          ],
          [
            137.48920037041478,
            36.1744624456051,
            1258.7
          ],
          [
            137.48924432814817,
            36.17454521982688,
            1255.9
          ],
          [
            137.48928828588154,
            36.17462799404866,
            1253.7
          ],
          [
            137.4893322436149,
            36.17471076827044,
            1250.8
          ],
          [
            137.48937620134828,
            36.17479354249222,
            1248.6
          ],
          [
            137.48942015908165,
            36.174876316714,
            1246.5
          ],
          [
            137.48946411681501,
            36.17495909093578,
            1243.4
          ],
          [
            137.4895080745484,
            36.17504186515755,
            1240.9
          ],
          [
            137.48955203228178,
            36.175124639379334,
            1236.9
          ],
          [
            137.48959599001515,
            36.175207413601115,
            1234.7
          ],
          [
            137.4896377972396,
            36.17528613832606,
            1231.4
          ]
        ]
      }
    },
    {
      "type": "Feature",
      "properties": {
        "name": "じゃぼるて",
        "slope_deg": [
          7.688447769903003,
          7.688447769903003,
          7.688447769903003,
          6.418786730238786,
          8.9505586562316,
          9.78720366465624,
          8.390627013252708,
          11.58512622485511,
          14.97598451475675,
          16.830565983210477,
          18.64953875405141,
          20.43036232928569,
          18.00416160591338,
          17.6146433000071,
          17.614643300006804,
          16.69924423399362,
          16.567741642974738,
          16.830565983210477,
          16.172159015782732,
          15.109575122340402,
          14.439965121002654,
          12.95276451337558,
          13.49573328079569,
          11.996899307923577,
          11.44759626368579,
          11.58512622485511,
          10.896152141141194,
          11.859779120948104,
          12.95276451337558,
          11.859779120948104,
          13.088732789694,
          11.996899307923577,
          11.85977912094779,
          12.543973346571923,
          11.996899307923577,
          12.952764513375273,
          12.68038349181982,
          14.036243467926479,
          12.95276451337558,
          12.95276451337558,
          13.495733280795996,
          11.996899307923577,
          12.95276451337558,
          11.309932474020215,
          9.508771958297594,
          8.670801453591151,
          6.418786730238786,
          7.266008446996189,
          6.98393746008542,
          7.688447769902681,
          9.090276920822133,
          8.250387228905435,
          9.50877195829791,
          9.09027692082245,
          9.22988624372772,
          9.22988624372772,
          9.22988624372772,
          9.22988624372772
        ],
        "horizontal_dist_map": 564,
        "slope_dist_map": 579,
        "elevation_diff_map": 120.5,
        "avg_slope_deg_map": 11.8,
        "max_slope_deg_map": 20.4
      },
      "geometry": {
        "type": "LineString",
        "coordinates": [
          [
            137.48826233700382,
            36.17145837972396,
            1355.9
          ],
          [
            137.48836782499,
            36.171429981998195,
            1354.4
          ],
          [
            137.4884733129762,
            36.171401584272424,
            1354.1
          ],
          [
            137.4885788009624,
            36.17137318654666,
            1352.7
          ],
          [
            137.4886874981284,
            36.17135494749203,
            1350.5
          ],
          [
            137.48879683401623,
            36.171338730313785,
            1349.9
          ],
          [
            137.48890616990406,
            36.17132251313555,
            1347.8
          ],
          [
            137.48901550579188,
            36.17130629595731,
            1345.8
          ],
          [
            137.4891260782874,
            36.171302202887446,
            1344.6
          ],
          [
            137.4892372144942,
            36.17130363662831,
            1341.7
          ],
          [
            137.48932488319048,
            36.1713484664186,
            1337.1
          ],
          [
            137.48940147885753,
            36.17141377242095,
            1333.7
          ],
          [
            137.48946982708065,
            36.17148430284036,
            1331.1
          ],
          [
            137.4895294475931,
            36.171560361906046,
            1326.8
          ],
          [
            137.48958906810557,
            36.17163642097173,
            1324.1
          ],
          [
            137.48964868861805,
            36.171712480037414,
            1321.0
          ],
          [
            137.48970562766453,
            36.17178981766267,
            1318.4
          ],
          [
            137.48975862619415,
            36.17186903418017,
            1314.8
          ],
          [
            137.48981162472373,
            36.17194825069767,
            1312.2
          ],
          [
            137.48986462325334,
            36.172027467215166,
            1308.9
          ],
          [
            137.48991762178295,
            36.172106683732665,
            1306.8
          ],
          [
            137.4899706651287,
            36.17218588049181,
            1304.0
          ],
          [
            137.49002393453924,
            36.1722649775845,
            1301.9
          ],
          [
            137.49007720394977,
            36.17234407467719,
            1299.7
          ],
          [
            137.4901304733603,
            36.17242317176988,
            1297.2
          ],
          [
            137.49018374277082,
            36.17250226886257,
            1295.5
          ],
          [
            137.4902071953621,
            36.172590147539346,
            1293.8
          ],
          [
            137.49022895687625,
            36.17267852426845,
            1291.5
          ],
          [
            137.4902507183904,
            36.17276690099755,
            1289.5
          ],
          [
            137.49027247990455,
            36.172855277726654,
            1287.1
          ],
          [
            137.4902942414187,
            36.17294365445576,
            1284.6
          ],
          [
            137.49031600293281,
            36.17303203118486,
            1283.1
          ],
          [
            137.49033776444696,
            36.17312040791396,
            1280.2
          ],
          [
            137.4903595259611,
            36.173208784643066,
            1278.6
          ],
          [
            137.49037741879178,
            36.17329763444705,
            1276.2
          ],
          [
            137.4903887734073,
            36.17338728376472,
            1274.2
          ],
          [
            137.4904001280228,
            36.173476933082384,
            1271.7
          ],
          [
            137.49041148263828,
            36.173566582400056,
            1269.4
          ],
          [
            137.4904228372538,
            36.17365623171772,
            1267.2
          ],
          [
            137.49042677736585,
            36.17374618387921,
            1264.2
          ],
          [
            137.49042659279988,
            36.17383630451229,
            1262.5
          ],
          [
            137.4904264082339,
            36.17392642514538,
            1260.2
          ],
          [
            137.49042622366792,
            36.17401654577847,
            1257.6
          ],
          [
            137.49042603910195,
            36.174106666411554,
            1255.7
          ],
          [
            137.4904251214579,
            36.174196783459706,
            1253.3
          ],
          [
            137.4904239670384,
            36.17428689934996,
            1252.2
          ],
          [
            137.4904228126189,
            36.17437701524022,
            1250.9
          ],
          [
            137.4904216581994,
            36.17446713113047,
            1249.6
          ],
          [
            137.4904205037799,
            36.17455724702073,
            1248.8
          ],
          [
            137.490415010443,
            36.17464725398003,
            1247.1
          ],
          [
            137.49040928611694,
            36.174737255140215,
            1246.0
          ],
          [
            137.4904035617909,
            36.174827256300404,
            1244.2
          ],
          [
            137.49039783746488,
            36.17491725746059,
            1242.4
          ],
          [
            137.49039211313885,
            36.17500725862078,
            1241.3
          ],
          [
            137.49037797287272,
            36.175096541969424,
            1239.3
          ],
          [
            137.49036047154536,
            36.17518553864675,
            1237.8
          ],
          [
            137.49034297021797,
            36.175274535324085,
            1235.9
          ],
          [
            137.49033464513968,
            36.17531686950198,
            1235.4
          ]
        ]
      }
    },
    {
      "type": "Feature",
      "properties": {
        "name": "デコルテ",
        "slope_deg": [
          23.629377730656817,
          23.629377730656817,
          23.629377730656817,
          22.293629159693914,
          21.80140948635181,
          21.80140948635181,
          20.30447370996038,
          19.034434354835426,
          18.778033222445426,
          15.774985955414008,
          13.49573328079569,
          14.036243467926479,
          12.816647648997312,
          14.305551846622015,
          14.708303899682749,
          14.17097756293297,
          15.642246457208788,
          14.439965121002654,
          15.2429977429017,
          14.97598451475675,
          14.842227057911282,
          14.708303899682749,
          14.97598451475675,
          14.708303899682749,
          14.439965121002654,
          13.901350769509243,
          13.360218444764483,
          13.224551192213344,
          13.088732789694,
          14.439965121002654,
          12.816647648997312,
          12.133880170633535,
          10.342657140474548,
          8.11004782941916,
          7.688447769903003,
          7.829076510059608,
          7.829076510059608,
          7.969610394321233,
          8.670801453590833,
          8.670801453590833,
          9.648045316098093,
          11.309932474020215,
          11.309932474020215,
          11.309932474020215,
          11.309932474020215,
          11.309932474020215
        ],
        "horizontal_dist_map": 445,
        "slope_dist_map": 461,
        "elevation_diff_map": 113.5,
        "avg_slope_deg_map": 13.8,
        "max_slope_deg_map": 23.6
      },
      "geometry": {
        "type": "LineString",
        "coordinates": [
          [
            137.488769383599,
            36.17145087774578,
            1347.8
          ],
          [
            137.48882021967282,
            36.171531020512845,
            1343.3
          ],
          [
            137.48887105574667,
            36.171611163279906,
            1339.6
          ],
          [
            137.4889218918205,
            36.171691306046974,
            1335.2
          ],
          [
            137.48897272789432,
            36.17177144881404,
            1330.3
          ],
          [
            137.48902356396817,
            36.1718515915811,
            1326.9
          ],
          [
            137.489074400042,
            36.17193173434817,
            1323.6
          ],
          [
            137.48912523611583,
            36.17201187711524,
            1319.2
          ],
          [
            137.48917607218968,
            36.17209201988231,
            1315.5
          ],
          [
            137.4892269082635,
            36.17217216264937,
            1313.1
          ],
          [
            137.48927774433733,
            36.172252305416436,
            1310.0
          ],
          [
            137.48932858041118,
            36.172332448183504,
            1307.9
          ],
          [
            137.48937600874444,
            36.172413823677196,
            1305.9
          ],
          [
            137.48941560774637,
            36.17249803137747,
            1303.1
          ],
          [
            137.4894552067483,
            36.17258223907775,
            1300.9
          ],
          [
            137.48949480575018,
            36.17266644677803,
            1297.7
          ],
          [
            137.4895344047521,
            36.17275065447831,
            1295.4
          ],
          [
            137.48957400375403,
            36.17283486217858,
            1293.0
          ],
          [
            137.48961360275595,
            36.17291906987886,
            1289.7
          ],
          [
            137.48965320175785,
            36.173003277579134,
            1287.4
          ],
          [
            137.48968832764422,
            36.17308874246312,
            1284.5
          ],
          [
            137.48972150259522,
            36.173174755663865,
            1282.3
          ],
          [
            137.4897546775462,
            36.1732607688646,
            1279.1
          ],
          [
            137.4897878524972,
            36.173346782065344,
            1276.9
          ],
          [
            137.48982102744816,
            36.17343279526609,
            1273.8
          ],
          [
            137.4898481733786,
            36.17351999067797,
            1271.8
          ],
          [
            137.4898671431908,
            36.17360878931844,
            1268.8
          ],
          [
            137.489886113003,
            36.17369758795891,
            1267.0
          ],
          [
            137.48990508281517,
            36.17378638659938,
            1264.3
          ],
          [
            137.48992405262737,
            36.17387518523985,
            1262.4
          ],
          [
            137.48994067969812,
            36.17396428738794,
            1259.5
          ],
          [
            137.48995678341547,
            36.17405345733768,
            1256.7
          ],
          [
            137.48997288713278,
            36.174142627287424,
            1255.2
          ],
          [
            137.4899889908501,
            36.17423179723716,
            1253.8
          ],
          [
            137.4900050945674,
            36.17432096718691,
            1252.2
          ],
          [
            137.49002119828472,
            36.174410137136654,
            1251.0
          ],
          [
            137.49003730200204,
            36.17449930708639,
            1249.8
          ],
          [
            137.49005340571938,
            36.17458847703614,
            1248.3
          ],
          [
            137.4900695094367,
            36.174677646985884,
            1246.7
          ],
          [
            137.49008124049814,
            36.17476719101067,
            1245.4
          ],
          [
            137.49008844561268,
            36.17485712222435,
            1243.7
          ],
          [
            137.49009565072723,
            36.17494705343804,
            1242.2
          ],
          [
            137.49010285584177,
            36.17503698465172,
            1239.9
          ],
          [
            137.4901100609563,
            36.175126915865405,
            1237.4
          ],
          [
            137.49011726607088,
            36.17521684707909,
            1235.7
          ],
          [
            137.49012153908802,
            36.175270181084564,
            1234.3
          ]
        ]
      }
    },
    {
      "type": "Feature",
      "properties": {
        "name": "蛇掘",
        "slope_deg": [
          11.309932474020215,
          11.309932474020215,
          11.309932474020215,
          10.896152141141194,
          12.133880170633224,
          11.172136252166961,
          11.996899307923577,
          12.543973346571923,
          13.631094443421603,
          16.43605922463559,
          16.039943306049665,
          19.798876354525046,
          19.798876354525046,
          22.416147479343643,
          24.4655351106628,
          24.346751854704813,
          26.220246235243597,
          24.584094695438157,
          23.267704810056735,
          22.78240573048191,
          20.556045219583467,
          20.052082146098424,
          20.304473709960668,
          17.223436191131285,
          17.484427323220586,
          14.708303899682749,
          14.975984514756448,
          15.774985955414008,
          15.37625124882619,
          14.84222705791098,
          13.360218444764483,
          12.407418527400994,
          10.896152141141194,
          11.034209003250501,
          11.44759626368579,
          11.7225209701022,
          13.088732789694,
          14.305551846621709,
          12.543973346571923,
          13.224551192213344,
          11.44759626368548,
          10.896152141141194,
          11.859779120948104,
          10.342657140474863,
          11.44759626368579,
          11.034209003250188,
          11.44759626368548,
          13.360218444764483,
          12.407418527400683,
          13.495733280795996,
          12.270720357815385,
          11.996899307923577,
          12.133880170633224,
          11.58512622485511,
          12.133880170633535,
          10.619655276155134,
          11.58512622485511,
          11.034209003250188,
          11.85977912094779,
          11.85977912094779,
          11.85977912094779,
          11.85977912094779
        ],
        "horizontal_dist_map": 600,
        "slope_dist_map": 623,
        "elevation_diff_map": 157.6,
        "avg_slope_deg_map": 14.2,
        "max_slope_deg_map": 26.2
      },
      "geometry": {
        "type": "LineString",
        "coordinates": [
          [
            137.49279336024412,
            36.168242852925594,
            1458.8
          ],
          [
            137.49268236474293,
            36.16824754076699,
            1457.0
          ],
          [
            137.49257136924174,
            36.16825222860839,
            1455.5
          ],
          [
            137.49246037374056,
            36.168256916449785,
            1453.1
          ],
          [
            137.49234937823937,
            36.16826160429118,
            1450.8
          ],
          [
            137.49223838273818,
            36.16826629213258,
            1449.3
          ],
          [
            137.4921276212738,
            36.16827291355667,
            1446.9
          ],
          [
            137.49201761967512,
            36.16828581289614,
            1445.2
          ],
          [
            137.49190761807645,
            36.16829871223561,
            1442.3
          ],
          [
            137.49179761647778,
            36.16831161157508,
            1440.4
          ],
          [
            137.4916876148791,
            36.168324510914545,
            1437.2
          ],
          [
            137.4915790067177,
            36.16834353703275,
            1433.4
          ],
          [
            137.49147056675687,
            36.168363302709054,
            1430.8
          ],
          [
            137.49136212679605,
            36.16838306838536,
            1426.0
          ],
          [
            137.49125368683522,
            36.168402834061666,
            1422.8
          ],
          [
            137.4911452468744,
            36.16842259973797,
            1416.9
          ],
          [
            137.49104484438578,
            36.168460008250136,
            1412.6
          ],
          [
            137.49094659744208,
            36.16850214834005,
            1407.9
          ],
          [
            137.49085272539543,
            36.168548322719886,
            1403.1
          ],
          [
            137.4907886117467,
            36.168621938660806,
            1398.6
          ],
          [
            137.490724498098,
            36.168695554601726,
            1395.4
          ],
          [
            137.49066038444926,
            36.168769170542646,
            1391.1
          ],
          [
            137.49059627080052,
            36.168842786483566,
            1388.1
          ],
          [
            137.4905457759079,
            36.16892245351431,
            1384.0
          ],
          [
            137.49050375290884,
            36.169005884779395,
            1380.6
          ],
          [
            137.49046172990978,
            36.16908931604448,
            1378.7
          ],
          [
            137.49041970691073,
            36.16917274730956,
            1375.5
          ],
          [
            137.4903776839117,
            36.16925617857464,
            1373.5
          ],
          [
            137.49033978891597,
            36.16934064613207,
            1369.9
          ],
          [
            137.4903163180318,
            36.169428734712824,
            1367.4
          ],
          [
            137.4902928471476,
            36.169516823293584,
            1364.5
          ],
          [
            137.49026937626343,
            36.16960491187434,
            1362.9
          ],
          [
            137.49024590537925,
            36.16969300045509,
            1360.4
          ],
          [
            137.49022243449508,
            36.16978108903585,
            1358.6
          ],
          [
            137.4901989636109,
            36.169869177616604,
            1356.8
          ],
          [
            137.49017549272673,
            36.16995726619736,
            1355.1
          ],
          [
            137.49015202184256,
            36.17004535477812,
            1352.3
          ],
          [
            137.4901316,
            36.170133707360264,
            1350.3
          ],
          [
            137.4901316,
            36.17022382816843,
            1347.5
          ],
          [
            137.4901316,
            36.170313948976606,
            1344.9
          ],
          [
            137.4901316,
            36.17040406978478,
            1343.4
          ],
          [
            137.4901316,
            36.17049419059295,
            1340.9
          ],
          [
            137.4901316,
            36.17058431140112,
            1339.4
          ],
          [
            137.4901316,
            36.170674432209296,
            1337.2
          ],
          [
            137.4901316,
            36.17076455301746,
            1335.0
          ],
          [
            137.4901316,
            36.17085467382564,
            1333.6
          ],
          [
            137.4901316,
            36.17094479463381,
            1331.3
          ],
          [
            137.4901455038956,
            36.17103412921785,
            1329.4
          ],
          [
            137.49016093236926,
            36.17112337759151,
            1326.9
          ],
          [
            137.49017636084295,
            36.171212625965175,
            1324.1
          ],
          [
            137.4901917893166,
            36.17130187433884,
            1322.5
          ],
          [
            137.49020721779027,
            36.1713911227125,
            1319.8
          ],
          [
            137.49022264626393,
            36.17148037108616,
            1318.2
          ],
          [
            137.49023807473762,
            36.171569619459824,
            1315.6
          ],
          [
            137.49025323523827,
            36.1716588924104,
            1313.9
          ],
          [
            137.49026278437745,
            36.17174868000218,
            1311.6
          ],
          [
            137.49027233351663,
            36.171838467593965,
            1309.6
          ],
          [
            137.4902818826558,
            36.17192825518575,
            1308.1
          ],
          [
            137.490291431795,
            36.17201804277753,
            1305.7
          ],
          [
            137.49030098093417,
            36.17210783036931,
            1303.8
          ],
          [
            137.49031053007332,
            36.172197617961096,
            1301.2
          ],
          [
            137.49031060170137,
            36.17219829145733,
            1301.2
          ]
        ]
      }
    },
    {
      "type": "Feature",
      "properties": {
        "name": "ダウンヒル",
        "slope_deg": [
          4.0041729407093225,
          4.0041729407093225,
          4.0041729407093225,
          4.8584629190340936,
          4.858462919034416,
          8.11004782941916,
          10.619655276155134,
          13.360218444764483,
          15.509334522674754,
          16.43605922463559,
          16.961705886532968,
          18.26288994219419,
          22.660536301999365,
          23.38848242899485,
          24.93842765545712,
          24.346751854704813,
          22.782405730481635,
          24.938427655457385,
          24.938427655457385,
          26.104854009099455,
          23.749494492866653,
          22.416147479343643,
          21.677820852504254,
          23.26770481005701,
          24.584094695438157,
          27.699472808055,
          30.858317233519347,
          29.89890183861456,
          32.005383208083494,
          27.92358971513818,
          23.26770481005701,
          22.170895633834377,
          21.80140948635181,
          21.80140948635181,
          24.584094695437884,
          22.782405730481635,
          20.681521678200784,
          20.43036232928569,
          18.52084947747122,
          18.52084947747122,
          18.52084947747122,
          18.52084947747122
        ],
        "horizontal_dist_map": 408,
        "slope_dist_map": 440,
        "elevation_diff_map": 151.1,
        "avg_slope_deg_map": 18.9,
        "max_slope_deg_map": 32.0
      },
      "geometry": {
        "type": "LineString",
        "coordinates": [
          [
            137.49279462126955,
            36.1684497136209,
            1460.5
          ],
          [
            137.49273833250717,
            36.16852742269815,
            1460.1
          ],
          [
            137.4926820437448,
            36.168605131775394,
            1458.5
          ],
          [
            137.49262575498238,
            36.16868284085264,
            1458.5
          ],
          [
            137.49255892744202,
            36.16875413064123,
            1457.7
          ],
          [
            137.492482555714,
            36.16881960695738,
            1456.7
          ],
          [
            137.49240618398596,
            36.16888508327352,
            1455.1
          ],
          [
            137.49233692714486,
            36.168955144217854,
            1452.8
          ],
          [
            137.49227550741148,
            36.16903025516865,
            1450.2
          ],
          [
            137.4922262018085,
            36.169110994512145,
            1447.2
          ],
          [
            137.49217733789305,
            36.16919193906976,
            1444.0
          ],
          [
            137.4921284739776,
            36.169272883627386,
            1441.0
          ],
          [
            137.49207961006212,
            36.16935382818501,
            1438.0
          ],
          [
            137.49203074614667,
            36.169434772742626,
            1434.0
          ],
          [
            137.4919858856054,
            36.16951705501879,
            1427.3
          ],
          [
            137.4919502262396,
            36.169602411847166,
            1423.7
          ],
          [
            137.49191456687376,
            36.169687768675544,
            1419.4
          ],
          [
            137.49187890750795,
            36.16977312550392,
            1415.9
          ],
          [
            137.49184324814212,
            36.1698584823323,
            1410.5
          ],
          [
            137.4918075887763,
            36.16994383916069,
            1405.1
          ],
          [
            137.49177192941048,
            36.170029195989066,
            1400.8
          ],
          [
            137.49173627004467,
            36.170114552817445,
            1396.3
          ],
          [
            137.4917042859872,
            36.17020078283412,
            1392.9
          ],
          [
            137.49167749196477,
            36.17028824591138,
            1388.6
          ],
          [
            137.49165069794233,
            36.170375708988644,
            1384.9
          ],
          [
            137.4916239039199,
            36.1704631720659,
            1379.1
          ],
          [
            137.49159710989744,
            36.17055063514316,
            1374.6
          ],
          [
            137.4915701568531,
            36.170638064413374,
            1367.6
          ],
          [
            137.49154057180678,
            36.17072493413672,
            1361.0
          ],
          [
            137.49151098676043,
            36.17081180386007,
            1356.1
          ],
          [
            137.4914814017141,
            36.17089867358342,
            1349.6
          ],
          [
            137.49145181666776,
            36.17098554330677,
            1346.4
          ],
          [
            137.49142223162144,
            36.17107241303012,
            1343.8
          ],
          [
            137.4913926465751,
            36.171159282753464,
            1339.8
          ],
          [
            137.49136306152877,
            36.17124615247682,
            1333.6
          ],
          [
            137.49133609417302,
            36.17133357853478,
            1330.4
          ],
          [
            137.49130932179818,
            36.1714210460318,
            1325.5
          ],
          [
            137.49128254942335,
            36.17150851352882,
            1323.0
          ],
          [
            137.49125577704854,
            36.171595981025845,
            1318.5
          ],
          [
            137.4912290046737,
            36.17168344852287,
            1315.5
          ],
          [
            137.49120223229886,
            36.17177091601989,
            1312.1
          ],
          [
            137.4911793302534,
            36.1718457388403,
            1309.4
          ]
        ]
      }
    },
    {
      "type": "Feature",
      "properties": {
        "name": "エアターン",
        "slope_deg": [
          5.710593137499643,
          5.710593137499643,
          5.710593137499643,
          5.284821092508756,
          7.266008446996189,
          8.9505586562316,
          11.309932474020215,
          11.996899307923577,
          11.7225209701022,
          10.481218144131045,
          10.619655276155134,
          11.859779120948104,
          11.309932474020215,
          11.44759626368548,
          10.203973721731748,
          8.530765609948133,
          8.9505586562316,
          8.9505586562316,
          8.9505586562316,
          9.50877195829791,
          9.09027692082245,
          8.250387228905435,
          7.547725773843367,
          6.418786730238786,
          6.277298489597361,
          6.418786730238786,
          5.284821092508756,
          4.8584629190340936,
          3.718993973158237,
          3.2908836860675525,
          3.718993973158237,
          3.576334374997351,
          4.289153328819018,
          4.289153328819018,
          4.289153328819018,
          5.142764557884436,
          5.2848210925090795,
          7.125016348901798,
          8.11004782941916,
          9.22988624372772,
          10.619655276155134,
          10.065169352759717,
          10.89615214114088,
          11.58512622485511,
          10.619655276155134,
          10.619655276155134,
          8.250387228905753,
          8.250387228905435,
          10.203973721731431,
          11.172136252167274,
          14.036243467926479,
          13.49573328079569,
          12.133880170633535,
          11.85977912094779,
          10.757967088389877,
          10.203973721731748,
          10.619655276155134,
          10.896152141141194,
          11.309932474020215,
          11.44759626368548,
          10.203973721731748,
          10.342657140474548,
          11.44759626368548,
          13.631094443421603,
          16.039943306049665,
          16.83056598321078,
          17.223436191131583,
          17.874511367250427,
          18.39196625070533,
          17.874511367250133,
          16.43605922463559,
          15.90755193052566,
          15.642246457208788,
          16.039943306049665,
          18.26288994219419,
          18.64953875405141,
          18.262889942193894,
          19.162339354972016,
          18.39196625070533,
          16.961705886532968,
          16.567741642975037,
          16.830565983210477,
          16.039943306049665,
          17.48442732322088,
          16.69924423399362,
          14.97598451475675,
          14.57421619803886,
          11.44759626368548,
          11.996899307923577,
          10.481218144131045,
          10.203973721731748,
          11.859779120948104,
          11.7225209701022,
          12.407418527400683,
          11.996899307923577,
          11.7225209701022,
          10.203973721731748,
          9.22988624372772,
          8.250387228905435,
          6.418786730238786,
          5.994092949108534,
          4.7162212343382155,
          4.0041729407093225,
          4.7162212343382155,
          5.852378988915493,
          7.688447769903003,
          8.9505586562316,
          9.369385096487358,
          9.09027692082245,
          8.670801453590833,
          8.530765609948133,
          7.406912128495294,
          8.250387228905435,
          8.250387228905435,
          8.250387228905435,
          9.09027692082245,
          6.98393746008542,
          6.98393746008542,
          6.98393746008542,
          6.98393746008542
        ],
        "horizontal_dist_map": 1186,
        "slope_dist_map": 1210,
        "elevation_diff_map": 218.8,
        "avg_slope_deg_map": 10.2,
        "max_slope_deg_map": 19.2
      },
      "geometry": {
        "type": "LineString",
        "coordinates": [
          [
            137.49322199797922,
            36.16800545844143,
            1457.4
          ],
          [
            137.49330550365048,
            36.167945984159054,
            1456.1
          ],
          [
            137.49338900932176,
            36.16788650987668,
            1455.4
          ],
          [
            137.49347251499302,
            36.16782703559431,
            1454.3
          ],
          [
            137.49355602066427,
            36.16776756131193,
            1453.4
          ],
          [
            137.49364600683742,
            36.16771549050031,
            1452.4
          ],
          [
            137.49374280340976,
            36.16767120004156,
            1450.3
          ],
          [
            137.49384048142787,
            36.167629007236116,
            1448.0
          ],
          [
            137.49395049185372,
            36.16761616293567,
            1445.4
          ],
          [
            137.49406050227958,
            36.16760331863524,
            1443.9
          ],
          [
            137.49417051270544,
            36.167590474334794,
            1442.0
          ],
          [
            137.49428034506232,
            36.167582443042924,
            1440.6
          ],
          [
            137.49438920810337,
            36.16760061129202,
            1437.9
          ],
          [
            137.49449807114442,
            36.16761877954113,
            1435.5
          ],
          [
            137.49460159373837,
            36.1676499425843,
            1434.0
          ],
          [
            137.4947021368692,
            36.16768835549034,
            1432.5
          ],
          [
            137.49476345786354,
            36.167758874423235,
            1430.7
          ],
          [
            137.4948117837892,
            36.16784003071711,
            1429.5
          ],
          [
            137.49486010971484,
            36.16792118701099,
            1427.7
          ],
          [
            137.49489655987864,
            36.1680056731316,
            1426.2
          ],
          [
            137.49492038559316,
            36.168093699002256,
            1424.4
          ],
          [
            137.4949442113077,
            36.168181724872916,
            1422.8
          ],
          [
            137.49496785598282,
            36.1682697738265,
            1421.3
          ],
          [
            137.49497849864073,
            36.168359480566515,
            1420.4
          ],
          [
            137.49498914129867,
            36.168449187306535,
            1419.1
          ],
          [
            137.4949997839566,
            36.16853889404655,
            1418.3
          ],
          [
            137.4950104266145,
            36.16862860078657,
            1416.9
          ],
          [
            137.49502096176764,
            36.16871831582766,
            1415.9
          ],
          [
            137.49503139504372,
            36.168808038735285,
            1415.4
          ],
          [
            137.4950418283198,
            36.16889776164291,
            1414.9
          ],
          [
            137.49504894309078,
            36.1689874157861,
            1414.3
          ],
          [
            137.49503287124296,
            36.16907658946755,
            1413.6
          ],
          [
            137.49501679939513,
            36.169165763148996,
            1412.8
          ],
          [
            137.49500072754728,
            36.16925493683045,
            1412.4
          ],
          [
            137.49497042835583,
            36.16933997541253,
            1411.3
          ],
          [
            137.49491297179168,
            36.16941712085323,
            1410.6
          ],
          [
            137.49485551522753,
            36.16949426629394,
            1409.8
          ],
          [
            137.49479805866338,
            36.169571411734644,
            1408.8
          ],
          [
            137.49474060209923,
            36.16964855717535,
            1407.6
          ],
          [
            137.49468699193847,
            36.1697274813603,
            1405.6
          ],
          [
            137.49463435534392,
            36.16980685576459,
            1404.1
          ],
          [
            137.49458171874934,
            36.16988623016888,
            1402.3
          ],
          [
            137.49452908215477,
            36.16996560457317,
            1400.1
          ],
          [
            137.4944616952189,
            36.17003674921171,
            1398.5
          ],
          [
            137.49438906941612,
            36.17010497089095,
            1396.4
          ],
          [
            137.49431644361334,
            36.17017319257018,
            1394.1
          ],
          [
            137.49421828145773,
            36.17021120752327,
            1392.6
          ],
          [
            137.49411360975768,
            36.17024152239379,
            1391.0
          ],
          [
            137.49400893805765,
            36.1702718372643,
            1390.6
          ],
          [
            137.49390336139834,
            36.170300009972344,
            1388.3
          ],
          [
            137.49379774552716,
            36.17032808986045,
            1385.4
          ],
          [
            137.49369212965595,
            36.17035616974855,
            1383.1
          ],
          [
            137.493586985945,
            36.170385359966104,
            1380.6
          ],
          [
            137.49348247182257,
            36.17041603072054,
            1378.7
          ],
          [
            137.49337795770015,
            36.17044670147497,
            1376.8
          ],
          [
            137.49327978773255,
            36.17048838607944,
            1374.7
          ],
          [
            137.49318369764597,
            36.17053368148756,
            1373.0
          ],
          [
            137.4930876075594,
            36.170578976895676,
            1371.5
          ],
          [
            137.49301026069023,
            36.17064186219072,
            1369.3
          ],
          [
            137.492941038222,
            36.170712371966154,
            1367.0
          ],
          [
            137.49287181575377,
            36.170782881741594,
            1365.0
          ],
          [
            137.49280259328552,
            36.17085339151703,
            1363.4
          ],
          [
            137.4927333708173,
            36.17092390129247,
            1362.1
          ],
          [
            137.49266414834904,
            36.1709944110679,
            1359.7
          ],
          [
            137.49259192681913,
            36.17106281317178,
            1356.9
          ],
          [
            137.49251567282627,
            36.17112838135345,
            1353.7
          ],
          [
            137.49243941883338,
            36.171193949535116,
            1350.6
          ],
          [
            137.49236316484053,
            36.171259517716784,
            1347.6
          ],
          [
            137.4922868097277,
            36.1713250084308,
            1344.5
          ],
          [
            137.4922102948541,
            36.171390376752704,
            1340.8
          ],
          [
            137.49213377998052,
            36.17145574507461,
            1337.3
          ],
          [
            137.49205726510695,
            36.17152111339651,
            1334.7
          ],
          [
            137.49198075023338,
            36.171586481718414,
            1332.7
          ],
          [
            137.49190423535978,
            36.17165185004032,
            1329.4
          ],
          [
            137.49182919820944,
            36.1717183119727,
            1326.1
          ],
          [
            137.491755883764,
            36.17178604881776,
            1323.2
          ],
          [
            137.49168256931853,
            36.17185378566282,
            1319.5
          ],
          [
            137.49160925487308,
            36.17192152250789,
            1315.9
          ],
          [
            137.49153630655877,
            36.1719895156128,
            1312.9
          ],
          [
            137.4914643761853,
            36.172058221187456,
            1309.3
          ],
          [
            137.49139244581184,
            36.17212692676212,
            1306.2
          ],
          [
            137.4913254321604,
            36.17219791476384,
            1303.7
          ],
          [
            137.491288768289,
            36.17228299165634,
            1301.0
          ],
          [
            137.4912521044176,
            36.17236806854884,
            1297.2
          ],
          [
            137.49121544054623,
            36.17245314544134,
            1294.7
          ],
          [
            137.49117985149658,
            36.17253839417245,
            1291.1
          ],
          [
            137.4911739379517,
            36.17262838731576,
            1289.0
          ],
          [
            137.49116802440676,
            36.172718380459074,
            1286.5
          ],
          [
            137.49116702712064,
            36.1728081071173,
            1284.3
          ],
          [
            137.49118766309252,
            36.172896661147924,
            1283.0
          ],
          [
            137.4912082990644,
            36.17298521517855,
            1280.5
          ],
          [
            137.49123340341424,
            36.17307234523655,
            1279.1
          ],
          [
            137.49129265947923,
            36.17314859190291,
            1277.1
          ],
          [
            137.49135191554421,
            36.17322483856926,
            1274.6
          ],
          [
            137.49141117160923,
            36.173301085235614,
            1272.2
          ],
          [
            137.4914703977438,
            36.173377347143806,
            1270.3
          ],
          [
            137.4915293213729,
            36.17345376310064,
            1268.6
          ],
          [
            137.491588245002,
            36.17353017905748,
            1266.3
          ],
          [
            137.49164716863106,
            36.17360659501431,
            1265.0
          ],
          [
            137.49170609226016,
            36.17368301097115,
            1263.8
          ],
          [
            137.49176094434907,
            36.17376132715261,
            1262.8
          ],
          [
            137.4918128497481,
            36.1738410185809,
            1261.8
          ],
          [
            137.4918647551471,
            36.17392071000919,
            1260.8
          ],
          [
            137.4919166605461,
            36.17400040143748,
            1260.5
          ],
          [
            137.4919606764079,
            36.17408284453737,
            1260.0
          ],
          [
            137.49199634018174,
            36.17416820063487,
            1258.5
          ],
          [
            137.4920320039556,
            36.17425355673237,
            1256.7
          ],
          [
            137.49206208390902,
            36.1743396359138,
            1255.1
          ],
          [
            137.49206098778703,
            36.174429752280844,
            1253.7
          ],
          [
            137.49205989166506,
            36.17451986864788,
            1251.9
          ],
          [
            137.49205662054976,
            36.174609849770036,
            1250.3
          ],
          [
            137.4920407543375,
            36.1746990477071,
            1249.0
          ],
          [
            137.49202488812523,
            36.174788245644166,
            1247.7
          ],
          [
            137.492009021913,
            36.17487744358123,
            1246.7
          ],
          [
            137.49199315570073,
            36.174966641518296,
            1244.5
          ],
          [
            137.4919736836668,
            36.17505522715282,
            1243.2
          ],
          [
            137.4919440679196,
            36.17514209028913,
            1241.9
          ],
          [
            137.49191353064262,
            36.17522874123402,
            1240.3
          ],
          [
            137.49188241022725,
            36.175315257905496,
            1239.6
          ],
          [
            137.49186140264993,
            36.17537366026431,
            1238.6
          ]
        ]
      }
    },
    {
      "type": "Feature",
      "properties": {
        "name": "白樺",
        "slope_deg": [
          14.708303899682749,
          14.708303899682749,
          14.708303899682749,
          15.90755193052566,
          16.567741642975037,
          16.961705886532968,
          16.039943306049665,
          16.039943306049665,
          16.43605922463559,
          18.64953875405141,
          19.290046219188735,
          19.034434354835135,
          20.556045219583467,
          18.133621430820266,
          18.778033222445426,
          19.417554141579625,
          18.133621430820266,
          17.09266295026772,
          15.907551930525962,
          13.49573328079569,
          11.172136252167274,
          9.22988624372772,
          6.56019640057118,
          4.146688825966138,
          2.719505461272635,
          1.718358001655197,
          1.2889375601870259,
          2.0045340321057092,
          2.0045340321057092,
          2.0045340321057092,
          2.0045340321057092
        ],
        "horizontal_dist_map": 297,
        "slope_dist_map": 307,
        "elevation_diff_map": 67.2,
        "avg_slope_deg_map": 12.3,
        "max_slope_deg_map": 20.6
      },
      "geometry": {
        "type": "LineString",
        "coordinates": [
          [
            137.49454451493727,
            36.165165340087654,
            1520.5
          ],
          [
            137.49448059168196,
            36.1652390633414,
            1518.1
          ],
          [
            137.49441666842665,
            36.16531278659515,
            1516.2
          ],
          [
            137.49435274517134,
            36.1653865098489,
            1513.2
          ],
          [
            137.49428882191603,
            36.16546023310265,
            1510.0
          ],
          [
            137.49422489866072,
            36.1655339563564,
            1506.7
          ],
          [
            137.4941609754054,
            36.16560767961014,
            1504.3
          ],
          [
            137.4940970521501,
            36.16568140286389,
            1501.0
          ],
          [
            137.49403312889478,
            36.16575512611764,
            1498.5
          ],
          [
            137.49397192001823,
            36.16583034459565,
            1495.2
          ],
          [
            137.49391096158837,
            36.165905701033026,
            1492.5
          ],
          [
            137.49385000315849,
            36.1659810574704,
            1487.5
          ],
          [
            137.49378904472863,
            36.166056413907775,
            1484.5
          ],
          [
            137.49372808629877,
            36.166131770345146,
            1481.4
          ],
          [
            137.49366712786892,
            36.166207126782524,
            1477.5
          ],
          [
            137.49360616943903,
            36.1662824832199,
            1474.4
          ],
          [
            137.49354410154788,
            36.16635723774825,
            1470.9
          ],
          [
            137.49348143348766,
            36.166431666670654,
            1467.3
          ],
          [
            137.49341876542744,
            36.16650609559306,
            1464.4
          ],
          [
            137.4933560973672,
            36.16658052451546,
            1462.1
          ],
          [
            137.49329342930696,
            36.16665495343786,
            1459.5
          ],
          [
            137.49323076124674,
            36.166729382360266,
            1457.7
          ],
          [
            137.4931680931865,
            36.166803811282676,
            1456.5
          ],
          [
            137.4931054251263,
            36.16687824020508,
            1455.6
          ],
          [
            137.49304593875056,
            36.166954366073,
            1454.9
          ],
          [
            137.4929864793991,
            36.167030506354266,
            1454.8
          ],
          [
            137.49292702004763,
            36.167106646635524,
            1454.6
          ],
          [
            137.49286756069617,
            36.16718278691678,
            1454.4
          ],
          [
            137.4928081013447,
            36.16725892719805,
            1454.0
          ],
          [
            137.49274864199324,
            36.16733506747931,
            1453.4
          ],
          [
            137.49270346569034,
            36.167392917696716,
            1453.3
          ]
        ]
      }
    },
    {
      "type": "Feature",
      "properties": {
        "name": "パウダー",
        "slope_deg": [
          13.766300685466197,
          13.766300685466197,
          13.766300685466197,
          15.509334522674754,
          19.6719699892005,
          19.417554141579338,
          20.30447370996038,
          18.906332035086663,
          18.00416160591338,
          18.39196625070533,
          19.6719699892005,
          22.293629159694188,
          21.67782085250454,
          25.056088833535423,
          24.346751854705083,
          24.584094695437884,
          26.220246235243597,
          23.629377730656817,
          25.173524524530112,
          23.025492008528037,
          22.660536301999365,
          23.025492008528037,
          18.906332035086663,
          17.874511367250133,
          12.952764513375273,
          9.369385096487674,
          9.369385096487674,
          9.369385096487674,
          9.369385096487674
        ],
        "horizontal_dist_map": 274,
        "slope_dist_map": 292,
        "elevation_diff_map": 94.7,
        "avg_slope_deg_map": 18.0,
        "max_slope_deg_map": 26.2
      },
      "geometry": {
        "type": "LineString",
        "coordinates": [
          [
            137.4950279254004,
            36.165061475770834,
            1527.8
          ],
          [
            137.49501359983938,
            36.165150844898626,
            1525.3
          ],
          [
            137.49499927427837,
            36.16524021402642,
            1523.7
          ],
          [
            137.49498494871736,
            36.16532958315422,
            1520.8
          ],
          [
            137.49497062315635,
            36.16541895228201,
            1518.0
          ],
          [
            137.49495629759534,
            36.1655083214098,
            1514.2
          ],
          [
            137.49494197203433,
            36.165597690537595,
            1509.4
          ],
          [
            137.49492764647331,
            36.16568705966539,
            1506.7
          ],
          [
            137.4949157613742,
            36.16577665984672,
            1503.2
          ],
          [
            137.49490431025276,
            36.16586630111539,
            1500.5
          ],
          [
            137.49489285913137,
            36.16595594238406,
            1496.4
          ],
          [
            137.49488140800995,
            36.16604558365273,
            1493.4
          ],
          [
            137.49486995688852,
            36.1661352249214,
            1488.9
          ],
          [
            137.49485850576713,
            36.16622486619007,
            1484.1
          ],
          [
            137.4948470546457,
            36.166314507458736,
            1480.5
          ],
          [
            137.49483560352428,
            36.16640414872741,
            1474.7
          ],
          [
            137.49482415240288,
            36.166493789996075,
            1470.8
          ],
          [
            137.49481436010475,
            36.16658352693235,
            1465.8
          ],
          [
            137.49481004872382,
            36.1666735799639,
            1460.8
          ],
          [
            137.49480573734286,
            36.16676363299545,
            1457.2
          ],
          [
            137.4948014259619,
            36.166853686027,
            1452.0
          ],
          [
            137.49479711458093,
            36.166943739058546,
            1448.8
          ],
          [
            137.4947928032,
            36.1670337920901,
            1444.1
          ],
          [
            137.49478849181904,
            36.16712384512165,
            1440.2
          ],
          [
            137.49478418043807,
            36.1672138981532,
            1438.3
          ],
          [
            137.4947798690571,
            36.16730395118475,
            1435.9
          ],
          [
            137.49477555767618,
            36.1673940042163,
            1434.9
          ],
          [
            137.49477124629522,
            36.16748405724785,
            1433.6
          ],
          [
            137.4947692761863,
            36.16752520746906,
            1433.1
          ]
        ]
      }
    },
    {
      "type": "Feature",
      "properties": {
        "name": "スラローム",
        "slope_deg": [
          1.2889375601870259,
          1.2889375601870259,
          1.2889375601870259,
          4.431564716436037,
          6.13573334018705,
          10.342657140474863,
          11.7225209701022,
          15.509334522674754,
          21.056705590704606,
          22.782405730481635,
          29.139666699697365,
          29.574910497101147,
          32.108271141509704,
          32.41554732985854,
          31.695330156087273,
          34.21570213243745,
          31.278680693976355,
          34.5085229876684,
          31.591515701040834,
          29.139666699697365,
          27.021581591176883,
          21.05670559070489,
          19.162339354971724,
          13.766300685466197,
          12.68038349181982,
          11.44759626368548,
          11.309932474020215,
          11.859779120948104,
          13.901350769509243,
          17.35402463626132,
          18.52084947747122,
          23.749494492866653,
          25.641005824305335,
          29.466448275120243,
          31.173938199371303,
          32.517510615045516,
          32.2109277236738,
          30.96375653207352,
          31.487469364213986,
          25.98923358383301,
          25.290734392148046,
          21.43000730175244,
          19.54486232662854,
          21.67782085250454,
          19.034434354835135,
          18.64953875405141,
          15.109575122340708,
          11.172136252166961,
          11.172136252166961,
          11.172136252166961,
          11.172136252166961
        ],
        "horizontal_dist_map": 496,
        "slope_dist_map": 541,
        "elevation_diff_map": 191.3,
        "avg_slope_deg_map": 19.4,
        "max_slope_deg_map": 34.5
      },
      "geometry": {
        "type": "LineString",
        "coordinates": [
          [
            137.49269925162093,
            36.16886456986313,
            1457.9
          ],
          [
            137.49279841697827,
            36.16890520475623,
            1457.9
          ],
          [
            137.4929029756634,
            36.16893577105333,
            1457.9
          ],
          [
            137.49300089307144,
            36.16897786559544,
            1458.4
          ],
          [
            137.49307212324229,
            36.169044742599986,
            1457.0
          ],
          [
            137.4930855257077,
            36.169134205840045,
            1454.8
          ],
          [
            137.4930989281731,
            36.169223669080104,
            1453.6
          ],
          [
            137.4931123306385,
            36.16931313232016,
            1451.1
          ],
          [
            137.49310754656616,
            36.16940267509829,
            1448.7
          ],
          [
            137.49309533512323,
            36.16949225035972,
            1443.7
          ],
          [
            137.49308202230335,
            36.16958170309671,
            1438.2
          ],
          [
            137.49306402751913,
            36.169670634981145,
            1434.3
          ],
          [
            137.4930460327349,
            36.16975956686557,
            1426.4
          ],
          [
            137.49302803795067,
            36.16984849875,
            1421.0
          ],
          [
            137.49301004316644,
            36.16993743063443,
            1413.1
          ],
          [
            137.49299204838218,
            36.170026362518854,
            1408.9
          ],
          [
            137.49297519080645,
            36.17011543526931,
            1401.7
          ],
          [
            137.4929596168513,
            36.17020466702186,
            1393.8
          ],
          [
            137.49294404289617,
            36.17029389877442,
            1388.8
          ],
          [
            137.49292846894105,
            36.17038313052698,
            1381.4
          ],
          [
            137.4929106996885,
            36.170472090082534,
            1377.1
          ],
          [
            137.49289267174476,
            36.17056101756272,
            1371.5
          ],
          [
            137.49287464380097,
            36.170649945042896,
            1368.4
          ],
          [
            137.49285883162804,
            36.17073914892202,
            1366.0
          ],
          [
            137.49284305914983,
            36.170828357752725,
            1363.2
          ],
          [
            137.49282728667163,
            36.170917566583434,
            1361.7
          ],
          [
            137.4928115141934,
            36.17100677541414,
            1359.4
          ],
          [
            137.4927950306018,
            36.171095898732226,
            1357.9
          ],
          [
            137.4927781896337,
            36.17118497907517,
            1355.2
          ],
          [
            137.49276134866562,
            36.17127405941812,
            1353.3
          ],
          [
            137.49274450769752,
            36.17136313976106,
            1349.5
          ],
          [
            137.4927242827977,
            36.171451741594126,
            1345.4
          ],
          [
            137.49270293783235,
            36.17154018504266,
            1341.8
          ],
          [
            137.49268159286697,
            36.17162862849119,
            1335.7
          ],
          [
            137.49266024790163,
            36.171717071939725,
            1330.3
          ],
          [
            137.49263890293628,
            36.171805515388264,
            1322.8
          ],
          [
            137.49262385726672,
            36.17189477468015,
            1317.6
          ],
          [
            137.4926101586509,
            36.17198420843357,
            1310.2
          ],
          [
            137.49259646003512,
            36.172073642186994,
            1305.1
          ],
          [
            137.4925827614193,
            36.17216307594042,
            1298.8
          ],
          [
            137.4925690628035,
            36.17225250969384,
            1293.1
          ],
          [
            137.49255536418772,
            36.17234194344727,
            1290.7
          ],
          [
            137.4925416655719,
            36.172431377200695,
            1286.2
          ],
          [
            137.49252796695612,
            36.17252081095412,
            1283.1
          ],
          [
            137.4925142683403,
            36.17261024470754,
            1278.9
          ],
          [
            137.4925005697245,
            36.172699678460965,
            1274.8
          ],
          [
            137.49248687110872,
            36.172789112214396,
            1272.4
          ],
          [
            137.4924731724929,
            36.17287854596782,
            1269.6
          ],
          [
            137.49245947387712,
            36.17296797972124,
            1268.1
          ],
          [
            137.4924457752613,
            36.173057413474666,
            1266.9
          ],
          [
            137.49243686709676,
            36.17311557194876,
            1266.6
          ]
        ]
      }
    },
    {
      "type": "Feature",
      "properties": {
        "name": "アルペン",
        "slope_deg": [
          2.5765718302687652,
          2.5765718302687652,
          2.5765718302687652,
          2.433606100720186,
          2.862405226111748,
          3.148096099562824,
          3.7189939731579127,
          4.431564716435714,
          5.4268124985727555,
          6.56019640057118,
          7.829076510059608,
          8.670801453590833,
          9.369385096487674,
          9.50877195829791,
          10.065169352760034,
          11.722520970102511,
          11.996899307923577,
          14.170977562933274,
          16.039943306049665,
          19.034434354835135,
          20.17838007450879,
          21.80140948635181,
          21.305783617828656,
          20.17838007450879,
          19.6719699892005,
          19.417554141579338,
          20.556045219583467,
          18.906332035086372,
          20.681521678200784,
          18.906332035086663,
          19.544862326628827,
          19.798876354525046,
          20.30447370996038,
          22.416147479343643,
          20.556045219583467,
          21.924785220541064,
          19.417554141579625,
          17.744671625056874,
          17.874511367250427,
          14.708303899682749,
          15.642246457208788,
          14.439965121002654,
          15.37625124882619,
          16.172159015782732,
          16.039943306049665,
          18.778033222445714,
          17.874511367250133,
          19.6719699892005,
          18.39196625070533,
          16.039943306049665,
          14.97598451475675,
          12.816647648997312,
          13.901350769508936,
          12.68038349181982,
          12.270720357815385,
          11.034209003250501,
          8.670801453591151,
          8.390627013252388,
          7.406912128495294,
          8.390627013252388,
          8.670801453590833,
          9.369385096487674,
          9.648045316098093,
          9.648045316098093,
          9.22988624372772,
          8.530765609948133,
          9.369385096487358,
          8.11004782941916,
          8.670801453591151,
          7.829076510059608,
          7.406912128495294,
          7.406912128495294,
          7.547725773843047,
          7.547725773843047,
          7.547725773843047,
          7.547725773843047
        ],
        "horizontal_dist_map": 746,
        "slope_dist_map": 771,
        "elevation_diff_map": 171.9,
        "avg_slope_deg_map": 12.6,
        "max_slope_deg_map": 22.4
      },
      "geometry": {
        "type": "LineString",
        "coordinates": [
          [
            137.49540033952567,
            36.16890522967385,
            1413.8
          ],
          [
            137.4953460708045,
            36.168983877947916,
            1413.3
          ],
          [
            137.49529180208327,
            36.16906252622198,
            1412.7
          ],
          [
            137.4952375333621,
            36.16914117449605,
            1412.2
          ],
          [
            137.4951832646409,
            36.16921982277011,
            1412.0
          ],
          [
            137.49512656083132,
            36.169297329342605,
            1411.6
          ],
          [
            137.49506955732375,
            36.16937469540041,
            1410.7
          ],
          [
            137.49501255381617,
            36.16945206145821,
            1410.0
          ],
          [
            137.4949555503086,
            36.16952942751601,
            1409.4
          ],
          [
            137.494900295434,
            36.1696075878411,
            1408.5
          ],
          [
            137.4948487003821,
            36.16968741053754,
            1406.9
          ],
          [
            137.4947971053302,
            36.16976723323398,
            1405.4
          ],
          [
            137.4947455102783,
            36.169847055930425,
            1403.9
          ],
          [
            137.49469342457252,
            36.16992666846825,
            1402.4
          ],
          [
            137.49464116459916,
            36.170006206363155,
            1400.3
          ],
          [
            137.49458890462577,
            36.17008574425807,
            1398.7
          ],
          [
            137.49453657689887,
            36.170165250836526,
            1396.8
          ],
          [
            137.49447878840633,
            36.17024223338822,
            1394.1
          ],
          [
            137.49442099991376,
            36.17031921593992,
            1391.8
          ],
          [
            137.4943632114212,
            36.17039619849161,
            1388.6
          ],
          [
            137.4943147084967,
            36.170477181850885,
            1385.3
          ],
          [
            137.49426836043372,
            36.170559093660245,
            1380.3
          ],
          [
            137.49423037555812,
            36.17064332526745,
            1377.1
          ],
          [
            137.4942051316908,
            36.17073109100134,
            1372.6
          ],
          [
            137.4941798878235,
            36.17081885673524,
            1369.7
          ],
          [
            137.4941740302284,
            36.1709081180187,
            1365.6
          ],
          [
            137.49417840786003,
            36.1709981688964,
            1362.8
          ],
          [
            137.4941827854917,
            36.17108821977411,
            1358.5
          ],
          [
            137.4941934633752,
            36.171177829719895,
            1354.7
          ],
          [
            137.49420818213974,
            36.17126715685899,
            1351.9
          ],
          [
            137.4942229009043,
            36.171356483998075,
            1347.7
          ],
          [
            137.49423761966884,
            36.17144581113717,
            1344.8
          ],
          [
            137.49425224452693,
            36.17153514774278,
            1340.5
          ],
          [
            137.49426495238578,
            36.17162467759734,
            1337.5
          ],
          [
            137.49427766024462,
            36.1717142074519,
            1332.9
          ],
          [
            137.49429036810346,
            36.171803737306455,
            1328.3
          ],
          [
            137.4943030759623,
            36.17189326716101,
            1325.5
          ],
          [
            137.49430662906175,
            36.17198302838511,
            1321.4
          ],
          [
            137.4943008231234,
            36.17207302614149,
            1318.8
          ],
          [
            137.49429501718507,
            36.17216302389787,
            1315.5
          ],
          [
            137.49427271282596,
            36.17225107907404,
            1312.6
          ],
          [
            137.49424670592936,
            36.17233869830083,
            1310.9
          ],
          [
            137.49421470677026,
            36.17242499868283,
            1307.6
          ],
          [
            137.49418249993357,
            36.17251125335681,
            1305.2
          ],
          [
            137.4941502930969,
            36.17259750803079,
            1301.6
          ],
          [
            137.49411525882925,
            36.17268296530105,
            1299.3
          ],
          [
            137.494074491239,
            36.17276680563608,
            1296.1
          ],
          [
            137.49403372364876,
            36.1728506459711,
            1291.6
          ],
          [
            137.49399295605852,
            36.17293448630613,
            1288.7
          ],
          [
            137.493952552656,
            36.17301844198111,
            1285.0
          ],
          [
            137.49391245387145,
            36.17310249412998,
            1282.8
          ],
          [
            137.4938723550869,
            36.173186546278856,
            1280.1
          ],
          [
            137.49383225630234,
            36.173270598427735,
            1278.0
          ],
          [
            137.4937921575178,
            36.17335465057661,
            1275.9
          ],
          [
            137.49374892118038,
            36.17343767017241,
            1272.9
          ],
          [
            137.49370541843248,
            36.17352060209383,
            1271.1
          ],
          [
            137.49366191568458,
            36.17360353401525,
            1269.3
          ],
          [
            137.49361841293668,
            36.17368646593667,
            1268.1
          ],
          [
            137.49357863769677,
            36.173770525700874,
            1266.8
          ],
          [
            137.49354449356724,
            36.17385628928629,
            1265.2
          ],
          [
            137.4935103494377,
            36.17394205287171,
            1264.1
          ],
          [
            137.49347620530818,
            36.17402781645713,
            1262.2
          ],
          [
            137.49344396312785,
            36.17411402053509,
            1260.7
          ],
          [
            137.49341708249239,
            36.17420146634999,
            1258.6
          ],
          [
            137.4933902018569,
            36.1742889121649,
            1257.3
          ],
          [
            137.49336332122144,
            36.174376357979796,
            1255.4
          ],
          [
            137.49333644058598,
            36.174463803794694,
            1254.2
          ],
          [
            137.49331455477417,
            36.17455214910739,
            1252.6
          ],
          [
            137.49329324793055,
            36.174640598684135,
            1250.7
          ],
          [
            137.4932719410869,
            36.174729048260886,
            1249.7
          ],
          [
            137.49325063424325,
            36.17481749783764,
            1248.1
          ],
          [
            137.49322796594655,
            36.1749057229896,
            1247.1
          ],
          [
            137.49320497899745,
            36.17499389561424,
            1245.5
          ],
          [
            137.4931819920484,
            36.17508206823889,
            1244.5
          ],
          [
            137.4931590050993,
            36.17517024086354,
            1242.8
          ],
          [
            137.49314317833554,
            36.17523094867199,
            1241.9
          ]
        ]
      }
    },
    {
      "type": "Feature",
      "properties": {
        "name": "かもしか",
        "slope_deg": [
          15.242997742901395,
          15.242997742901395,
          15.242997742901395,
          16.43605922463559,
          19.417554141579625,
          18.778033222445714,
          21.67782085250454,
          20.304473709960668,
          19.798876354524758,
          19.417554141579338,
          18.778033222445426,
          18.64953875405141,
          18.64953875405141,
          18.39196625070533,
          17.874511367250427,
          16.830565983210477,
          15.109575122340402,
          14.57421619803886,
          11.034209003250188,
          10.896152141141194,
          8.950558656231918,
          8.670801453590833,
          8.810732985984973,
          9.090276920822133,
          10.065169352759717,
          9.50877195829791,
          10.757967088389877,
          9.64804531609841,
          10.342657140474548,
          11.034209003250188,
          11.859779120948104,
          13.088732789694,
          14.170977562933274,
          15.642246457208788,
          14.708303899682749,
          16.304198003832376,
          15.109575122340402,
          16.17215901578243,
          16.69924423399362,
          17.35402463626132,
          17.092662950267425,
          16.43605922463589,
          15.642246457208788,
          13.766300685466197,
          13.224551192213651,
          11.309932474020215,
          11.309932474020215,
          11.309932474020215,
          11.309932474020215
        ],
        "horizontal_dist_map": 479,
        "slope_dist_map": 497,
        "elevation_diff_map": 124.2,
        "avg_slope_deg_map": 14.0,
        "max_slope_deg_map": 21.7
      },
      "geometry": {
        "type": "LineString",
        "coordinates": [
          [
            137.49580427882307,
            36.16464359282859,
            1538.3
          ],
          [
            137.49581436403017,
            36.164733341920666,
            1535.2
          ],
          [
            137.49582444923726,
            36.16482309101274,
            1533.2
          ],
          [
            137.49583453444438,
            36.16491284010481,
            1529.7
          ],
          [
            137.49584826201053,
            36.16500226709189,
            1527.4
          ],
          [
            137.49586227217733,
            36.16509166908773,
            1523.4
          ],
          [
            137.49587628234414,
            36.165181071083566,
            1519.1
          ],
          [
            137.49589029251098,
            36.1652704730794,
            1516.1
          ],
          [
            137.495912924777,
            36.165358550175625,
            1511.5
          ],
          [
            137.49594022550693,
            36.16544590990062,
            1508.6
          ],
          [
            137.49596752623683,
            36.16553326962561,
            1504.7
          ],
          [
            137.49599482696675,
            36.16562062935061,
            1502.0
          ],
          [
            137.49602188659216,
            36.165708036380174,
            1497.9
          ],
          [
            137.49604685737896,
            36.16579585323874,
            1495.1
          ],
          [
            137.49607182816573,
            36.165883670097315,
            1491.2
          ],
          [
            137.4960967989525,
            36.16597148695588,
            1488.7
          ],
          [
            137.49611747025284,
            36.16605999320481,
            1485.0
          ],
          [
            137.4961355986884,
            36.16614890718301,
            1483.0
          ],
          [
            137.49614685626946,
            36.166238275536486,
            1480.4
          ],
          [
            137.49614673541217,
            36.166328396355496,
            1478.3
          ],
          [
            137.49613616641201,
            36.16641773940821,
            1477.2
          ],
          [
            137.49611604868406,
            36.16650637164764,
            1475.3
          ],
          [
            137.4960959309561,
            36.166595003887075,
            1474.1
          ],
          [
            137.49607581322815,
            36.16668363612651,
            1472.2
          ],
          [
            137.4960559846251,
            36.16677231109859,
            1471.0
          ],
          [
            137.4960362473346,
            36.166860999566666,
            1468.9
          ],
          [
            137.49601651004411,
            36.16694968803474,
            1467.0
          ],
          [
            137.4959967727536,
            36.167038376502816,
            1465.5
          ],
          [
            137.4959770354631,
            36.16712706497089,
            1463.4
          ],
          [
            137.49595648237332,
            36.16721562708092,
            1462.1
          ],
          [
            137.49593451126464,
            36.16730396955593,
            1459.7
          ],
          [
            137.49591254015596,
            36.16739231203094,
            1457.7
          ],
          [
            137.49589056904728,
            36.167480654505944,
            1455.0
          ],
          [
            137.49586859793862,
            36.167568996980954,
            1452.8
          ],
          [
            137.49584662682994,
            36.167657339455964,
            1449.6
          ],
          [
            137.49582465572126,
            36.167745681930974,
            1446.5
          ],
          [
            137.49580268461258,
            36.16783402440598,
            1444.5
          ],
          [
            137.4957807135039,
            36.16792236688099,
            1441.1
          ],
          [
            137.49575874239522,
            36.168010709356,
            1438.8
          ],
          [
            137.49573677128657,
            36.16809905183101,
            1434.9
          ],
          [
            137.4957148001779,
            36.16818739430602,
            1432.5
          ],
          [
            137.4956928290692,
            36.16827573678102,
            1428.6
          ],
          [
            137.49567085796053,
            36.16836407925603,
            1426.5
          ],
          [
            137.49564520050853,
            36.168451749529275,
            1423.1
          ],
          [
            137.49561840895836,
            36.16853921300062,
            1421.3
          ],
          [
            137.49558149330883,
            36.1686240672239,
            1418.8
          ],
          [
            137.49554108664532,
            36.16870802172059,
            1417.1
          ],
          [
            137.4954873974192,
            36.16878677536625,
            1415.1
          ],
          [
            137.49543147068542,
            36.16886458080494,
            1414.1
          ]
        ]
      }
    },
    {
      "type": "Feature",
      "properties": {
        "name": "チャレンジ",
        "slope_deg": [
          20.052082146098712,
          20.052082146098712,
          20.052082146098712,
          23.869390064731867,
          22.904057803637016,
          23.98906400955261,
          27.248467426644652,
          29.574910497101147,
          29.030274682487207,
          32.619243071192734,
          34.79930050990726,
          33.52447324857696,
          36.686110691545416,
          37.50623872628268,
          36.68611069154563,
          36.22277638327579,
          35.27940675106057,
          32.517510615045516,
          32.31335307714656,
          31.487469364213986,
          30.11373315098249,
          30.96375653207352,
          29.357753542791276,
          28.590384060790807,
          28.035301206706748,
          27.021581591176883,
          26.104854009099192,
          23.749494492866653,
          22.904057803637016,
          21.55401992047907,
          19.6719699892005,
          20.30447370996038,
          20.30447370996038,
          20.30447370996038,
          20.30447370996038
        ],
        "horizontal_dist_map": 335,
        "slope_dist_map": 383,
        "elevation_diff_map": 178.7,
        "avg_slope_deg_map": 25.0,
        "max_slope_deg_map": 37.5
      },
      "geometry": {
        "type": "LineString",
        "coordinates": [
          [
            137.48723098588655,
            36.16859880522996,
            1519.4
          ],
          [
            137.48728239418563,
            36.1686787068258,
            1517.1
          ],
          [
            137.4873340610528,
            36.16875849669605,
            1510.9
          ],
          [
            137.4873871961403,
            36.16883765215786,
            1507.9
          ],
          [
            137.48744309862843,
            36.16891543988641,
            1504.8
          ],
          [
            137.48750552414555,
            36.16899000373634,
            1499.4
          ],
          [
            137.48756794966263,
            36.16906456758627,
            1494.0
          ],
          [
            137.48763037517975,
            36.16913913143619,
            1490.1
          ],
          [
            137.48769531927087,
            36.169212129076975,
            1484.2
          ],
          [
            137.4877679536303,
            36.16928034442095,
            1476.7
          ],
          [
            137.48784058798975,
            36.16934855976492,
            1471.8
          ],
          [
            137.4879132223492,
            36.16941677510889,
            1464.5
          ],
          [
            137.48798585670863,
            36.169484990452865,
            1456.4
          ],
          [
            137.48805849106807,
            36.16955320579684,
            1450.2
          ],
          [
            137.48813112542751,
            36.16962142114082,
            1442.0
          ],
          [
            137.48820375978696,
            36.16968963648479,
            1433.8
          ],
          [
            137.4882763941464,
            36.16975785182876,
            1426.6
          ],
          [
            137.48834902850584,
            36.169826067172735,
            1420.9
          ],
          [
            137.48842226408988,
            36.16989383145501,
            1413.7
          ],
          [
            137.48850052181203,
            36.169957827937054,
            1408.3
          ],
          [
            137.48857877953418,
            36.1700218244191,
            1401.3
          ],
          [
            137.48865703725633,
            36.17008582090114,
            1396.4
          ],
          [
            137.48873529497848,
            36.170149817383184,
            1390.5
          ],
          [
            137.48881355270063,
            36.17021381386523,
            1384.3
          ],
          [
            137.48889181042279,
            36.17027781034727,
            1378.8
          ],
          [
            137.48897006814494,
            36.17034180682932,
            1374.6
          ],
          [
            137.48905231287978,
            36.17040237633257,
            1369.2
          ],
          [
            137.4891356749972,
            36.170461985405886,
            1363.9
          ],
          [
            137.4892190371146,
            36.1705215944792,
            1359.2
          ],
          [
            137.489302399232,
            36.170581203552516,
            1357.0
          ],
          [
            137.4893857613494,
            36.17064081262583,
            1352.3
          ],
          [
            137.4894772053909,
            36.17069185807218,
            1348.1
          ],
          [
            137.48956996031666,
            36.170741514502296,
            1344.9
          ],
          [
            137.48966271524242,
            36.17079117093241,
            1342.2
          ],
          [
            137.4897175,
            36.1708205,
            1340.7
          ]
        ]
      }
    },
    {
      "type": "Feature",
      "properties": {
        "name": "初心者ゲレンデ",
        "slope_deg": [
          6.560196400571501,
          6.560196400571501,
          6.560196400571501,
          9.09027692082245,
          9.926245506651705,
          10.203973721731748,
          9.926245506651705,
          8.810732985984655,
          8.670801453590833,
          7.406912128495294,
          7.547725773843047,
          6.277298489597683,
          7.125016348901798,
          7.406912128495294,
          7.829076510059608,
          8.530765609948133,
          8.530765609948133,
          8.530765609948133,
          8.530765609948133,
          8.530765609948133
        ],
        "horizontal_dist_map": 180,
        "slope_dist_map": 182,
        "elevation_diff_map": 25.5,
        "avg_slope_deg_map": 7.9,
        "max_slope_deg_map": 10.2
      },
      "geometry": {
        "type": "LineString",
        "coordinates": [
          [
            137.49267591411498,
            36.173693842303756,
            1266.2
          ],
          [
            137.4926514751192,
            36.17378175780911,
            1265.5
          ],
          [
            137.49262703612342,
            36.17386967331447,
            1264.8
          ],
          [
            137.49260259712767,
            36.173957588819825,
            1263.2
          ],
          [
            137.4925781581319,
            36.17404550432518,
            1261.6
          ],
          [
            137.49255187941122,
            36.17413305718917,
            1259.1
          ],
          [
            137.4925238062033,
            36.174220256328915,
            1257.8
          ],
          [
            137.4924957329954,
            36.17430745546866,
            1256.0
          ],
          [
            137.49246765978748,
            36.1743946546084,
            1254.6
          ],
          [
            137.4924443854542,
            36.1744827406137,
            1252.9
          ],
          [
            137.4924230775233,
            36.17457119002388,
            1251.7
          ],
          [
            137.49240176959242,
            36.17465963943407,
            1250.8
          ],
          [
            137.49238046166153,
            36.174748088844254,
            1249.3
          ],
          [
            137.4923591537306,
            36.17483653825444,
            1248.5
          ],
          [
            137.4923378457997,
            36.174924987664625,
            1246.7
          ],
          [
            137.49231653786882,
            36.17501343707481,
            1245.6
          ],
          [
            137.49229522993792,
            36.175101886484995,
            1243.8
          ],
          [
            137.49227392200703,
            36.17519033589518,
            1242.5
          ],
          [
            137.49225261407614,
            36.175278785305366,
            1240.7
          ],
          [
            137.49225073958104,
            36.17528656635116,
            1240.7
          ]
        ]
      }
    },
    {
      "type": "Feature",
      "properties": {
        "name": "無名_迂回路",
        "slope_deg": [
          9.648045316098093,
          9.648045316098093,
          9.648045316098093,
          8.530765609948133,
          7.125016348901798,
          7.829076510059608,
          7.406912128495294,
          5.568737077976766,
          8.950558656231918,
          9.50877195829791,
          10.203973721731431,
          12.133880170633224,
          10.48121814413073,
          8.530765609948133,
          8.670801453591151,
          7.829076510059608,
          7.688447769903003,
          8.390627013252708,
          9.787203664655925,
          8.390627013252708,
          7.688447769902681,
          7.969610394321233,
          8.250387228905753,
          9.369385096487358,
          9.22988624372772,
          7.547725773843047,
          1.8614576304666637,
          1.8614576304666637,
          1.8614576304666637,
          1.8614576304666637
        ],
        "horizontal_dist_map": 283,
        "slope_dist_map": 286,
        "elevation_diff_map": 39.0,
        "avg_slope_deg_map": 7.7,
        "max_slope_deg_map": 12.1
      },
      "geometry": {
        "type": "LineString",
        "coordinates": [
          [
            137.4930907134535,
            36.170535869972895,
            1372.1
          ],
          [
            137.49299919790582,
            36.17058701567818,
            1369.9
          ],
          [
            137.49290768235815,
            36.170638161383465,
            1368.4
          ],
          [
            137.49281819837532,
            36.17069111946824,
            1366.7
          ],
          [
            137.49274668743772,
            36.17076011148793,
            1365.3
          ],
          [
            137.49267517650011,
            36.17082910350762,
            1363.9
          ],
          [
            137.49259920089625,
            36.17089373934899,
            1363.4
          ],
          [
            137.49250245794286,
            36.1709381124715,
            1361.2
          ],
          [
            137.4924057149895,
            36.170982485594,
            1360.1
          ],
          [
            137.49229715610207,
            36.17099696815629,
            1360.0
          ],
          [
            137.49218662453137,
            36.17100646045646,
            1357.1
          ],
          [
            137.4920758594183,
            36.17100503521472,
            1354.5
          ],
          [
            137.4919649883427,
            36.170998656480975,
            1352.9
          ],
          [
            137.4918541172671,
            36.170992277747224,
            1351.4
          ],
          [
            137.49174322619172,
            36.170986708714864,
            1349.7
          ],
          [
            137.49163212903323,
            36.170989483062165,
            1348.5
          ],
          [
            137.49152103187473,
            36.170992257409466,
            1346.8
          ],
          [
            137.49140993471624,
            36.17099503175677,
            1345.9
          ],
          [
            137.49129883755774,
            36.17099780610407,
            1344.3
          ],
          [
            137.49118774039925,
            36.17100058045137,
            1342.6
          ],
          [
            137.49107664324075,
            36.171003354798664,
            1339.9
          ],
          [
            137.49096578682807,
            36.17099769131796,
            1340.0
          ],
          [
            137.49085496674294,
            36.170990754602364,
            1338.9
          ],
          [
            137.49074414665785,
            36.17098381788677,
            1337.0
          ],
          [
            137.49063332657272,
            36.17097688117118,
            1334.1
          ],
          [
            137.4905321291828,
            36.17094038445605,
            1333.4
          ],
          [
            137.49043152192112,
            36.17090207492337,
            1332.4
          ],
          [
            137.49032841883215,
            36.17087086072194,
            1331.7
          ],
          [
            137.49021802390808,
            36.170860376314494,
            1332.8
          ],
          [
            137.49018313471657,
            36.1708570628243,
            1333.1
          ]
        ]
      }
    },
    {
      "type": "Feature",
      "properties": {
        "name": "チャンピオン",
        "slope_deg": [
          21.43000730175244,
          21.43000730175244,
          21.43000730175244,
          25.524475356294534,
          24.22774531795417,
          23.629377730656817,
          23.869390064732137,
          22.293629159693914,
          22.904057803637016,
          22.782405730481635,
          21.924785220541064,
          25.757309211807936,
          27.923589715138434,
          29.89890183861456,
          31.278680693976355,
          32.41554732985854,
          32.72074484198154,
          33.52447324857696,
          34.99202019855866,
          35.65943959583116,
          36.035889404588154,
          35.84811125105245,
          34.79930050990748,
          33.62390614717275,
          32.8220160762342,
          31.487469364213986,
          29.89890183861456,
          26.907793526541056,
          26.104854009099192,
          20.556045219583467,
          19.6719699892005,
          19.54486232662854,
          19.54486232662854,
          19.54486232662854,
          19.54486232662854
        ],
        "horizontal_dist_map": 335,
        "slope_dist_map": 381,
        "elevation_diff_map": 173.1,
        "avg_slope_deg_map": 24.4,
        "max_slope_deg_map": 36.0
      },
      "geometry": {
        "type": "LineString",
        "coordinates": [
          [
            137.48694760077353,
            36.16891550547845,
            1522.2
          ],
          [
            137.48698088578826,
            36.169001490339134,
            1520.4
          ],
          [
            137.487014170803,
            36.16908747519982,
            1516.7
          ],
          [
            137.48704745581773,
            36.1691734600605,
            1510.5
          ],
          [
            137.48708074083248,
            36.16925944492119,
            1506.5
          ],
          [
            137.4871140258472,
            36.16934542978187,
            1501.3
          ],
          [
            137.48714488783753,
            36.169431995730996,
            1498.7
          ],
          [
            137.48717463924694,
            36.16951882801905,
            1493.0
          ],
          [
            137.48720439065636,
            36.169605660307106,
            1488.8
          ],
          [
            137.4872341420658,
            36.16969249259517,
            1484.9
          ],
          [
            137.48726389347522,
            36.16977932488322,
            1481.8
          ],
          [
            137.48729364488463,
            36.16986615717128,
            1476.2
          ],
          [
            137.48732339629404,
            36.16995298945933,
            1472.7
          ],
          [
            137.48735314770346,
            36.17003982174739,
            1465.6
          ],
          [
            137.4873828991129,
            36.17012665403544,
            1460.6
          ],
          [
            137.48741265052232,
            36.1702134863235,
            1453.2
          ],
          [
            137.48744240193173,
            36.17030031861156,
            1448.4
          ],
          [
            137.4874719621681,
            36.170387192357126,
            1440.2
          ],
          [
            137.4874996363338,
            36.17047447511323,
            1434.9
          ],
          [
            137.48752731049953,
            36.170561757869336,
            1426.7
          ],
          [
            137.48755498466525,
            36.17064904062544,
            1420.4
          ],
          [
            137.48758265883097,
            36.17073632338155,
            1411.5
          ],
          [
            137.4876103329967,
            36.17082360613765,
            1405.8
          ],
          [
            137.48763800716242,
            36.17091088889376,
            1397.8
          ],
          [
            137.48766568132814,
            36.17099817164986,
            1392.6
          ],
          [
            137.48769335549386,
            36.17108545440597,
            1384.9
          ],
          [
            137.48772102965958,
            36.171172737162074,
            1380.0
          ],
          [
            137.48774870382533,
            36.17126001991818,
            1373.3
          ],
          [
            137.48777637799105,
            36.171347302674285,
            1369.6
          ],
          [
            137.48780405215678,
            36.17143458543039,
            1364.6
          ],
          [
            137.4878317263225,
            36.171521868186495,
            1360.4
          ],
          [
            137.48786237929772,
            36.17160842592586,
            1358.3
          ],
          [
            137.487898569788,
            36.17169363588147,
            1355.3
          ],
          [
            137.48793476027828,
            36.171778845837075,
            1350.4
          ],
          [
            137.48795585247365,
            36.171828507088335,
            1349.1
          ]
        ]
      }
    },
    {
      "type": "Feature",
      "properties": {
        "name": "無名_オフピステ_1",
        "slope_deg": [
          5.426812498573079,
          5.426812498573079,
          5.426812498573079,
          9.508771958297594,
          12.816647648997623,
          15.642246457208788,
          18.778033222445426,
          19.798876354525046,
          21.305783617828656,
          21.181349500266236,
          21.554019920478787,
          20.681521678200784,
          20.681521678200784,
          20.681521678200784,
          20.681521678200784
        ],
        "horizontal_dist_map": 138,
        "slope_dist_map": 144,
        "elevation_diff_map": 38.6,
        "avg_slope_deg_map": 14.9,
        "max_slope_deg_map": 21.6
      },
      "geometry": {
        "type": "LineString",
        "coordinates": [
          [
            137.49351070048482,
            36.16802520981361,
            1456.9
          ],
          [
            137.49361618867604,
            36.16805359629038,
            1456.6
          ],
          [
            137.49372167686724,
            36.16808198276715,
            1456.4
          ],
          [
            137.49382716505846,
            36.16811036924392,
            1454.8
          ],
          [
            137.4939326532497,
            36.1681387557207,
            1453.1
          ],
          [
            137.49403814144088,
            36.16816714219747,
            1449.9
          ],
          [
            137.4941436296321,
            36.16819552867424,
            1447.3
          ],
          [
            137.49424911782333,
            36.16822391515101,
            1443.6
          ],
          [
            137.49434350114808,
            36.1682713190057,
            1439.5
          ],
          [
            137.49443743423203,
            36.168319493909685,
            1435.5
          ],
          [
            137.49453136731597,
            36.16836766881368,
            1431.7
          ],
          [
            137.4946253003999,
            36.16841584371767,
            1428.1
          ],
          [
            137.49471923348383,
            36.16846401862166,
            1423.7
          ],
          [
            137.49481316656778,
            36.16851219352565,
            1420.4
          ],
          [
            137.49489075187438,
            36.16855198424197,
            1418.3
          ]
        ]
      }
    },
    {
      "type": "Feature",
      "properties": {
        "name": "無名_オフピステ_2",
        "slope_deg": [
          25.873385226285933,
          25.873385226285933,
          25.873385226285933,
          23.267704810056735,
          24.346751854704813,
          22.660536301999365,
          22.293629159694188,
          24.938427655457385,
          23.26770481005701,
          25.290734392148046,
          26.335410003881297,
          27.248467426644652,
          30.00643379045899,
          27.24846742664491,
          28.810793742973065,
          25.173524524530112,
          24.4655351106628,
          25.98923358383301,
          23.14670784188283,
          23.629377730656817,
          23.629377730656817,
          23.629377730656817,
          23.629377730656817
        ],
        "horizontal_dist_map": 218,
        "slope_dist_map": 241,
        "elevation_diff_map": 100.3,
        "avg_slope_deg_map": 22.5,
        "max_slope_deg_map": 30.0
      },
      "geometry": {
        "type": "LineString",
        "coordinates": [
          [
            137.49388517555803,
            36.17046892925201,
            1384.6
          ],
          [
            137.49384988817235,
            36.17055438774785,
            1378.6
          ],
          [
            137.4938146007867,
            36.17063984624368,
            1374.8
          ],
          [
            137.493779313401,
            36.17072530473952,
            1369.0
          ],
          [
            137.49374402601535,
            36.17081076323536,
            1365.2
          ],
          [
            137.49370873862966,
            36.1708962217312,
            1361.4
          ],
          [
            137.49367461696235,
            36.17098189624777,
            1356.7
          ],
          [
            137.49366061423467,
            36.17107129903034,
            1352.3
          ],
          [
            137.493646611507,
            36.17116070181291,
            1348.8
          ],
          [
            137.49363260877928,
            36.17125010459547,
            1342.8
          ],
          [
            137.4936186060516,
            36.17133950737804,
            1339.5
          ],
          [
            137.49360460332392,
            36.171428910160614,
            1333.4
          ],
          [
            137.4935961735412,
            36.17151875930408,
            1329.0
          ],
          [
            137.4935883312407,
            36.1716086555015,
            1322.2
          ],
          [
            137.49358048894018,
            36.17169855169892,
            1316.4
          ],
          [
            137.49357264663968,
            36.17178844789634,
            1312.8
          ],
          [
            137.49356606127768,
            36.17187840817279,
            1307.0
          ],
          [
            137.49355995329253,
            36.17196839278602,
            1303.4
          ],
          [
            137.4935538453074,
            36.17205837739926,
            1298.2
          ],
          [
            137.49354773732225,
            36.17214836201249,
            1293.3
          ],
          [
            137.49353087828766,
            36.17223685962997,
            1289.9
          ],
          [
            137.49349984648788,
            36.1723233969884,
            1285.9
          ],
          [
            137.4934721481602,
            36.17240063840288,
            1284.3
          ]
        ]
      }
    },
    {
      "type": "Feature",
      "properties": {
        "name": "無名_オフピステ_3",
        "slope_deg": [
          18.906332035086663,
          18.906332035086663,
          18.906332035086663,
          21.181349500266236,
          22.90405780363674,
          25.407718108948472,
          29.466448275119998,
          29.139666699697614,
          29.79113729834057,
          30.96375653207352,
          30.646741437081463,
          32.005383208083494,
          32.92305692785903,
          31.173938199371303,
          30.646741437081463,
          28.920650342151447,
          27.248467426644652,
          28.810793742973065,
          29.139666699697365,
          29.139666699697365,
          29.139666699697365,
          29.139666699697365
        ],
        "horizontal_dist_map": 206,
        "slope_dist_map": 235,
        "elevation_diff_map": 110.3,
        "avg_slope_deg_map": 25.1,
        "max_slope_deg_map": 32.9
      },
      "geometry": {
        "type": "LineString",
        "coordinates": [
          [
            137.4888018504762,
            36.1673746334872,
            1498.0
          ],
          [
            137.4888772887047,
            36.167440816647364,
            1493.9
          ],
          [
            137.48895272693323,
            36.167506999807536,
            1490.3
          ],
          [
            137.48902816516176,
            36.1675731829677,
            1486.7
          ],
          [
            137.48910360339028,
            36.16763936612787,
            1484.3
          ],
          [
            137.4891790416188,
            36.16770554928804,
            1478.4
          ],
          [
            137.48925447984732,
            36.16777173244821,
            1473.4
          ],
          [
            137.48932991807584,
            36.167837915608374,
            1467.7
          ],
          [
            137.48940535630436,
            36.167904098768545,
            1461.7
          ],
          [
            137.48948079453288,
            36.16797028192871,
            1456.1
          ],
          [
            137.4895495463817,
            36.16804088712849,
            1450.5
          ],
          [
            137.4896143361367,
            36.16811411266046,
            1443.7
          ],
          [
            137.48967912589166,
            36.16818733819243,
            1438.0
          ],
          [
            137.48974391564664,
            36.1682605637244,
            1431.1
          ],
          [
            137.48980870540163,
            36.16833378925637,
            1424.6
          ],
          [
            137.4898734951566,
            36.16840701478834,
            1419.5
          ],
          [
            137.48993828491157,
            36.168480240320314,
            1414.3
          ],
          [
            137.49000270421024,
            36.16855367926914,
            1409.0
          ],
          [
            137.4900666300563,
            36.168627402492,
            1404.0
          ],
          [
            137.49013055590234,
            36.168701125714854,
            1397.5
          ],
          [
            137.49019448174838,
            36.168774848937716,
            1392.0
          ],
          [
            137.490236491727,
            36.16882329743244,
            1387.7
          ]
        ]
      }
    },
    {
      "type": "Feature",
      "properties": {
        "name": "無名_オフピステ_4",
        "slope_deg": [
          27.699472808055,
          27.699472808055,
          27.699472808055,
          30.11373315098249,
          29.030274682487207,
          27.36156482027059,
          29.79113729834032,
          29.683140179123246,
          29.030274682487207,
          29.139666699697614,
          26.793775628803207,
          26.104854009099192,
          26.220246235243597,
          23.629377730656817,
          23.629377730656817,
          23.629377730656817,
          23.629377730656817
        ],
        "horizontal_dist_map": 152,
        "slope_dist_map": 172,
        "elevation_diff_map": 77.9,
        "avg_slope_deg_map": 24.3,
        "max_slope_deg_map": 30.1
      },
      "geometry": {
        "type": "LineString",
        "coordinates": [
          [
            137.48952517663196,
            36.16700179347299,
            1495.6
          ],
          [
            137.4895754929047,
            36.16708215039744,
            1492.0
          ],
          [
            137.4896258091774,
            36.16716250732188,
            1484.7
          ],
          [
            137.4896794336265,
            36.16724095592508,
            1479.6
          ],
          [
            137.4897565577376,
            36.16730584875022,
            1474.6
          ],
          [
            137.48983368184872,
            36.167370741575354,
            1468.8
          ],
          [
            137.48991080595982,
            36.16743563440048,
            1462.5
          ],
          [
            137.48998891516024,
            36.16749970395688,
            1458.9
          ],
          [
            137.49007124690675,
            36.16756024460458,
            1451.7
          ],
          [
            137.49015357865326,
            36.16762078525229,
            1446.0
          ],
          [
            137.49023591039978,
            36.16768132589999,
            1440.3
          ],
          [
            137.4903182421463,
            36.16774186654769,
            1436.6
          ],
          [
            137.4904005738928,
            36.167802407195396,
            1431.5
          ],
          [
            137.4904829056393,
            36.1678629478431,
            1426.4
          ],
          [
            137.49056523738582,
            36.16792348849081,
            1420.6
          ],
          [
            137.49064756913234,
            36.16798402913851,
            1419.1
          ],
          [
            137.49066566002165,
            36.167997331834044,
            1417.7
          ]
        ]
      }
    }
  ]
}