{
  "type": "FeatureCollection",
  "features": [
    {
      "type": "Feature",
      "properties": {
        "name": "第2ゲレンデ_#下部",
        "slope_deg": [
          12.407418527400683,
          12.407418527400683,
          12.407418527400683,
          11.996899307923577,
          9.22988624372772,
          8.11004782941916,
          7.969610394321392,
          7.547725773843206,
          8.39062701325255,
          8.9505586562316,
          8.810732985984973,
          11.172136252167116,
          11.722520970102357,
          14.439965121002807,
          15.907551930525813,
          15.642246457208639,
          18.00416160591338,
          16.69924423399362,
          18.133621430820412,
          18.00416160591338,
          16.567741642974887,
          17.874511367250282,
          16.43605922463559,
          17.223436191131583,
          16.43605922463559,
          15.774985955414008,
          14.57421619803871,
          14.439965121002654,
          14.170977562933123,
          13.224551192213497,
          14.439965121002807,
          12.543973346572077,
          13.495733280795843,
          12.816647648997467,
          11.034209003250188,
          11.72252097010228,
          10.342657140474548,
          9.926245506651705,
          10.481218144130967,
          9.09027692082237,
          9.648045316098171,
          9.50877195829791,
          9.369385096487436,
          11.447596263685558,
          10.757967088390036,
          11.172136252167116,
          11.172136252167194,
          11.447596263685636,
          11.996899307923577,
          12.270720357815309,
          12.81664764899739,
          11.859779120947948,
          11.034209003250266,
          11.447596263685636,
          11.034209003250266,
          11.72252097010228,
          11.72252097010228,
          11.72252097010228,
          11.72252097010228
        ],
        "horizontal_dist_map": 577,
        "slope_dist_map": 593,
        "elevation_diff_map": 128.2,
        "avg_slope_deg_map": 12.2,
        "max_slope_deg_map": 18.1
      },
      "geometry": {
        "type": "LineString",
        "coordinates": [
          [
            137.88409200819487,
            36.928976706554955,
            592.0
          ],
          [
            137.88412257275024,
            36.929063410534745,
            590.1
          ],
          [
            137.88415313730562,
            36.929150114514535,
            587.0
          ],
          [
            137.8842039774418,
            36.92923019458866,
            585.1
          ],
          [
            137.88425750714586,
            36.92930939599778,
            583.2
          ],
          [
            137.88431103684988,
            36.92938859740689,
            581.6
          ],
          [
            137.88436456655393,
            36.929467798816006,
            580.5
          ],
          [
            137.88441281405048,
            36.929549100359864,
            579.4
          ],
          [
            137.8844588358943,
            36.92963128679337,
            577.6
          ],
          [
            137.8845048577381,
            36.92971347322687,
            576.3
          ],
          [
            137.88455087958195,
            36.92979565966037,
            574.6
          ],
          [
            137.88459690142577,
            36.92987784609387,
            573.1
          ],
          [
            137.88464292326958,
            36.929960032527376,
            571.4
          ],
          [
            137.8846889451134,
            36.93004221896088,
            568.4
          ],
          [
            137.8847349669572,
            36.93012440539438,
            566.3
          ],
          [
            137.88478098880103,
            36.93020659182788,
            562.8
          ],
          [
            137.88482701064484,
            36.930288778261385,
            560.0
          ],
          [
            137.88487303248866,
            36.93037096469489,
            557.2
          ],
          [
            137.884915384217,
            36.930454406333,
            553.3
          ],
          [
            137.8849573217129,
            36.93053798964144,
            550.8
          ],
          [
            137.88499925920883,
            36.93062157294987,
            546.9
          ],
          [
            137.88504551974182,
            36.930703671072656,
            544.2
          ],
          [
            137.88509188320361,
            36.93078573383413,
            541.4
          ],
          [
            137.88513824666538,
            36.9308677965956,
            537.9
          ],
          [
            137.8851777914279,
            36.93095201256446,
            535.1
          ],
          [
            137.88521349238277,
            36.931037442330094,
            531.8
          ],
          [
            137.88524919333761,
            36.93112287209572,
            529.6
          ],
          [
            137.88528489429248,
            36.93120830186135,
            526.6
          ],
          [
            137.88532059524735,
            36.93129373162699,
            524.7
          ],
          [
            137.885362954484,
            36.93137699436952,
            521.5
          ],
          [
            137.8854114391913,
            36.93145826349919,
            519.5
          ],
          [
            137.8854599238986,
            36.931539532628854,
            517.2
          ],
          [
            137.8855084086059,
            36.93162080175852,
            514.4
          ],
          [
            137.88555689331318,
            36.931702070888186,
            512.6
          ],
          [
            137.88560537802047,
            36.931783340017844,
            509.9
          ],
          [
            137.88565386272776,
            36.93186460914751,
            508.1
          ],
          [
            137.88570234743506,
            36.931945878277176,
            506.6
          ],
          [
            137.88575083214235,
            36.93202714740684,
            504.3
          ],
          [
            137.88579931684964,
            36.93210841653651,
            502.6
          ],
          [
            137.88584780155693,
            36.93218968566617,
            501.1
          ],
          [
            137.88589628626423,
            36.93227095479583,
            499.2
          ],
          [
            137.88594477097155,
            36.9323522239255,
            497.9
          ],
          [
            137.88599325567884,
            36.932433493055164,
            495.8
          ],
          [
            137.88604174038613,
            36.93251476218483,
            494.4
          ],
          [
            137.886091544526,
            36.93259548883532,
            492.6
          ],
          [
            137.88614536761781,
            36.9326745631106,
            489.8
          ],
          [
            137.8861991907096,
            36.932753637385886,
            488.2
          ],
          [
            137.8862530138014,
            36.93283271166117,
            486.5
          ],
          [
            137.88630683689317,
            36.932911785936454,
            484.7
          ],
          [
            137.88636065998497,
            36.93299086021174,
            481.7
          ],
          [
            137.88641448307675,
            36.93306993448702,
            479.7
          ],
          [
            137.88646830616855,
            36.93314900876231,
            477.8
          ],
          [
            137.88652212926033,
            36.93322808303759,
            475.6
          ],
          [
            137.88657595235213,
            36.933307157312875,
            473.3
          ],
          [
            137.8866297754439,
            36.93338623158816,
            471.9
          ],
          [
            137.8866835985357,
            36.93346530586344,
            469.7
          ],
          [
            137.8867374216275,
            36.93354438013873,
            467.8
          ],
          [
            137.8867912447193,
            36.93362345441401,
            465.0
          ],
          [
            137.88683424937034,
            36.93368663476101,
            463.8
          ]
        ]
      }
    },
    {
      "type": "Feature",
      "properties": {
        "name": "第2ゲレンデ_#上部",
        "slope_deg": [
          0.2864765102769768,
          0.2864765102769768,
          0.2864765102769768,
          0.2864765102769768,
          1.288937560186863,
          1.8614576304666637,
          2.433606100720186,
          2.862405226111748,
          2.719505461272472,
          3.0052693596899664,
          3.0052693596899664,
          3.2908836860673905,
          3.148096099562824,
          3.290883686067228,
          3.576334374997351,
          3.576334374997351,
          4.289153328819018,
          4.431564716435877,
          5.568737077976604,
          6.842773412630876,
          8.110047829419,
          9.22988624372772,
          10.203973721731748,
          11.309932474020215,
          15.109575122340555,
          16.172159015782583,
          15.907551930525813,
          14.97598451475675,
          13.224551192213497,
          12.270720357815385,
          11.309932474020215,
          12.407418527400683,
          10.896152141141194,
          10.481218144130889,
          9.648045316098093,
          7.547725773843206,
          6.842773412630876,
          6.277298489597523,
          5.710593137499643,
          5.710593137499643,
          3.576334374997351,
          2.862405226111748,
          3.2908836860673905,
          4.431564716435714,
          6.418786730238786,
          7.829076510059608,
          8.9505586562316,
          9.369385096487514,
          10.342657140474548,
          11.309932474020215,
          11.309932474020215,
          11.309932474020215,
          11.309932474020215
        ],
        "horizontal_dist_map": 510,
        "slope_dist_map": 515,
        "elevation_diff_map": 62.9,
        "avg_slope_deg_map": 7.0,
        "max_slope_deg_map": 16.2
      },
      "geometry": {
        "type": "LineString",
        "coordinates": [
          [
            137.88351521801317,
            36.92751423978786,
            654.9
          ],
          [
            137.88362450311112,
            36.92749370512667,
            654.9
          ],
          [
            137.88373378820904,
            36.927473170465476,
            654.9
          ],
          [
            137.88384397145026,
            36.9274560209216,
            654.9
          ],
          [
            137.88395419275247,
            36.927439014830306,
            654.7
          ],
          [
            137.88406418905132,
            36.927421102755254,
            654.7
          ],
          [
            137.88417410750424,
            36.92740287723082,
            654.0
          ],
          [
            137.88428402595713,
            36.92738465170638,
            653.6
          ],
          [
            137.8843958855811,
            36.92737868063264,
            653.0
          ],
          [
            137.88450798719725,
            36.927374237235306,
            652.7
          ],
          [
            137.8846200888134,
            36.927369793837975,
            652.1
          ],
          [
            137.88473219042953,
            36.92736535044064,
            651.5
          ],
          [
            137.884844332984,
            36.92736507558131,
            650.9
          ],
          [
            137.88495650793166,
            36.927368099160624,
            650.4
          ],
          [
            137.88506868287934,
            36.92737112273994,
            649.9
          ],
          [
            137.8851802665982,
            36.927379584399645,
            649.2
          ],
          [
            137.8852913976392,
            36.92739220975826,
            648.4
          ],
          [
            137.8854025286802,
            36.92740483511687,
            647.9
          ],
          [
            137.88551319710024,
            36.927419020459446,
            646.9
          ],
          [
            137.88561949140302,
            36.927447955572084,
            646.1
          ],
          [
            137.88572578570583,
            36.92747689068472,
            644.5
          ],
          [
            137.88582074489887,
            36.927523630210274,
            643.1
          ],
          [
            137.88591221566008,
            36.92757584912529,
            641.2
          ],
          [
            137.8860036864213,
            36.927628068040306,
            639.6
          ],
          [
            137.88609515718252,
            36.927680286955315,
            637.3
          ],
          [
            137.88615464380322,
            36.92774863179413,
            635.1
          ],
          [
            137.88617350404664,
            36.92783745984287,
            630.4
          ],
          [
            137.8861389383274,
            36.92791108339416,
            628.0
          ],
          [
            137.88604293185958,
            36.927950222571525,
            625.9
          ],
          [
            137.88593184651515,
            36.927963109083976,
            624.4
          ],
          [
            137.8858206715027,
            36.92797536401621,
            621.0
          ],
          [
            137.88570882321187,
            36.927982876684645,
            619.3
          ],
          [
            137.88559697492107,
            36.927990389353084,
            617.9
          ],
          [
            137.88548512663024,
            36.927997902021524,
            615.6
          ],
          [
            137.88537488765922,
            36.92801318556414,
            613.3
          ],
          [
            137.88526602898435,
            36.928035134101215,
            611.9
          ],
          [
            137.88515717030944,
            36.9280570826383,
            611.1
          ],
          [
            137.8850486614492,
            36.928079910206726,
            610.3
          ],
          [
            137.88494411722212,
            36.92811270029991,
            608.5
          ],
          [
            137.8848462919294,
            36.92815391280174,
            607.5
          ],
          [
            137.88476546703757,
            36.92821643587408,
            607.1
          ],
          [
            137.88469844444336,
            36.92828840179361,
            606.3
          ],
          [
            137.88463437285486,
            36.928362386644835,
            606.0
          ],
          [
            137.8845546317036,
            36.928424993722864,
            605.5
          ],
          [
            137.88446935301084,
            36.9284835799554,
            604.8
          ],
          [
            137.88438407431812,
            36.928542166187924,
            603.2
          ],
          [
            137.88429779898888,
            36.92859966083901,
            601.5
          ],
          [
            137.88420253892295,
            36.928647314819116,
            600.0
          ],
          [
            137.88413629488684,
            36.92871703593979,
            598.5
          ],
          [
            137.88408347234005,
            36.9287962254063,
            596.6
          ],
          [
            137.88408773099115,
            36.928886269843254,
            594.2
          ],
          [
            137.88409198964223,
            36.928976314280206,
            592.0
          ],
          [
            137.88409200819487,
            36.928976706554955,
            592.0
          ]
        ]
      }
    },
    {
      "type": "Feature",
      "properties": {
        "name": "第2・上級",
        "slope_deg": [
          21.43000730175244,
          21.43000730175244,
          21.43000730175244,
          26.679528106691176,
          28.920650342151447,
          32.10827114150959,
          31.06896350070932,
          28.920650342151568,
          26.220246235243597,
          21.554019920478925,
          15.907551930525962,
          12.407418527400838,
          12.407418527400838,
          12.407418527400838,
          12.407418527400838
        ],
        "horizontal_dist_map": 135,
        "slope_dist_map": 147,
        "elevation_diff_map": 53.8,
        "avg_slope_deg_map": 20.1,
        "max_slope_deg_map": 32.1
      },
      "geometry": {
        "type": "LineString",
        "coordinates": [
          [
            137.88323164552685,
            36.9277309578415,
            650.5
          ],
          [
            137.88328507821728,
            36.92781020108806,
            648.8
          ],
          [
            137.88333851090772,
            36.927889444334625,
            645.3
          ],
          [
            137.88339194359818,
            36.927968687581185,
            641.7
          ],
          [
            137.88344537628862,
            36.92804793082775,
            634.8
          ],
          [
            137.88349880897906,
            36.92812717407431,
            628.7
          ],
          [
            137.8835522416695,
            36.92820641732087,
            623.2
          ],
          [
            137.88360567435996,
            36.92828566056744,
            616.6
          ],
          [
            137.8836596087931,
            36.92836467993048,
            610.7
          ],
          [
            137.88371523613256,
            36.92844294389872,
            606.6
          ],
          [
            137.88377086347202,
            36.928521207866964,
            603.5
          ],
          [
            137.8838264908115,
            36.928599471835206,
            600.8
          ],
          [
            137.88388211815095,
            36.92867773580345,
            599.3
          ],
          [
            137.8839377454904,
            36.92875599977168,
            597.8
          ],
          [
            137.88396649820342,
            36.92879645292725,
            596.7
          ]
        ]
      }
    },
    {
      "type": "Feature",
      "properties": {
        "name": "第3ゲレンデ_#下部",
        "slope_deg": [
          8.670801453590993,
          8.670801453590993,
          8.670801453590993,
          9.369385096487514,
          9.787203664656081,
          11.859779120947948,
          14.17097756293297,
          17.092662950267425,
          18.39196625070548,
          19.417554141579483,
          19.162339354972016,
          19.290046219188735,
          21.305783617828798,
          19.03443435483528,
          21.056705590704752,
          19.544862326628827,
          19.034434354835135,
          18.778033222445426,
          17.744671625056874,
          17.874511367250282,
          15.509334522674907,
          17.223436191131583,
          17.092662950267574,
          15.642246457208788,
          16.69924423399362,
          14.439965121002654,
          14.439965121002654,
          16.43605922463559,
          15.642246457208639,
          17.484427323220732,
          15.907551930525813,
          13.088732789694,
          13.360218444764483,
          11.996899307923577,
          13.088732789694154,
          15.642246457208788,
          15.37625124882619,
          17.092662950267425,
          15.37625124882619,
          14.305551846622015,
          14.97598451475675,
          12.13388017063338,
          13.088732789694,
          11.859779120947948,
          12.13388017063338,
          12.40741852740076,
          12.543973346572077,
          14.170977562933048,
          11.996899307923577,
          11.859779120947948,
          10.065169352759877,
          9.926245506651705,
          10.619655276155134,
          11.72252097010228,
          12.270720357815309,
          11.034209003250266,
          11.7225209701022,
          11.447596263685636,
          11.034209003250266,
          11.034209003250266,
          10.203973721731748,
          8.9505586562316,
          9.090276920822289,
          8.95055865623168,
          8.250387228905435,
          9.09027692082237,
          9.09027692082237,
          9.09027692082237,
          9.09027692082237
        ],
        "horizontal_dist_map": 673,
        "slope_dist_map": 695,
        "elevation_diff_map": 166.0,
        "avg_slope_deg_map": 13.4,
        "max_slope_deg_map": 21.3
      },
      "geometry": {
        "type": "LineString",
        "coordinates": [
          [
            137.88623561371992,
            36.92763845162294,
            636.9
          ],
          [
            137.88629320752054,
            36.92771579311812,
            635.5
          ],
          [
            137.88635080132116,
            36.92779313461329,
            634.1
          ],
          [
            137.8864083951218,
            36.92787047610847,
            632.1
          ],
          [
            137.88646598892242,
            36.927947817603645,
            630.8
          ],
          [
            137.88652274867025,
            36.92802548452094,
            628.9
          ],
          [
            137.88656290786568,
            36.92810962847057,
            627.2
          ],
          [
            137.88660306706112,
            36.9281937724202,
            623.7
          ],
          [
            137.88664322625658,
            36.92827791636984,
            620.7
          ],
          [
            137.88668163428787,
            36.928362510350105,
            616.6
          ],
          [
            137.8867098025276,
            36.92844973584836,
            613.9
          ],
          [
            137.88673797076737,
            36.92853696134661,
            609.6
          ],
          [
            137.88676613900714,
            36.928624186844864,
            606.8
          ],
          [
            137.88679430724687,
            36.92871141234311,
            602.6
          ],
          [
            137.88682247548664,
            36.92879863784137,
            598.3
          ],
          [
            137.88685064372638,
            36.92888586333962,
            595.8
          ],
          [
            137.88687881196614,
            36.92897308883787,
            591.4
          ],
          [
            137.88688852948394,
            36.92906279727168,
            588.4
          ],
          [
            137.88689732901202,
            36.929152629240455,
            584.5
          ],
          [
            137.88690612854012,
            36.92924246120923,
            582.2
          ],
          [
            137.8869149280682,
            36.92933229317801,
            578.6
          ],
          [
            137.8869203963908,
            36.92942228504902,
            575.5
          ],
          [
            137.88692499276382,
            36.92951231877476,
            573.4
          ],
          [
            137.8869298093502,
            36.929602344715825,
            569.8
          ],
          [
            137.88693508574158,
            36.9296923544025,
            566.3
          ],
          [
            137.88694036213298,
            36.929782364089164,
            564.3
          ],
          [
            137.88694563852437,
            36.92987237377583,
            561.4
          ],
          [
            137.88695091491573,
            36.9299623834625,
            559.5
          ],
          [
            137.88695619130712,
            36.93005239314917,
            556.0
          ],
          [
            137.8869614676985,
            36.93014240283584,
            552.5
          ],
          [
            137.8869667440899,
            36.93023241252251,
            550.2
          ],
          [
            137.88695627944256,
            36.930322059781545,
            546.9
          ],
          [
            137.88694458605062,
            36.9304116787495,
            544.6
          ],
          [
            137.88693289265868,
            36.93050129771746,
            543.2
          ],
          [
            137.88692119926674,
            36.93059091668542,
            540.7
          ],
          [
            137.8869095058748,
            36.93068053565337,
            538.4
          ],
          [
            137.88689781248286,
            36.930770154621335,
            535.3
          ],
          [
            137.88688611909092,
            36.93085977358929,
            532.0
          ],
          [
            137.88687442569898,
            36.93094939255725,
            529.7
          ],
          [
            137.88686273230704,
            36.93103901152521,
            526.1
          ],
          [
            137.88685016176967,
            36.93112851244549,
            524.3
          ],
          [
            137.8868248103086,
            36.93121629328812,
            521.8
          ],
          [
            137.88679945884755,
            36.931304074130736,
            519.0
          ],
          [
            137.88677410738651,
            36.931391854973356,
            517.5
          ],
          [
            137.88674875592545,
            36.93147963581598,
            515.0
          ],
          [
            137.88672340446442,
            36.9315674166586,
            513.4
          ],
          [
            137.88669805300336,
            36.93165519750122,
            510.4
          ],
          [
            137.8866727015423,
            36.93174297834385,
            508.7
          ],
          [
            137.88664735008126,
            36.93183075918647,
            506.1
          ],
          [
            137.8866219986202,
            36.93191854002909,
            503.3
          ],
          [
            137.88660584195833,
            36.93200719173588,
            501.9
          ],
          [
            137.88660505101544,
            36.93209729877124,
            500.3
          ],
          [
            137.88660426007252,
            36.932187405806594,
            499.0
          ],
          [
            137.88661805405079,
            36.93227489544111,
            496.3
          ],
          [
            137.88666656405425,
            36.93235615495941,
            494.4
          ],
          [
            137.88671507405772,
            36.932437414477704,
            492.0
          ],
          [
            137.88676358406119,
            36.932518673996,
            490.3
          ],
          [
            137.88681209406465,
            36.9325999335143,
            488.5
          ],
          [
            137.88686060406812,
            36.93268119303259,
            486.1
          ],
          [
            137.88694100885684,
            36.93274374098256,
            483.9
          ],
          [
            137.88702271528467,
            36.93280552530582,
            482.5
          ],
          [
            137.88710442171254,
            36.932867309629074,
            480.7
          ],
          [
            137.8871861281404,
            36.93292909395233,
            478.9
          ],
          [
            137.8872791002136,
            36.9329756229678,
            477.6
          ],
          [
            137.88738583251964,
            36.93300351864437,
            476.1
          ],
          [
            137.8874925648257,
            36.93303141432094,
            474.4
          ],
          [
            137.88759929713171,
            36.93305930999751,
            473.1
          ],
          [
            137.88770602943777,
            36.93308720567408,
            471.2
          ],
          [
            137.88774106768963,
            36.93309636331133,
            470.9
          ]
        ]
      }
    },
    {
      "type": "Feature",
      "properties": {
        "name": "第3ゲレンデ_#上部",
        "slope_deg": [
          -3.8616074096751394,
          -3.8616074096751394,
          -3.8616074096751394,
          -1.8614576304668264,
          -1.5752369256830872,
          1.5752369256830872,
          6.418786730238786,
          9.926245506651705,
          11.447596263685636,
          12.68038349181982,
          12.95276451337558,
          12.95276451337558,
          13.495733280795843,
          12.407418527400683,
          11.996899307923577,
          9.787203664656081,
          7.266008446996026,
          6.701525844729548,
          6.277298489597523,
          5.994092949108534,
          7.969610394321392,
          8.670801453590993,
          7.969610394321392,
          8.39062701325255,
          6.418786730238786,
          5.142764557884274,
          5.710593137499643,
          5.710593137499643,
          5.9940929491083725,
          7.547725773843047,
          7.406912128495133,
          5.4268124985727555,
          7.547725773843206,
          7.547725773843047,
          7.547725773843206,
          9.50877195829791,
          9.648045316098093,
          10.065169352759877,
          7.969610394321233,
          7.829076510059608,
          6.277298489597523,
          4.858462919034255,
          6.277298489597683,
          5.4268124985727555,
          4.858462919034255,
          4.004172940709484,
          3.4336303624504896,
          3.576334374997351,
          3.148096099562824,
          4.0041729407093225,
          5.142764557884274,
          5.142764557884274,
          6.135733340186728,
          6.701525844729548,
          7.125016348901798,
          8.250387228905435,
          8.11004782941916,
          10.065169352759877,
          10.342657140474548,
          13.088732789694154,
          13.088732789694154,
          13.088732789694154,
          13.088732789694154
        ],
        "horizontal_dist_map": 610,
        "slope_dist_map": 617,
        "elevation_diff_map": 75.9,
        "avg_slope_deg_map": 7.0,
        "max_slope_deg_map": 13.5
      },
      "geometry": {
        "type": "LineString",
        "coordinates": [
          [
            137.88766610532713,
            36.92535916340918,
            712.8
          ],
          [
            137.8877393278085,
            36.92529087199827,
            713.8
          ],
          [
            137.88781255028985,
            36.92522258058736,
            713.1
          ],
          [
            137.88789188009434,
            36.92515914605188,
            714.1
          ],
          [
            137.88797623764552,
            36.92509970985399,
            715.5
          ],
          [
            137.88806190849925,
            36.92504158139356,
            715.1
          ],
          [
            137.88815214159732,
            36.9249879958451,
            714.2
          ],
          [
            137.8882423746954,
            36.924934410296636,
            713.0
          ],
          [
            137.88830536234352,
            36.924862851862926,
            711.0
          ],
          [
            137.88835333559746,
            36.92478138895034,
            708.1
          ],
          [
            137.88837236176187,
            36.92469307251056,
            706.1
          ],
          [
            137.88838205146098,
            36.92460356992749,
            704.0
          ],
          [
            137.88837693327213,
            36.9245135542855,
            701.8
          ],
          [
            137.88835613475274,
            36.924425081195196,
            698.9
          ],
          [
            137.88833403275558,
            36.92433673633445,
            696.5
          ],
          [
            137.8882913949867,
            36.92425394390352,
            695.2
          ],
          [
            137.88821388448963,
            36.92419050352865,
            693.3
          ],
          [
            137.88810416261106,
            36.924182825937095,
            692.0
          ],
          [
            137.88800188430986,
            36.924216395177616,
            691.4
          ],
          [
            137.88791528557113,
            36.924269951404135,
            690.5
          ],
          [
            137.88784776013046,
            36.924341927159716,
            688.9
          ],
          [
            137.88778023468976,
            36.9244139029153,
            687.8
          ],
          [
            137.88771384287412,
            36.924486473030676,
            685.8
          ],
          [
            137.88765891321884,
            36.92456505275881,
            684.4
          ],
          [
            137.8876039835636,
            36.92464363248694,
            683.3
          ],
          [
            137.88754905390832,
            36.92472221221507,
            681.9
          ],
          [
            137.88749412425307,
            36.924800791943206,
            681.3
          ],
          [
            137.88743361323031,
            36.924876361928625,
            680.8
          ],
          [
            137.8873637865105,
            36.9249469084406,
            679.3
          ],
          [
            137.8872939597907,
            36.92501745495259,
            677.9
          ],
          [
            137.88722413307087,
            36.925088001464566,
            677.1
          ],
          [
            137.88715474736614,
            36.92515882353847,
            675.5
          ],
          [
            137.88708672899483,
            36.92523049997096,
            674.1
          ],
          [
            137.88701871062352,
            36.92530217640345,
            674.1
          ],
          [
            137.8869506922522,
            36.92537385283594,
            671.8
          ],
          [
            137.88689007885552,
            36.925449241877786,
            670.2
          ],
          [
            137.8868397129368,
            36.925529768666145,
            668.8
          ],
          [
            137.8867888440855,
            36.925610090365375,
            667.4
          ],
          [
            137.8867375491943,
            36.92569023833127,
            665.0
          ],
          [
            137.88668632044084,
            36.92577040992631,
            663.1
          ],
          [
            137.88664649786014,
            36.925854656623045,
            663.2
          ],
          [
            137.88660667527944,
            36.92593890331978,
            661.9
          ],
          [
            137.88656685269873,
            36.92602315001651,
            660.6
          ],
          [
            137.88652703011803,
            36.92610739671325,
            659.7
          ],
          [
            137.88648720753733,
            36.926191643409986,
            658.8
          ],
          [
            137.88644738495663,
            36.92627589010672,
            658.1
          ],
          [
            137.88640756237592,
            36.92636013680345,
            657.2
          ],
          [
            137.88636229571577,
            36.92644255111644,
            656.9
          ],
          [
            137.88631537775828,
            36.92652440963106,
            656.4
          ],
          [
            137.88626845980082,
            36.926606268145676,
            655.6
          ],
          [
            137.88622154184333,
            36.9266881266603,
            655.0
          ],
          [
            137.88617462388584,
            36.92676998517492,
            654.1
          ],
          [
            137.88613020774366,
            36.92685256810159,
            652.8
          ],
          [
            137.8861012449127,
            36.926939625605144,
            652.0
          ],
          [
            137.88607228208176,
            36.92702668310869,
            650.7
          ],
          [
            137.886051880742,
            36.927114035,
            649.4
          ],
          [
            137.886071466097,
            36.92720276183796,
            647.8
          ],
          [
            137.88609105145204,
            36.92729148867591,
            646.2
          ],
          [
            137.88612369553937,
            36.92737749934212,
            645.0
          ],
          [
            137.88616023648765,
            36.927462699474546,
            642.3
          ],
          [
            137.88619677743597,
            36.92754789960697,
            640.5
          ],
          [
            137.88623331838428,
            36.9276330997394,
            636.9
          ],
          [
            137.88623561371992,
            36.92763845162294,
            636.9
          ]
        ]
      }
    },
    {
      "type": "Feature",
      "properties": {
        "name": "第3ゲレンデ・林間",
        "slope_deg": [
          6.56019640057118,
          6.56019640057118,
          6.56019640057118,
          4.289153328819018,
          4.573921259900927,
          5.000644597558433,
          4.858462919034416,
          5.710593137499643,
          4.573921259900764,
          3.576334374997351,
          3.290883686067228,
          3.1480960995626615,
          4.004172940709484,
          5.994092949108534,
          7.406912128495294,
          8.11004782941916,
          8.39062701325255,
          5.568737077976604,
          5.142764557884112,
          5.2848210925090795,
          5.852378988915653,
          6.135733340186889,
          5.142764557884274,
          5.142764557884112,
          3.0052693596899664,
          5.000644597558433,
          6.277298489597523,
          5.2848210925090795,
          0.5729386976834533,
          -1.145762838175201,
          -3.4336303624504896,
          -3.290883686067228,
          2.862405226111748,
          3.4336303624504896,
          6.418786730238786,
          8.110047829419,
          10.065169352759877,
          11.859779120948104,
          12.270720357815385,
          11.722520970102357,
          9.22988624372772,
          6.56019640057118,
          5.9940929491083725,
          5.4268124985727555,
          5.142764557884112,
          5.710593137499643,
          3.576334374997351,
          3.576334374997351,
          5.426812498572917,
          4.004172940709484,
          3.8616074096751394,
          3.290883686067228,
          1.4320961841646465,
          3.8616074096749773,
          7.125016348901798,
          10.065169352759877,
          11.585126224854955,
          13.360218444764483,
          12.543973346572077,
          11.034209003250343,
          12.95276451337558,
          11.172136252167274,
          11.722520970102357,
          11.034209003250188,
          12.407418527400683,
          11.309932474020215,
          12.407418527400683,
          12.270720357815385,
          9.926245506651705,
          10.342657140474548,
          8.39062701325255,
          6.983937460085259,
          7.125016348901798,
          7.406912128495294,
          7.406912128495294,
          11.309932474020215,
          10.757967088390036,
          12.68038349181982,
          14.305551846621862,
          12.543973346572077,
          16.304198003832376,
          13.088732789694,
          11.58512622485511,
          9.50877195829791,
          5.142764557884274,
          6.135733340186728,
          4.573921259900927,
          4.146688825965976,
          7.547725773843047,
          9.78720366465616,
          8.670801453590913,
          11.585126224855031,
          8.11004782941908,
          6.701525844729468,
          7.829076510059608,
          6.56019640057126,
          7.829076510059608,
          7.406912128495294,
          9.787203664656081,
          11.034209003250266,
          9.78720366465616,
          9.50877195829783,
          9.369385096487514,
          7.547725773843127,
          7.969610394321312,
          10.342657140474627,
          9.50877195829783,
          10.481218144130889,
          9.50877195829783,
          5.710593137499643,
          4.858462919034255,
          5.568737077976685,
          3.8616074096751394,
          3.576334374997351,
          2.433606100720186,
          -1.8614576304667452,
          -0.5729386976835347,
          0.4297102894009785,
          2.719505461272472,
          6.1357333401868095,
          7.829076510059608,
          8.95055865623168,
          8.95055865623168,
          8.95055865623168,
          8.390627013252628,
          7.688447769902922,
          7.266008446995947,
          7.266008446995947,
          7.266008446995947,
          7.266008446995947
        ],
        "horizontal_dist_map": 1285,
        "slope_dist_map": 1301,
        "elevation_diff_map": 162.1,
        "avg_slope_deg_map": 7.1,
        "max_slope_deg_map": 16.3
      },
      "geometry": {
        "type": "LineString",
        "coordinates": [
          [
            137.8869008,
            36.9280556,
            624.8
          ],
          [
            137.88701302337583,
            36.92805711119947,
            622.9
          ],
          [
            137.88712524675162,
            36.92805862239894,
            622.1
          ],
          [
            137.8872356642028,
            36.92804439636656,
            620.7
          ],
          [
            137.8873373564202,
            36.92801437276619,
            620.2
          ],
          [
            137.88739421429048,
            36.927940632286706,
            619.9
          ],
          [
            137.88741394746862,
            36.92785198715464,
            618.9
          ],
          [
            137.8874414024143,
            36.92776719948575,
            617.2
          ],
          [
            137.88751096307163,
            36.927698882447075,
            616.8
          ],
          [
            137.8876164485669,
            36.92767887380195,
            615.9
          ],
          [
            137.88768657860857,
            36.9277402021223,
            615.7
          ],
          [
            137.8877394397697,
            36.92781969197218,
            614.7
          ],
          [
            137.88778755548944,
            36.927900948403725,
            614.5
          ],
          [
            137.88782897532266,
            36.92798469750757,
            613.7
          ],
          [
            137.88787588795117,
            36.92806645383783,
            612.9
          ],
          [
            137.88792680944707,
            36.92814675576019,
            610.5
          ],
          [
            137.88798208444035,
            36.928223775109934,
            609.3
          ],
          [
            137.8880821289405,
            36.928223050045375,
            608.0
          ],
          [
            137.88817094558144,
            36.9281679563642,
            607.0
          ],
          [
            137.88826831175746,
            36.92812323630565,
            606.6
          ],
          [
            137.88834846606983,
            36.928061289673266,
            605.7
          ],
          [
            137.88841770841165,
            36.927990828834666,
            604.3
          ],
          [
            137.8884764289212,
            36.92791403531839,
            602.9
          ],
          [
            137.8885285880549,
            36.92783453511922,
            602.3
          ],
          [
            137.8885721644018,
            36.9277514943696,
            602.1
          ],
          [
            137.88861936774978,
            36.927669792955804,
            600.7
          ],
          [
            137.88866954345804,
            36.92758918913988,
            600.8
          ],
          [
            137.8887197191663,
            36.92750858532395,
            598.8
          ],
          [
            137.88878072045276,
            36.927433676546194,
            597.7
          ],
          [
            137.88885273989933,
            36.92736456411862,
            597.0
          ],
          [
            137.88893187898185,
            36.9273039064891,
            600.4
          ],
          [
            137.88903860045292,
            36.927276003838514,
            599.6
          ],
          [
            137.889145321924,
            36.927248101187935,
            600.1
          ],
          [
            137.88924716839082,
            36.9272102363591,
            599.3
          ],
          [
            137.88934483965934,
            36.92716754927455,
            598.4
          ],
          [
            137.88942445402384,
            36.92710403388383,
            597.2
          ],
          [
            137.88953195833693,
            36.92709592713189,
            595.6
          ],
          [
            137.88951912035995,
            36.92718461156853,
            593.6
          ],
          [
            137.88950229199523,
            36.927273692543245,
            591.3
          ],
          [
            137.88947910309102,
            36.92736177039945,
            588.8
          ],
          [
            137.88944581501693,
            36.92744750013354,
            586.9
          ],
          [
            137.88939926719686,
            36.927529494926496,
            585.3
          ],
          [
            137.8893479599485,
            36.92760903383976,
            584.8
          ],
          [
            137.88927438701444,
            36.927677083590424,
            584.2
          ],
          [
            137.88920588200904,
            36.92774837069243,
            582.7
          ],
          [
            137.8891397945071,
            36.9278212033441,
            581.5
          ],
          [
            137.8890735037924,
            36.92789391694632,
            581.2
          ],
          [
            137.88902980345046,
            36.927976032799,
            580.2
          ],
          [
            137.88899399440646,
            36.92806143305786,
            580.2
          ],
          [
            137.88895958605616,
            36.92814710032489,
            579.0
          ],
          [
            137.8889418186957,
            36.92823590604615,
            577.4
          ],
          [
            137.88890168806157,
            36.92832005879921,
            577.4
          ],
          [
            137.88886155742742,
            36.92840421155228,
            577.5
          ],
          [
            137.88882785009628,
            36.92849009095608,
            576.7
          ],
          [
            137.88879677273542,
            36.928576677323285,
            576.4
          ],
          [
            137.8887928949262,
            36.92866478016016,
            574.7
          ],
          [
            137.88880876607226,
            36.92875398407003,
            572.5
          ],
          [
            137.88882515470098,
            36.92884310278375,
            569.6
          ],
          [
            137.88885429735654,
            36.928930121728875,
            568.2
          ],
          [
            137.88889896139966,
            36.929011549695545,
            565.2
          ],
          [
            137.88896055269643,
            36.929086880274966,
            563.6
          ],
          [
            137.88902214399317,
            36.929162210854386,
            561.8
          ],
          [
            137.8891074025013,
            36.92921602145036,
            559.0
          ],
          [
            137.88920814198903,
            36.92925575559184,
            557.3
          ],
          [
            137.889303543917,
            36.92930151330898,
            555.3
          ],
          [
            137.88937144293473,
            36.929367371723345,
            554.0
          ],
          [
            137.8893402792236,
            36.9294539381559,
            550.2
          ],
          [
            137.88929983002924,
            36.92953792480639,
            549.3
          ],
          [
            137.88925806922666,
            36.92962156159998,
            546.5
          ],
          [
            137.88921823890695,
            36.92970580645752,
            545.3
          ],
          [
            137.8892016704228,
            36.92979384313313,
            543.2
          ],
          [
            137.88919982014707,
            36.92988378789656,
            542.0
          ],
          [
            137.88921565262237,
            36.929972996246136,
            540.6
          ],
          [
            137.88923185307723,
            36.930062127488654,
            540.4
          ],
          [
            137.88927234736144,
            36.93014616816143,
            538.2
          ],
          [
            137.88931284164562,
            36.9302302088342,
            536.8
          ],
          [
            137.88935914069754,
            36.93031222022682,
            535.4
          ],
          [
            137.88940819430397,
            36.9303932686588,
            532.4
          ],
          [
            137.88945438219378,
            36.930475344585005,
            530.6
          ],
          [
            137.88948055802894,
            36.93056059580829,
            527.8
          ],
          [
            137.88944649095225,
            36.9306436262139,
            525.2
          ],
          [
            137.8893826571363,
            36.93071774448515,
            523.5
          ],
          [
            137.88933007357656,
            36.93079720506759,
            518.9
          ],
          [
            137.88928034180228,
            36.930877978083835,
            518.5
          ],
          [
            137.88923471872215,
            36.93096030789185,
            517.0
          ],
          [
            137.88918909564205,
            36.93104263769986,
            516.8
          ],
          [
            137.88912989565878,
            36.93111831290874,
            515.3
          ],
          [
            137.88905139526614,
            36.931181080560435,
            514.2
          ],
          [
            137.8889526980319,
            36.931223438427914,
            513.8
          ],
          [
            137.8888468323627,
            36.93125271171626,
            513.9
          ],
          [
            137.8887396352416,
            36.93127853167752,
            510.0
          ],
          [
            137.88867043263716,
            36.93133907641815,
            507.3
          ],
          [
            137.8886784978243,
            36.93142581230867,
            507.7
          ],
          [
            137.88876526439867,
            36.931481439552385,
            505.7
          ],
          [
            137.88886934947834,
            36.931510922624064,
            504.3
          ],
          [
            137.8889786643852,
            36.93153137454255,
            502.6
          ],
          [
            137.88908327636935,
            36.931563556104365,
            502.2
          ],
          [
            137.88918308015866,
            36.93160449206732,
            501.1
          ],
          [
            137.8892810057965,
            36.93164853159422,
            498.8
          ],
          [
            137.8893384276898,
            36.93172558100173,
            497.4
          ],
          [
            137.8893879905331,
            36.9318056134229,
            495.3
          ],
          [
            137.88941131191896,
            36.93189375625703,
            493.3
          ],
          [
            137.88938760280845,
            36.93198114333109,
            491.9
          ],
          [
            137.88932520946224,
            36.93205113018388,
            490.7
          ],
          [
            137.8892279729318,
            36.93209451552072,
            488.7
          ],
          [
            137.8891253889242,
            36.93213108863528,
            488.0
          ],
          [
            137.88902155128292,
            36.93216490960284,
            486.3
          ],
          [
            137.8889137772427,
            36.93219008885244,
            483.4
          ],
          [
            137.8888063052178,
            36.93221596479685,
            482.0
          ],
          [
            137.88870234453816,
            36.93224994078002,
            480.6
          ],
          [
            137.88859838385852,
            36.93228391676319,
            479.6
          ],
          [
            137.8884999439801,
            36.932324964099884,
            479.4
          ],
          [
            137.88841653564637,
            36.93238526468689,
            478.6
          ],
          [
            137.88833312731268,
            36.9324455652739,
            476.7
          ],
          [
            137.88824971897898,
            36.932505865860904,
            476.9
          ],
          [
            137.8881663106453,
            36.93256616644791,
            476.9
          ],
          [
            137.888077710527,
            36.9326201194626,
            476.9
          ],
          [
            137.88797563060308,
            36.93265759181643,
            478.0
          ],
          [
            137.8878735506792,
            36.93269506417026,
            477.3
          ],
          [
            137.8878130609856,
            36.93275793340445,
            476.6
          ],
          [
            137.88779532641394,
            36.93284691085463,
            475.0
          ],
          [
            137.88779308517243,
            36.9329361071608,
            473.7
          ],
          [
            137.88781172883975,
            36.933023933467226,
            471.8
          ],
          [
            137.88788049946382,
            36.9330951499923,
            470.3
          ],
          [
            137.88794927008792,
            36.933166366517376,
            468.7
          ],
          [
            137.8880230442918,
            36.93323390759961,
            467.4
          ],
          [
            137.88810531841568,
            36.93329520495807,
            465.9
          ],
          [
            137.8881875925396,
            36.93335650231653,
            464.9
          ],
          [
            137.8882698666635,
            36.93341779967499,
            463.6
          ],
          [
            137.88831119434576,
            36.93344859037361,
            462.7
          ]
        ]
      }
    },
    {
      "type": "Feature",
      "properties": {
        "name": "第1ゲレンデ",
        "slope_deg": [
          6.277298489597523,
          6.277298489597523,
          6.277298489597523,
          6.701525844729548,
          6.418786730238786,
          5.000644597558433,
          4.146688825966058,
          4.0041729407093225,
          5.142764557884274,
          7.266008446995947,
          9.648045316098093,
          12.270720357815385,
          13.088732789694076,
          12.95276451337558,
          13.224551192213573,
          10.896152141141116,
          11.859779120947948,
          12.407418527400683,
          11.996899307923577,
          13.088732789694076,
          10.896152141141116,
          8.530765609948133,
          6.842773412630957,
          4.146688825965976,
          3.1480960995627427,
          2.576571830268847,
          2.004534032105872,
          2.2906100426385625,
          2.004534032105953,
          2.7195054612725538,
          3.1480960995627427,
          3.576334374997351,
          4.004172940709404,
          4.431564716435795,
          5.710593137499643,
          6.701525844729468,
          8.39062701325255,
          8.250387228905515,
          8.390627013252628,
          7.969610394321312,
          7.547725773843127,
          8.11004782941908,
          8.11004782941908,
          8.11004782941916,
          7.68844776990284,
          7.969610394321392,
          6.983937460085259,
          6.56019640057126,
          5.852378988915653,
          4.289153328819018,
          4.289153328819018,
          4.146688825966058,
          5.568737077976604,
          8.250387228905515,
          10.619655276155134,
          13.631094443421526,
          13.901350769509168,
          14.170977562933048,
          14.036243467926479,
          12.68038349181982,
          13.631094443421526,
          13.224551192213573,
          12.68038349181982,
          13.90135076950909,
          13.631094443421526,
          13.495733280795767,
          14.170977562933123,
          13.224551192213573,
          12.543973346572077,
          12.543973346572155,
          12.1338801706333,
          11.447596263685558,
          12.543973346572155,
          11.859779120947948,
          11.72252097010228,
          11.309932474020215,
          10.203973721731668,
          10.757967088390036,
          9.09027692082237,
          8.250387228905515,
          6.418786730238786,
          4.431564716435795,
          3.8616074096750577,
          3.1480960995627427,
          3.0052693596899664,
          2.576571830268847,
          2.4336061007201053,
          3.1480960995627427,
          5.4268124985727555,
          6.842773412630957,
          9.22988624372772,
          10.342657140474627,
          9.78720366465616,
          11.996899307923577,
          11.447596263685636,
          13.088732789694076,
          14.036243467926479,
          13.766300685466273,
          14.975984514756677,
          13.90135076950909,
          13.495733280795767,
          12.81664764899739,
          10.481218144130889,
          10.203973721731748,
          9.50877195829791,
          9.369385096487514,
          10.203973721731668,
          10.342657140474548,
          10.619655276155134,
          11.034209003250266,
          11.309932474020215,
          11.859779120948026,
          13.360218444764483,
          12.952764513375502,
          13.631094443421603,
          14.57421619803871,
          14.036243467926479,
          14.842227057911055,
          15.109575122340402,
          13.766300685466273,
          13.495733280795767,
          11.996899307923577,
          11.172136252167194,
          11.585126224855031,
          11.585126224855031,
          11.585126224855072,
          11.859779120947948,
          11.034209003250266,
          10.619655276155175,
          11.447596263685595,
          9.926245506651705,
          8.530765609948133,
          7.406912128495215,
          7.406912128495215,
          7.406912128495215,
          7.406912128495215
        ],
        "horizontal_dist_map": 1346,
        "slope_dist_map": 1368,
        "elevation_diff_map": 222.2,
        "avg_slope_deg_map": 9.2,
        "max_slope_deg_map": 15.1
      },
      "geometry": {
        "type": "LineString",
        "coordinates": [
          [
            137.88753729035574,
            36.93352213840169,
            465.2
          ],
          [
            137.88757304643636,
            36.93360755359743,
            464.1
          ],
          [
            137.88760880251695,
            36.933692968793174,
            463.3
          ],
          [
            137.88764455859757,
            36.93377838398891,
            461.7
          ],
          [
            137.8876803146782,
            36.93386379918465,
            460.8
          ],
          [
            137.88773154835974,
            36.93394278527026,
            459.4
          ],
          [
            137.88779775151076,
            36.934015553314204,
            458.8
          ],
          [
            137.88786395466175,
            36.93408832135814,
            458.2
          ],
          [
            137.8879387096426,
            36.93415528312246,
            457.9
          ],
          [
            137.88801711279038,
            36.934219767957565,
            456.6
          ],
          [
            137.88809551593815,
            36.93428425279267,
            455.2
          ],
          [
            137.88817391908592,
            36.934348737627786,
            453.1
          ],
          [
            137.8882389459825,
            36.934421196704335,
            451.1
          ],
          [
            137.88829317794116,
            36.934500091174485,
            447.9
          ],
          [
            137.88834740989984,
            36.93457898564464,
            445.9
          ],
          [
            137.8884016418585,
            36.9346578801148,
            443.9
          ],
          [
            137.88845587381718,
            36.934736774584955,
            441.7
          ],
          [
            137.88850057612123,
            36.93481904729269,
            440.2
          ],
          [
            137.8885366780055,
            36.934904368826686,
            437.5
          ],
          [
            137.88858530448775,
            36.93498532619992,
            435.1
          ],
          [
            137.88863829074273,
            36.93506476442268,
            433.2
          ],
          [
            137.8886912769977,
            36.93514420264543,
            430.9
          ],
          [
            137.88874503385603,
            36.93522327634037,
            429.8
          ],
          [
            137.88880592818546,
            36.93529897371119,
            429.1
          ],
          [
            137.8888923715943,
            36.9353557712121,
            428.4
          ],
          [
            137.88898138818215,
            36.935410665210064,
            428.0
          ],
          [
            137.88907040477,
            36.935465559208026,
            427.6
          ],
          [
            137.88916065884646,
            36.93551870683086,
            427.3
          ],
          [
            137.88926492976972,
            36.9355520735263,
            427.0
          ],
          [
            137.88936920069298,
            36.93558544022175,
            426.4
          ],
          [
            137.88947458934814,
            36.935616059203255,
            426.2
          ],
          [
            137.88958329650168,
            36.93563852033938,
            425.4
          ],
          [
            137.8896920036552,
            36.9356609814755,
            424.8
          ],
          [
            137.88980071080871,
            36.93568344261163,
            423.9
          ],
          [
            137.88990941796223,
            36.935705903747746,
            423.4
          ],
          [
            137.89001857173633,
            36.93572660086917,
            422.3
          ],
          [
            137.89012957714243,
            36.93573998461045,
            420.8
          ],
          [
            137.89024058254853,
            36.935753368351726,
            419.2
          ],
          [
            137.8903515879546,
            36.93576675209301,
            417.5
          ],
          [
            137.8904625933607,
            36.935780135834285,
            416.5
          ],
          [
            137.8905735987668,
            36.93579351957557,
            414.9
          ],
          [
            137.8906846041729,
            36.93580690331685,
            413.6
          ],
          [
            137.89079436647324,
            36.935825567718595,
            412.2
          ],
          [
            137.8909038003941,
            36.935845627062534,
            410.8
          ],
          [
            137.89101323431498,
            36.93586568640647,
            409.2
          ],
          [
            137.89112266823582,
            36.93588574575041,
            407.9
          ],
          [
            137.89123220742493,
            36.935905379947144,
            406.8
          ],
          [
            137.89134287975918,
            36.93592043770623,
            405.2
          ],
          [
            137.89145355209345,
            36.935935495465316,
            404.3
          ],
          [
            137.8915608901686,
            36.93596129955577,
            403.3
          ],
          [
            137.8916627178679,
            36.93599840778314,
            402.7
          ],
          [
            137.8917595494851,
            36.936043852565064,
            402.2
          ],
          [
            137.8918536610031,
            36.93609296667792,
            401.3
          ],
          [
            137.8919477725211,
            36.93614208079077,
            400.4
          ],
          [
            137.89203364210718,
            36.93619948931507,
            398.8
          ],
          [
            137.89211421301712,
            36.93626223025424,
            396.4
          ],
          [
            137.89219526671806,
            36.93632453770039,
            393.8
          ],
          [
            137.8922819308857,
            36.936381807567116,
            390.7
          ],
          [
            137.89236859505334,
            36.93643907743383,
            388.9
          ],
          [
            137.89245525922098,
            36.93649634730055,
            386.3
          ],
          [
            137.89254192338862,
            36.93655361716726,
            383.8
          ],
          [
            137.89262858755626,
            36.93661088703398,
            381.7
          ],
          [
            137.8927152517239,
            36.9366681569007,
            379.2
          ],
          [
            137.89280191589154,
            36.93672542676742,
            376.9
          ],
          [
            137.89288858005918,
            36.93678269663413,
            374.8
          ],
          [
            137.8929752442268,
            36.93683996650085,
            371.8
          ],
          [
            137.89306190839443,
            36.93689723636757,
            369.5
          ],
          [
            137.89314857256207,
            36.93695450623429,
            367.3
          ],
          [
            137.8932352367297,
            36.937011776101,
            364.7
          ],
          [
            137.89332190089735,
            36.93706904596772,
            362.4
          ],
          [
            137.893408565065,
            36.93712631583443,
            360.6
          ],
          [
            137.89349699419213,
            36.93718179763862,
            358.4
          ],
          [
            137.89358628867862,
            36.93723640275605,
            356.1
          ],
          [
            137.89367558316513,
            36.937291007873476,
            354.3
          ],
          [
            137.89376487765162,
            36.9373456129909,
            351.7
          ],
          [
            137.89385417213813,
            36.93740021810833,
            350.0
          ],
          [
            137.89394346662462,
            36.93745482322576,
            347.8
          ],
          [
            137.8940327611111,
            36.93750942834318,
            346.3
          ],
          [
            137.89412205559762,
            36.93756403346061,
            344.5
          ],
          [
            137.8942113500841,
            36.93761863857804,
            342.4
          ],
          [
            137.89430064457062,
            36.937673243695464,
            341.4
          ],
          [
            137.8943899390571,
            36.93772784881289,
            340.5
          ],
          [
            137.8944792335436,
            36.93778245393032,
            340.0
          ],
          [
            137.8945685280301,
            36.937837059047745,
            339.3
          ],
          [
            137.8946578225166,
            36.93789166416517,
            338.7
          ],
          [
            137.89474711700308,
            36.9379462692826,
            338.3
          ],
          [
            137.8948364114896,
            36.938000874400025,
            337.9
          ],
          [
            137.89492570597608,
            36.93805547951745,
            337.5
          ],
          [
            137.8950150004626,
            36.93811008463488,
            337.0
          ],
          [
            137.89510429494908,
            36.938164689752305,
            336.1
          ],
          [
            137.89519807455184,
            36.9382140192758,
            334.1
          ],
          [
            137.89529397671728,
            36.93826085214637,
            332.7
          ],
          [
            137.89538987888272,
            36.93830768501694,
            330.5
          ],
          [
            137.89548578104817,
            36.938354517887504,
            328.8
          ],
          [
            137.8955816832136,
            36.93840135075808,
            327.2
          ],
          [
            137.89567758537905,
            36.938448183628644,
            324.2
          ],
          [
            137.89577348754446,
            36.93849501649921,
            322.4
          ],
          [
            137.8958693897099,
            36.938541849369784,
            319.5
          ],
          [
            137.89596529187534,
            36.93858868224035,
            317.2
          ],
          [
            137.89606119404078,
            36.93863551511092,
            314.4
          ],
          [
            137.89615709620622,
            36.93868234798149,
            311.7
          ],
          [
            137.89625299837164,
            36.93872918085206,
            309.6
          ],
          [
            137.89634890053708,
            36.93877601372263,
            307.6
          ],
          [
            137.89644480270252,
            36.9388228465932,
            305.3
          ],
          [
            137.89654070486796,
            36.938869679463764,
            304.3
          ],
          [
            137.89663662253233,
            36.93891649090736,
            302.4
          ],
          [
            137.8967348486821,
            36.93896011091752,
            300.9
          ],
          [
            137.89683307483182,
            36.93900373092768,
            298.7
          ],
          [
            137.89693130098158,
            36.93904735093784,
            297.1
          ],
          [
            137.8970295271313,
            36.939090970948,
            295.1
          ],
          [
            137.89712775328104,
            36.93913459095816,
            293.4
          ],
          [
            137.8972259794308,
            36.93917821096832,
            290.9
          ],
          [
            137.89732420558053,
            36.93922183097848,
            289.1
          ],
          [
            137.8974224317303,
            36.93926545098864,
            286.7
          ],
          [
            137.89752065788002,
            36.9393090709988,
            283.9
          ],
          [
            137.89762112418916,
            36.93934917507011,
            281.7
          ],
          [
            137.897722684156,
            36.93938756264135,
            279.4
          ],
          [
            137.89782424412286,
            36.93942595021259,
            276.3
          ],
          [
            137.8979258040897,
            36.93946433778382,
            273.9
          ],
          [
            137.89802736405656,
            36.939502725355055,
            271.1
          ],
          [
            137.8981289240234,
            36.93954111292629,
            268.6
          ],
          [
            137.89823048399026,
            36.93957950049753,
            266.5
          ],
          [
            137.8983320439571,
            36.93961788806877,
            264.3
          ],
          [
            137.89843360392396,
            36.939656275640004,
            262.6
          ],
          [
            137.8985351638908,
            36.93969466321124,
            260.7
          ],
          [
            137.89863672385766,
            36.93973305078248,
            258.3
          ],
          [
            137.8987310209027,
            36.939781432949005,
            256.1
          ],
          [
            137.89882263876456,
            36.93983350197214,
            254.4
          ],
          [
            137.89891425662643,
            36.93988557099528,
            252.3
          ],
          [
            137.8990058744883,
            36.939937640018414,
            250.5
          ],
          [
            137.89909749235017,
            36.939989709041555,
            248.6
          ],
          [
            137.89918911021203,
            36.94004177806469,
            246.3
          ],
          [
            137.8992719526328,
            36.94010232978053,
            245.3
          ],
          [
            137.89935254610987,
            36.9401650554154,
            244.5
          ],
          [
            137.89943313958693,
            36.94022778105027,
            243.4
          ],
          [
            137.89948554389093,
            36.94026856714561,
            243.0
          ]
        ]
      }
    },
    {
      "type": "Feature",
      "properties": {
        "name": "第5ゲレンデ・林間",
        "slope_deg": [
          6.983937460085259,
          6.983937460085259,
          6.983937460085259,
          8.810732985984973,
          8.110047829419,
          9.648045316098093,
          11.447596263685636,
          10.342657140474548,
          9.78720366465624,
          9.369385096487514,
          6.842773412630876,
          7.406912128495294,
          9.369385096487358,
          10.203973721731748,
          12.13388017063338,
          11.585126224854955,
          10.065169352759877,
          8.250387228905435,
          5.568737077976604,
          2.576571830268928,
          -0.5729386976834533,
          -0.4297102894009785,
          -0.2864765102769768,
          1.7183580016553597,
          3.0052693596899664,
          1.8614576304666637,
          5.000644597558433,
          6.560196400571341,
          6.701525844729388,
          8.250387228905595,
          7.406912128495133,
          9.369385096487514,
          8.950558656231758,
          8.810732985984814,
          7.547725773843206,
          6.135733340186728,
          5.9940929491083725,
          2.719505461272472,
          1.1457628381750384,
          -1.0025738037599647,
          0.2864765102771396,
          3.0052693596899664,
          2.2906100426385625,
          2.5765718302687652,
          0.7161599454704085,
          1.288937560186863,
          2.862405226111748,
          3.718993973158075,
          6.842773412630876,
          8.950558656231758,
          10.757967088390036,
          11.034209003250188,
          11.58512622485511,
          11.7225209701022,
          11.309932474020215,
          11.859779120948026,
          11.859779120947948,
          11.034209003250266,
          12.543973346572077,
          14.30555184662194,
          13.360218444764483,
          13.631094443421526,
          13.766300685466273,
          12.543973346572155,
          13.360218444764483,
          13.495733280795843,
          11.447596263685558,
          11.585126224855031,
          10.757967088390036,
          9.22988624372772,
          9.369385096487514,
          7.266008446996026,
          6.560196400571341,
          5.710593137499643,
          5.568737077976604,
          7.125016348901798,
          8.530765609948133,
          8.670801453590993,
          8.810732985984973,
          6.842773412630876,
          6.56019640057126,
          7.406912128495215,
          6.842773412630876,
          6.560196400571341,
          5.710593137499643,
          5.142764557884194,
          6.701525844729548,
          9.648045316098171,
          11.859779120948026,
          12.95276451337558,
          9.090276920822289,
          6.418786730238786,
          3.8616074096750577,
          1.5752369256830057,
          4.573921259900844,
          4.573921259900844,
          4.573921259900844,
          4.573921259900844
        ],
        "horizontal_dist_map": 961,
        "slope_dist_map": 973,
        "elevation_diff_map": 126.7,
        "avg_slope_deg_map": 7.4,
        "max_slope_deg_map": 14.3
      },
      "geometry": {
        "type": "LineString",
        "coordinates": [
          [
            137.8939724082234,
            36.923716388391384,
            573.0
          ],
          [
            137.8940715413481,
            36.92375863568405,
            572.6
          ],
          [
            137.8941706744728,
            36.92380088297672,
            570.4
          ],
          [
            137.89426793463215,
            36.923845846356805,
            569.5
          ],
          [
            137.89435196591086,
            36.92390223556645,
            568.1
          ],
          [
            137.89441373617478,
            36.923977394237625,
            566.4
          ],
          [
            137.8944626067998,
            36.92405851239932,
            564.7
          ],
          [
            137.89447723125426,
            36.924147699423656,
            562.7
          ],
          [
            137.89447396940562,
            36.92423513521369,
            560.0
          ],
          [
            137.8944306784621,
            36.92431768017715,
            559.1
          ],
          [
            137.89445144531715,
            36.92440606899434,
            557.8
          ],
          [
            137.8945182533328,
            36.924478475071574,
            556.1
          ],
          [
            137.89459101236915,
            36.92454676810698,
            555.2
          ],
          [
            137.89467025785075,
            36.924610578042426,
            553.9
          ],
          [
            137.8947517937499,
            36.92467248793938,
            551.2
          ],
          [
            137.89484500862676,
            36.924721720249494,
            548.9
          ],
          [
            137.89494711358168,
            36.92474933460163,
            546.6
          ],
          [
            137.89505875999794,
            36.9247401237231,
            545.7
          ],
          [
            137.89516983015184,
            36.92472720487312,
            544.1
          ],
          [
            137.89528087273285,
            36.92471410860491,
            543.1
          ],
          [
            137.89539191531387,
            36.92470101233669,
            542.7
          ],
          [
            137.8955033746704,
            36.92469048287206,
            543.9
          ],
          [
            137.89561488757587,
            36.924680283200274,
            544.5
          ],
          [
            137.89572673789772,
            36.92467364530462,
            543.4
          ],
          [
            137.8958388893871,
            36.9246701865418,
            542.9
          ],
          [
            137.89595107515837,
            36.92466758844544,
            542.7
          ],
          [
            137.89606236917066,
            36.92466088929972,
            542.4
          ],
          [
            137.89616954138512,
            36.92463413291194,
            542.1
          ],
          [
            137.8962767135996,
            36.924607376524165,
            539.4
          ],
          [
            137.896386203589,
            36.924588742146106,
            538.1
          ],
          [
            137.8964971943599,
            36.92457536684734,
            537.7
          ],
          [
            137.89660840447354,
            36.924565147624044,
            536.3
          ],
          [
            137.8967205596068,
            36.9245685260841,
            534.2
          ],
          [
            137.89683185812112,
            36.92457745278005,
            531.5
          ],
          [
            137.8969351765149,
            36.92460575787018,
            531.4
          ],
          [
            137.89701471197253,
            36.92466933487587,
            530.1
          ],
          [
            137.89707652061674,
            36.924744214368154,
            528.9
          ],
          [
            137.89712344922015,
            36.92482548598666,
            527.2
          ],
          [
            137.89717494331762,
            36.9249038009535,
            527.2
          ],
          [
            137.89725297974684,
            36.924967293351614,
            528.2
          ],
          [
            137.89735331186415,
            36.925007677467086,
            528.1
          ],
          [
            137.89744265124136,
            36.92506188737986,
            527.9
          ],
          [
            137.89753051337212,
            36.92511795525614,
            527.0
          ],
          [
            137.8976021904999,
            36.925186890641605,
            526.1
          ],
          [
            137.89767710124926,
            36.92525385407339,
            526.5
          ],
          [
            137.89775584552171,
            36.925318031336694,
            526.1
          ],
          [
            137.89783787867583,
            36.925379512250885,
            526.5
          ],
          [
            137.89792372647756,
            36.925437557038144,
            525.2
          ],
          [
            137.89798249922927,
            36.925513327142944,
            524.5
          ],
          [
            137.8980016088121,
            36.92559865178527,
            523.5
          ],
          [
            137.89799477758288,
            36.92568859409389,
            521.7
          ],
          [
            137.89798421779903,
            36.92577829904631,
            518.9
          ],
          [
            137.8979884820705,
            36.92586768553094,
            516.9
          ],
          [
            137.89803406421765,
            36.925945856161576,
            515.7
          ],
          [
            137.89810467015758,
            36.92601567807356,
            513.5
          ],
          [
            137.89816798394827,
            36.926090081222775,
            510.6
          ],
          [
            137.89820385883743,
            36.926174838631084,
            508.9
          ],
          [
            137.89816868812753,
            36.926244189122286,
            507.3
          ],
          [
            137.8980567298213,
            36.92623890421905,
            505.1
          ],
          [
            137.89794455322345,
            36.926238585292666,
            502.8
          ],
          [
            137.8978393517253,
            36.92625494719248,
            500.0
          ],
          [
            137.89774448200836,
            36.926303070493034,
            497.1
          ],
          [
            137.89764843124945,
            36.92634968644957,
            495.6
          ],
          [
            137.8975863401956,
            36.926424405955196,
            493.1
          ],
          [
            137.89760739494304,
            36.926506661197564,
            490.2
          ],
          [
            137.8976540048596,
            36.926588427894444,
            488.2
          ],
          [
            137.8977083048893,
            36.92666728978901,
            486.1
          ],
          [
            137.89775800399127,
            36.92674802618798,
            483.5
          ],
          [
            137.89780522127563,
            36.92682977372605,
            482.1
          ],
          [
            137.89780377042425,
            36.926917913310994,
            480.0
          ],
          [
            137.8977944720345,
            36.927007496506164,
            478.5
          ],
          [
            137.8978051722009,
            36.92709719543063,
            477.0
          ],
          [
            137.89781476804987,
            36.92718695614616,
            475.5
          ],
          [
            137.89781966967195,
            36.927276979522794,
            474.9
          ],
          [
            137.89784525962466,
            36.92736408507579,
            473.9
          ],
          [
            137.89788699271415,
            36.92744763518663,
            473.0
          ],
          [
            137.89789854897396,
            36.927532136983864,
            471.6
          ],
          [
            137.8978431301975,
            36.92760519825675,
            469.9
          ],
          [
            137.89775380281733,
            36.92765975643137,
            467.9
          ],
          [
            137.8976516592046,
            36.92769508768122,
            466.9
          ],
          [
            137.89754469250659,
            36.927722000123175,
            465.4
          ],
          [
            137.89743504536554,
            36.92774125196313,
            465.1
          ],
          [
            137.8973253982245,
            36.927760503803086,
            463.3
          ],
          [
            137.89722329264515,
            36.92779701782393,
            461.7
          ],
          [
            137.8971226896718,
            36.92783697121954,
            460.6
          ],
          [
            137.89701838514833,
            36.927870003591856,
            460.5
          ],
          [
            137.89690751912445,
            36.92788063291238,
            459.3
          ],
          [
            137.89679613418016,
            36.927884093184645,
            458.1
          ],
          [
            137.896690492325,
            36.92785365560524,
            455.9
          ],
          [
            137.8965860978115,
            36.92782056751636,
            453.7
          ],
          [
            137.896481777512,
            36.92778732172818,
            450.9
          ],
          [
            137.8963725915008,
            36.9277683160121,
            448.9
          ],
          [
            137.8962617437465,
            36.9277541735809,
            449.5
          ],
          [
            137.8961500302941,
            36.92776077916593,
            449.2
          ],
          [
            137.89603958191304,
            36.92777465614293,
            448.2
          ],
          [
            137.89593169939602,
            36.927799515747594,
            447.8
          ],
          [
            137.8958239958318,
            36.92782487177447,
            446.3
          ],
          [
            137.89580976887115,
            36.92782822114548,
            446.3
          ]
        ]
      }
    },
    {
      "type": "Feature",
      "properties": {
        "name": "第5ゲレンデ_2",
        "slope_deg": [
          15.509334522674754,
          15.509334522674754,
          15.509334522674754,
          14.9759845147566,
          14.305551846621862,
          12.816647648997312,
          13.631094443421603,
          13.631094443421603,
          12.95276451337558,
          13.360218444764483,
          13.495733280795843,
          13.90135076950909,
          13.90135076950909,
          13.901350769509243,
          11.7225209701022,
          10.619655276155134,
          11.447596263685636,
          11.44759626368548,
          12.13388017063338,
          13.088732789694,
          13.088732789694,
          13.088732789694,
          13.088732789694
        ],
        "horizontal_dist_map": 212,
        "slope_dist_map": 218,
        "elevation_diff_map": 49.6,
        "avg_slope_deg_map": 12.8,
        "max_slope_deg_map": 15.5
      },
      "geometry": {
        "type": "LineString",
        "coordinates": [
          [
            137.89199767544537,
            36.92343323359893,
            581.3
          ],
          [
            137.8920620453902,
            36.92350704920626,
            578.8
          ],
          [
            137.892126415335,
            36.92358086481359,
            575.8
          ],
          [
            137.89219078527987,
            36.92365468042092,
            572.8
          ],
          [
            137.8922551552247,
            36.923728496028254,
            570.2
          ],
          [
            137.8923195251695,
            36.92380231163558,
            568.1
          ],
          [
            137.89238389511434,
            36.92387612724291,
            565.6
          ],
          [
            137.8924439941377,
            36.92395215069523,
            563.7
          ],
          [
            137.89250104560665,
            36.92402974957519,
            560.5
          ],
          [
            137.8925580970756,
            36.92410734845515,
            558.4
          ],
          [
            137.89261514854456,
            36.924184947335114,
            556.4
          ],
          [
            137.89267220001352,
            36.924262546215076,
            554.2
          ],
          [
            137.89273001683176,
            36.92433974752606,
            550.9
          ],
          [
            137.8927948005464,
            36.92441332980738,
            548.5
          ],
          [
            137.89285958426103,
            36.924486912088696,
            546.5
          ],
          [
            137.89292436797567,
            36.92456049437002,
            544.3
          ],
          [
            137.8929891516903,
            36.92463407665134,
            542.6
          ],
          [
            137.89306544879832,
            36.92469991051211,
            541.0
          ],
          [
            137.89314437663683,
            36.924763973912555,
            538.4
          ],
          [
            137.89322330447536,
            36.924828037313006,
            536.2
          ],
          [
            137.89330223231386,
            36.92489210071346,
            534.0
          ],
          [
            137.89338116015236,
            36.9249561641139,
            531.7
          ],
          [
            137.89340132665896,
            36.92497253267298,
            531.7
          ]
        ]
      }
    },
    {
      "type": "Feature",
      "properties": {
        "name": "第5ゲレンデ",
        "slope_deg": [
          11.309932474020215,
          11.309932474020215,
          11.309932474020215,
          13.360218444764483,
          13.495733280795843,
          13.631094443421603,
          15.109575122340555,
          15.509334522674907,
          15.642246457208788,
          17.223436191131434,
          16.43605922463559,
          16.567741642974887,
          17.223436191131434,
          18.520849477471074,
          19.417554141579483,
          19.671969989200644,
          19.925580658184323,
          17.874511367250282,
          16.96170588653282,
          14.57421619803871,
          13.360218444764483,
          11.859779120948026,
          12.270720357815385,
          12.270720357815309,
          11.859779120947948,
          11.996899307923577,
          10.619655276155134,
          9.22988624372772,
          8.11004782941908,
          8.11004782941908,
          7.829076510059608,
          8.530765609948133,
          8.670801453590993,
          8.95055865623168,
          9.22988624372772,
          9.22988624372772,
          11.034209003250266,
          10.065169352759877,
          9.926245506651705,
          9.50877195829783,
          9.369385096487436,
          9.787203664656081,
          11.447596263685636,
          11.996899307923577,
          13.360218444764483,
          14.43996512100273,
          15.242997742901547,
          15.509334522674907,
          13.766300685466273,
          14.170977562933123,
          11.996899307923577,
          12.816647648997467,
          12.13388017063338,
          11.447596263685558,
          11.996899307923577,
          10.342657140474548,
          11.447596263685558,
          10.757967088390036,
          9.926245506651705,
          11.309932474020215,
          11.859779120948026,
          13.90135076950909,
          14.842227057911131,
          14.170977562933123,
          12.407418527400683,
          11.034209003250266,
          10.203973721731668,
          9.22988624372772,
          9.648045316098171,
          7.829076510059608,
          7.266008446995947,
          7.829076510059608,
          7.829076510059608,
          7.829076510059608,
          7.829076510059608
        ],
        "horizontal_dist_map": 734,
        "slope_dist_map": 753,
        "elevation_diff_map": 160.2,
        "avg_slope_deg_map": 12.0,
        "max_slope_deg_map": 19.9
      },
      "geometry": {
        "type": "LineString",
        "coordinates": [
          [
            137.89367503887658,
            36.92373360086039,
            570.1
          ],
          [
            137.89365901753914,
            36.923822787419596,
            568.2
          ],
          [
            137.8936429962017,
            36.92391197397881,
            566.1
          ],
          [
            137.89362697486422,
            36.92400116053802,
            564.1
          ],
          [
            137.89359992941397,
            36.92408771788133,
            562.1
          ],
          [
            137.8935527079817,
            36.92416946331701,
            558.7
          ],
          [
            137.8935054865495,
            36.924251208752686,
            556.5
          ],
          [
            137.89346483457584,
            36.9243347305758,
            554.4
          ],
          [
            137.8934408401229,
            36.924422756607285,
            551.3
          ],
          [
            137.89341684566998,
            36.92451078263877,
            547.6
          ],
          [
            137.89340982332857,
            36.924600169713514,
            545.3
          ],
          [
            137.89341165801224,
            36.92469026705901,
            542.0
          ],
          [
            137.89341631275724,
            36.92477996525213,
            539.5
          ],
          [
            137.8934529631731,
            36.92486513476783,
            535.7
          ],
          [
            137.89348961358897,
            36.92495030428353,
            532.9
          ],
          [
            137.8935305988686,
            36.92503358404662,
            528.6
          ],
          [
            137.89359960981608,
            36.92510464622192,
            525.4
          ],
          [
            137.89366862076358,
            36.92517570839721,
            521.4
          ],
          [
            137.89373763171105,
            36.92524677057251,
            518.4
          ],
          [
            137.89380664265852,
            36.9253178327478,
            515.7
          ],
          [
            137.89387984285491,
            36.92538571573139,
            513.2
          ],
          [
            137.89396433274598,
            36.92544503104455,
            511.0
          ],
          [
            137.89404882263705,
            36.92550434635773,
            508.9
          ],
          [
            137.8941333125281,
            36.92556366167089,
            507.3
          ],
          [
            137.89421780241918,
            36.92562297698406,
            504.5
          ],
          [
            137.89430229231024,
            36.92568229229723,
            502.3
          ],
          [
            137.89440199033837,
            36.92572309456158,
            500.5
          ],
          [
            137.89450317081753,
            36.92576209222039,
            498.8
          ],
          [
            137.89460435129672,
            36.92580108987919,
            497.0
          ],
          [
            137.89470553177588,
            36.92584008753799,
            495.8
          ],
          [
            137.89480671225505,
            36.92587908519679,
            494.8
          ],
          [
            137.8948941320987,
            36.925934830667416,
            493.1
          ],
          [
            137.8949786075496,
            36.92599415970331,
            491.5
          ],
          [
            137.89506308300048,
            36.9260534887392,
            489.8
          ],
          [
            137.895145073648,
            36.92611471869539,
            488.7
          ],
          [
            137.89521480929054,
            36.926185323955714,
            486.8
          ],
          [
            137.8952845449331,
            36.92625592921605,
            485.0
          ],
          [
            137.89535428057565,
            36.926326534476374,
            483.3
          ],
          [
            137.89540908710524,
            36.9264041635328,
            480.9
          ],
          [
            137.89545172627317,
            36.92648751704637,
            479.7
          ],
          [
            137.8954943654411,
            36.92657087055993,
            478.0
          ],
          [
            137.89553287996915,
            36.92665537477027,
            476.6
          ],
          [
            137.895563808298,
            36.92674199538719,
            474.3
          ],
          [
            137.89559473662683,
            36.926828616004116,
            472.8
          ],
          [
            137.8956256649557,
            36.92691523662104,
            469.9
          ],
          [
            137.8956619645468,
            36.92700049666211,
            468.1
          ],
          [
            137.89569855583008,
            36.92708568281565,
            464.8
          ],
          [
            137.8957240754342,
            36.927173105815676,
            462.5
          ],
          [
            137.8957420642953,
            36.9272620502756,
            459.0
          ],
          [
            137.8957600531564,
            36.927350994735534,
            457.0
          ],
          [
            137.8957770623521,
            36.927439947556266,
            455.0
          ],
          [
            137.8957614326445,
            36.92752917892882,
            452.4
          ],
          [
            137.89574580293686,
            36.92761841030138,
            450.5
          ],
          [
            137.8957313826052,
            36.92770776425089,
            447.9
          ],
          [
            137.89571889886957,
            36.927797314485154,
            446.4
          ],
          [
            137.89570641513396,
            36.92788686471942,
            444.3
          ],
          [
            137.89569393139837,
            36.927976414953676,
            442.0
          ],
          [
            137.8956793960965,
            36.92806566743265,
            440.6
          ],
          [
            137.8956520366745,
            36.92815305867527,
            438.3
          ],
          [
            137.89561612221303,
            36.92823724387788,
            436.7
          ],
          [
            137.8955502491076,
            36.92831020194222,
            435.0
          ],
          [
            137.89548437600217,
            36.92838316000655,
            432.6
          ],
          [
            137.89541850289675,
            36.92845611807088,
            429.9
          ],
          [
            137.89535262979132,
            36.92852907613521,
            426.8
          ],
          [
            137.89528827943525,
            36.92860290159944,
            424.4
          ],
          [
            137.89522427027035,
            36.92867692141553,
            422.5
          ],
          [
            137.8951917760443,
            36.92875900512391,
            421.1
          ],
          [
            137.89519062876005,
            36.92884910973827,
            419.0
          ],
          [
            137.89518948147577,
            36.92893921435264,
            417.2
          ],
          [
            137.89519202362217,
            36.92902901433074,
            416.0
          ],
          [
            137.8952159918749,
            36.92911704515537,
            414.3
          ],
          [
            137.8952399601276,
            36.92920507598,
            413.5
          ],
          [
            137.89526392838033,
            36.929293106804636,
            412.1
          ],
          [
            137.89528789663305,
            36.92938113762927,
            410.5
          ],
          [
            137.89529964252162,
            36.92942427803956,
            409.9
          ]
        ]
      }
    },
    {
      "type": "Feature",
      "properties": {
        "name": "第6ゲレンデ",
        "slope_deg": [
          -14.708303899682749,
          -14.708303899682749,
          -14.708303899682749,
          -10.065169352759877,
          -8.9505586562316,
          1.288937560186863,
          13.90135076950909,
          14.170977562933123,
          19.290046219188735,
          18.26288994219419,
          21.305783617828798,
          21.677820852504393,
          21.924785220541203,
          21.924785220541203,
          21.056705590704752,
          20.43036232928569,
          20.806791012711145,
          22.293629159694053,
          19.417554141579483,
          21.305783617828656,
          18.77803322244557,
          17.874511367250282,
          17.744671625056874,
          15.774985955414158,
          15.242997742901547,
          14.170977562933123,
          13.901350769509243,
          14.036243467926479,
          13.495733280795843,
          13.495733280795843,
          12.816647648997312,
          10.757967088390036,
          11.034209003250343,
          8.670801453590833,
          9.369385096487514,
          9.508771958297752,
          9.648045316098093,
          10.065169352759877,
          10.481218144130889,
          11.172136252167116,
          11.034209003250188,
          13.224551192213497,
          12.68038349181982,
          14.170977562933123,
          16.304198003832376,
          15.109575122340555,
          17.35402463626132,
          17.092662950267574,
          17.6146433000071,
          18.133621430820412,
          17.744671625057023,
          16.96170588653282,
          15.907551930525813,
          15.774985955414008,
          15.509334522674907,
          16.039943306049665,
          16.96170588653282,
          16.830565983210626,
          17.35402463626132,
          16.830565983210626,
          15.907551930525962,
          14.842227057911131,
          13.49573328079569,
          12.270720357815385,
          10.619655276155134,
          10.481218144130889,
          9.09027692082245,
          8.39062701325255,
          7.266008446995867,
          6.277298489597523,
          5.142764557884112,
          5.284821092508918,
          4.004172940709484,
          3.0052693596899664,
          3.0052693596899664,
          3.0052693596899664,
          3.0052693596899664
        ],
        "horizontal_dist_map": 759,
        "slope_dist_map": 787,
        "elevation_diff_map": 169.1,
        "avg_slope_deg_map": 12.1,
        "max_slope_deg_map": 22.3
      },
      "geometry": {
        "type": "LineString",
        "coordinates": [
          [
            137.88607314958742,
            36.92224077604356,
            738.5
          ],
          [
            137.88602726542928,
            36.92215854157884,
            739.1
          ],
          [
            137.88598138127114,
            36.92207630711412,
            739.7
          ],
          [
            137.8859330610278,
            36.92199499157594,
            743.0
          ],
          [
            137.88588351644748,
            36.92191413787538,
            749.0
          ],
          [
            137.88592051390535,
            36.9218362277339,
            746.2
          ],
          [
            137.88598234768958,
            36.92176700399776,
            746.0
          ],
          [
            137.88609045214992,
            36.92179121120507,
            742.1
          ],
          [
            137.88619855661025,
            36.921815418412386,
            739.1
          ],
          [
            137.8863066610706,
            36.9218396256197,
            736.1
          ],
          [
            137.88641476553093,
            36.921863832827015,
            732.0
          ],
          [
            137.88652286999127,
            36.921888040034325,
            728.9
          ],
          [
            137.88663103664132,
            36.921912067139196,
            723.5
          ],
          [
            137.88673925909745,
            36.92193593262871,
            720.2
          ],
          [
            137.8868474815536,
            36.92195979811822,
            715.9
          ],
          [
            137.8869557040097,
            36.92198366360774,
            712.8
          ],
          [
            137.88706392646583,
            36.92200752909726,
            708.1
          ],
          [
            137.88717214892193,
            36.92203139458677,
            705.3
          ],
          [
            137.8872807685493,
            36.92205399779874,
            700.7
          ],
          [
            137.88739012568539,
            36.92207425708273,
            696.4
          ],
          [
            137.88749948282148,
            36.92209451636672,
            694.0
          ],
          [
            137.88760883995758,
            36.922114775650705,
            689.7
          ],
          [
            137.88771819709368,
            36.92213503493469,
            687.1
          ],
          [
            137.88782755422977,
            36.92215529421868,
            683.5
          ],
          [
            137.88793691136587,
            36.92217555350267,
            681.2
          ],
          [
            137.88804466098227,
            36.922200107707766,
            678.4
          ],
          [
            137.88814981119484,
            36.922231606919304,
            676.2
          ],
          [
            137.8882549614074,
            36.92226310613084,
            673.4
          ],
          [
            137.88836011161996,
            36.92229460534238,
            671.3
          ],
          [
            137.88846526183252,
            36.92232610455392,
            668.4
          ],
          [
            137.88857018895845,
            36.92235808013118,
            666.6
          ],
          [
            137.88867511507564,
            36.922390057862465,
            663.8
          ],
          [
            137.88878004119286,
            36.92242203559375,
            662.2
          ],
          [
            137.88888496731005,
            36.92245401332503,
            660.8
          ],
          [
            137.88898989347533,
            36.922485991031294,
            658.8
          ],
          [
            137.88909481994693,
            36.922517968578255,
            657.7
          ],
          [
            137.88919974641854,
            36.922549946125216,
            655.6
          ],
          [
            137.88930467289015,
            36.922581923672176,
            654.1
          ],
          [
            137.88940959936176,
            36.92261390121914,
            652.0
          ],
          [
            137.88951452583336,
            36.9226458787661,
            650.6
          ],
          [
            137.88961945230497,
            36.92267785631306,
            648.2
          ],
          [
            137.88972437877655,
            36.92270983386002,
            646.2
          ],
          [
            137.88983167707886,
            36.92273605064986,
            644.2
          ],
          [
            137.8899396711809,
            36.922760577465134,
            641.2
          ],
          [
            137.890047665283,
            36.922785104280415,
            639.2
          ],
          [
            137.89015565938504,
            36.92280963109569,
            636.1
          ],
          [
            137.89026365348712,
            36.92283415791096,
            632.5
          ],
          [
            137.8903716475892,
            36.92285868472624,
            630.4
          ],
          [
            137.89047964169126,
            36.92288321154152,
            626.7
          ],
          [
            137.89058763579334,
            36.92290773835679,
            623.8
          ],
          [
            137.8906956298954,
            36.92293226517207,
            619.8
          ],
          [
            137.89080362399747,
            36.922956791987346,
            617.3
          ],
          [
            137.89091161809952,
            36.92298131880262,
            613.9
          ],
          [
            137.8910196122016,
            36.9230058456179,
            611.6
          ],
          [
            137.89112697178396,
            36.92303210282258,
            608.4
          ],
          [
            137.89123427920043,
            36.9230585022881,
            606.0
          ],
          [
            137.8913415866169,
            36.92308490175362,
            602.8
          ],
          [
            137.89144889403337,
            36.92311130121914,
            600.1
          ],
          [
            137.89155620144984,
            36.923137700684656,
            596.2
          ],
          [
            137.89166350886632,
            36.92316410015017,
            593.9
          ],
          [
            137.8917708162828,
            36.923190499615686,
            590.3
          ],
          [
            137.89187812369926,
            36.923216899081204,
            588.0
          ],
          [
            137.89198543111573,
            36.92324329854672,
            584.8
          ],
          [
            137.8920927385322,
            36.92326969801224,
            583.3
          ],
          [
            137.89220004594867,
            36.92329609747775,
            580.7
          ],
          [
            137.89230735336514,
            36.92332249694327,
            579.3
          ],
          [
            137.8924146607816,
            36.92334889640879,
            577.3
          ],
          [
            137.89252125698098,
            36.9233770543754,
            575.9
          ],
          [
            137.8926274026995,
            36.92340632616651,
            574.3
          ],
          [
            137.89273354841805,
            36.923435597957614,
            573.4
          ],
          [
            137.8928396941366,
            36.92346486974872,
            572.2
          ],
          [
            137.89294583985514,
            36.92349414153983,
            571.5
          ],
          [
            137.89305198557366,
            36.92352341333093,
            570.7
          ],
          [
            137.8931581312922,
            36.92355268512204,
            569.7
          ],
          [
            137.89326427701076,
            36.92358195691315,
            569.4
          ],
          [
            137.8933704227293,
            36.92361122870425,
            569.4
          ],
          [
            137.89346822557854,
            36.92363819978337,
            569.4
          ]
        ]
      }
    },
    {
      "type": "Feature",
      "properties": {
        "name": "第3・深雪",
        "slope_deg": [
          31.79891282429449,
          31.79891282429449,
          31.79891282429449,
          30.22079992383123,
          28.59038406079068,
          23.50904022419257,
          20.931852540892464,
          19.417554141579483,
          15.774985955414008,
          16.039943306049665,
          14.57421619803871,
          12.407418527400838,
          11.722520970102357,
          11.722520970102357,
          11.722520970102357,
          11.722520970102357
        ],
        "horizontal_dist_map": 143,
        "slope_dist_map": 154,
        "elevation_diff_map": 53.3,
        "avg_slope_deg_map": 19.0,
        "max_slope_deg_map": 31.8
      },
      "geometry": {
        "type": "LineString",
        "coordinates": [
          [
            137.88754482697922,
            36.9255899168048,
            710.6
          ],
          [
            137.88746055720438,
            36.92564943375002,
            705.0
          ],
          [
            137.88737628742956,
            36.92570895069524,
            698.7
          ],
          [
            137.8872868082823,
            36.92576282521985,
            691.2
          ],
          [
            137.88719137469204,
            36.925810250316516,
            685.8
          ],
          [
            137.88710086921324,
            36.92586341240744,
            681.7
          ],
          [
            137.8870117426968,
            36.92591817979869,
            676.9
          ],
          [
            137.88692487260482,
            36.92597511951791,
            673.8
          ],
          [
            137.88684175850244,
            36.92603567524168,
            670.5
          ],
          [
            137.88676563874924,
            36.92610083346687,
            667.6
          ],
          [
            137.88670800012957,
            36.92617815285829,
            665.6
          ],
          [
            137.88665098312458,
            36.926255737102245,
            662.3
          ],
          [
            137.8866035346772,
            36.92633739823926,
            660.1
          ],
          [
            137.8865560862298,
            36.92641905937628,
            658.8
          ],
          [
            137.88650863778238,
            36.926500720513296,
            657.3
          ],
          [
            137.88649279597718,
            36.926527985047706,
            657.3
          ]
        ]
      }
    },
    {
      "type": "Feature",
      "properties": {
        "name": "第6ゲレンデ・林間",
        "slope_deg": [
          -0.4297102894009785,
          -0.4297102894009785,
          -0.4297102894009785,
          -0.4297102894009785,
          -0.5729386976836163,
          -2.576571830268928,
          -4.858462919034416,
          -5.710593137499643,
          -5.710593137499643,
          -5.000644597558433,
          -3.7189939731579127,
          -4.289153328819018,
          -4.858462919034255,
          -6.418786730238786,
          -8.11004782941916,
          -11.172136252167116,
          -12.27072035781523,
          -11.859779120947948,
          -13.224551192213497,
          -12.68038349181982,
          -12.68038349181982,
          -12.68038349181982,
          -11.58512622485511,
          -10.619655276155134,
          -11.309932474020215,
          -12.13388017063338,
          -12.13388017063338,
          -11.447596263685636,
          -11.447596263685636,
          -13.088732789694,
          -14.036243467926479,
          -14.708303899682749,
          -12.13388017063338,
          -5.994092949108534,
          -4.573921259900764,
          -3.4336303624504896,
          -5.4268124985727555,
          -8.810732985984814,
          -9.369385096487514,
          -8.810732985984973,
          -8.390627013252708,
          -10.203973721731748,
          -9.50877195829791,
          -10.20397372173159,
          -10.481218144130889,
          -10.203973721731748,
          -8.810732985984814,
          -8.810732985984973,
          -8.39062701325255,
          -7.68844776990284,
          -9.648045316098251,
          -8.9505586562316,
          -10.065169352759877,
          -8.250387228905435,
          -5.4268124985727555,
          -3.148096099562824,
          0.8593722436447134,
          2.719505461272472,
          0.8593722436447134,
          -1.7183580016555222,
          -6.277298489597523,
          -8.810732985984973,
          -9.369385096487514,
          -9.926245506651705,
          -9.22988624372772,
          -11.44759626368548,
          -11.172136252167116,
          -10.20397372173159,
          -10.481218144130889,
          -7.125016348901798,
          -4.858462919034255,
          -5.710593137499643,
          -5.142764557884274,
          -6.135733340186889,
          -8.950558656231758,
          -8.950558656231758,
          -7.969610394321392,
          -7.406912128495133,
          -5.284821092508918,
          -4.0041729407093225,
          -3.0052693596899664,
          -3.2908836860673905,
          -5.426812498572917,
          -7.125016348901798,
          -9.508771958297752,
          -9.926245506651705,
          -9.090276920822289,
          -8.9505586562316,
          -7.829076510059608,
          -8.110047829419,
          -7.68844776990284,
          -6.560196400571341,
          -6.701525844729548,
          -6.701525844729548,
          -7.829076510059608,
          -8.810732985984973,
          -10.203973721731748,
          -11.58512622485511,
          -11.859779120947948,
          -11.7225209701022,
          -11.7225209701022,
          -11.172136252167116,
          -10.342657140474707,
          -10.203973721731748,
          -9.926245506651705,
          -9.926245506651705,
          -10.065169352759877,
          -11.585126224854955,
          -10.757967088390036,
          -9.926245506651705,
          -10.619655276155134,
          -8.810732985984973,
          -9.508771958297752,
          -8.810732985984814,
          -6.983937460085259,
          -6.983937460085259,
          -6.983937460085259,
          -6.983937460085259
        ],
        "horizontal_dist_map": 1169,
        "slope_dist_map": 1184,
        "elevation_diff_map": -166.3,
        "avg_slope_deg_map": -8.0,
        "max_slope_deg_map": 2.7
      },
      "geometry": {
        "type": "LineString",
        "coordinates": [
          [
            137.89363708982296,
            36.92345910992932,
            570.0
          ],
          [
            137.89367706891716,
            36.92337521240971,
            570.2
          ],
          [
            137.89366994046335,
            36.92328716399798,
            570.3
          ],
          [
            137.89360690423922,
            36.92321261031832,
            570.3
          ],
          [
            137.89354279343266,
            36.923138665371454,
            570.3
          ],
          [
            137.89347644873692,
            36.923065985885096,
            570.5
          ],
          [
            137.89340659443135,
            36.92299572595587,
            570.7
          ],
          [
            137.89332739760897,
            36.92293188343247,
            572.1
          ],
          [
            137.89325022778957,
            36.92286645544634,
            573.7
          ],
          [
            137.8931631815562,
            36.92281055940572,
            574.5
          ],
          [
            137.89306900805354,
            36.92276154205026,
            574.7
          ],
          [
            137.8929731041943,
            36.922714740232976,
            575.6
          ],
          [
            137.89288119835595,
            36.92266332033406,
            576.3
          ],
          [
            137.89278858950115,
            36.922614668154544,
            577.5
          ],
          [
            137.8926803316439,
            36.922590903773425,
            578.1
          ],
          [
            137.89256825403302,
            36.922588437469976,
            580.1
          ],
          [
            137.89246310972655,
            36.922617642212444,
            582.0
          ],
          [
            137.89235926389782,
            36.922651810922545,
            585.4
          ],
          [
            137.89225579942288,
            36.92268672477179,
            586.8
          ],
          [
            137.89215233494792,
            36.92272163862104,
            588.5
          ],
          [
            137.89204124835766,
            36.922731443272454,
            591.4
          ],
          [
            137.89192937817234,
            36.92273866656126,
            594.4
          ],
          [
            137.89181865849886,
            36.92272954991696,
            595.8
          ],
          [
            137.89170851504127,
            36.92271224967304,
            597.5
          ],
          [
            137.89160505085852,
            36.92267884751249,
            599.6
          ],
          [
            137.8915039824462,
            36.92263966980032,
            601.9
          ],
          [
            137.89140572477328,
            36.92259613847239,
            603.8
          ],
          [
            137.89130759125672,
            36.92255241483598,
            606.1
          ],
          [
            137.89123770659626,
            36.922483299977586,
            608.2
          ],
          [
            137.89117256272533,
            36.92240992390458,
            610.0
          ],
          [
            137.8911403484914,
            36.92232417241838,
            611.9
          ],
          [
            137.89111188796602,
            36.922237008562185,
            615.4
          ],
          [
            137.89108187030874,
            36.92215018202577,
            618.2
          ],
          [
            137.8910473684105,
            36.92206481326375,
            620.5
          ],
          [
            137.89099369295346,
            36.92198567760193,
            620.5
          ],
          [
            137.8909183696823,
            36.921923989254836,
            619.6
          ],
          [
            137.89081960361597,
            36.921881194908906,
            621.4
          ],
          [
            137.89071925196785,
            36.92184087573052,
            622.9
          ],
          [
            137.89060914399263,
            36.921827917249566,
            624.3
          ],
          [
            137.89053672522616,
            36.921889073133,
            625.8
          ],
          [
            137.89056087994246,
            36.921975368353905,
            628.0
          ],
          [
            137.89057437027498,
            36.922057029205355,
            629.1
          ],
          [
            137.8904813507387,
            36.92210327958392,
            630.2
          ],
          [
            137.89038020711345,
            36.92209179878646,
            633.0
          ],
          [
            137.89027464449543,
            36.92206271912648,
            634.7
          ],
          [
            137.89020284423614,
            36.92211650346677,
            636.3
          ],
          [
            137.89021403847954,
            36.92220616353308,
            637.6
          ],
          [
            137.89021558670416,
            36.922296151761216,
            640.2
          ],
          [
            137.89019062865682,
            36.92237788494966,
            640.9
          ],
          [
            137.89010800688368,
            36.922438870036196,
            642.5
          ],
          [
            137.89000600873248,
            36.922470078108105,
            643.5
          ],
          [
            137.88989647067524,
            36.922489699087066,
            645.6
          ],
          [
            137.889786932618,
            36.922509320066034,
            647.7
          ],
          [
            137.88967875838998,
            36.922533295340045,
            648.8
          ],
          [
            137.88957248043994,
            36.92256089378128,
            650.6
          ],
          [
            137.88947692455716,
            36.92260815471517,
            651.4
          ],
          [
            137.88942601392546,
            36.92268499396978,
            651.5
          ],
          [
            137.88940133504272,
            36.92277135932677,
            651.0
          ],
          [
            137.8894036351683,
            36.92286144981427,
            650.0
          ],
          [
            137.88940770969998,
            36.92295140048375,
            649.5
          ],
          [
            137.889427268023,
            36.92304013107558,
            650.9
          ],
          [
            137.8894525171481,
            36.92312783697575,
            652.2
          ],
          [
            137.88948202806725,
            36.92321477549292,
            654.4
          ],
          [
            137.8895123006944,
            36.92330150088068,
            655.7
          ],
          [
            137.88955648149334,
            36.92338433469773,
            657.5
          ],
          [
            137.8896025368258,
            36.923466418850495,
            659.2
          ],
          [
            137.88965827015264,
            36.923544632575364,
            660.9
          ],
          [
            137.88971580666143,
            36.92362199858882,
            663.8
          ],
          [
            137.88977458903165,
            36.92369875045659,
            665.4
          ],
          [
            137.889818472372,
            36.92377668281155,
            666.4
          ],
          [
            137.889766530762,
            36.92385353966955,
            668.3
          ],
          [
            137.88966188151898,
            36.92387579189816,
            668.8
          ],
          [
            137.8895693020188,
            36.923827233688705,
            668.8
          ],
          [
            137.88948141852822,
            36.92377118976188,
            670.4
          ],
          [
            137.88937701030974,
            36.92373952963216,
            671.9
          ],
          [
            137.88926744864895,
            36.9237201683707,
            673.1
          ],
          [
            137.88915704739006,
            36.92370779408718,
            675.1
          ],
          [
            137.88904498510422,
            36.92371275920116,
            676.7
          ],
          [
            137.8889329717592,
            36.9237159462087,
            677.5
          ],
          [
            137.8888212920549,
            36.92370701145526,
            678.3
          ],
          [
            137.8887096123506,
            36.92369807670181,
            678.8
          ],
          [
            137.88859937086443,
            36.9236824492429,
            679.5
          ],
          [
            137.88849041875127,
            36.92366082172481,
            679.6
          ],
          [
            137.88838315376026,
            36.92363431238051,
            680.6
          ],
          [
            137.88827400417708,
            36.92361430743371,
            682.6
          ],
          [
            137.88816286860063,
            36.92361009125854,
            684.5
          ],
          [
            137.888079999812,
            36.923660449513754,
            686.3
          ],
          [
            137.88806402723958,
            36.92374964170929,
            687.6
          ],
          [
            137.88808789626606,
            36.92383740471125,
            689.0
          ],
          [
            137.88811399817203,
            36.92392504205676,
            690.8
          ],
          [
            137.88814121921786,
            36.92401246091067,
            691.8
          ],
          [
            137.8880705371678,
            36.924060053190416,
            693.3
          ],
          [
            137.88797337007227,
            36.924025281835036,
            694.4
          ],
          [
            137.8878784975178,
            36.923977576451875,
            695.4
          ],
          [
            137.88777904143322,
            36.92393582095024,
            696.5
          ],
          [
            137.8876801098211,
            36.92389332194081,
            698.0
          ],
          [
            137.88758435632462,
            36.923846317539684,
            699.9
          ],
          [
            137.88748860282817,
            36.923799313138566,
            701.6
          ],
          [
            137.8873928493317,
            36.92375230873744,
            703.7
          ],
          [
            137.8872992747644,
            36.92370268566162,
            706.2
          ],
          [
            137.8872085294278,
            36.92364966236737,
            708.3
          ],
          [
            137.88711778409123,
            36.92359663907312,
            709.9
          ],
          [
            137.88703094914007,
            36.923540026580625,
            712.0
          ],
          [
            137.8869534203476,
            36.92347487230904,
            714.1
          ],
          [
            137.8868758915551,
            36.92340971803747,
            715.6
          ],
          [
            137.88679836276262,
            36.923344563765895,
            717.1
          ],
          [
            137.8867259281284,
            36.92327576892497,
            719.0
          ],
          [
            137.88665430594068,
            36.92320639346453,
            721.1
          ],
          [
            137.88658268375292,
            36.92313701800409,
            722.7
          ],
          [
            137.8865240706977,
            36.92306095860245,
            725.3
          ],
          [
            137.88647561555692,
            36.922979680182316,
            726.6
          ],
          [
            137.88642716041616,
            36.92289840176218,
            728.1
          ],
          [
            137.8863787052754,
            36.92281712334205,
            730.2
          ],
          [
            137.88633025013465,
            36.92273584492192,
            731.5
          ],
          [
            137.8862859121163,
            36.922653067754915,
            733.3
          ],
          [
            137.8862416948673,
            36.92257024662453,
            734.3
          ],
          [
            137.88619747761825,
            36.92248742549415,
            735.1
          ],
          [
            137.8861572407051,
            36.92241205973292,
            736.3
          ]
        ]
      }
    },
    {
      "type": "Feature",
      "properties": {
        "name": "第2・上級_2",
        "slope_deg": [
          23.388482428994987,
          23.388482428994987,
          23.388482428994987,
          22.904057803636878,
          23.146707841882964,
          23.38848242899485,
          21.554019920478787,
          20.931852540892606,
          19.798876354524904,
          15.242997742901547,
          14.97598451475675,
          14.97598451475675,
          14.97598451475675,
          14.97598451475675
        ],
        "horizontal_dist_map": 124,
        "slope_dist_map": 133,
        "elevation_diff_map": 44.7,
        "avg_slope_deg_map": 18.6,
        "max_slope_deg_map": 23.4
      },
      "geometry": {
        "type": "LineString",
        "coordinates": [
          [
            137.88491564902054,
            36.927454706832386,
            649.6
          ],
          [
            137.88485045125944,
            36.92752805447017,
            644.6
          ],
          [
            137.88478525349834,
            36.92760140210796,
            641.2
          ],
          [
            137.88472005573726,
            36.92767474974575,
            636.4
          ],
          [
            137.88465742724082,
            36.92774950703588,
            632.3
          ],
          [
            137.8845959986669,
            36.92782492267527,
            627.7
          ],
          [
            137.88453760400196,
            36.92790171195601,
            624.1
          ],
          [
            137.88448965806015,
            36.92798310458639,
            619.1
          ],
          [
            137.88447009621362,
            36.92807183478875,
            616.5
          ],
          [
            137.88445053436706,
            36.92816056499112,
            612.4
          ],
          [
            137.88443097252053,
            36.92824929519348,
            609.7
          ],
          [
            137.88441141067398,
            36.928338025395846,
            608.2
          ],
          [
            137.88439184882742,
            36.92842675559821,
            605.8
          ],
          [
            137.8843828,
            36.9284678,
            604.9
          ]
        ]
      }
    },
    {
      "type": "Feature",
      "properties": {
        "name": "第2・明星尾根",
        "slope_deg": [
          9.787203664656081,
          9.787203664656081,
          9.787203664656081,
          9.926245506651705,
          9.926245506651705,
          9.648045316098093,
          9.369385096487514,
          8.670801453590993,
          8.670801453590993,
          9.369385096487514,
          8.9505586562316,
          10.065169352759877,
          9.508771958297752,
          10.619655276155134,
          11.859779120948104,
          11.172136252167116,
          12.68038349181982,
          11.309932474020215,
          11.996899307923577,
          14.170977562933123,
          13.495733280795843,
          15.774985955414158,
          14.84222705791098,
          14.97598451475675,
          16.69924423399362,
          15.37625124882619,
          16.830565983210626,
          15.642246457208639,
          15.642246457208788,
          16.039943306049665,
          16.172159015782583,
          17.6146433000071,
          16.830565983210477,
          18.26288994219404,
          19.034434354835135,
          17.744671625056874,
          18.133621430820412,
          16.304198003832376,
          15.109575122340555,
          15.37625124882619,
          14.842227057911131,
          15.109575122340402,
          15.109575122340402,
          13.90135076950909,
          13.766300685466197,
          14.170977562933123,
          13.766300685466351,
          13.766300685466351,
          13.766300685466351,
          13.360218444764483,
          11.996899307923577,
          12.952764513375426,
          11.585126224854955,
          11.585126224854955,
          11.585126224854955,
          11.585126224854955
        ],
        "horizontal_dist_map": 543,
        "slope_dist_map": 559,
        "elevation_diff_map": 130.1,
        "avg_slope_deg_map": 13.1,
        "max_slope_deg_map": 19.0
      },
      "geometry": {
        "type": "LineString",
        "coordinates": [
          [
            137.88336624409183,
            36.92758145114296,
            654.0
          ],
          [
            137.8832647042866,
            36.92761984627992,
            652.2
          ],
          [
            137.88316316448135,
            36.927658241416864,
            650.4
          ],
          [
            137.88306162467612,
            36.92769663655382,
            649.0
          ],
          [
            137.88296904084635,
            36.927746201103545,
            647.1
          ],
          [
            137.88288346832675,
            36.92780450978369,
            645.2
          ],
          [
            137.88282230434862,
            36.927879084722065,
            643.4
          ],
          [
            137.88277759047972,
            36.927960405250786,
            642.2
          ],
          [
            137.88276049360016,
            36.92804946304387,
            640.5
          ],
          [
            137.88274685506826,
            36.9281386784728,
            639.1
          ],
          [
            137.88275128638008,
            36.92822871754797,
            637.3
          ],
          [
            137.8827557176919,
            36.92831875662313,
            635.6
          ],
          [
            137.8827602950593,
            36.928408784093236,
            634.2
          ],
          [
            137.88277793389435,
            36.928497773745306,
            632.0
          ],
          [
            137.88279557272938,
            36.92858676339738,
            630.6
          ],
          [
            137.88281235074746,
            36.928675840249234,
            628.1
          ],
          [
            137.8828227987962,
            36.9287655583198,
            625.8
          ],
          [
            137.882833246845,
            36.92885527639037,
            624.1
          ],
          [
            137.88284369489378,
            36.92894499446094,
            621.6
          ],
          [
            137.88285596849255,
            36.929034530841335,
            620.1
          ],
          [
            137.88287312558847,
            36.929123581185486,
            617.3
          ],
          [
            137.8828902826844,
            36.929212631529644,
            614.0
          ],
          [
            137.88290743978033,
            36.9293016818738,
            612.0
          ],
          [
            137.88292459687625,
            36.92939073221796,
            608.8
          ],
          [
            137.88294134367865,
            36.929479830676456,
            606.7
          ],
          [
            137.8829566307429,
            36.92956910031564,
            603.3
          ],
          [
            137.88297191780717,
            36.92965836995482,
            600.0
          ],
          [
            137.88298720487145,
            36.92974763959401,
            597.8
          ],
          [
            137.8830024919357,
            36.929836909233195,
            594.6
          ],
          [
            137.8830305809257,
            36.92992298862757,
            592.1
          ],
          [
            137.8830809466531,
            36.9300035166504,
            588.8
          ],
          [
            137.88313131238053,
            36.93008404467323,
            586.3
          ],
          [
            137.88318167810795,
            36.930164572696064,
            583.0
          ],
          [
            137.88323204383533,
            36.93024510071889,
            579.4
          ],
          [
            137.88329546613943,
            36.930318150956566,
            576.7
          ],
          [
            137.88337392312124,
            36.930382590507655,
            573.1
          ],
          [
            137.88345242873083,
            36.930446983972836,
            569.2
          ],
          [
            137.8835445063711,
            36.93049851484235,
            566.6
          ],
          [
            137.88363658401136,
            36.93055004571186,
            563.6
          ],
          [
            137.88373105883517,
            36.93059863819732,
            561.4
          ],
          [
            137.8838266987918,
            36.9306458025036,
            558.4
          ],
          [
            137.88392233874842,
            36.93069296680988,
            555.6
          ],
          [
            137.88401797870503,
            36.93074013111616,
            553.0
          ],
          [
            137.88411486468226,
            36.93078558817582,
            550.6
          ],
          [
            137.88421287645536,
            36.93082950271592,
            547.6
          ],
          [
            137.88431088822847,
            36.930873417256024,
            545.7
          ],
          [
            137.88440890000157,
            36.93091733179612,
            543.2
          ],
          [
            137.88450691177465,
            36.93096124633622,
            540.5
          ],
          [
            137.88460492354776,
            36.93100516087631,
            537.8
          ],
          [
            137.88469666321473,
            36.93105665255076,
            535.9
          ],
          [
            137.88478505664673,
            36.931112186706514,
            533.4
          ],
          [
            137.88487345007871,
            36.93116772086227,
            531.0
          ],
          [
            137.88496184351072,
            36.93122325501803,
            529.3
          ],
          [
            137.88505023694273,
            36.93127878917379,
            526.7
          ],
          [
            137.8851386303747,
            36.93133432332955,
            525.2
          ],
          [
            137.88516808776387,
            36.931352830261574,
            523.9
          ]
        ]
      }
    }
  ]
}