{
  "type": "FeatureCollection",
  "features": [
    {
      "type": "Feature",
      "properties": {
        "name": "パノラマ",
        "slope_deg": [
          6.135733340186728,
          6.135733340186728,
          6.135733340186728,
          6.701525844729548,
          6.560196400571501,
          8.11004782941916,
          9.22988624372772,
          10.619655276155134,
          12.407418527400683,
          11.7225209701022,
          12.95276451337558,
          11.7225209701022,
          11.859779120948104,
          11.85977912094779,
          11.44759626368548,
          12.270720357815385,
          10.48121814413073,
          10.481218144131045,
          8.9505586562316,
          8.390627013252708,
          7.969610394321551,
          8.9505586562316,
          11.996899307923577,
          12.407418527400683,
          16.039943306049665,
          16.304198003832376,
          17.09266295026772,
          19.034434354835135,
          17.484427323220586,
          18.906332035086663,
          17.35402463626132,
          17.874511367250427,
          18.00416160591338,
          17.744671625056874,
          18.906332035086372,
          16.304198003832074,
          15.37625124882619,
          14.708303899682749,
          12.543973346572233,
          12.270720357815385,
          11.172136252167274,
          8.9505586562316,
          7.829076510059608,
          7.969610394321551,
          8.670801453590833,
          9.926245506651705,
          10.619655276155134,
          11.172136252166961,
          11.44759626368548,
          9.78720366465624,
          9.78720366465624,
          9.78720366465624,
          9.78720366465624
        ],
        "horizontal_dist_map": 515,
        "slope_dist_map": 528,
        "elevation_diff_map": 109.5,
        "avg_slope_deg_map": 11.7,
        "max_slope_deg_map": 19.0
      },
      "geometry": {
        "type": "LineString",
        "coordinates": [
          [
            137.7261634,
            36.0488802,
            1830.3
          ],
          [
            137.72608703641325,
            36.04894559469436,
            1829.2
          ],
          [
            137.7259976831674,
            36.048998434620565,
            1827.9
          ],
          [
            137.72589491895977,
            36.04902603931023,
            1826.8
          ],
          [
            137.7257849272039,
            36.04903802837218,
            1826.0
          ],
          [
            137.725674886065,
            36.049049503340505,
            1824.5
          ],
          [
            137.7255639354106,
            36.04905150996058,
            1823.3
          ],
          [
            137.7254529847562,
            36.04905351658065,
            1821.1
          ],
          [
            137.7253420341018,
            36.04905552320072,
            1819.5
          ],
          [
            137.7252310834474,
            36.049057529820786,
            1817.0
          ],
          [
            137.725120132793,
            36.04905953644086,
            1814.5
          ],
          [
            137.7250091821386,
            36.04906154306093,
            1812.8
          ],
          [
            137.72489871350342,
            36.04905595178988,
            1810.3
          ],
          [
            137.7247886041515,
            36.04904469726989,
            1808.7
          ],
          [
            137.72467849479958,
            36.049033442749895,
            1806.1
          ],
          [
            137.72456838544767,
            36.049022188229905,
            1804.4
          ],
          [
            137.72445827609573,
            36.04901093370991,
            1802.2
          ],
          [
            137.7243481667438,
            36.04899967918991,
            1800.0
          ],
          [
            137.7242380573919,
            36.04898842466992,
            1798.7
          ],
          [
            137.72412794803995,
            36.048977170149925,
            1797.0
          ],
          [
            137.72401783868804,
            36.048965915629935,
            1795.9
          ],
          [
            137.72390713541688,
            36.048961205441046,
            1794.1
          ],
          [
            137.7237961840989,
            36.048959228452894,
            1793.1
          ],
          [
            137.7236852327809,
            36.048957251464735,
            1790.7
          ],
          [
            137.72357428146293,
            36.048955274476576,
            1787.4
          ],
          [
            137.72346333014494,
            36.048953297488424,
            1785.3
          ],
          [
            137.72335237882695,
            36.048951320500265,
            1781.6
          ],
          [
            137.72324142750898,
            36.048949343512106,
            1779.0
          ],
          [
            137.723130476191,
            36.048947366523954,
            1775.1
          ],
          [
            137.72301952487302,
            36.048945389535795,
            1771.5
          ],
          [
            137.72290928713912,
            36.04893515540193,
            1769.0
          ],
          [
            137.72279908325575,
            36.048924529570705,
            1765.3
          ],
          [
            137.7226888793724,
            36.04891390373948,
            1762.6
          ],
          [
            137.72257867548905,
            36.048903277908266,
            1758.6
          ],
          [
            137.7224684716057,
            36.04889265207704,
            1756.0
          ],
          [
            137.72235826772234,
            36.04888202624582,
            1752.5
          ],
          [
            137.722248063839,
            36.0488714004146,
            1748.9
          ],
          [
            137.7221429951212,
            36.0488454000072,
            1746.9
          ],
          [
            137.72204128335682,
            36.04880934895282,
            1745.0
          ],
          [
            137.72193957159243,
            36.048773297898435,
            1742.0
          ],
          [
            137.72183785982804,
            36.048737246844055,
            1740.0
          ],
          [
            137.72174311038677,
            36.04869081145055,
            1738.2
          ],
          [
            137.72165862774114,
            36.048633146154614,
            1737.1
          ],
          [
            137.72158107191453,
            36.048568683647254,
            1735.7
          ],
          [
            137.72150282619486,
            36.048504898136905,
            1734.5
          ],
          [
            137.72141034108864,
            36.04845508583922,
            1732.6
          ],
          [
            137.72130907734154,
            36.04841888625371,
            1731.0
          ],
          [
            137.7212022431682,
            36.04839747182093,
            1728.7
          ],
          [
            137.72109204832256,
            36.048386789248276,
            1727.0
          ],
          [
            137.7209817877763,
            36.04837740968708,
            1724.7
          ],
          [
            137.7208708863618,
            36.04838074017484,
            1722.9
          ],
          [
            137.72075998494734,
            36.04838407066261,
            1721.8
          ],
          [
            137.7207024,
            36.0483858,
            1720.8
          ]
        ]
      }
    },
    {
      "type": "Feature",
      "properties": {
        "name": "チャンピオン",
        "slope_deg": [
          5.994092949108534,
          5.994092949108534,
          5.994092949108534,
          7.125016348901798,
          6.842773412630876,
          8.950558656231918,
          9.50877195829791,
          11.44759626368579,
          13.088732789694308,
          14.574216198038554,
          17.092662950267425,
          16.567741642974738,
          18.906332035086372,
          18.39196625070533,
          18.52084947747122,
          20.304473709960668,
          18.778033222445714,
          19.798876354525046,
          18.133621430820266,
          18.262889942193894,
          18.26288994219419,
          18.52084947747122,
          20.556045219583467,
          19.034434354835426,
          20.681521678200784,
          19.162339354971724,
          19.544862326628827,
          21.43000730175216,
          19.798876354525046,
          21.67782085250454,
          19.6719699892005,
          19.034434354835426,
          19.034434354835135,
          18.39196625070533,
          19.6719699892005,
          18.00416160591338,
          19.544862326628827,
          18.00416160591338,
          17.744671625056874,
          17.614643300006804,
          17.484427323220586,
          17.6146433000071,
          16.83056598321078,
          19.034434354835426,
          17.092662950267425,
          16.830565983210477,
          15.509334522674754,
          13.631094443421295,
          12.816647648997623,
          12.270720357815385,
          11.309932474020215,
          9.369385096487674,
          8.250387228905435,
          6.842773412630876,
          5.994092949108534,
          4.573921259900927,
          4.289153328819018,
          4.289153328819018,
          4.289153328819018,
          4.289153328819018
        ],
        "horizontal_dist_map": 586,
        "slope_dist_map": 610,
        "elevation_diff_map": 157.2,
        "avg_slope_deg_map": 14.4,
        "max_slope_deg_map": 21.7
      },
      "geometry": {
        "type": "LineString",
        "coordinates": [
          [
            137.7344249,
            36.0484386,
            2000.7
          ],
          [
            137.73431487004905,
            36.048426849797515,
            1999.9
          ],
          [
            137.7342048400981,
            36.048415099595026,
            1998.7
          ],
          [
            137.73409481014716,
            36.048403349392544,
            1997.9
          ],
          [
            137.7339847801962,
            36.04839159919006,
            1996.5
          ],
          [
            137.7338747502453,
            36.04837984898757,
            1994.9
          ],
          [
            137.73376472029435,
            36.04836809878509,
            1993.9
          ],
          [
            137.73365452512908,
            36.04835833618099,
            1991.6
          ],
          [
            137.733543548856,
            36.04835797063555,
            1989.8
          ],
          [
            137.73343257258296,
            36.048357605090104,
            1986.8
          ],
          [
            137.73332159630988,
            36.048357239544664,
            1984.6
          ],
          [
            137.73321062003683,
            36.048356873999225,
            1981.2
          ],
          [
            137.73309964376375,
            36.04835650845378,
            1977.5
          ],
          [
            137.7329886765576,
            36.04835665881917,
            1974.9
          ],
          [
            137.73287775833805,
            36.048359596538184,
            1970.9
          ],
          [
            137.73276684011847,
            36.04836253425719,
            1967.9
          ],
          [
            137.73265592189892,
            36.04836547197619,
            1964.1
          ],
          [
            137.73254500367935,
            36.0483684096952,
            1960.1
          ],
          [
            137.73243408545977,
            36.048371347414204,
            1957.3
          ],
          [
            137.732323803852,
            36.048381376372426,
            1953.5
          ],
          [
            137.7322135338474,
            36.048391534578904,
            1951.0
          ],
          [
            137.73210326384282,
            36.04840169278539,
            1946.9
          ],
          [
            137.73199229405898,
            36.0484018,
            1944.1
          ],
          [
            137.7318813873194,
            36.04839919016711,
            1940.1
          ],
          [
            137.73177051684678,
            36.048395237936376,
            1936.0
          ],
          [
            137.7316596463742,
            36.04839128570565,
            1933.1
          ],
          [
            137.73154877590162,
            36.04838733347491,
            1929.0
          ],
          [
            137.73143822643084,
            36.04837963451141,
            1926.2
          ],
          [
            137.73132775010845,
            36.04837108176009,
            1921.8
          ],
          [
            137.73121727378606,
            36.04836252900876,
            1917.4
          ],
          [
            137.73110679746367,
            36.048353976257445,
            1914.6
          ],
          [
            137.7309963211413,
            36.04834542350612,
            1910.3
          ],
          [
            137.73088565258763,
            36.048338806580496,
            1907.5
          ],
          [
            137.73077491650182,
            36.048332869723374,
            1903.6
          ],
          [
            137.73066418041603,
            36.04832693286625,
            1900.8
          ],
          [
            137.73055344433024,
            36.048320996009124,
            1897.0
          ],
          [
            137.73044270824442,
            36.048315059152,
            1893.2
          ],
          [
            137.73033190930303,
            36.04831091597714,
            1890.6
          ],
          [
            137.73022093669348,
            36.04831172869266,
            1886.6
          ],
          [
            137.7301099640839,
            36.04831254140817,
            1884.0
          ],
          [
            137.7300009528393,
            36.04832547315146,
            1880.4
          ],
          [
            137.72989349035655,
            36.04834797449967,
            1877.9
          ],
          [
            137.72979158352757,
            36.04838181110991,
            1874.0
          ],
          [
            137.7296944730882,
            36.04842543384691,
            1871.3
          ],
          [
            137.7295973626488,
            36.04846905658391,
            1868.3
          ],
          [
            137.72950025220942,
            36.048512679320915,
            1864.1
          ],
          [
            137.72940314177,
            36.04855630205792,
            1861.7
          ],
          [
            137.72930603133062,
            36.04859992479492,
            1859.2
          ],
          [
            137.72920411903166,
            36.04863529999678,
            1857.2
          ],
          [
            137.72909961681592,
            36.04866563448833,
            1854.4
          ],
          [
            137.7289951146002,
            36.04869596897988,
            1852.6
          ],
          [
            137.72889061238445,
            36.048726303471426,
            1850.5
          ],
          [
            137.72878611016873,
            36.048756637962974,
            1849.2
          ],
          [
            137.72868031658945,
            36.048783678230535,
            1847.8
          ],
          [
            137.72857345064074,
            36.04880798292067,
            1846.8
          ],
          [
            137.72846658469206,
            36.04883228761081,
            1845.7
          ],
          [
            137.72836101628124,
            36.048859692394934,
            1845.0
          ],
          [
            137.72825804740165,
            36.04889330801215,
            1844.6
          ],
          [
            137.7281550785221,
            36.04892692362936,
            1843.8
          ],
          [
            137.7280896,
            36.0489483,
            1843.5
          ]
        ]
      }
    },
    {
      "type": "Feature",
      "properties": {
        "name": "峰の原",
        "slope_deg": [
          17.092662950267425,
          17.092662950267425,
          17.092662950267425,
          22.04794746356044,
          23.749494492866926,
          26.565051177077994,
          25.173524524530112,
          24.108515899975156,
          26.565051177077994,
          23.869390064732137,
          26.335410003881297,
          26.450345065034302,
          25.290734392148046,
          26.9077935265408,
          24.938427655457385,
          25.873385226285933,
          23.869390064732137,
          23.26770481005701,
          21.554019920478787,
          18.906332035086663,
          19.290046219188735,
          17.223436191131583,
          17.744671625056874,
          16.961705886532968,
          16.567741642975037,
          16.43605922463559,
          14.84222705791098,
          14.17097756293297,
          12.816647648997312,
          12.407418527400683,
          11.722520970102511,
          12.407418527400994,
          11.034209003250188,
          10.065169352760034,
          9.926245506651705,
          8.9505586562316,
          9.09027692082245,
          8.250387228905435,
          8.250387228905435,
          8.250387228905435,
          8.250387228905435
        ],
        "horizontal_dist_map": 398,
        "slope_dist_map": 422,
        "elevation_diff_map": 128.5,
        "avg_slope_deg_map": 16.9,
        "max_slope_deg_map": 26.9
      },
      "geometry": {
        "type": "LineString",
        "coordinates": [
          [
            137.7322534,
            36.0449842,
            2007.6
          ],
          [
            137.73215373044866,
            36.04502382689704,
            2006.3
          ],
          [
            137.7320540608973,
            36.04506345379407,
            2003.7
          ],
          [
            137.73195439134597,
            36.0451030806911,
            2000.4
          ],
          [
            137.73185472179463,
            36.045142707588134,
            1995.3
          ],
          [
            137.73175505224327,
            36.04518233448517,
            1990.1
          ],
          [
            137.73165538269194,
            36.045221961382204,
            1986.1
          ],
          [
            137.7315557131406,
            36.04526158827923,
            1980.4
          ],
          [
            137.73145586831248,
            36.0453008658995,
            1976.5
          ],
          [
            137.73135048298548,
            36.04532910288134,
            1972.2
          ],
          [
            137.73124509765844,
            36.04535733986318,
            1966.1
          ],
          [
            137.73113971233144,
            36.04538557684502,
            1962.7
          ],
          [
            137.73103432700444,
            36.04541381382687,
            1956.7
          ],
          [
            137.73093404350425,
            36.04545233636989,
            1952.3
          ],
          [
            137.7308339837183,
            36.045491309932935,
            1947.2
          ],
          [
            137.73072952600364,
            36.045521319686294,
            1942.4
          ],
          [
            137.73062388005664,
            36.04554890759752,
            1938.1
          ],
          [
            137.7305182341096,
            36.04557649550875,
            1932.9
          ],
          [
            137.7304125881626,
            36.04560408341997,
            1929.5
          ],
          [
            137.73030694221558,
            36.04563167133119,
            1925.2
          ],
          [
            137.73020458654577,
            36.045666330449215,
            1922.3
          ],
          [
            137.73010287706265,
            36.045702378301215,
            1919.2
          ],
          [
            137.73000481082377,
            36.04574405790906,
            1915.5
          ],
          [
            137.72991055226476,
            36.045791623458584,
            1912.8
          ],
          [
            137.7298162937057,
            36.04583918900811,
            1909.5
          ],
          [
            137.72972203514666,
            36.04588675455764,
            1907.0
          ],
          [
            137.72962777658765,
            36.045934320107165,
            1903.6
          ],
          [
            137.7295335180286,
            36.045981885656694,
            1901.0
          ],
          [
            137.72943925946956,
            36.046029451206216,
            1898.9
          ],
          [
            137.72934500091054,
            36.046077016755746,
            1896.9
          ],
          [
            137.7292529678452,
            36.04612707159442,
            1894.5
          ],
          [
            137.7291680918396,
            36.046185131843686,
            1892.2
          ],
          [
            137.72908122762686,
            36.04624090537844,
            1890.6
          ],
          [
            137.72898545332188,
            36.046286431068644,
            1888.1
          ],
          [
            137.7288896790169,
            36.04633195675885,
            1886.7
          ],
          [
            137.72879390471192,
            36.04637748244905,
            1885.1
          ],
          [
            137.72869813040694,
            36.04642300813926,
            1883.6
          ],
          [
            137.72860235610196,
            36.04646853382947,
            1881.8
          ],
          [
            137.72850658179698,
            36.04651405951967,
            1880.3
          ],
          [
            137.72841080749203,
            36.04655958520988,
            1879.3
          ],
          [
            137.72832739697205,
            36.046599233855645,
            1879.1
          ]
        ]
      }
    },
    {
      "type": "Feature",
      "properties": {
        "name": "ゆりわり",
        "slope_deg": [
          18.778033222445714,
          18.778033222445714,
          18.778033222445714,
          23.26770481005701,
          25.056088833535423,
          25.524475356294268,
          25.290734392148046,
          25.173524524530112,
          24.584094695437884,
          23.26770481005701,
          24.702430227771423,
          22.904057803637016,
          24.820541335489082,
          27.135139622076878,
          25.524475356294268,
          25.75730921180767,
          23.388482428995122,
          21.67782085250454,
          21.05670559070489,
          19.417554141579338,
          18.778033222445426,
          17.484427323220586,
          17.092662950267425,
          16.039943306049665,
          15.2429977429017,
          14.439965121002654,
          12.95276451337558,
          12.543973346572233,
          13.360218444764483,
          12.68038349181982,
          12.68038349181982,
          13.631094443421603,
          12.68038349181982,
          11.996899307923577,
          13.224551192213344,
          13.088732789694,
          13.631094443421295,
          14.170977562933274,
          15.109575122340708,
          14.17097756293297,
          13.360218444764483,
          12.952764513375273,
          12.952764513375273,
          12.952764513375273,
          12.952764513375273
        ],
        "horizontal_dist_map": 432,
        "slope_dist_map": 457,
        "elevation_diff_map": 142.2,
        "avg_slope_deg_map": 17.3,
        "max_slope_deg_map": 27.1
      },
      "geometry": {
        "type": "LineString",
        "coordinates": [
          [
            137.73276097308042,
            36.045565760072634,
            2008.2
          ],
          [
            137.7326618571082,
            36.045606293319814,
            2006.0
          ],
          [
            137.73256274113604,
            36.045646826567,
            2003.4
          ],
          [
            137.73250008041407,
            36.04572097604222,
            1998.8
          ],
          [
            137.73244475423107,
            36.04579888300858,
            1994.6
          ],
          [
            137.73239512790192,
            36.045879492254926,
            1988.8
          ],
          [
            137.73234550157278,
            36.04596010150127,
            1984.7
          ],
          [
            137.73228362229452,
            36.04603394677854,
            1979.7
          ],
          [
            137.73220958477413,
            36.046101080367656,
            1975.7
          ],
          [
            137.732117747335,
            36.04615131113094,
            1970.0
          ],
          [
            137.73202459452278,
            36.046200292814234,
            1966.4
          ],
          [
            137.73193144171057,
            36.04624927449753,
            1962.5
          ],
          [
            137.73183828889833,
            36.04629825618082,
            1957.3
          ],
          [
            137.73174513608612,
            36.04634723786411,
            1953.1
          ],
          [
            137.73165198327388,
            36.046396219547404,
            1947.9
          ],
          [
            137.73155883046167,
            36.04644520123069,
            1942.0
          ],
          [
            137.73146242853417,
            36.04648981907069,
            1938.2
          ],
          [
            137.73136573613183,
            36.04653404677778,
            1933.8
          ],
          [
            137.73126904372947,
            36.04657827448486,
            1930.6
          ],
          [
            137.73117235132713,
            36.046622502191944,
            1926.1
          ],
          [
            137.73107565892477,
            36.04666672989902,
            1922.8
          ],
          [
            137.73097896652243,
            36.04671095760611,
            1919.7
          ],
          [
            137.73088227412006,
            36.04675518531319,
            1917.0
          ],
          [
            137.7307855817177,
            36.04679941302027,
            1913.5
          ],
          [
            137.73068888931536,
            36.04684364072735,
            1910.5
          ],
          [
            137.730592196913,
            36.04688786843443,
            1908.2
          ],
          [
            137.73049242506062,
            36.04692732093333,
            1906.1
          ],
          [
            137.73039258366146,
            36.04696666558813,
            1903.2
          ],
          [
            137.73029274226226,
            36.047006010242924,
            1901.3
          ],
          [
            137.73019290086307,
            36.04704535489772,
            1899.3
          ],
          [
            137.73009305946388,
            36.047084699552514,
            1896.6
          ],
          [
            137.7299932180647,
            36.04712404420731,
            1894.2
          ],
          [
            137.7298933766655,
            36.04716338886211,
            1892.3
          ],
          [
            137.7297935352663,
            36.047202733516905,
            1889.6
          ],
          [
            137.72969369386712,
            36.0472420781717,
            1887.6
          ],
          [
            137.72959385246793,
            36.047281422826494,
            1885.7
          ],
          [
            137.72949661934598,
            36.0473247217076,
            1882.9
          ],
          [
            137.7294009721573,
            36.047370424911,
            1880.3
          ],
          [
            137.7293053249686,
            36.047416128114406,
            1877.9
          ],
          [
            137.72920967777992,
            36.04746183131781,
            1875.6
          ],
          [
            137.72911192176295,
            36.04750447823069,
            1872.1
          ],
          [
            137.72901398169202,
            36.04754685839714,
            1870.2
          ],
          [
            137.7289160416211,
            36.04758923856359,
            1868.4
          ],
          [
            137.72881810155013,
            36.047631618730044,
            1866.4
          ],
          [
            137.72879584302697,
            36.047641250333406,
            1866.0
          ]
        ]
      }
    },
    {
      "type": "Feature",
      "properties": {
        "name": "エキスパート",
        "slope_deg": [
          9.787203664655607,
          9.787203664655607,
          9.787203664655607,
          11.722520970101888,
          12.543973346571612,
          12.407418527400994,
          9.78720366465624,
          8.810732985985291,
          9.22988624372772,
          11.309932474020215,
          13.088732789694308,
          15.37625124882619,
          16.039943306049665,
          15.509334522674754,
          16.69924423399362,
          17.092662950267123,
          20.17838007450908,
          20.178380074508503,
          21.05670559070489,
          23.388482428995122,
          21.80140948635181,
          23.98906400955261,
          25.873385226285933,
          23.267704810056735,
          25.290734392148046,
          23.267704810056735,
          23.14670784188283,
          23.26770481005701,
          23.38848242899485,
          25.524475356294534,
          22.782405730481635,
          23.749494492866926,
          20.052082146098712,
          17.484427323220586,
          15.642246457208788,
          11.309932474020215,
          11.309932474020215,
          11.309932474020215,
          11.309932474020215
        ],
        "horizontal_dist_map": 377,
        "slope_dist_map": 398,
        "elevation_diff_map": 116.5,
        "avg_slope_deg_map": 16.3,
        "max_slope_deg_map": 25.9
      },
      "geometry": {
        "type": "LineString",
        "coordinates": [
          [
            137.737547,
            36.0471114,
            2117.2
          ],
          [
            137.73752649287516,
            36.04719742909888,
            2116.2
          ],
          [
            137.73747245041866,
            36.047275914023466,
            2115.2
          ],
          [
            137.73740356735675,
            36.04734657428813,
            2113.0
          ],
          [
            137.73733468429484,
            36.047417234552796,
            2110.3
          ],
          [
            137.7372670501399,
            36.04748859988444,
            2107.9
          ],
          [
            137.73720948845923,
            36.04756565160337,
            2106.3
          ],
          [
            137.73717785562548,
            36.047651695612856,
            2104.2
          ],
          [
            137.73714912174353,
            36.04773874499744,
            2103.4
          ],
          [
            137.73711529969611,
            36.04782452366488,
            2101.7
          ],
          [
            137.7370788351841,
            36.04790964240388,
            2099.8
          ],
          [
            137.7370517170862,
            36.04799691213081,
            2096.2
          ],
          [
            137.7370277689473,
            36.048084911393545,
            2094.1
          ],
          [
            137.7369970036246,
            36.04817099861467,
            2090.7
          ],
          [
            137.73692944054488,
            36.04824118887221,
            2088.3
          ],
          [
            137.73685220833048,
            36.048305906849855,
            2085.1
          ],
          [
            137.7367637203373,
            36.04835970187454,
            2082.1
          ],
          [
            137.7366716595469,
            36.04841002974718,
            2078.4
          ],
          [
            137.73657959875646,
            36.048460357619824,
            2073.6
          ],
          [
            137.73647752133905,
            36.04849343165624,
            2070.4
          ],
          [
            137.73637113317983,
            36.048519080355405,
            2066.7
          ],
          [
            137.7362647450206,
            36.04854472905457,
            2061.1
          ],
          [
            137.73615554558842,
            36.04856004326673,
            2057.6
          ],
          [
            137.73604575265384,
            36.048573175711745,
            2052.6
          ],
          [
            137.7359359409734,
            36.04858610838903,
            2047.3
          ],
          [
            137.73582496537847,
            36.048586637646146,
            2043.9
          ],
          [
            137.73571398978353,
            36.04858716690327,
            2038.7
          ],
          [
            137.7356030141886,
            36.04858769616038,
            2035.4
          ],
          [
            137.73549203859366,
            36.048588225417504,
            2030.2
          ],
          [
            137.73538240153036,
            36.048575364259776,
            2026.7
          ],
          [
            137.73527298403295,
            36.04856030660695,
            2021.4
          ],
          [
            137.73516356653556,
            36.04854524895413,
            2016.3
          ],
          [
            137.73505414903815,
            36.0485301913013,
            2013.4
          ],
          [
            137.73494457002198,
            36.04851601260155,
            2009.1
          ],
          [
            137.73483450678205,
            36.048504468951656,
            2006.8
          ],
          [
            137.73472444354215,
            36.048492925301765,
            2003.7
          ],
          [
            137.73461438030222,
            36.04848138165187,
            2002.2
          ],
          [
            137.73450734028143,
            36.04845807557107,
            2001.1
          ],
          [
            137.7344249,
            36.0484386,
            2000.7
          ]
        ]
      }
    },
    {
      "type": "Feature",
      "properties": {
        "name": "チャンピオン2",
        "slope_deg": [
          14.842227057911282,
          14.842227057911282,
          14.842227057911282,
          17.6146433000071,
          16.304198003832074,
          15.109575122340708,
          15.109575122340402,
          13.495733280795996,
          12.68038349181982,
          11.996899307923577,
          11.309932474020215,
          10.619655276155134,
          11.034209003250501,
          9.787203664655925,
          8.9505586562316,
          7.829076510059608,
          5.852378988915493,
          4.289153328819018,
          3.433630362450652,
          3.7189939731579127,
          4.858462919034416,
          5.568737077976766,
          6.701525844729548,
          5.710593137499643,
          5.4268124985727555,
          5.568737077976444,
          5.568737077976444,
          8.11004782941916,
          10.342657140474548,
          12.95276451337558,
          14.97598451475675,
          15.242997742901395,
          17.35402463626132,
          16.43605922463559,
          17.223436191131583,
          17.74467162505717,
          16.830565983210477,
          19.034434354835426,
          21.056705590704606,
          20.556045219583467,
          20.68152167820107,
          20.556045219583467,
          17.6146433000071,
          18.906332035086372,
          16.69924423399362,
          14.975984514756448,
          13.901350769509243,
          11.172136252167274,
          11.7225209701022,
          10.065169352760034,
          8.810732985984655,
          9.648045316098093,
          8.530765609948133,
          10.757967088389877,
          12.133880170633535,
          12.543973346572233,
          12.95276451337558,
          13.088732789694,
          13.360218444764483,
          12.270720357815385,
          12.133880170633224,
          10.203973721731748,
          11.034209003250188,
          11.585126224854799,
          13.901350769509243,
          15.109575122340402,
          15.774985955414008,
          15.77498595541431,
          15.37625124882619,
          15.77498595541431,
          16.304198003832376,
          18.39196625070533,
          16.830565983210477,
          17.614643300006804,
          15.907551930525962,
          13.631094443421603,
          13.224551192213651,
          12.407418527400994,
          11.585126224854799,
          11.034209003250188,
          11.172136252166961,
          9.090276920822133,
          8.810732985984973,
          7.688447769902681,
          6.418786730238786,
          5.852378988915814,
          4.573921259900927,
          4.289153328819018,
          3.2908836860675525,
          2.7195054612723095,
          2.433606100720186,
          2.433606100720186,
          3.005269359689804,
          3.148096099562824,
          4.0041729407093225,
          3.8616074096751394,
          4.146688825966138,
          4.146688825966138,
          4.146688825966138,
          4.289153328819018,
          4.431564716435714,
          4.8584629190340936,
          4.7162212343382155,
          5.4268124985727555,
          4.858462919034416,
          5.000644597558433,
          4.573921259900927,
          3.8616074096751394,
          3.4336303624503275,
          3.005269359690129,
          3.005269359690129,
          3.005269359690129,
          3.005269359690129
        ],
        "horizontal_dist_map": 1114,
        "slope_dist_map": 1139,
        "elevation_diff_map": 207.4,
        "avg_slope_deg_map": 10.3,
        "max_slope_deg_map": 21.1
      },
      "geometry": {
        "type": "LineString",
        "coordinates": [
          [
            137.73482623148223,
            36.04678687994354,
            2038.4
          ],
          [
            137.73481094807812,
            36.046876143865276,
            2036.9
          ],
          [
            137.734795664674,
            36.04696540778701,
            2033.6
          ],
          [
            137.73478024945024,
            36.04705465657567,
            2029.9
          ],
          [
            137.7347644647303,
            36.04714386294562,
            2027.8
          ],
          [
            137.73474868001034,
            36.04723306931557,
            2024.2
          ],
          [
            137.7347328952904,
            36.04732227568552,
            2021.9
          ],
          [
            137.73471129335132,
            36.04741055278776,
            2019.1
          ],
          [
            137.73468429622966,
            36.047497968040226,
            2017.0
          ],
          [
            137.73465537381105,
            36.04758487852863,
            2014.6
          ],
          [
            137.73461433210903,
            36.0476686116481,
            2012.9
          ],
          [
            137.73457329040704,
            36.04775234476757,
            2010.6
          ],
          [
            137.73452360731218,
            36.04783273082877,
            2009.0
          ],
          [
            137.73446930802876,
            36.047911328908306,
            2007.1
          ],
          [
            137.73441500874534,
            36.04798992698784,
            2005.1
          ],
          [
            137.73436070946195,
            36.04806852506737,
            2003.7
          ],
          [
            137.7343511693184,
            36.04815741220133,
            2002.7
          ],
          [
            137.73436782105566,
            36.0482457780536,
            2001.6
          ],
          [
            137.7343937601045,
            36.04833340437435,
            2001.0
          ],
          [
            137.73441969915334,
            36.048421030695096,
            2000.7
          ],
          [
            137.73444606585056,
            36.04850857263102,
            2000.3
          ],
          [
            137.73447253979597,
            36.048596093404434,
            1999.0
          ],
          [
            137.73449901374136,
            36.04868361417784,
            1997.6
          ],
          [
            137.7345151165703,
            36.04877204759541,
            1996.8
          ],
          [
            137.7345123432284,
            36.048862142090364,
            1995.6
          ],
          [
            137.7345095698865,
            36.048952236585315,
            1995.0
          ],
          [
            137.73450679654462,
            36.04904233108027,
            1993.8
          ],
          [
            137.73450402320273,
            36.04913242557522,
            1992.9
          ],
          [
            137.73450124986084,
            36.04922252007018,
            1991.7
          ],
          [
            137.73449557009033,
            36.04931240894571,
            1989.3
          ],
          [
            137.7344791168322,
            36.04940153563554,
            1986.5
          ],
          [
            137.73446266357405,
            36.04949066232537,
            1983.7
          ],
          [
            137.73441821760352,
            36.049571405465514,
            1981.0
          ],
          [
            137.73435947006763,
            36.04964786542358,
            1978.4
          ],
          [
            137.7343007225317,
            36.049724325381646,
            1974.0
          ],
          [
            137.7342419749958,
            36.04980078533972,
            1971.9
          ],
          [
            137.7341690436907,
            36.049868579823304,
            1968.6
          ],
          [
            137.73408104658608,
            36.049922229714646,
            1965.6
          ],
          [
            137.7339843666815,
            36.049966038908444,
            1961.9
          ],
          [
            137.73388251596893,
            36.05000183322049,
            1958.1
          ],
          [
            137.73378066525632,
            36.05003762753254,
            1953.2
          ],
          [
            137.73367101910912,
            36.05004865162351,
            1950.6
          ],
          [
            137.73356050867446,
            36.050056929415824,
            1946.8
          ],
          [
            137.733449872645,
            36.050062440947094,
            1943.1
          ],
          [
            137.73333891160175,
            36.05006079395888,
            1940.5
          ],
          [
            137.7332279505585,
            36.05005914697067,
            1936.9
          ],
          [
            137.7331183007468,
            36.05004727567172,
            1934.8
          ],
          [
            137.7330108826,
            36.050025508474896,
            1932.4
          ],
          [
            137.73290635383634,
            36.04999540444633,
            1930.6
          ],
          [
            137.7328081196016,
            36.04995347116828,
            1929.0
          ],
          [
            137.73270988536686,
            36.04991153789023,
            1926.5
          ],
          [
            137.73261165113212,
            36.049869604612184,
            1925.3
          ],
          [
            137.73251236788914,
            36.04982977545064,
            1924.4
          ],
          [
            137.7324058786136,
            36.049804400257585,
            1922.2
          ],
          [
            137.73229938933804,
            36.04977902506454,
            1920.5
          ],
          [
            137.7321929000625,
            36.049753649871484,
            1917.7
          ],
          [
            137.7320856359363,
            36.04973148198912,
            1915.8
          ],
          [
            137.7319752340785,
            36.04972230200402,
            1913.3
          ],
          [
            137.73186483222068,
            36.04971312201892,
            1911.3
          ],
          [
            137.73175429737142,
            36.049713290213326,
            1908.4
          ],
          [
            137.73164366381747,
            36.04972039651974,
            1906.3
          ],
          [
            137.7315330302635,
            36.04972750282616,
            1904.6
          ],
          [
            137.73142239670952,
            36.04973460913258,
            1902.7
          ],
          [
            137.73131619807504,
            36.04976031521682,
            1901.2
          ],
          [
            137.73121029428614,
            36.04978725786523,
            1898.5
          ],
          [
            137.73110439049725,
            36.049814200513644,
            1896.4
          ],
          [
            137.73099779337662,
            36.0498369100964,
            1892.8
          ],
          [
            137.73088689910284,
            36.04983338385305,
            1890.4
          ],
          [
            137.73077600482907,
            36.049829857609694,
            1887.2
          ],
          [
            137.7306661574917,
            36.049818320231815,
            1885.1
          ],
          [
            137.73055682181803,
            36.049802867614886,
            1881.8
          ],
          [
            137.73044748614433,
            36.04978741499796,
            1879.1
          ],
          [
            137.73033815047063,
            36.04977196238103,
            1875.5
          ],
          [
            137.73022881479696,
            36.0497565097641,
            1871.8
          ],
          [
            137.73012097242753,
            36.0497356810183,
            1869.7
          ],
          [
            137.73001669108106,
            36.04970589464668,
            1866.4
          ],
          [
            137.72991702949173,
            36.04966624528825,
            1864.1
          ],
          [
            137.72981736790243,
            36.049626595929816,
            1862.1
          ],
          [
            137.72971770631312,
            36.04958694657138,
            1860.3
          ],
          [
            137.7296180447238,
            36.049547297212946,
            1857.6
          ],
          [
            137.7295183831345,
            36.04950764785451,
            1855.9
          ],
          [
            137.7294187215452,
            36.04946799849608,
            1854.3
          ],
          [
            137.7293216824154,
            36.049424433383805,
            1852.4
          ],
          [
            137.7292265316698,
            36.04937804861023,
            1851.2
          ],
          [
            137.7291313809242,
            36.04933166383665,
            1849.7
          ],
          [
            137.72903623017862,
            36.04928527906307,
            1848.9
          ],
          [
            137.72893902463116,
            36.04924195542978,
            1847.9
          ],
          [
            137.7288394624815,
            36.04920214254371,
            1847.1
          ],
          [
            137.72873990033185,
            36.04916232965765,
            1846.5
          ],
          [
            137.72864033818217,
            36.04912251677159,
            1845.9
          ],
          [
            137.7285407760325,
            36.049082703885524,
            1845.6
          ],
          [
            137.72843885021896,
            36.049047469815264,
            1845.2
          ],
          [
            137.72833409152182,
            36.049017723518546,
            1844.8
          ],
          [
            137.7282293328247,
            36.04898797722183,
            1844.2
          ],
          [
            137.72812457412755,
            36.04895823092511,
            1843.5
          ],
          [
            137.72801778008534,
            36.0489340671451,
            1843.0
          ],
          [
            137.72790996598357,
            36.04891270117057,
            1842.0
          ],
          [
            137.72780172437254,
            36.04889308502271,
            1841.5
          ],
          [
            137.72769203267163,
            36.04887940419897,
            1840.6
          ],
          [
            137.72758234097068,
            36.04886572337522,
            1840.1
          ],
          [
            137.72747264926974,
            36.04885204255148,
            1839.1
          ],
          [
            137.72736295756883,
            36.04883836172773,
            1838.5
          ],
          [
            137.7272532658679,
            36.04882468090399,
            1837.5
          ],
          [
            137.72714357416694,
            36.04881100008025,
            1836.7
          ],
          [
            137.72703388246603,
            36.0487973192565,
            1835.8
          ],
          [
            137.7269241907651,
            36.04878363843276,
            1834.7
          ],
          [
            137.72681449906415,
            36.04876995760901,
            1834.1
          ],
          [
            137.72670480736323,
            36.04875627678527,
            1833.2
          ],
          [
            137.72659484267578,
            36.0487455,
            1832.6
          ],
          [
            137.72648386494495,
            36.0487455,
            1832.0
          ],
          [
            137.7263736194045,
            36.048750427959334,
            1831.7
          ],
          [
            137.72626582661897,
            36.04877186402464,
            1831.1
          ],
          [
            137.7262224,
            36.0487805,
            1831.0
          ]
        ]
      }
    },
    {
      "type": "Feature",
      "properties": {
        "name": "樹海",
        "slope_deg": [
          9.369385096487358,
          9.369385096487358,
          9.369385096487358,
          9.648045316098093,
          10.203973721731748,
          10.619655276155134,
          10.481218144131045,
          10.203973721731748,
          8.670801453591151,
          8.530765609948133,
          9.369385096487358,
          8.11004782941916,
          11.585126224854799,
          11.44759626368579,
          11.722520970102511,
          14.57421619803886,
          11.034209003250501,
          9.787203664655925,
          7.266008446995867,
          4.146688825965815,
          3.1480960995624994,
          2.147585428298503,
          0.2864765102771396,
          -3.148096099562824,
          -5.994092949108213,
          -7.125016348901798,
          -5.568737077976766,
          -0.2864765102768139,
          5.852378988915493,
          10.342657140474548,
          10.203973721731748,
          6.56019640057118,
          2.433606100720186,
          0.14323915036850196,
          1.8614576304666637,
          3.8616074096751394,
          6.56019640057118,
          7.688447769902681,
          7.406912128495294,
          9.369385096487358,
          8.530765609948133,
          8.11004782941916,
          9.22988624372772,
          10.757967088390194,
          11.44759626368579,
          12.816647648997623,
          13.901350769509243,
          13.360218444764483,
          14.305551846621709,
          13.224551192213344,
          12.543973346571923,
          9.787203664655925,
          8.530765609948133,
          7.547725773843047,
          6.418786730238786,
          7.266008446996189,
          7.125016348901798,
          6.277298489597683,
          8.11004782941916,
          6.701525844729227,
          9.50877195829791,
          8.250387228905435,
          8.11004782941916,
          7.688447769903003,
          2.719505461272635,
          5.994092949108534,
          8.810732985984973,
          5.852378988915493,
          8.670801453590833,
          10.896152141141194,
          8.110047829418843,
          10.065169352760034,
          9.78720366465624,
          7.688447769902681,
          5.710593137499643,
          8.9505586562316,
          10.342657140474548,
          10.896152141141194,
          10.065169352760034,
          8.810732985984973,
          7.688447769903003,
          5.568737077976766,
          7.125016348901798,
          8.250387228905435,
          8.110047829418843,
          8.9505586562316,
          10.065169352759717,
          10.065169352759717,
          12.543973346572233,
          14.305551846622015,
          16.567741642975037,
          18.26288994219419,
          18.906332035086663,
          18.52084947747093,
          16.43605922463559,
          15.642246457208788,
          11.7225209701022,
          11.172136252167274,
          10.342657140474548,
          9.09027692082245,
          9.926245506651705,
          9.50877195829791,
          8.390627013252708,
          7.688447769902681,
          5.994092949108534,
          3.8616074096751394,
          3.148096099562824,
          2.0045340321060343,
          2.2906100426383995,
          2.862405226111748,
          2.862405226111748,
          4.146688825965815,
          4.7162212343382155,
          5.852378988915493,
          6.842773412630876,
          7.688447769903003,
          7.969610394321551,
          8.9505586562316,
          9.090276920822133,
          8.810732985984973,
          9.50877195829791,
          8.250387228905435,
          9.22988624372772,
          9.090276920822133,
          9.926245506651705,
          10.342657140474863,
          8.950558656231918,
          8.950558656231918,
          7.547725773843047,
          7.547725773843047,
          8.390627013252388,
          8.110047829418843,
          7.547725773843047,
          7.688447769902681,
          6.418786730238786,
          5.568737077976766,
          4.289153328819018,
          3.433630362450652,
          3.148096099562824,
          3.8616074096751394,
          4.858462919034416,
          4.7162212343382155,
          5.710593137499643,
          6.277298489597361,
          6.701525844729227,
          6.701525844729548,
          5.142764557884112,
          3.2908836860675525,
          2.0045340321060343,
          2.0045340321060343,
          2.0045340321060343,
          2.0045340321060343
        ],
        "horizontal_dist_map": 1501,
        "slope_dist_map": 1523,
        "elevation_diff_map": 206.0,
        "avg_slope_deg_map": 7.7,
        "max_slope_deg_map": 18.9
      },
      "geometry": {
        "type": "LineString",
        "coordinates": [
          [
            137.73474856261387,
            36.04667409626584,
            2038.0
          ],
          [
            137.73466480079773,
            36.046614978061704,
            2036.2
          ],
          [
            137.73458103898156,
            36.04655585985756,
            2034.4
          ],
          [
            137.7345005881576,
            36.04649383286637,
            2032.7
          ],
          [
            137.7344214405765,
            36.046430660944615,
            2031.4
          ],
          [
            137.73434229299542,
            36.04636748902287,
            2029.4
          ],
          [
            137.73426314541433,
            36.046304317101125,
            2027.2
          ],
          [
            137.73418399783327,
            36.04624114517937,
            2025.2
          ],
          [
            137.734098255571,
            36.046184519826724,
            2024.0
          ],
          [
            137.7340063287557,
            36.04613403390718,
            2022.2
          ],
          [
            137.73391440194038,
            36.04608354798763,
            2021.1
          ],
          [
            137.7338224751251,
            36.04603306206808,
            2019.2
          ],
          [
            137.73373054830978,
            36.04598257614853,
            2017.4
          ],
          [
            137.7336305645504,
            36.045943557241266,
            2016.5
          ],
          [
            137.73353027699974,
            36.045904970703624,
            2012.9
          ],
          [
            137.73342998944912,
            36.04586638416599,
            2011.1
          ],
          [
            137.73334770380754,
            36.04580617975539,
            2009.1
          ],
          [
            137.73326626271984,
            36.0457449611491,
            2006.1
          ],
          [
            137.73318482163214,
            36.045683742542806,
            2005.1
          ],
          [
            137.73310721166285,
            36.04561985003533,
            2004.2
          ],
          [
            137.73304493046007,
            36.04554525892701,
            2004.0
          ],
          [
            137.73298264925728,
            36.04547066781868,
            2003.2
          ],
          [
            137.7329370836735,
            36.04538869978663,
            2002.9
          ],
          [
            137.73289390000252,
            36.04530568057072,
            2002.7
          ],
          [
            137.7328507163315,
            36.04522266135481,
            2003.8
          ],
          [
            137.73278683737104,
            36.045150984600234,
            2005.4
          ],
          [
            137.73270819397604,
            36.04508739978503,
            2007.1
          ],
          [
            137.73262955058107,
            36.04502381496983,
            2007.7
          ],
          [
            137.7325449138343,
            36.04496627012971,
            2007.7
          ],
          [
            137.73245169200206,
            36.044917377159955,
            2005.6
          ],
          [
            137.73235847016983,
            36.0448684841902,
            2003.0
          ],
          [
            137.7322652483376,
            36.04481959122044,
            2000.4
          ],
          [
            137.73215918172676,
            36.04480953590653,
            2000.5
          ],
          [
            137.7320483406902,
            36.04481391661422,
            2001.0
          ],
          [
            137.73193749965367,
            36.044818297321896,
            2001.3
          ],
          [
            137.7318266586171,
            36.04482267802958,
            2000.3
          ],
          [
            137.7317385116412,
            36.044776896130145,
            1999.2
          ],
          [
            137.73165752877134,
            36.04471527879942,
            1998.3
          ],
          [
            137.7315837625017,
            36.044648397734605,
            1996.7
          ],
          [
            137.73151699238886,
            36.04457641372551,
            1994.9
          ],
          [
            137.73145022227604,
            36.04450442971641,
            1994.0
          ],
          [
            137.7313834521632,
            36.044432445707315,
            1991.7
          ],
          [
            137.73132819231554,
            36.04435470529652,
            1990.7
          ],
          [
            137.731279093812,
            36.04427388353435,
            1989.2
          ],
          [
            137.73122999530844,
            36.04419306177218,
            1987.5
          ],
          [
            137.73116699931316,
            36.04411972303731,
            1984.1
          ],
          [
            137.73109441785238,
            36.04405155393618,
            1982.6
          ],
          [
            137.73100812218368,
            36.04399489304121,
            1980.1
          ],
          [
            137.73092182651496,
            36.04393823214624,
            1977.6
          ],
          [
            137.73082431449208,
            36.04389693556595,
            1974.6
          ],
          [
            137.73072169522987,
            36.043862634951616,
            1972.4
          ],
          [
            137.73061880456945,
            36.043828876864474,
            1970.7
          ],
          [
            137.73051581182094,
            36.043795322852226,
            1968.7
          ],
          [
            137.7304052042483,
            36.0438002566369,
            1967.7
          ],
          [
            137.7302944526507,
            36.04380591837073,
            1966.4
          ],
          [
            137.73018370105308,
            36.04381158010456,
            1965.4
          ],
          [
            137.73007283312083,
            36.04381462907293,
            1964.2
          ],
          [
            137.7299618672322,
            36.043815478033544,
            1962.6
          ],
          [
            137.72985090134358,
            36.04381632699416,
            1961.4
          ],
          [
            137.72973993545494,
            36.04381717595477,
            1961.0
          ],
          [
            137.72963033515128,
            36.04380564309935,
            1958.5
          ],
          [
            137.7295213213297,
            36.04378879258633,
            1957.9
          ],
          [
            137.72941490216445,
            36.04376638529932,
            1954.7
          ],
          [
            137.7293195414991,
            36.04372029488136,
            1955.2
          ],
          [
            137.7292336160315,
            36.04366358208683,
            1952.8
          ],
          [
            137.72914831128753,
            36.04360602548854,
            1952.5
          ],
          [
            137.72905428918742,
            36.043568179220216,
            1952.8
          ],
          [
            137.72895698941468,
            36.04360289864077,
            1951.0
          ],
          [
            137.72896483891876,
            36.04368950429357,
            1946.6
          ],
          [
            137.7290420187281,
            36.04375426007361,
            1948.4
          ],
          [
            137.7291150825333,
            36.04382159328227,
            1946.7
          ],
          [
            137.72917257051313,
            36.04389868002278,
            1943.3
          ],
          [
            137.7292319238755,
            36.04397477750269,
            1940.9
          ],
          [
            137.72929571636033,
            36.044048520801184,
            1941.3
          ],
          [
            137.72935950884514,
            36.04412226409968,
            1939.8
          ],
          [
            137.72942865582414,
            36.04419210330838,
            1937.9
          ],
          [
            137.7295120829466,
            36.04425153052287,
            1936.9
          ],
          [
            137.72958793609618,
            36.04431577041922,
            1935.0
          ],
          [
            137.7296388932633,
            36.04439582981276,
            1932.5
          ],
          [
            137.72968985043042,
            36.04447588920629,
            1930.2
          ],
          [
            137.72970772273,
            36.04455986321189,
            1929.8
          ],
          [
            137.72968246372434,
            36.04464680302674,
            1928.8
          ],
          [
            137.72961555483562,
            36.04471866762513,
            1927.1
          ],
          [
            137.72954563585947,
            36.04478865218587,
            1926.3
          ],
          [
            137.7294756989908,
            36.04485862399246,
            1924.8
          ],
          [
            137.7293993166811,
            36.044924001351994,
            1923.0
          ],
          [
            137.7293229343714,
            36.04498937871153,
            1921.4
          ],
          [
            137.72926356160036,
            36.045061737800296,
            1920.0
          ],
          [
            137.72924404340822,
            36.0451504555855,
            1917.7
          ],
          [
            137.7292245252161,
            36.0452391733707,
            1915.9
          ],
          [
            137.72921518073116,
            36.04532866092345,
            1912.5
          ],
          [
            137.72921418246636,
            36.045418779971605,
            1909.8
          ],
          [
            137.72921318420154,
            36.04550889901976,
            1905.8
          ],
          [
            137.7291753718458,
            36.04559258923422,
            1902.7
          ],
          [
            137.72913066729168,
            36.04567507586613,
            1898.8
          ],
          [
            137.72908596273757,
            36.04575756249804,
            1896.4
          ],
          [
            137.72904125818346,
            36.04584004912995,
            1894.0
          ],
          [
            137.728986364647,
            36.045916342710576,
            1891.5
          ],
          [
            137.7289015156338,
            36.04597442880025,
            1890.5
          ],
          [
            137.72881666662056,
            36.04603251488992,
            1888.5
          ],
          [
            137.72873181760733,
            36.046090600979596,
            1886.7
          ],
          [
            137.7286560673392,
            36.04615617459537,
            1885.1
          ],
          [
            137.72858342775783,
            36.04622430805299,
            1883.5
          ],
          [
            137.72851078817644,
            36.04629244151061,
            1881.8
          ],
          [
            137.72843814859507,
            36.04636057496823,
            1880.8
          ],
          [
            137.72836671066284,
            36.04642946666562,
            1879.7
          ],
          [
            137.72830336587617,
            36.04650346513224,
            1879.3
          ],
          [
            137.728250468124,
            36.046580843839656,
            1879.1
          ],
          [
            137.72823379583534,
            36.046669943652155,
            1878.6
          ],
          [
            137.7282468778768,
            36.0467592081476,
            1878.3
          ],
          [
            137.7282981141627,
            36.0468363487921,
            1877.7
          ],
          [
            137.72836514454792,
            36.04690817431857,
            1877.1
          ],
          [
            137.72843217493318,
            36.04697999984503,
            1876.6
          ],
          [
            137.7284992053184,
            36.0470518253715,
            1875.4
          ],
          [
            137.72856623570365,
            36.047123650897966,
            1874.4
          ],
          [
            137.72862521640263,
            36.04719987252238,
            1873.0
          ],
          [
            137.72866577850596,
            36.04728275442449,
            1871.8
          ],
          [
            137.7286840448551,
            36.04737111151664,
            1870.0
          ],
          [
            137.72868616131387,
            36.0474612177893,
            1868.8
          ],
          [
            137.72868827777265,
            36.047551324061956,
            1866.7
          ],
          [
            137.7286783384845,
            36.047640951059506,
            1865.4
          ],
          [
            137.72866539472727,
            36.047730458614666,
            1863.8
          ],
          [
            137.72865245097003,
            36.047819966169826,
            1862.1
          ],
          [
            137.7286382089393,
            36.04790925604932,
            1860.9
          ],
          [
            137.72860644262502,
            36.04799560771139,
            1858.9
          ],
          [
            137.72857467631079,
            36.04808195937346,
            1857.4
          ],
          [
            137.72854290999655,
            36.048168311035525,
            1855.1
          ],
          [
            137.7285111436823,
            36.048254662697595,
            1853.6
          ],
          [
            137.72845169046886,
            36.04832929100061,
            1852.6
          ],
          [
            137.728371134714,
            36.04838893890717,
            1851.1
          ],
          [
            137.72827473964003,
            36.04843359561632,
            1849.8
          ],
          [
            137.72817146129478,
            36.048462641900514,
            1848.3
          ],
          [
            137.728062070279,
            36.048477825389035,
            1846.7
          ],
          [
            137.72795267926324,
            36.04849300887756,
            1845.4
          ],
          [
            137.72784185369267,
            36.04849036595629,
            1844.5
          ],
          [
            137.72773095971002,
            36.04848687291628,
            1842.9
          ],
          [
            137.72762169652438,
            36.0484744405492,
            1842.2
          ],
          [
            137.72751431859373,
            36.04845167402617,
            1841.5
          ],
          [
            137.72740865163587,
            36.048424566490844,
            1841.5
          ],
          [
            137.72730495111023,
            36.0483924698016,
            1840.5
          ],
          [
            137.72720125058459,
            36.04836037311236,
            1840.0
          ],
          [
            137.72709755005897,
            36.04832827642312,
            1838.8
          ],
          [
            137.72699327474265,
            36.04829783859737,
            1838.1
          ],
          [
            137.72688418022818,
            36.04828130912548,
            1837.2
          ],
          [
            137.72677334085944,
            36.0482801,
            1836.0
          ],
          [
            137.72666236378186,
            36.0482801,
            1834.4
          ],
          [
            137.72655138670424,
            36.0482801,
            1833.4
          ],
          [
            137.7264446875062,
            36.048303657068494,
            1832.5
          ],
          [
            137.72636902703576,
            36.048363543735704,
            1832.4
          ],
          [
            137.72631615009158,
            36.048442503377686,
            1832.1
          ],
          [
            137.72626845246003,
            36.048523877455466,
            1832.0
          ],
          [
            137.72626071897108,
            36.04853707109866,
            1832.0
          ]
        ]
      }
    },
    {
      "type": "Feature",
      "properties": {
        "name": "無名",
        "slope_deg": [
          -3.005269359689804,
          -3.005269359689804,
          -3.005269359689804,
          -3.005269359689804,
          -2.0045340321057092,
          -0.7161599454704085,
          1.5752369256829246,
          3.005269359689804,
          6.701525844729227,
          11.172136252166961,
          14.84222705791098,
          18.39196625070533,
          18.52084947747122,
          17.74467162505717,
          19.290046219188735,
          21.181349500266236,
          22.293629159694188,
          23.509040224192297,
          21.55401992047907,
          17.09266295026772,
          14.708303899682749,
          12.816647648997623,
          11.034209003250188,
          11.44759626368548,
          9.926245506651705,
          7.266008446995867,
          5.142764557884112,
          3.290883686067228,
          3.1480960995624994,
          2.862405226111748,
          2.862405226111748,
          3.148096099562824,
          3.005269359690129,
          3.290883686067228,
          4.573921259900927,
          5.000644597558433,
          5.4268124985727555,
          6.560196400571501,
          7.125016348901798,
          7.829076510059608,
          8.530765609948133,
          8.530765609948133,
          5.710593137499643,
          3.290883686067228,
          -0.1432391503681763,
          -2.5765718302690908,
          -1.1457628381750384,
          1.0025738037601275,
          3.8616074096748143,
          9.64804531609841,
          12.68038349181982,
          18.00416160591338,
          21.43000730175244,
          24.346751854704813,
          28.479831142093357,
          27.36156482027085,
          28.479831142093357,
          30.11373315098249,
          28.14678121412189,
          30.858317233519113,
          29.683140179123246,
          26.220246235243597,
          24.4655351106628,
          20.17838007450879,
          20.806791012711287,
          17.744671625056874,
          17.6146433000071,
          16.172159015782732,
          14.84222705791098,
          14.84222705791098,
          14.84222705791098,
          14.84222705791098
        ],
        "horizontal_dist_map": 702,
        "slope_dist_map": 730,
        "elevation_diff_map": 152.6,
        "avg_slope_deg_map": 11.8,
        "max_slope_deg_map": 30.9
      },
      "geometry": {
        "type": "LineString",
        "coordinates": [
          [
            137.7281221169352,
            36.04669436329741,
            1879.0
          ],
          [
            137.72805477829627,
            36.04676599834472,
            1879.2
          ],
          [
            137.72798743965734,
            36.04683763339202,
            1879.7
          ],
          [
            137.72792010101838,
            36.04690926843933,
            1880.3
          ],
          [
            137.72784532126786,
            36.04697317340793,
            1881.1
          ],
          [
            137.72774346534808,
            36.04700895073501,
            1881.3
          ],
          [
            137.72764160942833,
            36.0470447280621,
            1881.1
          ],
          [
            137.72753264730076,
            36.04704289031506,
            1880.8
          ],
          [
            137.72742226885873,
            36.04703355563374,
            1880.0
          ],
          [
            137.7273220050041,
            36.04704724527301,
            1879.2
          ],
          [
            137.7272438264392,
            36.04711120871711,
            1876.4
          ],
          [
            137.72716564787433,
            36.047175172161204,
            1872.9
          ],
          [
            137.72708746930942,
            36.0472391356053,
            1869.4
          ],
          [
            137.72700929074455,
            36.047303099049394,
            1865.9
          ],
          [
            137.72693111217967,
            36.047367062493485,
            1863.0
          ],
          [
            137.72685293361477,
            36.047431025937584,
            1860.1
          ],
          [
            137.72676089308413,
            36.04747988537439,
            1855.4
          ],
          [
            137.72666307185335,
            36.04752244615643,
            1850.4
          ],
          [
            137.72656525062257,
            36.04756500693847,
            1846.6
          ],
          [
            137.7264674293918,
            36.047607567720505,
            1842.7
          ],
          [
            137.72636861425107,
            36.047648215738604,
            1839.6
          ],
          [
            137.72626281836034,
            36.04767542941381,
            1838.1
          ],
          [
            137.72615702246964,
            36.04770264308902,
            1836.1
          ],
          [
            137.7260512265789,
            36.04772985676422,
            1833.6
          ],
          [
            137.7259454306882,
            36.047757070439424,
            1831.8
          ],
          [
            137.7258396347975,
            36.047784284114634,
            1830.0
          ],
          [
            137.7257310669503,
            36.047801483191826,
            1829.1
          ],
          [
            137.72562110676773,
            36.047813652002816,
            1828.5
          ],
          [
            137.72551114658518,
            36.0478258208138,
            1828.2
          ],
          [
            137.72540118640262,
            36.04783798962479,
            1827.7
          ],
          [
            137.72529122622004,
            36.04785015843578,
            1826.9
          ],
          [
            137.72518126603748,
            36.04786232724677,
            1826.5
          ],
          [
            137.72507130585493,
            36.04787449605776,
            1826.2
          ],
          [
            137.72496134567237,
            36.04788666486875,
            1825.5
          ],
          [
            137.7248513854898,
            36.04789883367974,
            1824.8
          ],
          [
            137.72474142530726,
            36.04791100249072,
            1824.2
          ],
          [
            137.7246317337056,
            36.04792444657148,
            1823.0
          ],
          [
            137.7245230445953,
            36.04794265065892,
            1822.0
          ],
          [
            137.72441435548495,
            36.04796085474636,
            1821.0
          ],
          [
            137.72430566637465,
            36.0479790588338,
            1819.6
          ],
          [
            137.7241969772643,
            36.04799726292124,
            1818.0
          ],
          [
            137.724088288154,
            36.04801546700868,
            1816.5
          ],
          [
            137.7239795990437,
            36.04803367109613,
            1815.0
          ],
          [
            137.72387137594,
            36.04803933412397,
            1813.6
          ],
          [
            137.72376423622535,
            36.04801584124499,
            1814.0
          ],
          [
            137.7236570965107,
            36.04799234836601,
            1814.2
          ],
          [
            137.72354995679603,
            36.04796885548702,
            1815.1
          ],
          [
            137.72344281708135,
            36.04794536260804,
            1815.4
          ],
          [
            137.7233356773667,
            36.04792186972906,
            1814.8
          ],
          [
            137.72322853765203,
            36.04789837685008,
            1813.5
          ],
          [
            137.72312139793738,
            36.0478748839711,
            1812.4
          ],
          [
            137.7230142582227,
            36.04785139109212,
            1808.6
          ],
          [
            137.72290547151417,
            36.04783669207241,
            1805.8
          ],
          [
            137.7227945758853,
            36.047833253294165,
            1800.5
          ],
          [
            137.72268368025644,
            36.04782981451593,
            1796.7
          ],
          [
            137.72257278462757,
            36.047826375737685,
            1790.5
          ],
          [
            137.7224618889987,
            36.04782293695945,
            1784.1
          ],
          [
            137.722353763264,
            36.04783363061302,
            1779.8
          ],
          [
            137.7222496624163,
            36.04786485986704,
            1775.0
          ],
          [
            137.72214556156857,
            36.04789608912107,
            1767.3
          ],
          [
            137.72204146072082,
            36.04792731837509,
            1762.7
          ],
          [
            137.7219373598731,
            36.04795854762911,
            1755.9
          ],
          [
            137.72183325902537,
            36.047989776883135,
            1752.2
          ],
          [
            137.72172915817765,
            36.048021006137155,
            1747.6
          ],
          [
            137.7216250573299,
            36.048052235391175,
            1744.5
          ],
          [
            137.72152095648218,
            36.0480834646452,
            1741.2
          ],
          [
            137.72141685563446,
            36.04811469389922,
            1737.0
          ],
          [
            137.72131507610916,
            36.048150180979015,
            1734.8
          ],
          [
            137.7212153176379,
            36.04818910318061,
            1731.8
          ],
          [
            137.7211085820019,
            36.04821378032368,
            1729.6
          ],
          [
            137.7210018463659,
            36.04823845746674,
            1726.4
          ],
          [
            137.7209783697101,
            36.04824388523965,
            1726.4
          ]
        ]
      }
    },
    {
      "type": "Feature",
      "properties": {
        "name": "ファミリー",
        "slope_deg": [
          15.509334522674754,
          15.509334522674754,
          15.509334522674754,
          15.109575122340402,
          13.495733280795996,
          12.543973346571923,
          11.44759626368579,
          10.896152141141194,
          10.48121814413073,
          11.722520970102511,
          11.172136252166961,
          12.270720357815076,
          11.859779120948104,
          11.85977912094779,
          12.270720357815385,
          11.996899307923577,
          11.7225209701022,
          11.58512622485511,
          10.481218144131045,
          9.926245506651705,
          10.203973721731748,
          9.09027692082245,
          9.926245506651705,
          8.950558656231918,
          8.9505586562316,
          9.787203664655925,
          9.090276920822133,
          10.065169352759717,
          9.22988624372772,
          8.9505586562316,
          9.09027692082245,
          9.369385096487358,
          10.619655276155134,
          10.619655276155134,
          12.407418527400683,
          12.407418527400994,
          12.95276451337558,
          13.495733280795996,
          13.901350769509243,
          13.631094443421295,
          13.360218444764483,
          14.305551846622015,
          12.543973346571923,
          12.95276451337558,
          11.7225209701022,
          11.172136252166961,
          11.172136252167274,
          11.7225209701022,
          13.495733280795996,
          12.68038349181982,
          14.439965121002654,
          13.766300685466504,
          13.766300685466197,
          14.170977562933274,
          12.270720357815385,
          12.133880170633224,
          10.065169352759717,
          10.065169352759717,
          9.09027692082245,
          7.829076510059608,
          6.418786730238786,
          6.418786730238786,
          6.418786730238786,
          6.418786730238786
        ],
        "horizontal_dist_map": 620,
        "slope_dist_map": 633,
        "elevation_diff_map": 125.3,
        "avg_slope_deg_map": 11.2,
        "max_slope_deg_map": 15.5
      },
      "geometry": {
        "type": "LineString",
        "coordinates": [
          [
            137.7160214939214,
            36.04872328371792,
            1566.5
          ],
          [
            137.71591194144102,
            36.04873768093668,
            1564.1
          ],
          [
            137.71580238896064,
            36.048752078155445,
            1560.4
          ],
          [
            137.71569283648026,
            36.04876647537421,
            1558.3
          ],
          [
            137.71558492117114,
            36.0487860714395,
            1555.4
          ],
          [
            137.7154803074553,
            36.04881615173268,
            1553.3
          ],
          [
            137.7153734020113,
            36.04883758069958,
            1550.8
          ],
          [
            137.71526281052053,
            36.04884509475557,
            1549.4
          ],
          [
            137.7151522190298,
            36.048852608811565,
            1547.3
          ],
          [
            137.71504162753905,
            36.04886012286756,
            1545.6
          ],
          [
            137.7149310360483,
            36.048867636923546,
            1543.4
          ],
          [
            137.71482044455757,
            36.04887515097954,
            1541.1
          ],
          [
            137.7147098530668,
            36.04888266503553,
            1539.4
          ],
          [
            137.71459926157607,
            36.04889017909152,
            1536.9
          ],
          [
            137.71448986620894,
            36.04890431658909,
            1535.0
          ],
          [
            137.71438127503976,
            36.048922907270246,
            1532.7
          ],
          [
            137.71427268387055,
            36.048941497951404,
            1530.7
          ],
          [
            137.71416409270137,
            36.04896008863256,
            1528.4
          ],
          [
            137.71405550153216,
            36.04897867931372,
            1526.7
          ],
          [
            137.71394691036298,
            36.04899726999488,
            1524.5
          ],
          [
            137.71383773083437,
            36.04901264281667,
            1523.3
          ],
          [
            137.71372717263776,
            36.049020475417876,
            1521.4
          ],
          [
            137.71361661444115,
            36.04902830801908,
            1519.5
          ],
          [
            137.71350605624454,
            36.04903614062029,
            1518.1
          ],
          [
            137.71339532372497,
            36.04904096785982,
            1516.3
          ],
          [
            137.71328434838512,
            36.04904160883054,
            1515.1
          ],
          [
            137.71317337304527,
            36.04904224980126,
            1513.2
          ],
          [
            137.71306239770541,
            36.049042890771986,
            1511.2
          ],
          [
            137.71295156045082,
            36.04903839391574,
            1509.9
          ],
          [
            137.71284072521328,
            36.04903382201001,
            1508.0
          ],
          [
            137.71272988997575,
            36.04902925010428,
            1506.7
          ],
          [
            137.71261905473818,
            36.049024678198556,
            1504.9
          ],
          [
            137.71250821950065,
            36.04902010629283,
            1503.5
          ],
          [
            137.71239913481665,
            36.04900471837279,
            1501.4
          ],
          [
            137.71229060894433,
            36.04898587776504,
            1499.2
          ],
          [
            137.712182083072,
            36.04896703715728,
            1497.4
          ],
          [
            137.71207355719966,
            36.04894819654953,
            1494.7
          ],
          [
            137.71196383935788,
            36.04893513194457,
            1492.6
          ],
          [
            137.7118536795119,
            36.04892420918765,
            1490.0
          ],
          [
            137.71174351966593,
            36.04891328643074,
            1487.8
          ],
          [
            137.71163335981993,
            36.04890236367382,
            1484.8
          ],
          [
            137.71152319997395,
            36.048891440916904,
            1482.9
          ],
          [
            137.71141304012798,
            36.04888051815999,
            1480.5
          ],
          [
            137.711302880282,
            36.048869595403076,
            1477.6
          ],
          [
            137.71119272043603,
            36.04885867264616,
            1475.9
          ],
          [
            137.71108194878033,
            36.04885435712369,
            1473.7
          ],
          [
            137.7109710163837,
            36.048851777521875,
            1472.2
          ],
          [
            137.71086008398703,
            36.04884919792007,
            1469.7
          ],
          [
            137.7107491515904,
            36.04884661831826,
            1468.0
          ],
          [
            137.71063821919375,
            36.04884403871645,
            1465.4
          ],
          [
            137.71052728679712,
            36.04884145911464,
            1462.6
          ],
          [
            137.71041635440048,
            36.04883887951283,
            1460.7
          ],
          [
            137.71030542200384,
            36.048836299911024,
            1457.7
          ],
          [
            137.71019448960718,
            36.04883372030921,
            1455.6
          ],
          [
            137.71008355721054,
            36.0488311407074,
            1452.8
          ],
          [
            137.70997351421804,
            36.04882319278656,
            1450.6
          ],
          [
            137.70986568687738,
            36.04880187150074,
            1449.0
          ],
          [
            137.70975785953672,
            36.048780550214936,
            1447.0
          ],
          [
            137.70965003219604,
            36.04875922892913,
            1445.7
          ],
          [
            137.70953964750254,
            36.04875064347056,
            1443.5
          ],
          [
            137.70942906525744,
            36.048743041835074,
            1442.6
          ],
          [
            137.70931848301234,
            36.048735440199586,
            1441.5
          ],
          [
            137.70920790076727,
            36.04872783856409,
            1441.2
          ],
          [
            137.70920714688938,
            36.04872778674108,
            1441.2
          ]
        ]
      }
    },
    {
      "type": "Feature",
      "properties": {
        "name": "トレーニングバーン",
        "slope_deg": [
          12.407418527400683,
          12.407418527400683,
          12.407418527400683,
          11.85977912094779,
          9.50877195829791,
          10.481218144131045,
          10.757967088390194,
          9.648045316098093,
          11.172136252167274,
          10.619655276155134,
          11.585126224854799,
          11.859779120948104,
          11.996899307923577,
          12.407418527400683,
          13.901350769509243,
          14.439965121002654,
          15.509334522674754,
          17.6146433000071,
          16.830565983210477,
          18.906332035086663,
          17.744671625056874,
          18.00416160591338,
          18.133621430820558,
          18.26288994219419,
          19.925580658184323,
          18.133621430820266,
          19.544862326628827,
          17.6146433000071,
          17.223436191131583,
          16.567741642975037,
          15.509334522674754,
          15.242997742901395,
          11.996899307923577,
          12.270720357815385,
          9.926245506651705,
          10.342657140474548,
          12.133880170633224,
          11.44759626368548,
          12.270720357815385,
          12.543973346572233,
          11.859779120948104,
          13.766300685466197,
          13.766300685466197,
          13.631094443421603,
          14.97598451475675,
          13.360218444764483,
          14.305551846622015,
          13.088732789694,
          12.407418527400683,
          11.859779120948104,
          11.44759626368548,
          10.896152141141194,
          9.648045316098093,
          9.369385096487358,
          7.266008446996189,
          6.418786730238786,
          5.142764557884436,
          5.000644597558433,
          4.8584629190340936,
          5.2848210925090795,
          6.418786730238786,
          5.852378988915814,
          7.125016348901798,
          7.266008446995867,
          7.266008446995867,
          6.56019640057118,
          4.431564716436037,
          4.431564716436037,
          4.431564716436037,
          4.431564716436037
        ],
        "horizontal_dist_map": 684,
        "slope_dist_map": 703,
        "elevation_diff_map": 145.4,
        "avg_slope_deg_map": 11.7,
        "max_slope_deg_map": 19.9
      },
      "geometry": {
        "type": "LineString",
        "coordinates": [
          [
            137.71679022524788,
            36.04832428836519,
            1582.5
          ],
          [
            137.71667941673525,
            36.04831932270366,
            1579.6
          ],
          [
            137.7165686082226,
            36.048314357042145,
            1576.4
          ],
          [
            137.71645779970996,
            36.04830939138062,
            1574.9
          ],
          [
            137.7163469911973,
            36.048304425719095,
            1573.7
          ],
          [
            137.71623618268467,
            36.04829946005758,
            1571.2
          ],
          [
            137.71612537417204,
            36.04829449439605,
            1569.7
          ],
          [
            137.71601456565938,
            36.04828952873453,
            1567.5
          ],
          [
            137.71590375714675,
            36.04828456307301,
            1566.1
          ],
          [
            137.7157929486341,
            36.04827959741149,
            1564.4
          ],
          [
            137.71568214012146,
            36.04827463174996,
            1561.8
          ],
          [
            137.7155713316088,
            36.048269666088444,
            1560.0
          ],
          [
            137.71546059589386,
            36.0482642425607,
            1557.9
          ],
          [
            137.71535186806273,
            36.0482461903029,
            1556.0
          ],
          [
            137.71524314023162,
            36.0482281380451,
            1553.3
          ],
          [
            137.71513441240052,
            36.0482100857873,
            1551.2
          ],
          [
            137.7150256845694,
            36.0481920335295,
            1548.0
          ],
          [
            137.7149161762079,
            36.04817982375852,
            1545.7
          ],
          [
            137.71480521089333,
            36.0481785196863,
            1542.2
          ],
          [
            137.71469424557873,
            36.04817721561409,
            1538.5
          ],
          [
            137.71458328026412,
            36.04817591154187,
            1535.9
          ],
          [
            137.71447231494952,
            36.048174607469655,
            1532.0
          ],
          [
            137.71436164435315,
            36.04818057714395,
            1529.4
          ],
          [
            137.71425102464832,
            36.04818780283863,
            1525.5
          ],
          [
            137.71414040494346,
            36.04819502853331,
            1522.8
          ],
          [
            137.71402978523864,
            36.04820225422799,
            1518.8
          ],
          [
            137.71391916553378,
            36.04820947992267,
            1514.9
          ],
          [
            137.71380854582895,
            36.04821670561734,
            1512.4
          ],
          [
            137.7136979261241,
            36.04822393131202,
            1508.6
          ],
          [
            137.71358730641924,
            36.048231157006704,
            1506.1
          ],
          [
            137.71347664506374,
            36.04823431877702,
            1502.5
          ],
          [
            137.71336589258,
            36.0482285890183,
            1500.5
          ],
          [
            137.71325514009627,
            36.048222859259575,
            1497.5
          ],
          [
            137.71314438761252,
            36.04821712950085,
            1495.2
          ],
          [
            137.71303356851033,
            36.0482131,
            1494.0
          ],
          [
            137.71292259152676,
            36.0482131,
            1491.8
          ],
          [
            137.71281190645792,
            36.04820692178037,
            1490.5
          ],
          [
            137.7127017091774,
            36.04819658396519,
            1487.9
          ],
          [
            137.712591772713,
            36.04818427192759,
            1485.4
          ],
          [
            137.71248183624863,
            36.048171959889984,
            1483.7
          ],
          [
            137.71237917956884,
            36.04813791236402,
            1481.8
          ],
          [
            137.71227670903576,
            36.04810330905379,
            1479.0
          ],
          [
            137.71217423850268,
            36.04806870574357,
            1477.0
          ],
          [
            137.71206637187228,
            36.048054760961854,
            1473.9
          ],
          [
            137.71195542699206,
            36.048052601014106,
            1472.0
          ],
          [
            137.71184448211187,
            36.04805044106636,
            1469.3
          ],
          [
            137.71173353723168,
            36.048048281118604,
            1466.3
          ],
          [
            137.71162327641144,
            36.048057802706495,
            1464.4
          ],
          [
            137.71151308460693,
            36.04806850285965,
            1461.8
          ],
          [
            137.71140289280243,
            36.048079203012804,
            1460.0
          ],
          [
            137.71129285700283,
            36.048090912994795,
            1457.5
          ],
          [
            137.71118282683057,
            36.048102659402495,
            1456.0
          ],
          [
            137.71107279665827,
            36.0481144058102,
            1453.7
          ],
          [
            137.71096276648598,
            36.04812615221791,
            1452.3
          ],
          [
            137.71085273631368,
            36.04813789862561,
            1450.7
          ],
          [
            137.71074270614142,
            36.04814964503332,
            1449.4
          ],
          [
            137.71063195762747,
            36.04815155712093,
            1448.6
          ],
          [
            137.71052098901453,
            36.04815045598474,
            1447.8
          ],
          [
            137.71041079748298,
            36.048159418702156,
            1447.1
          ],
          [
            137.71030086749946,
            36.04817176868471,
            1445.9
          ],
          [
            137.7101909375159,
            36.048184118667265,
            1445.2
          ],
          [
            137.71008164315222,
            36.048199646911385,
            1444.1
          ],
          [
            137.7099725510583,
            36.048216186555806,
            1442.6
          ],
          [
            137.70986345896438,
            36.04823272620023,
            1441.8
          ],
          [
            137.70975436687044,
            36.04824926584465,
            1440.2
          ],
          [
            137.7096452747765,
            36.04826580548907,
            1439.0
          ],
          [
            137.70953517887446,
            36.04826984723625,
            1437.5
          ],
          [
            137.70942436543277,
            36.048264955266845,
            1437.2
          ],
          [
            137.70931355199107,
            36.04826006329744,
            1437.1
          ],
          [
            137.70925880882626,
            36.048257646606075,
            1437.1
          ]
        ]
      }
    },
    {
      "type": "Feature",
      "properties": {
        "name": "バンビ",
        "slope_deg": [
          10.065169352759717,
          10.065169352759717,
          10.065169352759717,
          8.670801453591151,
          9.22988624372772,
          8.390627013252708,
          8.11004782941916,
          8.11004782941916,
          8.110047829418843,
          8.250387228905435,
          8.250387228905435,
          8.110047829418843,
          8.250387228905753,
          9.09027692082245,
          8.670801453591151,
          9.22988624372772,
          7.547725773843047,
          7.125016348901798,
          6.135733340186728,
          6.418786730238786,
          6.983937460085098,
          7.406912128495294,
          8.670801453590833,
          8.11004782941916,
          9.369385096487674,
          8.390627013252388,
          8.530765609948133,
          7.688447769903003,
          5.142764557884112,
          3.576334374997351,
          3.576334374997351,
          3.576334374997351,
          3.576334374997351
        ],
        "horizontal_dist_map": 312,
        "slope_dist_map": 316,
        "elevation_diff_map": 41.8,
        "avg_slope_deg_map": 7.5,
        "max_slope_deg_map": 10.1
      },
      "geometry": {
        "type": "LineString",
        "coordinates": [
          [
            137.71156938412767,
            36.04937475184645,
            1475.5
          ],
          [
            137.7114599830877,
            36.049359611687,
            1473.4
          ],
          [
            137.71135058204777,
            36.04934447152755,
            1472.1
          ],
          [
            137.7112411810078,
            36.0493293313681,
            1470.4
          ],
          [
            137.71113177996787,
            36.04931419120865,
            1468.4
          ],
          [
            137.7110223789279,
            36.049299051049196,
            1467.3
          ],
          [
            137.71091297788797,
            36.04928391088975,
            1465.6
          ],
          [
            137.710803576848,
            36.0492687707303,
            1464.5
          ],
          [
            137.71069417580807,
            36.049253630570846,
            1462.7
          ],
          [
            137.7105847747681,
            36.0492384904114,
            1461.6
          ],
          [
            137.71047537372817,
            36.04922335025195,
            1459.9
          ],
          [
            137.7103659726882,
            36.049208210092495,
            1458.7
          ],
          [
            137.71025657164827,
            36.04919306993305,
            1456.9
          ],
          [
            137.7101471706083,
            36.0491779297736,
            1455.9
          ],
          [
            137.71003776956837,
            36.049162789614144,
            1454.1
          ],
          [
            137.7099283685284,
            36.049147649454696,
            1452.3
          ],
          [
            137.70981896748847,
            36.04913250929525,
            1450.8
          ],
          [
            137.7097095664485,
            36.04911736913579,
            1449.4
          ],
          [
            137.70960016540857,
            36.049102228976345,
            1448.8
          ],
          [
            137.7094907643686,
            36.0490870888169,
            1447.3
          ],
          [
            137.70938136332867,
            36.04907194865744,
            1446.5
          ],
          [
            137.7092719622887,
            36.049056808497994,
            1444.9
          ],
          [
            137.70916256124877,
            36.049041668338546,
            1443.9
          ],
          [
            137.7090531602088,
            36.04902652817909,
            1442.1
          ],
          [
            137.70894375916887,
            36.04901138801964,
            1440.4
          ],
          [
            137.7088343581289,
            36.048996247860195,
            1439.2
          ],
          [
            137.70872495708898,
            36.04898110770074,
            1437.3
          ],
          [
            137.708615556049,
            36.04896596754129,
            1436.2
          ],
          [
            137.70850615500908,
            36.048950827381844,
            1434.4
          ],
          [
            137.7083967539691,
            36.04893568722239,
            1433.8
          ],
          [
            137.70828735292918,
            36.04892054706294,
            1433.7
          ],
          [
            137.7081779518892,
            36.04890540690349,
            1433.7
          ],
          [
            137.7081469866577,
            36.04890112158278,
            1433.7
          ]
        ]
      }
    },
    {
      "type": "Feature",
      "properties": {
        "name": "立て水の坂",
        "slope_deg": [
          7.829076510059608,
          7.829076510059608,
          7.829076510059608,
          10.481218144131045,
          11.172136252166961,
          12.68038349181982,
          14.97598451475675,
          14.439965121002654,
          15.907551930525962,
          19.034434354835135,
          22.04794746356016,
          23.749494492866653,
          24.346751854704813,
          23.388482428995122,
          20.806791012711287,
          19.798876354525046,
          19.925580658184323,
          19.54486232662854,
          19.544862326628827,
          20.931852540892464,
          22.538450040828252,
          22.04794746356044,
          23.629377730656817,
          21.67782085250454,
          21.305783617828656,
          21.67782085250454,
          21.80140948635181,
          23.629377730656817,
          22.416147479343643,
          22.538450040827975,
          22.293629159694188,
          19.6719699892005,
          20.68152167820107,
          20.30447370996038,
          18.133621430820266,
          20.052082146098424,
          17.744671625056874,
          16.69924423399362,
          15.642246457208788,
          14.842227057911282,
          14.708303899682749,
          14.57421619803886,
          16.304198003832376,
          14.574216198038554,
          14.17097756293297,
          14.17097756293297,
          14.17097756293297,
          14.17097756293297
        ],
        "horizontal_dist_map": 462,
        "slope_dist_map": 489,
        "elevation_diff_map": 153.2,
        "avg_slope_deg_map": 17.4,
        "max_slope_deg_map": 24.3
      },
      "geometry": {
        "type": "LineString",
        "coordinates": [
          [
            137.72066142280818,
            36.048392486967316,
            1720.8
          ],
          [
            137.72056552978046,
            36.048437851052014,
            1719.2
          ],
          [
            137.72046963675277,
            36.048483215136706,
            1717.8
          ],
          [
            137.72037374372505,
            36.048528579221404,
            1716.7
          ],
          [
            137.72027785069733,
            36.048573943306096,
            1715.3
          ],
          [
            137.72018186007585,
            36.04861915813469,
            1711.8
          ],
          [
            137.72008186911302,
            36.048658254998585,
            1709.9
          ],
          [
            137.71998187815018,
            36.04869735186247,
            1707.7
          ],
          [
            137.71988188718734,
            36.04873644872636,
            1704.6
          ],
          [
            137.7197818962245,
            36.04877554559025,
            1701.5
          ],
          [
            137.71968190526167,
            36.04881464245414,
            1698.5
          ],
          [
            137.71958191429883,
            36.04885373931803,
            1693.9
          ],
          [
            137.71949477074034,
            36.04890886802321,
            1688.4
          ],
          [
            137.71941025764485,
            36.04896727919424,
            1683.9
          ],
          [
            137.71932574454937,
            36.04902569036526,
            1680.4
          ],
          [
            137.71924029853076,
            36.04908308084404,
            1676.6
          ],
          [
            137.71914697868752,
            36.04913185673143,
            1673.2
          ],
          [
            137.7190536588443,
            36.049180632618814,
            1669.5
          ],
          [
            137.71896033900106,
            36.04922940850619,
            1665.9
          ],
          [
            137.7188670191578,
            36.04927818439358,
            1662.4
          ],
          [
            137.7187736993146,
            36.049326960280965,
            1659.0
          ],
          [
            137.7186683266156,
            36.049348986248255,
            1654.2
          ],
          [
            137.71855827939112,
            36.04936063764646,
            1649.3
          ],
          [
            137.71844823216662,
            36.04937228904467,
            1646.2
          ],
          [
            137.71833818494213,
            36.04938394044288,
            1641.5
          ],
          [
            137.71822745738385,
            36.04938209442602,
            1638.3
          ],
          [
            137.71811660568554,
            36.04937778554491,
            1633.7
          ],
          [
            137.7180057539872,
            36.049373476663796,
            1630.3
          ],
          [
            137.7178949022889,
            36.049369167782686,
            1625.5
          ],
          [
            137.7177846105689,
            36.04936262423149,
            1620.8
          ],
          [
            137.71768050072555,
            36.04933141105632,
            1617.2
          ],
          [
            137.71757639088221,
            36.04930019788116,
            1613.7
          ],
          [
            137.71747228103888,
            36.04926898470599,
            1609.1
          ],
          [
            137.71736817119555,
            36.04923777153082,
            1606.5
          ],
          [
            137.71726406135218,
            36.04920655835566,
            1602.1
          ],
          [
            137.71715995150885,
            36.04917534518049,
            1598.9
          ],
          [
            137.71705703435285,
            36.049141937911536,
            1596.0
          ],
          [
            137.716958480757,
            36.049100503341705,
            1591.9
          ],
          [
            137.71685992716115,
            36.04905906877187,
            1589.3
          ],
          [
            137.71676439930962,
            36.049013348923346,
            1586.9
          ],
          [
            137.71667057930776,
            36.04896521029416,
            1584.8
          ],
          [
            137.7165767593059,
            36.04891707166499,
            1581.3
          ],
          [
            137.71647947452033,
            36.04887378178827,
            1578.8
          ],
          [
            137.7163814578261,
            36.04883151617294,
            1576.5
          ],
          [
            137.71628344113182,
            36.04878925055762,
            1573.1
          ],
          [
            137.71617965113614,
            36.04875827719604,
            1570.9
          ],
          [
            137.7160735950791,
            36.04873173612338,
            1568.7
          ],
          [
            137.7160426043758,
            36.0487239805408,
            1567.6
          ]
        ]
      }
    },
    {
      "type": "Feature",
      "properties": {
        "name": "ラビット",
        "slope_deg": [
          15.907551930525962,
          15.907551930525962,
          15.907551930525962,
          17.09266295026772,
          15.509334522674754,
          16.304198003832674,
          17.09266295026772,
          18.00416160591338,
          19.67196998920079,
          18.262889942193894,
          20.052082146098424,
          18.00416160591338,
          18.262889942193894,
          18.52084947747122,
          18.906332035086372,
          19.417554141579338,
          20.052082146098424,
          20.178380074508503,
          19.290046219188735,
          19.034434354835426,
          18.00416160591338,
          17.09266295026772,
          15.109575122340708,
          12.407418527400683,
          12.407418527400683,
          12.407418527400683,
          12.407418527400683
        ],
        "horizontal_dist_map": 251,
        "slope_dist_map": 263,
        "elevation_diff_map": 77.5,
        "avg_slope_deg_map": 16.4,
        "max_slope_deg_map": 20.2
      },
      "geometry": {
        "type": "LineString",
        "coordinates": [
          [
            137.73751245214567,
            36.04700227471916,
            2115.8
          ],
          [
            137.73740151927134,
            36.04700476619288,
            2113.3
          ],
          [
            137.73729058639705,
            36.0470072576666,
            2109.6
          ],
          [
            137.73717965352273,
            36.047009749140315,
            2106.4
          ],
          [
            137.73706918623768,
            36.04701789978358,
            2104.4
          ],
          [
            137.73695883128502,
            36.04702741581092,
            2101.0
          ],
          [
            137.73684847633237,
            36.047036931838264,
            2098.5
          ],
          [
            137.73673812137972,
            36.047046447865604,
            2094.7
          ],
          [
            137.7366277664271,
            36.047055963892944,
            2092.1
          ],
          [
            137.73651701298036,
            36.04705572131021,
            2088.0
          ],
          [
            137.73640612414644,
            36.04705216326898,
            2084.2
          ],
          [
            137.73629523531253,
            36.04704860522775,
            2081.5
          ],
          [
            137.73618463426138,
            36.04704212249489,
            2077.5
          ],
          [
            137.73607445675034,
            36.047031335388596,
            2075.0
          ],
          [
            137.73596427923934,
            36.0470205482823,
            2071.0
          ],
          [
            137.73585582263266,
            36.047002066066796,
            2068.1
          ],
          [
            137.73574801025728,
            36.04698070313903,
            2063.8
          ],
          [
            137.7356401978819,
            36.04695934021126,
            2060.9
          ],
          [
            137.73553315035903,
            36.04693569115951,
            2056.4
          ],
          [
            137.73542684815766,
            36.04690981436163,
            2053.4
          ],
          [
            137.73532054595626,
            36.04688393756376,
            2049.8
          ],
          [
            137.73521424375485,
            36.046858060765885,
            2047.1
          ],
          [
            137.73511069639417,
            36.04682608425234,
            2043.4
          ],
          [
            137.7350089998265,
            36.046790009748186,
            2041.1
          ],
          [
            137.73490730325886,
            36.046753935244034,
            2039.0
          ],
          [
            137.7348056066912,
            36.04671786073988,
            2038.3
          ],
          [
            137.7347914828365,
            36.04671285062925,
            2038.3
          ]
        ]
      }
    }
  ]
}