{
  "type": "FeatureCollection",
  "features": [
    {
      "type": "Feature",
      "properties": {
        "name": "水無ゲレンデB",
        "slope_deg": [
          3.576334374997351,
          3.576334374997351,
          3.576334374997351,
          6.135733340186728,
          10.48121814413073,
          12.95276451337558,
          16.17215901578243,
          16.83056598321078,
          16.69924423399362,
          15.509334522675056,
          13.495733280795996,
          12.68038349181982,
          10.757967088390194,
          12.133880170633224,
          12.543973346571923,
          12.816647648997312,
          12.816647648997312,
          14.305551846622015,
          14.305551846622015,
          15.907551930525962,
          18.52084947747122,
          17.35402463626132,
          18.906332035086663,
          16.43605922463559,
          13.49573328079569,
          13.631094443421603,
          11.172136252166961,
          12.407418527400683,
          12.270720357815385,
          11.309932474020215,
          11.172136252167274,
          10.896152141141194,
          9.50877195829791,
          8.530765609948133,
          8.390627013252708,
          6.418786730238786,
          7.688447769902681,
          7.547725773843047,
          7.969610394321233,
          10.203973721731748,
          11.58512622485511,
          12.543973346571923,
          14.17097756293297,
          13.901350769508936,
          15.37625124882619,
          15.907551930525962,
          18.00416160591338,
          18.133621430820558,
          17.092662950267425,
          16.961705886532968,
          15.77498595541431,
          16.69924423399362,
          16.304198003832376,
          16.43605922463559,
          15.37625124882619,
          12.952764513375273,
          13.631094443421603,
          10.757967088389877,
          6.983937460085098,
          5.000644597558433,
          0.8593722436445507,
          3.148096099562824,
          7.547725773843047,
          13.088732789694308,
          13.360218444764483,
          11.7225209701022,
          7.969610394321551,
          2.433606100719861,
          1.57523692568325,
          0.7161599454704085,
          2.862405226111748,
          7.266008446996189,
          13.49573328079569,
          11.309932474020215,
          5.994092949108534,
          0.2864765102771396,
          -2.433606100720186,
          -4.146688825965815,
          -1.7183580016555222,
          6.983937460085098,
          6.701525844729548,
          8.530765609948133,
          8.390627013252388,
          -4.8584629190340936,
          -3.148096099562824,
          4.7162212343382155,
          12.816647648997623,
          23.38848242899485,
          30.00643379045911,
          27.587067675863857,
          25.290734392148174,
          24.22774531795417,
          21.924785220541203,
          25.173524524530244,
          25.173524524530244,
          25.173524524530244
        ],
        "horizontal_dist_map": 951,
        "slope_dist_map": 987,
        "elevation_diff_map": 200.3,
        "avg_slope_deg_map": 11.5,
        "max_slope_deg_map": 30.0
      },
      "geometry": {
        "type": "LineString",
        "coordinates": [
          [
            138.4704673,
            36.917402,
            1180.8
          ],
          [
            138.47035751657214,
            36.91742068868256,
            1180.5
          ],
          [
            138.47024773314425,
            36.91743937736511,
            1180.1
          ],
          [
            138.4701380308214,
            36.917458295513676,
            1179.4
          ],
          [
            138.47003238823714,
            36.917488699657376,
            1178.3
          ],
          [
            138.46992674565286,
            36.91751910380108,
            1176.2
          ],
          [
            138.46982110306857,
            36.91754950794478,
            1172.7
          ],
          [
            138.4697154604843,
            36.91757991208848,
            1170.2
          ],
          [
            138.46960981790002,
            36.91761031623218,
            1166.7
          ],
          [
            138.46950417531573,
            36.91764072037588,
            1164.1
          ],
          [
            138.46940501275992,
            36.91768205416887,
            1160.7
          ],
          [
            138.4693090164107,
            36.917728728297604,
            1159.1
          ],
          [
            138.4692130200615,
            36.91777540242634,
            1157.1
          ],
          [
            138.46911702371227,
            36.91782207655506,
            1155.1
          ],
          [
            138.46902102736306,
            36.917868750683795,
            1153.1
          ],
          [
            138.46892503101384,
            36.91791542481253,
            1150.5
          ],
          [
            138.46882903466462,
            36.91796209894125,
            1148.2
          ],
          [
            138.4687330383154,
            36.918008773069985,
            1146.0
          ],
          [
            138.46863305929037,
            36.9180486677868,
            1144.0
          ],
          [
            138.46852714743721,
            36.91807846349281,
            1140.3
          ],
          [
            138.46842123558403,
            36.91810825919883,
            1138.0
          ],
          [
            138.46831135247322,
            36.91812296039735,
            1134.6
          ],
          [
            138.4681994810636,
            36.91813010419386,
            1130.6
          ],
          [
            138.46808760965402,
            36.918137247990366,
            1127.8
          ],
          [
            138.46797573824443,
            36.918144391786875,
            1124.3
          ],
          [
            138.46786386683485,
            36.91815153558338,
            1122.8
          ],
          [
            138.46775199542526,
            36.918158679379886,
            1121.0
          ],
          [
            138.46764012401567,
            36.918165823176395,
            1118.1
          ],
          [
            138.4675282526061,
            36.918172966972904,
            1116.4
          ],
          [
            138.4674163811965,
            36.918180110769406,
            1114.0
          ],
          [
            138.4673068418365,
            36.91819800624439,
            1112.3
          ],
          [
            138.46719854964093,
            36.918221651644814,
            1110.1
          ],
          [
            138.4670902574454,
            36.91824529704524,
            1108.5
          ],
          [
            138.46698196524983,
            36.91826894244567,
            1106.3
          ],
          [
            138.46687367305427,
            36.918292587846096,
            1105.6
          ],
          [
            138.46676538085873,
            36.91831623324652,
            1104.1
          ],
          [
            138.46665708866317,
            36.91833987864695,
            1102.6
          ],
          [
            138.46654879646763,
            36.91836352404738,
            1101.8
          ],
          [
            138.46644050427207,
            36.918387169447804,
            1100.2
          ],
          [
            138.46633221207654,
            36.91841081484823,
            1098.8
          ],
          [
            138.46622391988097,
            36.918434460248655,
            1097.0
          ],
          [
            138.4661339809739,
            36.91848783578766,
            1094.6
          ],
          [
            138.4660449715306,
            36.918542716947115,
            1092.0
          ],
          [
            138.4659559620873,
            36.918597598106565,
            1089.9
          ],
          [
            138.46586695264398,
            36.918652479266015,
            1086.9
          ],
          [
            138.46577794320066,
            36.918707360425465,
            1084.7
          ],
          [
            138.46570566907675,
            36.91877615317627,
            1081.0
          ],
          [
            138.46563427424442,
            36.91884567685693,
            1078.5
          ],
          [
            138.46557033701544,
            36.918919429024314,
            1073.9
          ],
          [
            138.46551262220103,
            36.91899670932216,
            1071.6
          ],
          [
            138.46545490738663,
            36.919073989619996,
            1068.7
          ],
          [
            138.46539719257223,
            36.91915126991783,
            1066.3
          ],
          [
            138.46533947775785,
            36.91922855021567,
            1062.6
          ],
          [
            138.46528176294345,
            36.91930583051351,
            1059.6
          ],
          [
            138.46522404812904,
            36.919383110811346,
            1057.0
          ],
          [
            138.4651683416966,
            36.91946116725224,
            1054.5
          ],
          [
            138.4651291236449,
            36.91954559565947,
            1051.6
          ],
          [
            138.4650899055932,
            36.919630024066706,
            1050.4
          ],
          [
            138.46505068754152,
            36.91971445247393,
            1047.3
          ],
          [
            138.4650114694898,
            36.91979888088117,
            1046.9
          ],
          [
            138.46497225143813,
            36.9198833092884,
            1046.7
          ],
          [
            138.46493303338644,
            36.919967737695636,
            1046.9
          ],
          [
            138.46484004545115,
            36.91997174673922,
            1046.7
          ],
          [
            138.46473073354747,
            36.919951341313904,
            1044.7
          ],
          [
            138.4646206890073,
            36.91993862611784,
            1041.4
          ],
          [
            138.46450914943748,
            36.91994656696986,
            1037.6
          ],
          [
            138.46440743922173,
            36.91998465282613,
            1037.2
          ],
          [
            138.464305729006,
            36.920022738682405,
            1036.4
          ],
          [
            138.46422697603927,
            36.92008189053704,
            1035.8
          ],
          [
            138.4641664608996,
            36.92015777776078,
            1035.9
          ],
          [
            138.46410594575994,
            36.92023366498452,
            1036.1
          ],
          [
            138.4640454306203,
            36.92030955220826,
            1035.9
          ],
          [
            138.46398491548064,
            36.920385439432,
            1033.8
          ],
          [
            138.463924400341,
            36.92046132665574,
            1030.8
          ],
          [
            138.46386388520133,
            36.920537213879484,
            1026.5
          ],
          [
            138.46380337006167,
            36.92061310110323,
            1027.9
          ],
          [
            138.46374285492203,
            36.920688988326965,
            1029.6
          ],
          [
            138.46367474621633,
            36.92076021881874,
            1030.6
          ],
          [
            138.4635994838848,
            36.92082706237058,
            1028.2
          ],
          [
            138.46352422155326,
            36.92089390592241,
            1030.8
          ],
          [
            138.4634149912527,
            36.92090967817306,
            1030.8
          ],
          [
            138.46330394391703,
            36.920922718486835,
            1025.7
          ],
          [
            138.46319289658138,
            36.92093575880061,
            1023.5
          ],
          [
            138.46308184924573,
            36.92094879911438,
            1024.8
          ],
          [
            138.46297080191007,
            36.92096183942815,
            1024.9
          ],
          [
            138.4628597545744,
            36.92097487974193,
            1029.1
          ],
          [
            138.46274870723875,
            36.920987920055694,
            1025.7
          ],
          [
            138.4626376599031,
            36.92100096036947,
            1021.5
          ],
          [
            138.4625281729687,
            36.92101950432399,
            1015.8
          ],
          [
            138.4624210382193,
            36.921046344594245,
            1011.8
          ],
          [
            138.46231390346995,
            36.9210731848645,
            1002.6
          ],
          [
            138.46220676872056,
            36.92110002513475,
            1000.6
          ],
          [
            138.4620996339712,
            36.921126865405,
            996.9
          ],
          [
            138.46199249922185,
            36.92115370567525,
            993.8
          ],
          [
            138.46188536447247,
            36.921180545945504,
            986.5
          ],
          [
            138.4617782297231,
            36.92120738621576,
            981.8
          ]
        ]
      }
    },
    {
      "type": "Feature",
      "properties": {
        "name": "伊勢宮ゲレンデ",
        "slope_deg": [
          13.495733280795843,
          13.495733280795843,
          13.495733280795843,
          12.68038349181982,
          12.407418527400683,
          11.859779120948104,
          12.952764513375426,
          18.64953875405141,
          20.304473709960526,
          19.290046219188735,
          15.242997742901547,
          6.560196400571341,
          4.0041729407093225,
          2.004534032105872,
          -0.5729386976834533,
          -0.8593722436447134,
          1.5752369256830872,
          7.406912128495133,
          13.631094443421603,
          19.417554141579483,
          20.052082146098567,
          19.671969989200644,
          20.052082146098567,
          17.874511367250282,
          16.96170588653282,
          14.842227057911131,
          13.088732789694,
          12.816647648997467,
          12.68038349181982,
          12.68038349181982,
          12.95276451337558,
          12.133880170633224,
          13.088732789694154,
          12.543973346572077,
          11.996899307923577,
          12.407418527400838,
          11.034209003250188,
          11.034209003250188,
          10.065169352759717,
          8.9505586562316,
          10.896152141141194,
          10.757967088390036,
          12.543973346572233,
          12.816647648997467,
          10.619655276155134,
          11.7225209701022,
          10.481218144130889,
          9.648045316098093,
          8.810732985984814,
          5.710593137499643,
          4.0041729407093225,
          3.0052693596899664,
          1.8614576304668264,
          1.5752369256830872,
          2.004534032105872,
          1.7183580016555222,
          1.7183580016555222,
          1.7183580016555222
        ],
        "horizontal_dist_map": 573,
        "slope_dist_map": 588,
        "elevation_diff_map": 108.7,
        "avg_slope_deg_map": 10.5,
        "max_slope_deg_map": 20.3
      },
      "geometry": {
        "type": "LineString",
        "coordinates": [
          [
            138.4592128,
            36.9240709,
            771.4
          ],
          [
            138.45913845042452,
            36.92413840123418,
            768.4
          ],
          [
            138.45906410084905,
            36.92420590246837,
            767.0
          ],
          [
            138.45898975127358,
            36.92427340370256,
            764.2
          ],
          [
            138.45891540169814,
            36.92434090493675,
            761.8
          ],
          [
            138.45884105212266,
            36.92440840617093,
            759.4
          ],
          [
            138.4587667025472,
            36.924475907405125,
            758.2
          ],
          [
            138.45869235297172,
            36.92454340863931,
            755.8
          ],
          [
            138.4586409469192,
            36.92462134894423,
            752.6
          ],
          [
            138.45860702337419,
            36.924707243613156,
            745.9
          ],
          [
            138.45857309982918,
            36.92479313828208,
            743.4
          ],
          [
            138.4585391762842,
            36.924879032951004,
            741.8
          ],
          [
            138.4585052527392,
            36.92496492761993,
            741.7
          ],
          [
            138.4584438192378,
            36.92503946410927,
            741.3
          ],
          [
            138.458376531075,
            36.925111583353946,
            740.6
          ],
          [
            138.45830924291224,
            36.92518370259862,
            740.4
          ],
          [
            138.45823927600148,
            36.92525317759198,
            742.1
          ],
          [
            138.45813762379305,
            36.92529137532772,
            741.9
          ],
          [
            138.4580359715846,
            36.92532957306346,
            739.5
          ],
          [
            138.45793431937616,
            36.92536777079919,
            735.2
          ],
          [
            138.4578326671677,
            36.92540596853493,
            732.4
          ],
          [
            138.45773101495925,
            36.925444166270665,
            727.8
          ],
          [
            138.4576229477893,
            36.92546712955286,
            724.9
          ],
          [
            138.4575132784053,
            36.92548628784648,
            720.9
          ],
          [
            138.4574036090213,
            36.92550544614011,
            717.8
          ],
          [
            138.4572939396373,
            36.92552460443373,
            714.9
          ],
          [
            138.45718427025332,
            36.92554376272736,
            712.7
          ],
          [
            138.45707460086933,
            36.925562921020976,
            710.3
          ],
          [
            138.45696493148532,
            36.9255820793146,
            708.5
          ],
          [
            138.45685843940842,
            36.92560887637173,
            705.8
          ],
          [
            138.45675643880583,
            36.92564647166426,
            703.7
          ],
          [
            138.45665443820326,
            36.925684066956784,
            701.3
          ],
          [
            138.45655243760066,
            36.9257216622493,
            699.3
          ],
          [
            138.45645043699807,
            36.92575925754183,
            697.2
          ],
          [
            138.45634843639547,
            36.92579685283435,
            694.4
          ],
          [
            138.45624643579288,
            36.92583444812688,
            692.4
          ],
          [
            138.4561444351903,
            36.9258720434194,
            690.8
          ],
          [
            138.45604243458772,
            36.92590963871193,
            688.4
          ],
          [
            138.45594043398512,
            36.92594723400445,
            686.6
          ],
          [
            138.45582886547405,
            36.92595345829375,
            684.6
          ],
          [
            138.45571676901358,
            36.92595795155667,
            683.7
          ],
          [
            138.4556046725531,
            36.92596244481959,
            682.1
          ],
          [
            138.45549260374295,
            36.92596552393745,
            678.9
          ],
          [
            138.4553807381769,
            36.92595820836916,
            677.0
          ],
          [
            138.45526887261084,
            36.92595089280088,
            674.8
          ],
          [
            138.4551570070448,
            36.92594357723259,
            673.0
          ],
          [
            138.4550451414787,
            36.9259362616643,
            671.4
          ],
          [
            138.45493327591265,
            36.925928946096015,
            668.7
          ],
          [
            138.4548214103466,
            36.925921630527725,
            667.4
          ],
          [
            138.4547095447805,
            36.92591431495944,
            666.2
          ],
          [
            138.4546238513754,
            36.92586790259969,
            665.2
          ],
          [
            138.45455452766024,
            36.92579703668578,
            664.7
          ],
          [
            138.4544852039451,
            36.92572617077186,
            664.6
          ],
          [
            138.45441588022993,
            36.92565530485794,
            664.1
          ],
          [
            138.45434655651476,
            36.92558443894402,
            663.9
          ],
          [
            138.45427723279963,
            36.9255135730301,
            663.6
          ],
          [
            138.45420790908446,
            36.92544270711619,
            663.2
          ],
          [
            138.45413858536932,
            36.92537184120227,
            662.9
          ]
        ]
      }
    },
    {
      "type": "Feature",
      "properties": {
        "name": "日影ゲレンデA",
        "slope_deg": [
          16.436059224635738,
          16.436059224635738,
          16.436059224635738,
          14.439965121002807,
          15.509334522674907,
          14.439965121002807,
          15.109575122340402,
          16.17215901578243,
          14.708303899682749,
          14.84222705791098,
          12.543973346572077,
          11.722520970102357,
          11.309932474020215,
          10.896152141141194,
          12.270720357815385,
          11.7225209701022,
          13.224551192213497,
          13.360218444764483,
          13.495733280795843,
          14.170977562933123,
          14.708303899682749,
          15.774985955414008,
          14.57421619803871,
          15.109575122340402,
          13.631094443421603,
          14.97598451475675,
          15.509334522674907,
          16.436059224635738,
          16.172159015782583,
          14.842227057911131,
          16.830565983210626,
          14.305551846621862,
          13.766300685466197,
          11.7225209701022,
          10.896152141141036,
          11.722520970102357,
          13.360218444764483,
          14.97598451475675,
          12.270720357815385,
          11.585126224854955,
          9.787203664656081,
          9.787203664656081,
          10.619655276155134,
          11.172136252167274,
          12.407418527400838,
          10.481218144130889,
          11.447596263685636,
          10.481218144130889,
          9.648045316098093,
          9.50877195829791,
          9.50877195829791,
          9.50877195829791
        ],
        "horizontal_dist_map": 512,
        "slope_dist_map": 527,
        "elevation_diff_map": 120.4,
        "avg_slope_deg_map": 12.8,
        "max_slope_deg_map": 16.8
      },
      "geometry": {
        "type": "LineString",
        "coordinates": [
          [
            138.45971998637708,
            36.924069612030486,
            784.2
          ],
          [
            138.45960781781164,
            36.92407267262941,
            780.6
          ],
          [
            138.4594956492462,
            36.92407573322833,
            778.2
          ],
          [
            138.45938348068077,
            36.924078793827256,
            775.1
          ],
          [
            138.45927149756284,
            36.92407438618122,
            772.4
          ],
          [
            138.45915994118437,
            36.92407684776841,
            770.3
          ],
          [
            138.45904879404353,
            36.924089354243364,
            767.1
          ],
          [
            138.45893764690268,
            36.924101860718324,
            764.8
          ],
          [
            138.4588264997618,
            36.924114367193276,
            761.6
          ],
          [
            138.45871535262097,
            36.92412687366823,
            758.7
          ],
          [
            138.45860420548013,
            36.92413938014319,
            756.6
          ],
          [
            138.45849305833926,
            36.92415188661814,
            754.2
          ],
          [
            138.45838191119842,
            36.92416439309309,
            752.7
          ],
          [
            138.45827234554665,
            36.9241836587515,
            750.4
          ],
          [
            138.45816312336837,
            36.92420439239375,
            748.6
          ],
          [
            138.45805390119008,
            36.924225126036,
            746.5
          ],
          [
            138.45794467901183,
            36.924245859678244,
            744.0
          ],
          [
            138.45783545683355,
            36.924266593320496,
            742.1
          ],
          [
            138.4577262346553,
            36.92428732696274,
            739.2
          ],
          [
            138.45761701247702,
            36.92430806060499,
            737.0
          ],
          [
            138.45750779029873,
            36.924328794247245,
            734.4
          ],
          [
            138.45739825704166,
            36.92434835018464,
            732.0
          ],
          [
            138.45728795130012,
            36.92436498159415,
            728.7
          ],
          [
            138.45717764555857,
            36.92438161300367,
            725.7
          ],
          [
            138.45706733981706,
            36.92439824441318,
            724.0
          ],
          [
            138.45695703407551,
            36.92441487582269,
            721.2
          ],
          [
            138.45684672833397,
            36.92443150723221,
            719.0
          ],
          [
            138.45673642259243,
            36.92444813864172,
            715.0
          ],
          [
            138.4566261168509,
            36.92446477005124,
            712.9
          ],
          [
            138.45651581110937,
            36.92448140146075,
            709.4
          ],
          [
            138.45640550536783,
            36.92449803287027,
            707.4
          ],
          [
            138.45629519962628,
            36.924514664279776,
            704.4
          ],
          [
            138.45618489388477,
            36.92453129568929,
            700.8
          ],
          [
            138.45607458814322,
            36.92454792709881,
            699.2
          ],
          [
            138.45596428240168,
            36.92456455850832,
            697.6
          ],
          [
            138.45585397666014,
            36.92458118991784,
            696.1
          ],
          [
            138.45574367091862,
            36.92459782132735,
            693.1
          ],
          [
            138.45563336517708,
            36.92461445273687,
            690.9
          ],
          [
            138.45552305943554,
            36.92463108414638,
            688.1
          ],
          [
            138.455412753694,
            36.92464771555589,
            685.4
          ],
          [
            138.45530244795248,
            36.92466434696541,
            684.4
          ],
          [
            138.45519214221093,
            36.92468097837492,
            682.7
          ],
          [
            138.45508165902436,
            36.92469677923933,
            681.2
          ],
          [
            138.45497075220536,
            36.924710597259406,
            678.5
          ],
          [
            138.45485984538632,
            36.92472441527948,
            676.9
          ],
          [
            138.4547489385673,
            36.92473823329955,
            674.8
          ],
          [
            138.45463803174826,
            36.92475205131962,
            672.4
          ],
          [
            138.45452712492923,
            36.924765869339694,
            671.1
          ],
          [
            138.45441796754113,
            36.9247866139467,
            668.8
          ],
          [
            138.45430911748196,
            36.924808575372545,
            667.4
          ],
          [
            138.45420026742278,
            36.92483053679839,
            665.6
          ],
          [
            138.4540914173636,
            36.924852498224226,
            664.4
          ]
        ]
      }
    },
    {
      "type": "Feature",
      "properties": {
        "name": "小毛無B",
        "slope_deg": [
          5.000644597558433,
          5.000644597558433,
          5.000644597558433,
          7.829076510059608,
          9.22988624372772,
          11.44759626368548,
          13.766300685466197,
          14.439965121002654,
          15.774985955414008,
          16.304198003832376,
          17.35402463626132,
          16.69924423399362,
          17.744671625056874,
          16.69924423399362,
          17.092662950267425,
          18.64953875405141,
          17.48442732322088,
          17.484427323220586,
          15.2429977429017,
          11.034209003250188,
          7.969610394321233,
          4.146688825966138,
          4.146688825966138,
          4.146688825966138
        ],
        "horizontal_dist_map": 239,
        "slope_dist_map": 246,
        "elevation_diff_map": 49.9,
        "avg_slope_deg_map": 11.4,
        "max_slope_deg_map": 18.6
      },
      "geometry": {
        "type": "LineString",
        "coordinates": [
          [
            138.4795927,
            36.9053386,
            1451.0
          ],
          [
            138.47953908446163,
            36.905417757010916,
            1450.3
          ],
          [
            138.4794854689233,
            36.90549691402183,
            1449.8
          ],
          [
            138.4794318533849,
            36.90557607103275,
            1448.3
          ],
          [
            138.4793873361406,
            36.905657879183295,
            1447.5
          ],
          [
            138.4793669,
            36.90574635915647,
            1444.8
          ],
          [
            138.4793669,
            36.90583646882918,
            1443.3
          ],
          [
            138.4794098382346,
            36.90591873057214,
            1440.2
          ],
          [
            138.4794729195336,
            36.90599261953362,
            1437.7
          ],
          [
            138.47955518780816,
            36.9060516544675,
            1434.5
          ],
          [
            138.47965225182185,
            36.906096862078385,
            1432.0
          ],
          [
            138.47974931583553,
            36.906142069689274,
            1428.5
          ],
          [
            138.47984219156737,
            36.90619235988328,
            1425.2
          ],
          [
            138.47993194628503,
            36.906246437504784,
            1422.5
          ],
          [
            138.48002170100273,
            36.9063005151263,
            1419.2
          ],
          [
            138.48011083658,
            36.90635524324556,
            1416.5
          ],
          [
            138.48019936130146,
            36.906410613158386,
            1412.9
          ],
          [
            138.48028884537877,
            36.90646482337451,
            1409.0
          ],
          [
            138.48038671706192,
            36.906508894413385,
            1406.6
          ],
          [
            138.48048458874504,
            36.90655296545225,
            1403.9
          ],
          [
            138.4805757631098,
            36.906605379290646,
            1402.0
          ],
          [
            138.48067935811204,
            36.906634385559485,
            1401.2
          ],
          [
            138.4807896253875,
            36.9066510714173,
            1401.0
          ],
          [
            138.48089989266293,
            36.906667757275116,
            1401.0
          ]
        ]
      }
    },
    {
      "type": "Feature",
      "properties": {
        "name": "ユートピアB",
        "slope_deg": [
          3.0052693596899664,
          3.0052693596899664,
          3.0052693596899664,
          2.862405226111748,
          1.8614576304668264,
          1.145762838175201,
          0.7161599454704085,
          3.8616074096751394,
          5.710593137499643,
          7.829076510059608,
          12.543973346572077,
          13.49573328079569,
          13.63109444342145,
          14.9759845147566,
          9.22988624372772,
          5.426812498572917,
          5.710593137499643,
          8.530765609948133,
          11.996899307923577,
          19.290046219188735,
          23.26770481005701,
          24.820541335489082,
          25.641005824305335,
          26.450345065034167,
          30.22079992383123,
          30.11373315098249,
          35.469872167400055,
          32.8220160762342,
          27.021581591177014,
          23.38848242899485,
          14.57421619803871,
          9.648045316098251,
          6.135733340186889,
          3.718993973158075,
          3.0052693596899664,
          2.719505461272472,
          2.147585428298503,
          0.42971028940114125,
          0.5729386976834533,
          1.4320961841646465,
          2.147585428298503,
          2.147585428298503,
          2.147585428298503
        ],
        "horizontal_dist_map": 420,
        "slope_dist_map": 439,
        "elevation_diff_map": 88.6,
        "avg_slope_deg_map": 11.4,
        "max_slope_deg_map": 35.5
      },
      "geometry": {
        "type": "LineString",
        "coordinates": [
          [
            138.4594548772602,
            36.928672680051804,
            765.5
          ],
          [
            138.45940773118798,
            36.928590905671165,
            765.0
          ],
          [
            138.45936058511577,
            36.92850913129052,
            764.1
          ],
          [
            138.45931343904354,
            36.92842735690988,
            763.7
          ],
          [
            138.4592662929713,
            36.92834558252923,
            763.4
          ],
          [
            138.45921914689907,
            36.92826380814859,
            763.0
          ],
          [
            138.45917200082687,
            36.928182033767946,
            762.8
          ],
          [
            138.45912035449197,
            36.92810205655913,
            762.9
          ],
          [
            138.45906756826975,
            36.92802253456227,
            762.9
          ],
          [
            138.45901478204755,
            36.92794301256541,
            760.3
          ],
          [
            138.45896199582535,
            36.92786349056855,
            758.8
          ],
          [
            138.45890920960312,
            36.92778396857168,
            757.4
          ],
          [
            138.45882999216158,
            36.92772048321896,
            754.0
          ],
          [
            138.45874911231542,
            36.927658006498895,
            750.7
          ],
          [
            138.45866823246928,
            36.92759552977883,
            749.1
          ],
          [
            138.45858735262314,
            36.92753305305876,
            746.7
          ],
          [
            138.45850647277697,
            36.92747057633869,
            747.5
          ],
          [
            138.45842559293084,
            36.92740809961863,
            746.9
          ],
          [
            138.45833682140676,
            36.927356575164566,
            745.1
          ],
          [
            138.45822904161972,
            36.927331430848575,
            740.7
          ],
          [
            138.45812126183264,
            36.92730628653259,
            739.0
          ],
          [
            138.45801348204557,
            36.92728114221661,
            732.9
          ],
          [
            138.4579057022585,
            36.927255997900616,
            727.9
          ],
          [
            138.45779792247143,
            36.92723085358463,
            722.2
          ],
          [
            138.45769014268436,
            36.92720570926865,
            719.8
          ],
          [
            138.45758162202517,
            36.927184809652786,
            713.0
          ],
          [
            138.457469385201,
            36.927185201169124,
            704.6
          ],
          [
            138.4573571483768,
            36.927185592685454,
            699.0
          ],
          [
            138.45724491155258,
            36.92718598420179,
            691.3
          ],
          [
            138.4571326747284,
            36.92718637571813,
            687.2
          ],
          [
            138.4570204379042,
            36.92718676723447,
            684.2
          ],
          [
            138.45690897588668,
            36.92718302133123,
            681.7
          ],
          [
            138.45680184421585,
            36.927156151645654,
            680.9
          ],
          [
            138.456694712545,
            36.927129281960084,
            680.4
          ],
          [
            138.45658758087413,
            36.92710241227451,
            679.9
          ],
          [
            138.4564804492033,
            36.92707554258893,
            679.1
          ],
          [
            138.45637331753244,
            36.927048672903354,
            678.8
          ],
          [
            138.45626618586158,
            36.92702180321778,
            678.5
          ],
          [
            138.4561606269473,
            36.92699230580125,
            678.4
          ],
          [
            138.45606755681436,
            36.92694194237309,
            678.8
          ],
          [
            138.45597448668138,
            36.92689157894493,
            678.4
          ],
          [
            138.4558814165484,
            36.926841215516774,
            677.5
          ],
          [
            138.45578834641543,
            36.926790852088615,
            676.9
          ]
        ]
      }
    },
    {
      "type": "Feature",
      "properties": {
        "name": "シュナイダー",
        "slope_deg": [
          5.994092949108534,
          5.994092949108534,
          5.994092949108534,
          6.418786730238786,
          6.277298489597361,
          7.266008446995867,
          8.250387228905435,
          9.369385096487358,
          11.44759626368579,
          11.309932474020215,
          12.95276451337558,
          12.270720357815385,
          12.407418527400683,
          12.68038349181982,
          13.224551192213651,
          15.2429977429017,
          15.109575122340402,
          17.35402463626132,
          16.43605922463559,
          16.830565983210477,
          18.906332035086663,
          17.744671625056874,
          19.925580658184323,
          20.931852540892464,
          19.162339354971866,
          22.660536301999365,
          21.924785220541203,
          22.660536301999365,
          24.1085158999753,
          21.554019920478787,
          22.0479474635603,
          19.798876354524904,
          19.925580658184323,
          20.68152167820093,
          19.162339354972016,
          20.556045219583467,
          18.77803322244557,
          19.671969989200644,
          21.181349500266236,
          19.162339354971866,
          20.806791012711145,
          18.520849477471074,
          18.520849477471074,
          20.556045219583467,
          18.64953875405141,
          20.30447370996038,
          19.798876354524904,
          16.961705886532968,
          18.26288994219419,
          16.039943306049665,
          16.43605922463559,
          18.39196625070533,
          17.484427323220732,
          19.290046219188735,
          18.00416160591338,
          19.03443435483528,
          20.931852540892464,
          20.304473709960526,
          22.660536301999365,
          21.677820852504393,
          22.78240573048177,
          26.793775628803083,
          25.873385226286064,
          27.36156482027085,
          28.920650342151447,
          27.81164686964382,
          31.591515701040713,
          31.278680693976355,
          32.10827114150959,
          31.278680693976355,
          30.858317233519234,
          30.96375653207352,
          30.75264555113171,
          31.06896350070944,
          31.06896350070944,
          33.822085217493914,
          31.798912824294376,
          33.22479880121199,
          31.173938199371303,
          29.79113729834057,
          29.248826336546948,
          27.135139622076878,
          25.98923358383301,
          25.98923358383301,
          24.702430227771284,
          24.702430227771284,
          23.749494492866653,
          22.416147479343643,
          21.305783617828798,
          21.305783617828798,
          21.305783617828798
        ],
        "horizontal_dist_map": 906,
        "slope_dist_map": 980,
        "elevation_diff_map": 349.6,
        "avg_slope_deg_map": 19.6,
        "max_slope_deg_map": 33.8
      },
      "geometry": {
        "type": "LineString",
        "coordinates": [
          [
            138.4677127249986,
            36.92574346290093,
            1077.4
          ],
          [
            138.46760259898957,
            36.92576085306031,
            1076.3
          ],
          [
            138.46749247298052,
            36.92577824321969,
            1075.1
          ],
          [
            138.4673823469715,
            36.92579563337907,
            1074.1
          ],
          [
            138.46727222096249,
            36.925813023538446,
            1073.2
          ],
          [
            138.46716209495344,
            36.92583041369782,
            1071.8
          ],
          [
            138.46705196894442,
            36.925847803857195,
            1070.7
          ],
          [
            138.4669418429354,
            36.92586519401657,
            1069.0
          ],
          [
            138.46683171692635,
            36.92588258417595,
            1067.4
          ],
          [
            138.46672159091733,
            36.92589997433533,
            1065.2
          ],
          [
            138.4666114649083,
            36.92591736449471,
            1062.6
          ],
          [
            138.4665013388993,
            36.92593475465409,
            1061.0
          ],
          [
            138.46639121289024,
            36.925952144813465,
            1058.2
          ],
          [
            138.46628108688122,
            36.925969534972836,
            1056.5
          ],
          [
            138.4661709608722,
            36.925986925132214,
            1053.8
          ],
          [
            138.46605974496433,
            36.92599812990836,
            1052.0
          ],
          [
            138.46594793149217,
            36.926005943393484,
            1048.8
          ],
          [
            138.46583611801998,
            36.92601375687862,
            1045.6
          ],
          [
            138.46572430454782,
            36.92602157036375,
            1043.0
          ],
          [
            138.46561249107566,
            36.926029383848885,
            1039.5
          ],
          [
            138.4655006776035,
            36.92603719733401,
            1037.0
          ],
          [
            138.46538886413134,
            36.926045010819145,
            1033.5
          ],
          [
            138.46527705065918,
            36.92605282430428,
            1029.3
          ],
          [
            138.46516523718702,
            36.926060637789405,
            1026.7
          ],
          [
            138.46505342371483,
            36.92606845127454,
            1022.5
          ],
          [
            138.46494161024268,
            36.92607626475967,
            1018.2
          ],
          [
            138.46482979677052,
            36.926084078244806,
            1015.4
          ],
          [
            138.46471798329836,
            36.92609189172993,
            1010.0
          ],
          [
            138.46460664856954,
            36.92610286159717,
            1006.4
          ],
          [
            138.46449576745405,
            36.926116822163074,
            1001.5
          ],
          [
            138.46438381911582,
            36.92612030641201,
            997.5
          ],
          [
            138.46427158607784,
            36.92612099592613,
            994.2
          ],
          [
            138.46415935303986,
            36.92612168544025,
            990.2
          ],
          [
            138.4640471200019,
            36.926122374954375,
            987.1
          ],
          [
            138.46393488696393,
            36.92612306446849,
            983.0
          ],
          [
            138.46382265392594,
            36.926123753982615,
            979.1
          ],
          [
            138.46371054385648,
            36.92612722108526,
            976.3
          ],
          [
            138.4635985331337,
            36.926132932211125,
            972.1
          ],
          [
            138.4634865224109,
            36.92613864333699,
            969.4
          ],
          [
            138.46337451168813,
            36.92614435446285,
            964.8
          ],
          [
            138.46326250096533,
            36.926150065588715,
            960.8
          ],
          [
            138.46315049024255,
            36.92615577671458,
            958.2
          ],
          [
            138.46303847951978,
            36.926161487840446,
            954.2
          ],
          [
            138.46292646879698,
            36.92616719896631,
            951.4
          ],
          [
            138.4628144580742,
            36.92617291009218,
            947.4
          ],
          [
            138.4627024473514,
            36.926178621218035,
            943.2
          ],
          [
            138.46259043662863,
            36.9261843323439,
            940.7
          ],
          [
            138.46247842590586,
            36.92619004346977,
            936.6
          ],
          [
            138.4623662933595,
            36.92619248738365,
            933.0
          ],
          [
            138.46225405765455,
            36.92619216466464,
            931.0
          ],
          [
            138.4621418219496,
            36.92619184194564,
            927.5
          ],
          [
            138.46202958624463,
            36.92619151922663,
            925.1
          ],
          [
            138.46191735053964,
            36.92619119650762,
            921.2
          ],
          [
            138.46180511483468,
            36.92619087378861,
            917.7
          ],
          [
            138.4616928791297,
            36.9261905510696,
            914.9
          ],
          [
            138.46158064342475,
            36.92619022835059,
            911.1
          ],
          [
            138.4614684077198,
            36.92618990563159,
            908.2
          ],
          [
            138.46135617201483,
            36.92618958291258,
            903.9
          ],
          [
            138.46124393630987,
            36.92618926019357,
            899.6
          ],
          [
            138.4611317006049,
            36.92618893747456,
            896.3
          ],
          [
            138.46102093273632,
            36.92617796921507,
            891.5
          ],
          [
            138.4609113265249,
            36.9261585759916,
            888.0
          ],
          [
            138.46080172031347,
            36.92613918276813,
            882.8
          ],
          [
            138.46069267411667,
            36.926118223332324,
            876.1
          ],
          [
            138.46058694404613,
            36.926087989570966,
            872.1
          ],
          [
            138.46048121397556,
            36.92605775580961,
            867.3
          ],
          [
            138.460375483905,
            36.92602752204825,
            860.7
          ],
          [
            138.46026975383447,
            36.925997288286894,
            855.0
          ],
          [
            138.4601640237639,
            36.925967054525536,
            847.5
          ],
          [
            138.46005829369335,
            36.92593682076418,
            843.0
          ],
          [
            138.45995146905167,
            36.925909511440125,
            835.6
          ],
          [
            138.459842495905,
            36.925887942417546,
            830.7
          ],
          [
            138.45973352275834,
            36.92586637339496,
            823.6
          ],
          [
            138.4596245496117,
            36.92584480437238,
            819.0
          ],
          [
            138.45951557646504,
            36.9258232353498,
            811.8
          ],
          [
            138.45940660331837,
            36.92580166632722,
            806.6
          ],
          [
            138.4592976301717,
            36.92578009730464,
            799.5
          ],
          [
            138.45918865702504,
            36.92575852828205,
            792.2
          ],
          [
            138.45907968387837,
            36.925736959259474,
            787.0
          ],
          [
            138.45897111594138,
            36.92571418968266,
            780.4
          ],
          [
            138.45886348538994,
            36.925688642822344,
            775.3
          ],
          [
            138.45875585483847,
            36.92566309596203,
            769.3
          ],
          [
            138.458648224287,
            36.925637549101715,
            764.6
          ],
          [
            138.45854059373553,
            36.9256120022414,
            759.9
          ],
          [
            138.4584325245782,
            36.925587784792725,
            755.8
          ],
          [
            138.45832325697384,
            36.92556719982932,
            749.8
          ],
          [
            138.45821398936945,
            36.9255466148659,
            746.2
          ],
          [
            138.4581047217651,
            36.92552602990249,
            741.5
          ],
          [
            138.45799545416074,
            36.92550544493908,
            738.2
          ],
          [
            138.45788618655638,
            36.92548485997567,
            733.3
          ],
          [
            138.45777691895202,
            36.92546427501226,
            730.6
          ]
        ]
      }
    },
    {
      "type": "Feature",
      "properties": {
        "name": "チャレンジ",
        "slope_deg": [
          14.036243467926479,
          14.036243467926479,
          14.036243467926479,
          16.172159015782583,
          14.305551846622015,
          13.495733280795843,
          13.495733280795843,
          13.631094443421603,
          13.088732789694,
          12.816647648997467,
          12.407418527400683,
          12.68038349181982,
          9.648045316098251,
          6.135733340186728,
          5.568737077976604,
          -0.5729386976834533,
          -0.14323915036833912,
          9.369385096487514,
          17.35402463626132,
          25.524475356294268,
          28.920650342151568,
          27.699472808055,
          24.346751854704948,
          24.820541335489082,
          25.98923358383301,
          24.22774531795417,
          22.660536301999365,
          20.806791012711287,
          20.30447370996038,
          18.64953875405141,
          18.26288994219404,
          16.304198003832376,
          16.69924423399362,
          15.774985955414008,
          17.484427323220732,
          16.830565983210477,
          17.35402463626132,
          19.162339354972016,
          16.436059224635738,
          18.52084947747122,
          16.172159015782583,
          16.43605922463559,
          18.906332035086518,
          16.69924423399362,
          18.77803322244557,
          18.26288994219419,
          19.162339354971866,
          22.293629159694053,
          22.660536301999226,
          25.641005824305207,
          25.056088833535423,
          26.793775628803083,
          28.14678121412202,
          25.5244753562944,
          27.021581591177014,
          23.869390064732137,
          22.416147479343643,
          23.749494492866788,
          23.629377730656817,
          21.677820852504393,
          21.924785220541203,
          19.925580658184323,
          19.03443435483528,
          18.64953875405141,
          17.874511367250282,
          18.00416160591338,
          16.96170588653282,
          18.520849477471074,
          15.37625124882619,
          13.224551192213497,
          9.50877195829791,
          5.710593137499643,
          4.146688825966138,
          2.719505461272472,
          1.0025738037599647,
          0.7161599454704085,
          0.0,
          -0.5729386976834533,
          -0.2864765102769768,
          -0.4297102894009785,
          -0.4297102894009785,
          -0.4297102894009785
        ],
        "horizontal_dist_map": 819,
        "slope_dist_map": 865,
        "elevation_diff_map": 234.7,
        "avg_slope_deg_map": 15.2,
        "max_slope_deg_map": 28.9
      },
      "geometry": {
        "type": "LineString",
        "coordinates": [
          [
            138.464571824978,
            36.92623272035757,
            1001.0
          ],
          [
            138.4645715813981,
            36.926322829506134,
            999.7
          ],
          [
            138.46457668889155,
            36.926412595536306,
            996.1
          ],
          [
            138.46459474377178,
            36.92650153136173,
            993.1
          ],
          [
            138.46461279865204,
            36.92659046718716,
            991.0
          ],
          [
            138.4646396061597,
            36.92667727047336,
            988.1
          ],
          [
            138.4646861620431,
            36.92675926215453,
            985.9
          ],
          [
            138.46473990986587,
            36.92683714937406,
            983.5
          ],
          [
            138.46482106432288,
            36.92689939554414,
            981.4
          ],
          [
            138.46490463469846,
            36.92695867933407,
            978.4
          ],
          [
            138.46500815049768,
            36.92699350620414,
            976.6
          ],
          [
            138.46511166629693,
            36.927028333074205,
            974.4
          ],
          [
            138.46521518209616,
            36.927063159944275,
            972.6
          ],
          [
            138.4653183490126,
            36.92709857381166,
            969.4
          ],
          [
            138.46541718714224,
            36.92714127088782,
            969.8
          ],
          [
            138.46551602527188,
            36.92718396796398,
            970.1
          ],
          [
            138.46561486340153,
            36.92722666504013,
            968.7
          ],
          [
            138.46571312887383,
            36.92727007195031,
            969.8
          ],
          [
            138.46580207932635,
            36.92732502523835,
            969.9
          ],
          [
            138.46586959603528,
            36.92739561486536,
            963.5
          ],
          [
            138.46591722949293,
            36.927476112027236,
            956.2
          ],
          [
            138.46594420922267,
            36.927563464948086,
            950.7
          ],
          [
            138.46594840827098,
            36.927653511206366,
            947.8
          ],
          [
            138.4659461470724,
            36.92774355746343,
            942.5
          ],
          [
            138.46592738635127,
            36.927831547035794,
            938.1
          ],
          [
            138.46588502730992,
            36.92791394396221,
            932.2
          ],
          [
            138.4658163461102,
            36.92798521330712,
            928.3
          ],
          [
            138.46574766491045,
            36.928056482652025,
            924.5
          ],
          [
            138.46567898371072,
            36.92812775199693,
            921.4
          ],
          [
            138.46559283377664,
            36.928182191708544,
            917.0
          ],
          [
            138.46549249710495,
            36.92822251346469,
            913.5
          ],
          [
            138.46538987689155,
            36.92825901167594,
            911.0
          ],
          [
            138.46528167726598,
            36.92828191863876,
            908.2
          ],
          [
            138.46517213542674,
            36.92830155601725,
            905.3
          ],
          [
            138.46506259358753,
            36.92832119339575,
            901.5
          ],
          [
            138.46495305174832,
            36.928340830774246,
            899.7
          ],
          [
            138.46484350990912,
            36.92836046815274,
            895.6
          ],
          [
            138.46473312221647,
            36.92837643927591,
            893.2
          ],
          [
            138.46462208614008,
            36.92838960005366,
            889.0
          ],
          [
            138.46451105006372,
            36.92840276083142,
            885.8
          ],
          [
            138.46440001398733,
            36.92841592160917,
            883.8
          ],
          [
            138.46428820397216,
            36.928421551558436,
            879.8
          ],
          [
            138.464175982572,
            36.92842317851695,
            877.4
          ],
          [
            138.46406380259262,
            36.928425352919355,
            874.0
          ],
          [
            138.4639521610686,
            36.92843464389182,
            870.1
          ],
          [
            138.46384051954456,
            36.92844393486429,
            867.8
          ],
          [
            138.46372887802056,
            36.92845322583676,
            863.8
          ],
          [
            138.46361723649653,
            36.928462516809226,
            860.8
          ],
          [
            138.4635055949725,
            36.9284718077817,
            856.2
          ],
          [
            138.46339391420392,
            36.928480485570255,
            851.4
          ],
          [
            138.4632816744446,
            36.92848042930785,
            847.1
          ],
          [
            138.46316943468528,
            36.92848037304544,
            841.6
          ],
          [
            138.463057194926,
            36.92848031678304,
            837.5
          ],
          [
            138.46294495516668,
            36.92848026052063,
            831.2
          ],
          [
            138.46283271540736,
            36.92848020425822,
            825.7
          ],
          [
            138.46272047564807,
            36.92848014799581,
            822.5
          ],
          [
            138.4626119537663,
            36.92850188707821,
            817.1
          ],
          [
            138.46250386549335,
            36.92852616810911,
            813.5
          ],
          [
            138.4623957772204,
            36.928550449140005,
            809.2
          ],
          [
            138.46228768894744,
            36.9285747301709,
            804.9
          ],
          [
            138.4621796006745,
            36.9285990112018,
            799.6
          ],
          [
            138.4620715124015,
            36.92862329223269,
            797.6
          ],
          [
            138.46196342412856,
            36.92864757326359,
            793.1
          ],
          [
            138.46185576956057,
            36.92867305167148,
            790.4
          ],
          [
            138.46174832351352,
            36.928699105765986,
            785.8
          ],
          [
            138.46164087746646,
            36.92872515986049,
            784.1
          ],
          [
            138.4615334314194,
            36.928751213954996,
            780.2
          ],
          [
            138.46142598537233,
            36.928777268049494,
            777.4
          ],
          [
            138.46131724339426,
            36.928799206209256,
            773.6
          ],
          [
            138.4612072811668,
            36.92881726880251,
            770.7
          ],
          [
            138.4610973189393,
            36.92883533139577,
            769.2
          ],
          [
            138.46098735671183,
            36.92885339398902,
            768.0
          ],
          [
            138.46087739448436,
            36.92887145658228,
            766.9
          ],
          [
            138.46076743225686,
            36.928889519175534,
            766.7
          ],
          [
            138.4606558890031,
            36.928885530033924,
            766.3
          ],
          [
            138.46054407149413,
            36.928877715653435,
            766.1
          ],
          [
            138.46043225398515,
            36.92886990127294,
            766.2
          ],
          [
            138.46032043647617,
            36.928862086892444,
            766.2
          ],
          [
            138.4602157165499,
            36.92883567873168,
            766.3
          ],
          [
            138.4601176444751,
            36.92879185496684,
            766.5
          ],
          [
            138.4600195724003,
            36.928748031202,
            766.4
          ],
          [
            138.45992150032552,
            36.92870420743716,
            766.5
          ]
        ]
      }
    },
    {
      "type": "Feature",
      "properties": {
        "name": "長坂ゲレンデ",
        "slope_deg": [
          12.816647648997467,
          12.816647648997467,
          12.816647648997467,
          11.859779120947948,
          12.952764513375426,
          12.816647648997467,
          11.447596263685636,
          11.447596263685636,
          8.950558656231758,
          8.670801453590993,
          8.530765609948133,
          8.250387228905435,
          10.481218144130889,
          10.065169352759877,
          10.20397372173159,
          9.648045316098251,
          9.369385096487514,
          10.20397372173159,
          11.034209003250343,
          11.172136252167116,
          11.034209003250188,
          10.757967088390036,
          11.034209003250188,
          10.896152141141194,
          9.369385096487514,
          8.9505586562316,
          7.829076510059608,
          8.110047829419,
          8.9505586562316,
          11.034209003250343,
          11.309932474020215,
          12.13388017063338,
          11.447596263685636,
          10.481218144130889,
          10.065169352759877,
          10.065169352759877,
          11.58512622485511,
          11.034209003250188,
          11.58512622485511,
          12.407418527400683,
          11.172136252167116,
          13.224551192213651,
          13.63109444342145,
          11.996899307923577,
          11.309932474020215,
          8.670801453590833,
          8.11004782941916,
          9.787203664656081,
          10.481218144130889,
          10.619655276155134,
          9.369385096487514,
          7.266008446996026,
          8.39062701325255,
          10.342657140474707,
          10.896152141141036,
          10.896152141141194,
          9.369385096487514,
          7.125016348901798,
          8.250387228905595,
          8.39062701325255,
          7.969610394321392,
          7.829076510059608,
          6.701525844729388,
          6.560196400571341,
          6.560196400571341,
          6.560196400571341,
          6.560196400571341
        ],
        "horizontal_dist_map": 662,
        "slope_dist_map": 673,
        "elevation_diff_map": 117.4,
        "avg_slope_deg_map": 9.9,
        "max_slope_deg_map": 13.6
      },
      "geometry": {
        "type": "LineString",
        "coordinates": [
          [
            138.45856340617928,
            36.9166872517714,
            743.6
          ],
          [
            138.45846026923724,
            36.916722770174424,
            741.0
          ],
          [
            138.4583571322952,
            36.91675828857744,
            738.9
          ],
          [
            138.45825399535312,
            36.916793806980465,
            737.1
          ],
          [
            138.45815085841107,
            36.91682932538349,
            734.5
          ],
          [
            138.45804772146903,
            36.916864843786506,
            732.6
          ],
          [
            138.45794458452698,
            36.91690036218953,
            729.7
          ],
          [
            138.4578414475849,
            36.91693588059255,
            728.0
          ],
          [
            138.45773831064287,
            36.91697139899557,
            726.4
          ],
          [
            138.45763517370082,
            36.917006917398595,
            724.5
          ],
          [
            138.45753293049668,
            36.91704405041944,
            723.4
          ],
          [
            138.4574309943559,
            36.91708173817777,
            721.9
          ],
          [
            138.4573290582151,
            36.9171194259361,
            720.4
          ],
          [
            138.45722712207427,
            36.91715711369444,
            718.7
          ],
          [
            138.45712394959702,
            36.91719218778648,
            716.0
          ],
          [
            138.45701655567345,
            36.917218337567,
            714.8
          ],
          [
            138.4569091617499,
            36.91724448734752,
            713.2
          ],
          [
            138.45680176782636,
            36.917270637128034,
            711.9
          ],
          [
            138.4566943739028,
            36.91729678690855,
            709.4
          ],
          [
            138.45658697997925,
            36.91732293668907,
            707.6
          ],
          [
            138.45647995459942,
            36.9173499984865,
            705.4
          ],
          [
            138.45637390171507,
            36.91737946687038,
            704.0
          ],
          [
            138.45626784883072,
            36.91740893525426,
            701.6
          ],
          [
            138.45616179594637,
            36.91743840363814,
            700.0
          ],
          [
            138.45605574306202,
            36.91746787202201,
            697.6
          ],
          [
            138.45595512761213,
            36.91750634141807,
            696.3
          ],
          [
            138.45586065187422,
            36.91755497436145,
            695.0
          ],
          [
            138.4557661761363,
            36.917603607304834,
            693.7
          ],
          [
            138.4556695292411,
            36.91764919413713,
            692.1
          ],
          [
            138.45556965858535,
            36.917690290858616,
            690.6
          ],
          [
            138.4554702129307,
            36.91773205035581,
            688.7
          ],
          [
            138.45537076727607,
            36.91777380985301,
            685.9
          ],
          [
            138.4552713216214,
            36.9178155693502,
            684.1
          ],
          [
            138.45517187596676,
            36.917857328847404,
            682.0
          ],
          [
            138.4550724303121,
            36.917899088344605,
            680.6
          ],
          [
            138.45497298465747,
            36.9179408478418,
            678.5
          ],
          [
            138.45487353900282,
            36.917982607339,
            677.0
          ],
          [
            138.45477409334816,
            36.91802436683619,
            674.9
          ],
          [
            138.45467464769354,
            36.91806612633339,
            672.4
          ],
          [
            138.45457520203888,
            36.91810788583059,
            670.7
          ],
          [
            138.45447227524716,
            36.91814345019281,
            668.8
          ],
          [
            138.45437370552733,
            36.91818408679318,
            666.1
          ],
          [
            138.45428844155813,
            36.918242676278574,
            664.5
          ],
          [
            138.45420317758894,
            36.91830126576397,
            661.3
          ],
          [
            138.45411791361974,
            36.91835985524936,
            659.1
          ],
          [
            138.45403019151186,
            36.9184158248343,
            657.6
          ],
          [
            138.45393652723314,
            36.91846546121418,
            656.5
          ],
          [
            138.45384286295442,
            36.91851509759406,
            655.2
          ],
          [
            138.4537491986757,
            36.91856473397394,
            653.4
          ],
          [
            138.45365553439697,
            36.918614370353815,
            650.7
          ],
          [
            138.45356187011825,
            36.91866400673369,
            649.1
          ],
          [
            138.45346820583953,
            36.91871364311357,
            647.7
          ],
          [
            138.4533745415608,
            36.91876327949345,
            646.8
          ],
          [
            138.45328087728208,
            36.91881291587333,
            645.6
          ],
          [
            138.45318721300333,
            36.91886255225321,
            643.2
          ],
          [
            138.4530935487246,
            36.91891218863309,
            640.4
          ],
          [
            138.4529998844459,
            36.918961825012964,
            639.1
          ],
          [
            138.45290622016716,
            36.91901146139284,
            637.9
          ],
          [
            138.45281255588844,
            36.91906109777272,
            636.6
          ],
          [
            138.45271889160972,
            36.919110734152596,
            635.4
          ],
          [
            138.45262761115558,
            36.919162731696474,
            633.3
          ],
          [
            138.45254775283624,
            36.91922604279651,
            632.0
          ],
          [
            138.45246789451687,
            36.91928935389654,
            631.0
          ],
          [
            138.4523880361975,
            36.91935266499657,
            629.9
          ],
          [
            138.45230729986756,
            36.919415200983536,
            628.6
          ],
          [
            138.45222124867635,
            36.91947304497875,
            627.4
          ],
          [
            138.45213519748518,
            36.919530888973966,
            626.4
          ]
        ]
      }
    },
    {
      "type": "Feature",
      "properties": {
        "name": "柄沢ゲレンデ",
        "slope_deg": [
          9.926245506651705,
          9.926245506651705,
          9.926245506651705,
          11.722520970102357,
          11.859779120947948,
          11.859779120947948,
          11.859779120947948,
          10.757967088389877,
          11.447596263685636,
          9.926245506651705,
          10.203973721731748,
          10.342657140474707,
          11.309932474020215,
          12.68038349181982,
          11.447596263685636,
          11.996899307923577,
          12.952764513375426,
          11.585126224854955,
          13.360218444764483,
          12.816647648997467,
          10.896152141141194,
          11.034209003250343,
          9.787203664656081,
          9.090276920822289,
          7.547725773843047,
          7.266008446996026,
          7.125016348901798,
          7.829076510059608,
          8.950558656231758,
          8.810732985984814,
          8.9505586562316,
          7.969610394321392,
          9.648045316098093,
          10.619655276155134,
          11.58512622485511,
          10.757967088389877,
          8.250387228905435,
          8.250387228905595,
          7.125016348901798,
          8.390627013252708,
          10.065169352759877,
          8.9505586562316,
          8.810732985984814,
          10.065169352759717,
          9.090276920822289,
          9.926245506651705,
          11.447596263685636,
          9.50877195829791,
          10.757967088390036,
          10.203973721731748,
          9.22988624372772,
          11.447596263685636,
          10.481218144130889,
          10.619655276155134,
          12.68038349181982,
          11.585126224854955,
          10.757967088390036,
          11.309932474020215,
          8.39062701325255,
          7.547725773843206,
          8.11004782941916,
          7.125016348901798,
          7.829076510059608,
          8.250387228905435,
          7.829076510059608,
          8.9505586562316,
          7.829076510059608,
          8.670801453590993,
          9.090276920822289,
          8.250387228905435,
          9.369385096487514,
          9.22988624372772,
          10.481218144130889,
          10.619655276155134,
          10.481218144130889,
          10.757967088390036,
          9.50877195829791,
          10.065169352759877,
          11.172136252167274,
          9.508771958297752,
          10.342657140474548,
          10.203973721731748,
          8.670801453590833,
          9.78720366465624,
          8.950558656231758,
          8.670801453590993,
          10.065169352759877,
          9.508771958297752,
          10.342657140474548,
          10.065169352759717,
          8.670801453590993,
          8.810732985984973,
          7.406912128495294,
          6.98393746008542,
          6.701525844729548,
          5.000644597558433,
          3.7189939731579127,
          3.4336303624504896,
          3.4336303624504896,
          6.277298489597523,
          7.125016348901798,
          8.670801453590993,
          9.648045316098093,
          8.670801453590993,
          11.172136252167274,
          11.034209003250188,
          12.13388017063338,
          12.13388017063338,
          11.172136252167116,
          12.543973346572077,
          11.034209003250188,
          11.859779120947948,
          10.20397372173159,
          7.969610394321392,
          6.701525844729548,
          5.710593137499643,
          7.266008446996026,
          8.11004782941916,
          10.896152141141194,
          10.757967088390036,
          10.065169352759877,
          10.619655276155134,
          9.787203664656081,
          10.342657140474548,
          11.859779120947948,
          9.926245506651705,
          8.670801453590993,
          7.969610394321392,
          5.568737077976604,
          6.56019640057118,
          9.090276920822289,
          9.648045316098093,
          11.172136252167274,
          12.13388017063338,
          10.342657140474548,
          10.065169352759877,
          9.787203664656081,
          8.670801453590993,
          8.39062701325255,
          8.11004782941916,
          7.829076510059608,
          8.810732985984973,
          8.950558656231758,
          9.369385096487358,
          9.787203664656081,
          8.9505586562316,
          10.896152141141036,
          10.342657140474707,
          8.810732985984973,
          7.829076510059608,
          5.2848210925090795,
          4.7162212343382155,
          5.568737077976604,
          4.858462919034255,
          3.718993973158075,
          6.135733340186889,
          7.969610394321392,
          8.950558656231758,
          12.27072035781523,
          10.619655276155134,
          9.22988624372772,
          9.926245506651705,
          9.926245506651705,
          9.926245506651705,
          10.20397372173159,
          9.508771958297752,
          7.547725773843206,
          8.530765609948133,
          8.39062701325255,
          9.090276920822289,
          9.926245506651705,
          8.810732985984814,
          8.530765609948133,
          9.648045316098251,
          9.508771958297752,
          9.648045316098251,
          10.342657140474707,
          11.172136252167116,
          10.203973721731748,
          10.896152141141036,
          10.20397372173159,
          8.810732985984973,
          9.090276920822289,
          7.969610394321392,
          7.266008446996026,
          6.701525844729388,
          6.277298489597523,
          6.560196400571341,
          6.842773412631036,
          6.701525844729548,
          6.98393746008542,
          7.266008446996026,
          7.266008446995867,
          6.560196400571341,
          7.406912128495133,
          6.983937460085259,
          7.688447769903003,
          7.266008446995867,
          7.125016348901798,
          7.406912128495133,
          6.277298489597523,
          7.125016348901798,
          6.842773412631036,
          6.135733340186889,
          6.418786730238786,
          5.568737077976766,
          4.573921259900764,
          5.568737077976604,
          6.842773412630876,
          7.969610394321233,
          9.090276920822289,
          9.787203664656081,
          9.369385096487514,
          9.22988624372772,
          9.09027692082245,
          8.250387228905595,
          8.250387228905435,
          8.950558656231758,
          8.810732985984814,
          9.648045316098093,
          10.342657140474707,
          9.926245506651705,
          9.926245506651705,
          9.22988624372772,
          8.39062701325255,
          7.829076510059608,
          7.406912128495294,
          7.406912128495294,
          6.560196400571341,
          7.547725773843047,
          7.547725773843047,
          6.983937460085259,
          7.125016348901798,
          6.560196400571341,
          6.983937460085259,
          6.983937460085259,
          6.983937460085259,
          6.560196400571341,
          5.852378988915653,
          5.994092949108534,
          7.125016348901798,
          7.547725773843047,
          7.68844776990284,
          7.547725773843047,
          6.560196400571341,
          6.842773412631036,
          8.250387228905595,
          8.530765609948133,
          8.670801453590993,
          8.39062701325255,
          7.266008446996026,
          6.842773412630876,
          6.701525844729388,
          6.560196400571341,
          6.701525844729388,
          6.418786730238786,
          5.994092949108534,
          5.9940929491083725,
          5.426812498572917,
          5.568737077976766,
          5.142764557884274,
          4.431564716435877,
          4.431564716435877,
          4.431564716435877
        ],
        "horizontal_dist_map": 2638,
        "slope_dist_map": 2673,
        "elevation_diff_map": 404.5,
        "avg_slope_deg_map": 8.6,
        "max_slope_deg_map": 13.4
      },
      "geometry": {
        "type": "LineString",
        "coordinates": [
          [
            138.4684292,
            36.9026912,
            969.5
          ],
          [
            138.46834062623023,
            36.902746515564885,
            968.1
          ],
          [
            138.46825205246046,
            36.90280183112977,
            966.8
          ],
          [
            138.46816347869068,
            36.90285714669466,
            964.3
          ],
          [
            138.4680749049209,
            36.90291246225954,
            962.5
          ],
          [
            138.46798633115114,
            36.90296777782443,
            959.8
          ],
          [
            138.46789775738137,
            36.90302309338932,
            958.4
          ],
          [
            138.4678091836116,
            36.90307840895421,
            955.9
          ],
          [
            138.46772060984182,
            36.903133724519094,
            954.1
          ],
          [
            138.46763203607205,
            36.90318904008398,
            952.2
          ],
          [
            138.46754346230227,
            36.903244355648866,
            950.3
          ],
          [
            138.4674548885325,
            36.90329967121375,
            948.9
          ],
          [
            138.46736631476273,
            36.90335498677864,
            946.9
          ],
          [
            138.46727774099296,
            36.903410302343524,
            944.9
          ],
          [
            138.46718916722318,
            36.90346561790841,
            942.3
          ],
          [
            138.4671005934534,
            36.903520933473295,
            939.9
          ],
          [
            138.46701201968364,
            36.90357624903818,
            938.8
          ],
          [
            138.46692344591386,
            36.90363156460307,
            936.4
          ],
          [
            138.4668348721441,
            36.90368688016796,
            933.1
          ],
          [
            138.46674629837432,
            36.903742195732846,
            931.7
          ],
          [
            138.46665714542152,
            36.903796891849275,
            929.3
          ],
          [
            138.46656626864336,
            36.90384974429807,
            927.3
          ],
          [
            138.4664753918652,
            36.903902596746875,
            925.4
          ],
          [
            138.46638451508707,
            36.90395544919567,
            923.9
          ],
          [
            138.4662936383089,
            36.904008301644474,
            922.4
          ],
          [
            138.46620276153075,
            36.90406115409327,
            920.9
          ],
          [
            138.4661118847526,
            36.90411400654207,
            920.1
          ],
          [
            138.46602100797443,
            36.90416685899087,
            918.8
          ],
          [
            138.46593013119627,
            36.904219711439666,
            917.4
          ],
          [
            138.4658392544181,
            36.90427256388847,
            915.4
          ],
          [
            138.46574837763995,
            36.904325416337265,
            913.8
          ],
          [
            138.4656575008618,
            36.90437826878607,
            912.6
          ],
          [
            138.46556081952917,
            36.90442329331591,
            911.1
          ],
          [
            138.46545965528577,
            36.90446227227195,
            909.8
          ],
          [
            138.46535849104237,
            36.904501251227984,
            907.0
          ],
          [
            138.46525732679896,
            36.904540230184026,
            905.1
          ],
          [
            138.4651561625556,
            36.90457920914007,
            902.9
          ],
          [
            138.46505499831218,
            36.9046181880961,
            902.2
          ],
          [
            138.46495383406878,
            36.90465716705214,
            901.2
          ],
          [
            138.46485266982538,
            36.904696146008185,
            899.3
          ],
          [
            138.46475150558197,
            36.90473512496422,
            897.9
          ],
          [
            138.46465034133857,
            36.90477410392026,
            896.3
          ],
          [
            138.46454917709517,
            36.9048130828763,
            894.1
          ],
          [
            138.46444801285176,
            36.90485206183234,
            893.0
          ],
          [
            138.46434684860836,
            36.90489104078838,
            891.7
          ],
          [
            138.46424568436495,
            36.90493001974442,
            889.2
          ],
          [
            138.46414452012155,
            36.90496899870046,
            887.7
          ],
          [
            138.46404335587815,
            36.905007977656496,
            886.0
          ],
          [
            138.46394219163474,
            36.90504695661254,
            883.6
          ],
          [
            138.46384102739137,
            36.90508593556858,
            882.5
          ],
          [
            138.46373986314796,
            36.90512491452461,
            880.1
          ],
          [
            138.46363869890456,
            36.905163893480655,
            878.8
          ],
          [
            138.46353753466116,
            36.905202872436696,
            877.1
          ],
          [
            138.46343637041775,
            36.90524185139273,
            874.4
          ],
          [
            138.46333520617435,
            36.90528083034877,
            872.7
          ],
          [
            138.46323404193095,
            36.905319809304814,
            871.3
          ],
          [
            138.46313287768754,
            36.90535878826085,
            868.1
          ],
          [
            138.46303171344414,
            36.90539776721689,
            866.2
          ],
          [
            138.46293054920073,
            36.90543674617293,
            865.1
          ],
          [
            138.46282938495733,
            36.905475725128966,
            863.3
          ],
          [
            138.46272822071393,
            36.90551470408501,
            862.2
          ],
          [
            138.46262647613074,
            36.905552672753565,
            860.9
          ],
          [
            138.4625238602426,
            36.90558912460649,
            859.4
          ],
          [
            138.4624212443545,
            36.90562557645942,
            858.3
          ],
          [
            138.46231862846633,
            36.90566202831235,
            856.7
          ],
          [
            138.4622160125782,
            36.90569848016528,
            855.1
          ],
          [
            138.46211339669009,
            36.905734932018206,
            853.9
          ],
          [
            138.46201078080196,
            36.905771383871134,
            852.0
          ],
          [
            138.4619081649138,
            36.90580783572406,
            851.2
          ],
          [
            138.46180554902568,
            36.90584428757699,
            849.0
          ],
          [
            138.46170293313756,
            36.905880739429925,
            847.5
          ],
          [
            138.46160031724943,
            36.90591719128285,
            846.2
          ],
          [
            138.46149770136128,
            36.90595364313578,
            844.6
          ],
          [
            138.46139508547316,
            36.90599009498871,
            842.5
          ],
          [
            138.46129246958503,
            36.90602654684164,
            840.1
          ],
          [
            138.4611898536969,
            36.906062998694566,
            838.7
          ],
          [
            138.46108723780875,
            36.906099450547494,
            837.2
          ],
          [
            138.46098462192063,
            36.90613590240042,
            834.9
          ],
          [
            138.4608820060325,
            36.90617235425336,
            833.4
          ],
          [
            138.46077939014435,
            36.906208806106285,
            831.6
          ],
          [
            138.4606777715079,
            36.90624699335394,
            829.3
          ],
          [
            138.4605766666237,
            36.90628607462165,
            828.2
          ],
          [
            138.46047556173946,
            36.906325155889355,
            826.1
          ],
          [
            138.46037445685525,
            36.90636423715706,
            824.4
          ],
          [
            138.46027335197104,
            36.906403318424765,
            823.2
          ],
          [
            138.46017224708683,
            36.90644239969247,
            821.3
          ],
          [
            138.46007114220262,
            36.906481480960174,
            819.8
          ],
          [
            138.4599700373184,
            36.90652056222788,
            818.3
          ],
          [
            138.45986856940308,
            36.90655900806117,
            816.1
          ],
          [
            138.45976572230435,
            36.90659503982975,
            814.6
          ],
          [
            138.45966287520562,
            36.90663107159833,
            812.5
          ],
          [
            138.45956002810692,
            36.906667103366914,
            811.2
          ],
          [
            138.4594571810082,
            36.9067031351355,
            810.0
          ],
          [
            138.45935433390946,
            36.90673916690408,
            808.4
          ],
          [
            138.45925148681073,
            36.90677519867266,
            807.3
          ],
          [
            138.459148639712,
            36.90681123044124,
            806.3
          ],
          [
            138.45904579261327,
            36.90684726220983,
            805.3
          ],
          [
            138.45894294551454,
            36.90688329397841,
            804.9
          ],
          [
            138.4588400984158,
            36.90691932574699,
            804.7
          ],
          [
            138.4587372513171,
            36.90695535751557,
            803.9
          ],
          [
            138.45863440421837,
            36.90699138928416,
            802.9
          ],
          [
            138.45853155711964,
            36.90702742105274,
            800.5
          ],
          [
            138.4584287100209,
            36.90706345282132,
            799.7
          ],
          [
            138.45832586292218,
            36.9070994845899,
            797.8
          ],
          [
            138.45822301582345,
            36.90713551635849,
            796.1
          ],
          [
            138.45812016872472,
            36.90717154812707,
            794.4
          ],
          [
            138.458017321626,
            36.90720757989565,
            791.8
          ],
          [
            138.45791447452726,
            36.90724361166423,
            790.0
          ],
          [
            138.45781162742855,
            36.907279643432815,
            787.5
          ],
          [
            138.45770878032982,
            36.907315675201396,
            785.8
          ],
          [
            138.4576044792204,
            36.90734887046904,
            783.9
          ],
          [
            138.45749983835205,
            36.90738140293094,
            781.1
          ],
          [
            138.45739519748366,
            36.90741393539284,
            779.7
          ],
          [
            138.45729055661528,
            36.90744646785473,
            777.4
          ],
          [
            138.45718591574692,
            36.907479000316634,
            776.7
          ],
          [
            138.45708127487853,
            36.90751153277853,
            775.5
          ],
          [
            138.45697663401018,
            36.90754406524043,
            775.0
          ],
          [
            138.4568719931418,
            36.907576597702324,
            773.4
          ],
          [
            138.45676933264005,
            36.90761276065844,
            771.6
          ],
          [
            138.45666861298642,
            36.90765248166168,
            769.8
          ],
          [
            138.4565678933328,
            36.907692202664926,
            767.3
          ],
          [
            138.45646717367916,
            36.907731923668166,
            765.8
          ],
          [
            138.45636645402553,
            36.907771644671406,
            764.5
          ],
          [
            138.4562657343719,
            36.90781136567465,
            762.3
          ],
          [
            138.45616501471827,
            36.90785108667789,
            760.4
          ],
          [
            138.4560642950646,
            36.90789080768113,
            758.5
          ],
          [
            138.45596357541098,
            36.90793052868437,
            756.1
          ],
          [
            138.45586285575735,
            36.90797024968761,
            755.3
          ],
          [
            138.45576213610371,
            36.90800997069085,
            754.3
          ],
          [
            138.45566141645008,
            36.90804969169409,
            752.9
          ],
          [
            138.45556069679645,
            36.90808941269733,
            752.2
          ],
          [
            138.45545997714282,
            36.90812913370058,
            750.7
          ],
          [
            138.4553592574892,
            36.90816885470382,
            747.9
          ],
          [
            138.45525853783553,
            36.90820857570706,
            746.1
          ],
          [
            138.4551578181819,
            36.9082482967103,
            744.3
          ],
          [
            138.45505709852827,
            36.90828801771354,
            742.1
          ],
          [
            138.45495637887464,
            36.90832773871678,
            740.6
          ],
          [
            138.454855659221,
            36.90836745972002,
            739.0
          ],
          [
            138.45476140850744,
            36.908416311200995,
            737.4
          ],
          [
            138.45466743643547,
            36.908465555965996,
            736.0
          ],
          [
            138.45457346436348,
            36.90851480073099,
            734.7
          ],
          [
            138.45447949229148,
            36.908564045495986,
            733.3
          ],
          [
            138.4543855202195,
            36.90861329026098,
            731.9
          ],
          [
            138.45429154814752,
            36.908662535025975,
            729.8
          ],
          [
            138.45419757607553,
            36.90871177979097,
            728.4
          ],
          [
            138.45410360400354,
            36.90876102455597,
            726.7
          ],
          [
            138.45400963193157,
            36.908810269320966,
            725.0
          ],
          [
            138.45391565985958,
            36.90885951408596,
            723.5
          ],
          [
            138.45382168778758,
            36.908908758850956,
            720.7
          ],
          [
            138.4537277157156,
            36.90895800361595,
            719.4
          ],
          [
            138.45363374364362,
            36.90900724838095,
            718.8
          ],
          [
            138.45353792430686,
            36.90905406983768,
            718.0
          ],
          [
            138.45344055703376,
            36.90909886065589,
            717.0
          ],
          [
            138.45334318976066,
            36.9091436514741,
            716.1
          ],
          [
            138.45324582248756,
            36.90918844229231,
            714.9
          ],
          [
            138.45314845521446,
            36.90923323311053,
            714.6
          ],
          [
            138.45305108794136,
            36.90927802392874,
            714.4
          ],
          [
            138.45295372066826,
            36.90932281474695,
            711.8
          ],
          [
            138.45285635339516,
            36.909367605565166,
            709.3
          ],
          [
            138.45275898612203,
            36.90941239638338,
            708.3
          ],
          [
            138.45266161884894,
            36.90945718720159,
            705.7
          ],
          [
            138.45256425157584,
            36.909501978019804,
            704.3
          ],
          [
            138.45246688430274,
            36.90954676883802,
            702.8
          ],
          [
            138.45236951702964,
            36.90959155965623,
            701.3
          ],
          [
            138.45227214975654,
            36.90963635047444,
            698.7
          ],
          [
            138.4521776390321,
            36.90968482763861,
            697.3
          ],
          [
            138.45208460288808,
            36.90973520773328,
            695.6
          ],
          [
            138.45199156674406,
            36.90978558782794,
            694.6
          ],
          [
            138.45189853060003,
            36.90983596792261,
            693.4
          ],
          [
            138.451805494456,
            36.909886348017274,
            691.3
          ],
          [
            138.45171245831196,
            36.90993672811194,
            689.7
          ],
          [
            138.45161942216794,
            36.90998710820661,
            688.2
          ],
          [
            138.45152638602391,
            36.91003748830127,
            686.4
          ],
          [
            138.4514333498799,
            36.91008786839594,
            685.1
          ],
          [
            138.45134031373587,
            36.910138248490604,
            683.7
          ],
          [
            138.45124727759185,
            36.91018862858527,
            681.4
          ],
          [
            138.45115424144782,
            36.91023900867994,
            679.7
          ],
          [
            138.4510612053038,
            36.9102893887746,
            678.3
          ],
          [
            138.45096816915978,
            36.91033976886927,
            676.4
          ],
          [
            138.45087513301576,
            36.910390148963934,
            673.5
          ],
          [
            138.45078209687173,
            36.910440529058604,
            672.5
          ],
          [
            138.4506890607277,
            36.91049090915327,
            670.6
          ],
          [
            138.4505960245837,
            36.91054128924793,
            669.2
          ],
          [
            138.45050298843967,
            36.9105916693426,
            667.3
          ],
          [
            138.45040995229564,
            36.910642049437264,
            666.1
          ],
          [
            138.45031691615162,
            36.910692429531935,
            665.0
          ],
          [
            138.4502238800076,
            36.9107428096266,
            664.1
          ],
          [
            138.45013084386355,
            36.91079318972126,
            662.6
          ],
          [
            138.45003780771953,
            36.91084356981593,
            661.7
          ],
          [
            138.4499447715755,
            36.910893949910594,
            660.4
          ],
          [
            138.44985173543148,
            36.910944330005265,
            659.3
          ],
          [
            138.44975869928746,
            36.91099471009993,
            657.9
          ],
          [
            138.4496763989504,
            36.91105350218415,
            656.8
          ],
          [
            138.44961596465248,
            36.91112942729746,
            655.3
          ],
          [
            138.44955553035453,
            36.91120535241077,
            654.2
          ],
          [
            138.44954934671918,
            36.91129320390633,
            653.3
          ],
          [
            138.44955319373923,
            36.91138326052578,
            651.6
          ],
          [
            138.44955704075932,
            36.91147331714522,
            650.4
          ],
          [
            138.44951177031243,
            36.91154556853647,
            648.8
          ],
          [
            138.44942511165812,
            36.91160281657913,
            648.2
          ],
          [
            138.4493384530038,
            36.911660064621806,
            646.6
          ],
          [
            138.4492517943495,
            36.91171731266448,
            645.2
          ],
          [
            138.44916513569518,
            36.911774560707144,
            644.4
          ],
          [
            138.44907847704084,
            36.91183180874982,
            643.2
          ],
          [
            138.44899181838653,
            36.91188905679249,
            641.8
          ],
          [
            138.44890515973222,
            36.91194630483516,
            640.9
          ],
          [
            138.4488185010779,
            36.91200355287783,
            639.9
          ],
          [
            138.4487318424236,
            36.9120608009205,
            639.3
          ],
          [
            138.4486451837693,
            36.91211804896317,
            638.6
          ],
          [
            138.44855852511498,
            36.91217529700584,
            637.0
          ],
          [
            138.44847186646066,
            36.91223254504851,
            635.1
          ],
          [
            138.4483825641452,
            36.91228708882558,
            633.7
          ],
          [
            138.44829271882892,
            36.91234107715387,
            632.2
          ],
          [
            138.44820287351266,
            36.91239506548216,
            630.1
          ],
          [
            138.4481130281964,
            36.91244905381044,
            628.5
          ],
          [
            138.44802318288012,
            36.91250304213873,
            627.2
          ],
          [
            138.44793333756385,
            36.91255703046701,
            625.8
          ],
          [
            138.44784349224759,
            36.9126110187953,
            624.3
          ],
          [
            138.44775364693132,
            36.912665007123586,
            622.7
          ],
          [
            138.44766380161505,
            36.912718995451876,
            620.9
          ],
          [
            138.44757341251233,
            36.91277237655959,
            619.6
          ],
          [
            138.4474810544715,
            36.912823559047375,
            617.5
          ],
          [
            138.44738869643066,
            36.91287474153516,
            615.4
          ],
          [
            138.44729633838983,
            36.91292592402295,
            613.9
          ],
          [
            138.447203980349,
            36.91297710651074,
            612.6
          ],
          [
            138.44711162230817,
            36.913028288998525,
            611.0
          ],
          [
            138.44701926426734,
            36.91307947148631,
            609.5
          ],
          [
            138.4469269062265,
            36.91313065397409,
            608.4
          ],
          [
            138.44683454818568,
            36.91318183646188,
            607.4
          ],
          [
            138.44674219014485,
            36.91323301894967,
            605.8
          ],
          [
            138.446649832104,
            36.913284201437456,
            604.9
          ],
          [
            138.44655747406316,
            36.913335383925244,
            603.1
          ],
          [
            138.44646511602232,
            36.91338656641303,
            602.1
          ],
          [
            138.4463727579815,
            36.91343774890082,
            600.9
          ],
          [
            138.44628039994066,
            36.913488931388606,
            599.9
          ],
          [
            138.44618804189983,
            36.91354011387639,
            598.5
          ],
          [
            138.446095683859,
            36.913591296364174,
            597.2
          ],
          [
            138.44600332581817,
            36.91364247885196,
            596.0
          ],
          [
            138.44591096777734,
            36.91369366133975,
            595.0
          ],
          [
            138.4458186097365,
            36.91374484382754,
            593.9
          ],
          [
            138.44572625169567,
            36.913796026315325,
            593.1
          ],
          [
            138.44563389365484,
            36.91384720880311,
            591.8
          ],
          [
            138.44554201075056,
            36.91389892823092,
            590.0
          ],
          [
            138.44545146871616,
            36.91395216294254,
            588.6
          ],
          [
            138.44536092668176,
            36.914005397654165,
            587.7
          ],
          [
            138.4452703846474,
            36.91405863236579,
            586.5
          ],
          [
            138.445179842613,
            36.91411186707741,
            585.4
          ],
          [
            138.4450893005786,
            36.91416510178903,
            583.8
          ],
          [
            138.4449987585442,
            36.91421833650065,
            581.9
          ],
          [
            138.44490821650982,
            36.914271571212275,
            580.5
          ],
          [
            138.44481767447542,
            36.9143248059239,
            579.3
          ],
          [
            138.44472713244102,
            36.91437804063551,
            577.9
          ],
          [
            138.44463659040665,
            36.914431275347134,
            576.8
          ],
          [
            138.44454604837225,
            36.914484510058756,
            575.7
          ],
          [
            138.44445713097568,
            36.914539305164425,
            574.6
          ],
          [
            138.44437584407785,
            36.9146014290326,
            573.3
          ],
          [
            138.44429455718003,
            36.91466355290078,
            572.1
          ],
          [
            138.44421327028223,
            36.91472567676895,
            571.2
          ],
          [
            138.4441319833844,
            36.914787800637136,
            570.4
          ],
          [
            138.44406274202575,
            36.91485819217169,
            569.1
          ],
          [
            138.44399897002907,
            36.91493233769847,
            568.3
          ],
          [
            138.4439351980324,
            36.91500648322524,
            567.3
          ],
          [
            138.4438714260357,
            36.915080628752015,
            566.8
          ],
          [
            138.44380765403903,
            36.91515477427879,
            566.0
          ]
        ]
      }
    },
    {
      "type": "Feature",
      "properties": {
        "name": "牛首",
        "slope_deg": [
          24.346751854704948,
          24.346751854704948,
          24.346751854704948,
          22.660536301999226,
          24.702430227771284,
          22.538450040828117,
          23.146707841882964,
          25.5244753562944,
          23.869390064732,
          26.565051177077994,
          25.98923358383301,
          25.641005824305335,
          25.98923358383301,
          25.873385226286064,
          25.98923358383301,
          25.873385226286064,
          24.702430227771423,
          23.749494492866788,
          22.904057803636878,
          21.924785220541203,
          23.629377730656817,
          20.430362329285547,
          21.305783617828798,
          18.39196625070533,
          16.96170588653282,
          16.961705886532968,
          15.642246457208788,
          16.567741642974887,
          14.439965121002807,
          15.37625124882619,
          14.305551846621862,
          13.766300685466351,
          13.63109444342145,
          13.224551192213497,
          12.95276451337558,
          13.224551192213497,
          13.360218444764483,
          14.708303899682749,
          16.039943306049665,
          15.907551930525813,
          19.671969989200644,
          18.64953875405141,
          18.64953875405141,
          20.556045219583467,
          18.00416160591338,
          19.544862326628685,
          19.162339354971866,
          17.744671625057023,
          17.61464330000695,
          14.708303899682749,
          14.842227057911131,
          13.224551192213497,
          13.360218444764483,
          13.495733280795843,
          12.68038349181982,
          13.088732789694,
          11.58512622485511,
          11.034209003250343,
          11.7225209701022,
          11.034209003250343,
          11.7225209701022,
          12.407418527400683,
          13.90135076950909,
          14.439965121002654,
          14.97598451475675,
          16.69924423399362,
          16.172159015782583,
          16.830565983210626,
          16.830565983210626,
          16.830565983210626,
          16.436059224635738,
          17.61464330000695,
          17.744671625056874,
          17.35402463626132,
          14.708303899682749,
          14.708303899682749,
          14.708303899682749
        ],
        "horizontal_dist_map": 766,
        "slope_dist_map": 810,
        "elevation_diff_map": 248.4,
        "avg_slope_deg_map": 17.0,
        "max_slope_deg_map": 26.6
      },
      "geometry": {
        "type": "LineString",
        "coordinates": [
          [
            138.46203299164176,
            36.92105369961445,
            994.2
          ],
          [
            138.46192864205005,
            36.92102053200292,
            988.9
          ],
          [
            138.46182429245837,
            36.9209873643914,
            985.3
          ],
          [
            138.46171994286667,
            36.920954196779874,
            980.0
          ],
          [
            138.46161559327496,
            36.920921029168355,
            976.1
          ],
          [
            138.46151128320156,
            36.92088779038983,
            972.2
          ],
          [
            138.46141081032567,
            36.92084764134838,
            966.9
          ],
          [
            138.46131033744976,
            36.92080749230694,
            963.4
          ],
          [
            138.46120986457387,
            36.920767343265496,
            959.0
          ],
          [
            138.46110939169796,
            36.92072719422406,
            953.1
          ],
          [
            138.46100891882207,
            36.92068704518262,
            949.2
          ],
          [
            138.4609013495119,
            36.92066208148463,
            943.4
          ],
          [
            138.46079278292265,
            36.920639251819665,
            939.5
          ],
          [
            138.46068421633342,
            36.9206164221547,
            933.9
          ],
          [
            138.4605756497442,
            36.92059359248973,
            929.7
          ],
          [
            138.46046708315495,
            36.92057076282477,
            924.0
          ],
          [
            138.46035851656572,
            36.9205479331598,
            920.0
          ],
          [
            138.4602499499765,
            36.92052510349483,
            914.5
          ],
          [
            138.46014138338728,
            36.92050227382987,
            911.3
          ],
          [
            138.46003251934542,
            36.92050610578315,
            906.4
          ],
          [
            138.4599234608179,
            36.920527370101375,
            903.1
          ],
          [
            138.4598144022904,
            36.92054863441961,
            898.4
          ],
          [
            138.45970534376286,
            36.92056989873784,
            893.8
          ],
          [
            138.45959628523536,
            36.92059116305607,
            891.5
          ],
          [
            138.45948722670784,
            36.92061242737431,
            887.5
          ],
          [
            138.45937746252426,
            36.92062996005572,
            885.1
          ],
          [
            138.45926545770683,
            36.92063564386029,
            881.6
          ],
          [
            138.4591534528894,
            36.92064132766485,
            879.3
          ],
          [
            138.45904144807199,
            36.92064701146941,
            876.3
          ],
          [
            138.45892944325456,
            36.92065269527398,
            873.2
          ],
          [
            138.45881743843714,
            36.920658379078546,
            871.3
          ],
          [
            138.4587054336197,
            36.920664062883105,
            868.3
          ],
          [
            138.45859833654632,
            36.92068884768807,
            866.1
          ],
          [
            138.45849267483248,
            36.92071921893022,
            863.4
          ],
          [
            138.45838701311865,
            36.920749590172385,
            861.6
          ],
          [
            138.45828135140482,
            36.920779961414546,
            858.9
          ],
          [
            138.45817568969102,
            36.92081033265671,
            856.9
          ],
          [
            138.4580700279772,
            36.92084070389886,
            854.0
          ],
          [
            138.45796436626335,
            36.92087107514102,
            852.1
          ],
          [
            138.45785870454952,
            36.92090144638318,
            848.4
          ],
          [
            138.45775580993367,
            36.920937321621736,
            845.4
          ],
          [
            138.45765350066128,
            36.92097436115888,
            842.6
          ],
          [
            138.4575511913889,
            36.921011400696024,
            837.8
          ],
          [
            138.4574488821165,
            36.92104844023317,
            834.9
          ],
          [
            138.4573465728441,
            36.92108547977031,
            831.9
          ],
          [
            138.4572442635717,
            36.92112251930745,
            827.6
          ],
          [
            138.45714195429932,
            36.9211595588446,
            824.8
          ],
          [
            138.45703964502692,
            36.92119659838174,
            820.7
          ],
          [
            138.4569476009418,
            36.92124729644605,
            818.0
          ],
          [
            138.45685909873254,
            36.92130270721619,
            814.8
          ],
          [
            138.45677059652326,
            36.92135811798634,
            812.1
          ],
          [
            138.45668209431398,
            36.92141352875648,
            810.2
          ],
          [
            138.45659359210472,
            36.92146893952662,
            807.4
          ],
          [
            138.45649597410605,
            36.921512508178886,
            805.4
          ],
          [
            138.45639466811704,
            36.92155128584546,
            802.6
          ],
          [
            138.456293362128,
            36.921590063512035,
            800.6
          ],
          [
            138.456192056139,
            36.92162884117861,
            798.4
          ],
          [
            138.4560935837874,
            36.92167205519618,
            796.1
          ],
          [
            138.45599525410623,
            36.921715492578926,
            794.4
          ],
          [
            138.45589692442502,
            36.92175892996167,
            792.8
          ],
          [
            138.45579859474384,
            36.92180236734441,
            790.1
          ],
          [
            138.45570026506263,
            36.92184580472715,
            788.3
          ],
          [
            138.45560193538145,
            36.92188924210989,
            786.1
          ],
          [
            138.45550360570024,
            36.921932679492635,
            784.0
          ],
          [
            138.45540527601906,
            36.92197611687538,
            780.2
          ],
          [
            138.45530694633786,
            36.92201955425812,
            778.0
          ],
          [
            138.45520861665668,
            36.922062991640864,
            775.4
          ],
          [
            138.45511028697547,
            36.9221064290236,
            772.0
          ],
          [
            138.4550119572943,
            36.92214986640634,
            768.6
          ],
          [
            138.45491362761308,
            36.922193303789086,
            765.9
          ],
          [
            138.4548152979319,
            36.92223674117183,
            763.3
          ],
          [
            138.45474205805812,
            36.922304483124044,
            759.9
          ],
          [
            138.4546706521537,
            36.92237400164772,
            756.8
          ],
          [
            138.4545992462493,
            36.92244352017139,
            753.2
          ],
          [
            138.4545278403449,
            36.922513038695065,
            750.5
          ],
          [
            138.45444015468811,
            36.92256844900628,
            747.4
          ],
          [
            138.45434837799525,
            36.922620313980616,
            746.3
          ]
        ]
      }
    },
    {
      "type": "Feature",
      "properties": {
        "name": "ウサギ",
        "slope_deg": [
          0.8593722436447134,
          0.8593722436447134,
          0.8593722436447134,
          3.005269359689804,
          4.573921259900927,
          3.433630362450652,
          5.568737077976604,
          6.701525844729548,
          7.969610394321233,
          7.406912128495133,
          7.829076510059608,
          7.547725773843047,
          6.701525844729548,
          7.547725773843206,
          7.125016348901798,
          6.842773412631036,
          6.560196400571341,
          8.39062701325255,
          7.969610394321392,
          6.701525844729388,
          5.852378988915653,
          5.710593137499643,
          5.568737077976604,
          5.994092949108534,
          6.277298489597523,
          5.142764557884274,
          5.4268124985727555,
          5.852378988915653,
          7.68844776990284,
          6.983937460085259,
          5.000644597558433,
          4.7162212343382155,
          2.433606100720186,
          3.0052693596899664,
          5.710593137499643,
          5.994092949108534,
          6.418786730238786,
          7.125016348901798,
          6.560196400571341,
          5.852378988915653,
          6.701525844729388,
          5.4268124985727555,
          3.0052693596899664,
          4.0041729407093225,
          4.573921259900927,
          4.7162212343382155,
          6.701525844729388,
          6.135733340186728,
          5.000644597558433,
          5.142764557884274,
          4.573921259900927,
          4.431564716435877,
          4.858462919034255,
          5.142764557884274,
          6.983937460085259,
          7.125016348901798,
          7.266008446996026,
          6.418786730238786,
          6.418786730238786,
          6.418786730238786
        ],
        "horizontal_dist_map": 590,
        "slope_dist_map": 593,
        "elevation_diff_map": 57.9,
        "avg_slope_deg_map": 5.6,
        "max_slope_deg_map": 8.4
      },
      "geometry": {
        "type": "LineString",
        "coordinates": [
          [
            138.4480762,
            36.9158858,
            710.9
          ],
          [
            138.44812994433806,
            36.91580669631962,
            711.3
          ],
          [
            138.4481836886761,
            36.915727592639236,
            711.5
          ],
          [
            138.44823743301416,
            36.91564848895886,
            710.2
          ],
          [
            138.44829578312653,
            36.915571549082294,
            710.3
          ],
          [
            138.44835532759691,
            36.915495170317996,
            709.2
          ],
          [
            138.44841487206733,
            36.915418791553705,
            708.3
          ],
          [
            138.44847441653775,
            36.91534241278941,
            707.8
          ],
          [
            138.44854059104125,
            36.91527022583384,
            706.4
          ],
          [
            138.44861908691357,
            36.91520582900848,
            704.5
          ],
          [
            138.44869758278585,
            36.91514143218311,
            702.7
          ],
          [
            138.44877607865817,
            36.915077035357754,
            702.6
          ],
          [
            138.4488545745305,
            36.91501263853239,
            700.9
          ],
          [
            138.4489330704028,
            36.91494824170703,
            699.2
          ],
          [
            138.4490115662751,
            36.91488384488167,
            698.0
          ],
          [
            138.4490900621474,
            36.914819448056306,
            697.3
          ],
          [
            138.44916855801972,
            36.91475505123095,
            695.9
          ],
          [
            138.4492277793252,
            36.91467881144838,
            694.4
          ],
          [
            138.4492846712555,
            36.91460114041754,
            693.4
          ],
          [
            138.4493415631858,
            36.914523469386694,
            691.4
          ],
          [
            138.44939845511612,
            36.91444579835585,
            690.3
          ],
          [
            138.44945534704644,
            36.914368127325005,
            689.7
          ],
          [
            138.44951223897675,
            36.91429045629416,
            689.3
          ],
          [
            138.44956913090707,
            36.91421278526332,
            687.4
          ],
          [
            138.44962602283735,
            36.91413511423247,
            686.4
          ],
          [
            138.44968291476766,
            36.91405744320163,
            685.5
          ],
          [
            138.44973980669798,
            36.913979772170784,
            684.9
          ],
          [
            138.4497966986283,
            36.91390210113994,
            683.8
          ],
          [
            138.44985119280724,
            36.913823381948255,
            682.6
          ],
          [
            138.4499015607804,
            36.913742859013496,
            681.4
          ],
          [
            138.4499519287536,
            36.91366233607874,
            679.5
          ],
          [
            138.45000229672675,
            36.913581813143985,
            678.9
          ],
          [
            138.4500526646999,
            36.913501290209226,
            679.1
          ],
          [
            138.45010303267307,
            36.913420767274474,
            678.1
          ],
          [
            138.45015340064623,
            36.913340244339715,
            677.8
          ],
          [
            138.4502037686194,
            36.913259721404955,
            676.8
          ],
          [
            138.45025413659255,
            36.9131791984702,
            675.1
          ],
          [
            138.4503045045657,
            36.913098675535444,
            673.9
          ],
          [
            138.45035529686152,
            36.91301832500931,
            673.3
          ],
          [
            138.45040619634534,
            36.91293801803526,
            671.8
          ],
          [
            138.45045709582917,
            36.912857711061214,
            670.5
          ],
          [
            138.450507995313,
            36.912777404087166,
            669.8
          ],
          [
            138.4505588947968,
            36.91269709711312,
            668.6
          ],
          [
            138.45060979428064,
            36.91261679013906,
            668.0
          ],
          [
            138.45066069376446,
            36.91253648316501,
            668.4
          ],
          [
            138.4506629328197,
            36.912446446019075,
            667.0
          ],
          [
            138.45066811357339,
            36.91235647828239,
            665.4
          ],
          [
            138.45067723082985,
            36.91226666661374,
            664.7
          ],
          [
            138.4506605362082,
            36.912177583382544,
            663.7
          ],
          [
            138.45064358969054,
            36.9120885072601,
            662.7
          ],
          [
            138.45061508891433,
            36.91200151034875,
            661.9
          ],
          [
            138.4505830743917,
            36.91191514574284,
            661.1
          ],
          [
            138.45055105986907,
            36.91182878113692,
            660.5
          ],
          [
            138.45046766827264,
            36.911770611099215,
            659.6
          ],
          [
            138.45037072497323,
            36.91172617905082,
            658.5
          ],
          [
            138.45026941375446,
            36.911687432071545,
            657.5
          ],
          [
            138.45017469383183,
            36.91163953671921,
            655.6
          ],
          [
            138.45008236486692,
            36.91158832284305,
            654.6
          ],
          [
            138.449990035902,
            36.91153710896689,
            653.4
          ],
          [
            138.4498977069371,
            36.91148589509073,
            653.0
          ]
        ]
      }
    },
    {
      "type": "Feature",
      "properties": {
        "name": "カモシカ",
        "slope_deg": [
          4.146688825966138,
          4.146688825966138,
          4.146688825966138,
          6.135733340186728,
          4.0041729407093225,
          6.701525844729548,
          9.78720366465624,
          12.95276451337558,
          11.58512622485511,
          9.926245506651705,
          9.090276920822133,
          7.266008446995867,
          7.969610394321233,
          9.78720366465624,
          9.369385096487674,
          7.266008446996189,
          10.619655276155134,
          9.369385096487358,
          11.172136252166961,
          11.58512622485511,
          9.50877195829791,
          8.11004782941916,
          6.560196400571501,
          8.250387228905435,
          8.11004782941916,
          6.842773412630876,
          7.547725773843047,
          5.994092949108534,
          7.688447769903003,
          11.309932474020215,
          11.58512622485511,
          11.309932474020215,
          9.369385096487358,
          9.369385096487358,
          10.203973721731431,
          10.757967088389877,
          10.481218144131045,
          8.950558656231918,
          3.718993973158237,
          1.7183580016555222,
          5.710593137499643,
          6.277298489597361,
          9.648045316098093,
          14.97598451475675,
          10.619655276155134,
          9.09027692082245,
          12.133880170633224,
          8.110047829418843,
          9.22988624372772,
          11.996899307923577,
          9.369385096487674,
          8.670801453591151,
          6.983937460085098,
          5.852378988915493,
          5.710593137499643,
          8.250387228905435,
          8.950558656231758,
          10.481218144131045,
          10.065169352759717,
          9.50877195829791,
          10.757967088390036,
          12.952764513375426,
          11.58512622485511,
          9.22988624372772,
          7.266008446995867,
          3.4336303624504896,
          3.4336303624504896,
          5.568737077976604,
          8.530765609948133,
          8.11004782941916,
          8.530765609948133,
          8.250387228905435,
          5.852378988915653,
          5.710593137499643,
          6.418786730238786,
          6.560196400571341,
          6.418786730238786,
          7.266008446996026,
          7.68844776990284,
          7.829076510059608,
          7.406912128495294,
          8.250387228905435,
          7.547725773843206,
          7.266008446996026,
          7.68844776990284,
          6.418786730238786,
          6.135733340186728,
          7.969610394321392,
          7.969610394321392,
          7.969610394321392
        ],
        "horizontal_dist_map": 899,
        "slope_dist_map": 913,
        "elevation_diff_map": 132.4,
        "avg_slope_deg_map": 8.2,
        "max_slope_deg_map": 15.0
      },
      "geometry": {
        "type": "LineString",
        "coordinates": [
          [
            138.4644242,
            36.9090322,
            1101.9
          ],
          [
            138.46435377041396,
            36.90896381319932,
            1102.0
          ],
          [
            138.46433813004583,
            36.908876047706734,
            1099.0
          ],
          [
            138.46437671332373,
            36.90879343992907,
            1099.2
          ],
          [
            138.46443420779525,
            36.9087160574328,
            1099.0
          ],
          [
            138.46449170226677,
            36.908638674936526,
            1097.7
          ],
          [
            138.46455476127542,
            36.9085641876732,
            1096.2
          ],
          [
            138.4646192112428,
            36.90849042412675,
            1094.5
          ],
          [
            138.46468366121013,
            36.9084166605803,
            1092.1
          ],
          [
            138.4647481111775,
            36.90834289703385,
            1088.5
          ],
          [
            138.46481256114484,
            36.9082691334874,
            1088.0
          ],
          [
            138.46487750012702,
            36.90819564918273,
            1087.5
          ],
          [
            138.46494308334601,
            36.90812253275615,
            1085.7
          ],
          [
            138.46500956748707,
            36.908049969929465,
            1083.4
          ],
          [
            138.46508030354556,
            36.90798001982715,
            1082.4
          ],
          [
            138.46515680344982,
            36.90791415816736,
            1080.6
          ],
          [
            138.46524362773567,
            36.90785740983985,
            1079.1
          ],
          [
            138.46533779297593,
            36.907808414729736,
            1078.3
          ],
          [
            138.46543255249372,
            36.90776015430617,
            1074.9
          ],
          [
            138.46552731201155,
            36.9077118938826,
            1074.0
          ],
          [
            138.4656200154349,
            36.90766115814721,
            1071.2
          ],
          [
            138.46571190431573,
            36.90760944179215,
            1070.1
          ],
          [
            138.46580188320584,
            36.907555653674756,
            1068.2
          ],
          [
            138.46589030310426,
            36.907500174522816,
            1068.3
          ],
          [
            138.46597666402164,
            36.90744281177776,
            1066.6
          ],
          [
            138.46605662530044,
            36.907379594527434,
            1064.3
          ],
          [
            138.46613658657924,
            36.907316377277105,
            1062.5
          ],
          [
            138.46621554044032,
            36.90725237020011,
            1063.5
          ],
          [
            138.4662923237619,
            36.907186661396054,
            1061.3
          ],
          [
            138.4663647668379,
            36.90711785384903,
            1060.1
          ],
          [
            138.46643567112037,
            36.90704803057598,
            1057.1
          ],
          [
            138.46650331642888,
            36.90697626665132,
            1055.5
          ],
          [
            138.46655639866094,
            36.90689699218136,
            1053.1
          ],
          [
            138.46659668276365,
            36.90681304850901,
            1052.1
          ],
          [
            138.46661930896246,
            36.906725115231815,
            1050.5
          ],
          [
            138.4666352598998,
            36.90663593365714,
            1048.9
          ],
          [
            138.46665357619239,
            36.906547032627266,
            1045.9
          ],
          [
            138.4666743241149,
            36.9064586093177,
            1044.5
          ],
          [
            138.46671269599614,
            36.90637427657641,
            1043.1
          ],
          [
            138.46678688054058,
            36.90630815242354,
            1042.6
          ],
          [
            138.46688273449865,
            36.90626168431879,
            1043.3
          ],
          [
            138.46698361339412,
            36.90622231049555,
            1043.3
          ],
          [
            138.46708156409233,
            36.90617875401687,
            1039.1
          ],
          [
            138.4671645125208,
            36.906119583502864,
            1038.2
          ],
          [
            138.46721989277765,
            36.90604142956823,
            1036.5
          ],
          [
            138.46725256762286,
            36.905955238634135,
            1032.6
          ],
          [
            138.46728178449152,
            36.9058682372919,
            1031.6
          ],
          [
            138.46730415498314,
            36.90578002201388,
            1031.8
          ],
          [
            138.46732405678057,
            36.90569138121238,
            1027.9
          ],
          [
            138.46735722619613,
            36.905605298681465,
            1026.9
          ],
          [
            138.4673952383796,
            36.90552054380779,
            1025.1
          ],
          [
            138.46743611771592,
            36.905436663034685,
            1023.3
          ],
          [
            138.46748205890592,
            36.905354452484175,
            1021.3
          ],
          [
            138.46753630737672,
            36.90527557521817,
            1020.8
          ],
          [
            138.46760267975404,
            36.90520312926699,
            1020.2
          ],
          [
            138.4676775094836,
            36.90513605742564,
            1019.2
          ],
          [
            138.46775997502547,
            36.90507532687448,
            1017.3
          ],
          [
            138.46784753150112,
            36.90501897899925,
            1015.0
          ],
          [
            138.46793386551337,
            36.9049614229911,
            1013.9
          ],
          [
            138.46801062202022,
            36.904896528174554,
            1011.8
          ],
          [
            138.46807816345557,
            36.90482457226628,
            1010.2
          ],
          [
            138.46814425204693,
            36.9047517947743,
            1008.3
          ],
          [
            138.46820584814338,
            36.90467647677517,
            1006.3
          ],
          [
            138.4682674442398,
            36.904601158776046,
            1002.6
          ],
          [
            138.46832904033627,
            36.90452584077692,
            1002.0
          ],
          [
            138.46838480063667,
            36.904447652645956,
            1001.8
          ],
          [
            138.46844034888937,
            36.90436936022678,
            1001.2
          ],
          [
            138.46849589714208,
            36.904291067807605,
            1000.2
          ],
          [
            138.4685514453948,
            36.90421277538843,
            999.6
          ],
          [
            138.4686069936475,
            36.90413448296925,
            997.9
          ],
          [
            138.46866254190022,
            36.90405619055007,
            995.2
          ],
          [
            138.4687179432404,
            36.90397783202079,
            994.5
          ],
          [
            138.46877210600522,
            36.90389891613719,
            993.6
          ],
          [
            138.46882626877004,
            36.90382000025359,
            992.1
          ],
          [
            138.4688804315349,
            36.90374108436999,
            991.1
          ],
          [
            138.46893450908354,
            36.903662132243056,
            990.5
          ],
          [
            138.46898536155297,
            36.903581808456124,
            989.1
          ],
          [
            138.46903621402237,
            36.90350148466919,
            987.5
          ],
          [
            138.4690870664918,
            36.90342116088226,
            986.6
          ],
          [
            138.46913477542924,
            36.90333963960316,
            985.4
          ],
          [
            138.46916013690762,
            36.90325253123499,
            983.7
          ],
          [
            138.469146087259,
            36.90316389440782,
            982.0
          ],
          [
            138.46910560261668,
            36.903080167880915,
            981.4
          ],
          [
            138.46905100583285,
            36.903001549523246,
            979.6
          ],
          [
            138.46898583501195,
            36.902928237386035,
            978.4
          ],
          [
            138.46891227533266,
            36.90286019468271,
            976.9
          ],
          [
            138.46882752185434,
            36.9028011931126,
            976.0
          ],
          [
            138.46873774040978,
            36.90274715070464,
            975.1
          ],
          [
            138.46864270784604,
            36.90270279431426,
            974.1
          ],
          [
            138.4685316576633,
            36.90269162167657,
            971.3
          ]
        ]
      }
    },
    {
      "type": "Feature",
      "properties": {
        "name": "タヌキ",
        "slope_deg": [
          2.862405226111748,
          2.862405226111748,
          2.862405226111748,
          6.842773412630876,
          7.68844776990284,
          7.266008446995867,
          5.426812498572917,
          1.7183580016555222,
          1.0025738037601275,
          -0.5729386976834533,
          2.2906100426385625,
          4.7162212343382155,
          4.431564716435877,
          7.547725773843206,
          6.418786730238786,
          4.858462919034255,
          6.418786730238786,
          5.142764557884112,
          5.284821092508918,
          7.68844776990284,
          10.481218144130889,
          12.68038349181982,
          7.969610394321392,
          5.852378988915653,
          2.5765718302687652,
          2.2906100426385625,
          7.829076510059608,
          7.406912128495294,
          6.701525844729548,
          3.718993973158075,
          0.0,
          0.2864765102769768,
          1.0025738037599647,
          1.7183580016555222,
          5.000644597558433,
          2.719505461272635,
          1.145762838175201,
          2.004534032105872,
          1.5752369256830872,
          3.576334374997351,
          4.573921259900764,
          3.8616074096749773,
          3.576334374997351,
          3.4336303624504896,
          5.568737077976766,
          7.688447769903003,
          6.418786730238786,
          7.125016348901798,
          1.4320961841646465,
          -0.14323915036833912,
          0.7161599454704085,
          1.1457628381750384,
          3.005269359689804,
          2.5765718302687652,
          0.0,
          0.8593722436447134,
          4.716221234338378,
          5.568737077976604,
          8.39062701325255,
          6.842773412630876,
          4.573921259900764,
          4.573921259900927,
          4.431564716435877,
          5.142764557884274,
          5.852378988915653,
          6.842773412630876,
          6.701525844729388,
          7.406912128495294,
          6.701525844729548,
          6.277298489597683,
          8.810732985984973,
          8.9505586562316,
          7.969610394321392,
          7.125016348901798,
          5.000644597558433,
          3.2908836860673905,
          5.284821092508918,
          5.4268124985727555,
          7.829076510059608,
          10.065169352759717,
          9.926245506651705,
          8.11004782941916,
          5.994092949108534,
          1.8614576304668264,
          1.145762838175201,
          4.431564716435714,
          4.431564716435714,
          4.431564716435714
        ],
        "horizontal_dist_map": 871,
        "slope_dist_map": 878,
        "elevation_diff_map": 74.0,
        "avg_slope_deg_map": 4.8,
        "max_slope_deg_map": 12.7
      },
      "geometry": {
        "type": "LineString",
        "coordinates": [
          [
            138.4561805,
            36.9128762,
            907.2
          ],
          [
            138.45624268033484,
            36.912801188802426,
            907.3
          ],
          [
            138.45629119624192,
            36.91271994918026,
            907.0
          ],
          [
            138.45632774018262,
            36.91263503091987,
            906.3
          ],
          [
            138.45635882167255,
            36.91254844676937,
            905.2
          ],
          [
            138.45639180552593,
            36.912462319620396,
            902.5
          ],
          [
            138.45642690447087,
            36.91237679127119,
            901.6
          ],
          [
            138.45646958885936,
            36.91229345508408,
            901.2
          ],
          [
            138.45651578257548,
            36.91221135677345,
            901.4
          ],
          [
            138.45656591766203,
            36.91213081527316,
            901.3
          ],
          [
            138.45663838769704,
            36.912062975938575,
            900.9
          ],
          [
            138.45670844472377,
            36.911992952623876,
            901.6
          ],
          [
            138.4567739084636,
            36.91191976536454,
            899.8
          ],
          [
            138.45683937220338,
            36.91184657810519,
            898.0
          ],
          [
            138.45691828262392,
            36.91178460560657,
            897.8
          ],
          [
            138.45701183774764,
            36.91173484703977,
            896.3
          ],
          [
            138.45710539287137,
            36.911685088472964,
            895.3
          ],
          [
            138.4572040850635,
            36.911642274241004,
            894.6
          ],
          [
            138.45729175972036,
            36.9115903415335,
            893.3
          ],
          [
            138.45734974557308,
            36.91151319485415,
            892.7
          ],
          [
            138.4574077314258,
            36.91143604817481,
            891.6
          ],
          [
            138.45747625410738,
            36.91136469364769,
            889.2
          ],
          [
            138.45754483483825,
            36.9112933710306,
            885.9
          ],
          [
            138.45760276856768,
            36.91121698271622,
            883.7
          ],
          [
            138.45764773080597,
            36.911134422744205,
            886.0
          ],
          [
            138.45769269304424,
            36.91105186277219,
            885.1
          ],
          [
            138.45773579118213,
            36.910968666601796,
            884.1
          ],
          [
            138.45777861286308,
            36.91088537607949,
            882.1
          ],
          [
            138.45781228995386,
            36.91079954013086,
            880.5
          ],
          [
            138.45783874081442,
            36.91071209724806,
            879.9
          ],
          [
            138.45785060257754,
            36.91062271236354,
            879.4
          ],
          [
            138.45784471835867,
            36.910532860638455,
            879.5
          ],
          [
            138.4578189521833,
            36.91044529826691,
            880.5
          ],
          [
            138.45778603485488,
            36.91035915291811,
            879.7
          ],
          [
            138.45774979201775,
            36.910273891653006,
            878.7
          ],
          [
            138.45771260978003,
            36.91018888375633,
            878.3
          ],
          [
            138.45768203844196,
            36.910102192222496,
            877.0
          ],
          [
            138.4576625736169,
            36.91001351915579,
            877.8
          ],
          [
            138.45766437557668,
            36.90992342116571,
            877.9
          ],
          [
            138.45767302971592,
            36.90983377044375,
            876.9
          ],
          [
            138.45770740542494,
            36.909748415087265,
            875.9
          ],
          [
            138.45775898672548,
            36.909668440770275,
            875.3
          ],
          [
            138.45781325684354,
            36.90958957074612,
            874.7
          ],
          [
            138.45786752696156,
            36.909510700721974,
            874.2
          ],
          [
            138.45792179707962,
            36.90943183069783,
            873.4
          ],
          [
            138.45799393721282,
            36.909369574338264,
            872.9
          ],
          [
            138.45809900044458,
            36.90933792642039,
            870.8
          ],
          [
            138.45820406367636,
            36.90930627850253,
            868.8
          ],
          [
            138.45829767762305,
            36.90925886739716,
            868.9
          ],
          [
            138.45838370566696,
            36.909201012145544,
            867.9
          ],
          [
            138.4584658666947,
            36.909140147577254,
            869.8
          ],
          [
            138.45853517629996,
            36.90906928201632,
            868.9
          ],
          [
            138.4586044859052,
            36.90899841645538,
            868.4
          ],
          [
            138.4586042101673,
            36.908911165405215,
            867.1
          ],
          [
            138.45859353151752,
            36.90882146474723,
            867.7
          ],
          [
            138.45858401163105,
            36.908731754783744,
            867.1
          ],
          [
            138.45859245430876,
            36.908641900571006,
            868.4
          ],
          [
            138.45862247429235,
            36.908558416281515,
            866.5
          ],
          [
            138.45871704434552,
            36.90851064666747,
            864.4
          ],
          [
            138.4588199802908,
            36.90847477505017,
            863.2
          ],
          [
            138.45891929162912,
            36.9084337476405,
            862.5
          ],
          [
            138.45899916539304,
            36.90837127348338,
            861.7
          ],
          [
            138.45905229464375,
            36.90829267280536,
            861.2
          ],
          [
            138.45907426242778,
            36.908204463094286,
            860.0
          ],
          [
            138.45908996016644,
            36.90811696929027,
            859.4
          ],
          [
            138.45918029697714,
            36.90806351817,
            858.1
          ],
          [
            138.4592706337878,
            36.908010067049744,
            857.1
          ],
          [
            138.4593609705985,
            36.907956615929486,
            855.2
          ],
          [
            138.4594513074092,
            36.90790316480923,
            854.7
          ],
          [
            138.4595516767201,
            36.907867083105856,
            852.9
          ],
          [
            138.4596608383051,
            36.9078462235974,
            852.4
          ],
          [
            138.45976999989009,
            36.90782536408895,
            850.8
          ],
          [
            138.45987916147504,
            36.9078045045805,
            848.5
          ],
          [
            138.45998832306003,
            36.907783645072044,
            846.6
          ],
          [
            138.46009748464502,
            36.90776278556359,
            846.8
          ],
          [
            138.4601279011055,
            36.907677620110675,
            845.8
          ],
          [
            138.46015570403833,
            36.90759032036227,
            845.0
          ],
          [
            138.46018350697116,
            36.90750302061386,
            844.3
          ],
          [
            138.46020868132703,
            36.90741532601112,
            843.1
          ],
          [
            138.46022205327583,
            36.90732585849794,
            842.0
          ],
          [
            138.46023542522462,
            36.907236390984764,
            839.5
          ],
          [
            138.46025356365087,
            36.90714753439405,
            837.2
          ],
          [
            138.46028592762127,
            36.90706148242097,
            836.1
          ],
          [
            138.46032719685573,
            36.90697781922671,
            836.3
          ],
          [
            138.46037825814872,
            36.906897580052004,
            835.3
          ],
          [
            138.46042931944174,
            36.906817340877296,
            835.9
          ],
          [
            138.46048219493397,
            36.90673787339562,
            835.3
          ],
          [
            138.46053616191156,
            36.90665887019131,
            833.2
          ]
        ]
      }
    },
    {
      "type": "Feature",
      "properties": {
        "name": "クマタカ",
        "slope_deg": [
          6.983937460085259,
          6.983937460085259,
          6.983937460085259,
          4.573921259900927,
          2.2906100426383995,
          2.147585428298503,
          2.862405226111748,
          3.576334374997351,
          6.277298489597683,
          7.547725773843047,
          8.530765609948133,
          4.0041729407093225,
          4.146688825965976,
          3.718993973158075,
          1.8614576304668264,
          7.829076510059608,
          7.406912128495133,
          6.842773412631036,
          8.39062701325255,
          4.716221234338378,
          3.8616074096751394,
          5.568737077976604,
          3.576334374997351,
          6.560196400571341,
          6.418786730238786,
          5.568737077976604,
          6.560196400571341,
          5.9940929491083725,
          6.842773412630876,
          5.852378988915653,
          6.135733340186728,
          5.2848210925090795,
          5.2848210925090795,
          6.135733340186728,
          4.289153328819018,
          4.146688825965976,
          1.4320961841646465,
          0.0,
          0.8593722436447134,
          2.862405226111748,
          5.2848210925090795,
          5.142764557884274,
          4.146688825965976,
          4.0041729407093225,
          4.289153328819018,
          1.8614576304666637,
          0.2864765102771396,
          0.0,
          -0.5729386976836163,
          2.2906100426385625,
          4.146688825965976,
          3.148096099562824,
          4.004172940709484,
          3.8616074096751394,
          4.858462919034255,
          4.7162212343382155,
          4.858462919034255,
          5.4268124985727555,
          6.418786730238786,
          6.98393746008542,
          6.418786730238786,
          7.406912128495294,
          6.701525844729548,
          5.9940929491083725,
          6.560196400571341,
          4.573921259900764,
          3.718993973158075,
          3.2908836860673905,
          1.7183580016553597,
          2.576571830268928,
          2.004534032105872,
          2.862405226111748,
          4.146688825966138,
          4.431564716435877,
          5.284821092508918,
          5.142764557884112,
          5.000644597558433,
          4.573921259900764,
          5.2848210925090795,
          4.716221234338378,
          3.290883686067228,
          4.431564716435877,
          3.718993973158075,
          4.0041729407093225,
          6.135733340186728,
          5.852378988915653,
          6.418786730238786,
          6.983937460085259,
          6.560196400571341,
          6.560196400571341,
          6.560196400571341
        ],
        "horizontal_dist_map": 900,
        "slope_dist_map": 906,
        "elevation_diff_map": 74.9,
        "avg_slope_deg_map": 4.7,
        "max_slope_deg_map": 8.5
      },
      "geometry": {
        "type": "LineString",
        "coordinates": [
          [
            138.45436550551864,
            36.92238479967277,
            748.1
          ],
          [
            138.454379005045,
            36.922295344485214,
            745.7
          ],
          [
            138.4543925045714,
            36.92220588929765,
            744.8
          ],
          [
            138.45439506790163,
            36.922115944778305,
            744.0
          ],
          [
            138.45439403157832,
            36.9220258391952,
            743.2
          ],
          [
            138.45442588987478,
            36.9219398017116,
            742.5
          ],
          [
            138.45450470444482,
            36.9218766091917,
            743.2
          ],
          [
            138.45458657929868,
            36.92181497866832,
            742.5
          ],
          [
            138.45466845415254,
            36.921753348144954,
            741.2
          ],
          [
            138.4547418902485,
            36.92168525788532,
            740.0
          ],
          [
            138.45479033689918,
            36.92160597010544,
            738.8
          ],
          [
            138.4548230730123,
            36.921519779235894,
            737.2
          ],
          [
            138.45485580912543,
            36.92143358836634,
            735.2
          ],
          [
            138.4549106007426,
            36.92135698313239,
            737.2
          ],
          [
            138.45498258162542,
            36.921287848597636,
            735.9
          ],
          [
            138.45505456250822,
            36.92121871406288,
            734.6
          ],
          [
            138.45512543831038,
            36.92114888390408,
            733.9
          ],
          [
            138.45519187946948,
            36.92107626223468,
            731.7
          ],
          [
            138.45524129624664,
            36.920996476360216,
            730.7
          ],
          [
            138.45527787131329,
            36.92091128643361,
            729.8
          ],
          [
            138.45531900060436,
            36.92082776925974,
            728.0
          ],
          [
            138.45537535886547,
            36.92074984564009,
            728.4
          ],
          [
            138.45542733504303,
            36.920670498553456,
            728.0
          ],
          [
            138.455454314821,
            36.92058303168797,
            725.9
          ],
          [
            138.45548129459897,
            36.920495564822474,
            725.5
          ],
          [
            138.45552661556434,
            36.92041700082954,
            723.8
          ],
          [
            138.45558717140958,
            36.920342409608764,
            723.5
          ],
          [
            138.45564202270296,
            36.9202638889811,
            722.0
          ],
          [
            138.45570459672214,
            36.92018908602923,
            720.9
          ],
          [
            138.45576717074132,
            36.92011428307736,
            719.6
          ],
          [
            138.4558107288505,
            36.920031987559696,
            718.7
          ],
          [
            138.45584546869998,
            36.91994631115866,
            717.9
          ],
          [
            138.4558775946887,
            36.91985997256394,
            716.6
          ],
          [
            138.4558958648911,
            36.91977371009856,
            715.9
          ],
          [
            138.4558724929102,
            36.91968686864115,
            715.0
          ],
          [
            138.45588305571474,
            36.91959715918873,
            713.6
          ],
          [
            138.45591723858524,
            36.91951161113205,
            713.6
          ],
          [
            138.45596917713462,
            36.919433210166154,
            713.0
          ],
          [
            138.45604227498225,
            36.91936490245894,
            714.0
          ],
          [
            138.4561186673315,
            36.91929889163407,
            713.6
          ],
          [
            138.45619505968077,
            36.919232880809204,
            713.0
          ],
          [
            138.45627145203002,
            36.91916686998433,
            711.0
          ],
          [
            138.45634784437928,
            36.919100859159464,
            710.3
          ],
          [
            138.45642459812174,
            36.919035121813415,
            710.0
          ],
          [
            138.45650212709737,
            36.91896997111332,
            710.1
          ],
          [
            138.45657965607302,
            36.918904820413225,
            708.2
          ],
          [
            138.4566552084741,
            36.91883821630965,
            707.3
          ],
          [
            138.4567292382253,
            36.918770492579874,
            708.7
          ],
          [
            138.4568032679765,
            36.918702768850096,
            709.9
          ],
          [
            138.45682170146011,
            36.91862094963609,
            708.2
          ],
          [
            138.456809531835,
            36.91853137152648,
            707.7
          ],
          [
            138.4567702358986,
            36.91845006762314,
            707.1
          ],
          [
            138.4567052628597,
            36.91837659588101,
            707.0
          ],
          [
            138.45660371600778,
            36.91834396262669,
            706.0
          ],
          [
            138.45649762434874,
            36.91831519390952,
            704.9
          ],
          [
            138.45639716453366,
            36.91827502907173,
            704.4
          ],
          [
            138.45630636201955,
            36.91822460621666,
            703.6
          ],
          [
            138.45623083627046,
            36.91815795633085,
            702.7
          ],
          [
            138.456171416041,
            36.91808177793085,
            701.5
          ],
          [
            138.4561145077908,
            36.91800411336766,
            700.6
          ],
          [
            138.45605759954063,
            36.917926448804465,
            699.1
          ],
          [
            138.45600069129043,
            36.91784878424127,
            697.8
          ],
          [
            138.45594275018615,
            36.91777162413906,
            697.0
          ],
          [
            138.45588303953122,
            36.917695328311126,
            695.4
          ],
          [
            138.4558233288763,
            36.917619032483195,
            694.4
          ],
          [
            138.4557636182214,
            36.917542736655264,
            693.6
          ],
          [
            138.45570390756646,
            36.91746644082733,
            692.4
          ],
          [
            138.45564419691155,
            36.917390144999395,
            692.2
          ],
          [
            138.4555844862566,
            36.917313849171464,
            691.8
          ],
          [
            138.4555247756017,
            36.91723755334353,
            691.3
          ],
          [
            138.45546506494676,
            36.9171612575156,
            691.2
          ],
          [
            138.45541347647787,
            36.91708183856884,
            690.4
          ],
          [
            138.4553768791498,
            36.916996655273124,
            690.4
          ],
          [
            138.45534028182175,
            36.916911471977414,
            689.3
          ],
          [
            138.4553106337069,
            36.91682491009703,
            688.3
          ],
          [
            138.45529361502767,
            36.91673584278963,
            687.3
          ],
          [
            138.45527659634845,
            36.916646775482235,
            686.7
          ],
          [
            138.45519819871345,
            36.91659075642368,
            685.7
          ],
          [
            138.4550869891856,
            36.91659872095576,
            684.8
          ],
          [
            138.45498336556696,
            36.91663331349382,
            684.1
          ],
          [
            138.45487974194836,
            36.916667906031876,
            683.0
          ],
          [
            138.45477573769776,
            36.916701418518095,
            682.4
          ],
          [
            138.4546649044634,
            36.916715553608434,
            682.5
          ],
          [
            138.45455407122907,
            36.916729688698766,
            681.0
          ],
          [
            138.45444323799472,
            36.916743823789105,
            680.4
          ],
          [
            138.45433295104604,
            36.9167601195268,
            679.6
          ],
          [
            138.45422402791382,
            36.91678180937693,
            678.2
          ],
          [
            138.4541151047816,
            36.916803499227065,
            676.9
          ],
          [
            138.45400618164936,
            36.916825189077194,
            675.9
          ],
          [
            138.45389725851715,
            36.91684687892732,
            674.7
          ],
          [
            138.45378833538493,
            36.91686856877745,
            673.6
          ]
        ]
      }
    },
    {
      "type": "Feature",
      "properties": {
        "name": "日影ゲレンデA_2",
        "slope_deg": [
          5.568737077976604,
          5.568737077976604,
          5.568737077976604,
          5.000644597558433,
          2.5765718302687652,
          0.7161599454704085,
          3.8616074096749773,
          1.1457628381750384,
          -0.1432391503681763,
          0.2864765102771396,
          -0.2864765102769768,
          8.250387228905595,
          12.27072035781523,
          12.68038349181982,
          12.27072035781523,
          9.090276920822289,
          6.277298489597523,
          4.431564716435714,
          4.146688825966138,
          2.147585428298503,
          3.2908836860673905,
          6.560196400571341,
          8.530765609948133,
          11.7225209701022,
          11.585126224854955,
          10.757967088390036,
          10.896152141141036,
          10.203973721731748,
          11.447596263685636,
          12.543973346572077,
          14.97598451475675,
          16.567741642974887,
          16.830565983210626,
          15.774985955414158,
          15.642246457208639,
          15.642246457208639,
          15.642246457208639
        ],
        "horizontal_dist_map": 369,
        "slope_dist_map": 376,
        "elevation_diff_map": 55.8,
        "avg_slope_deg_map": 8.4,
        "max_slope_deg_map": 16.8
      },
      "geometry": {
        "type": "LineString",
        "coordinates": [
          [
            138.454287,
            36.922655,
            745.8
          ],
          [
            138.45437731774143,
            36.92270846778521,
            745.4
          ],
          [
            138.4544780751067,
            36.922744987300334,
            742.5
          ],
          [
            138.45459000037386,
            36.922743023194954,
            740.5
          ],
          [
            138.45469242983458,
            36.922708432044054,
            741.9
          ],
          [
            138.45479656554502,
            36.92267517384478,
            741.9
          ],
          [
            138.4549046886891,
            36.92268132207454,
            740.7
          ],
          [
            138.4550154280022,
            36.922666678141525,
            740.0
          ],
          [
            138.45512693382065,
            36.92265795612489,
            739.2
          ],
          [
            138.45523905709413,
            36.922654004482574,
            741.1
          ],
          [
            138.4553512292183,
            36.9226511511345,
            740.8
          ],
          [
            138.4554634179045,
            36.92264867014553,
            739.8
          ],
          [
            138.4555756065907,
            36.92264618915655,
            739.4
          ],
          [
            138.45568345397777,
            36.92266610055702,
            735.3
          ],
          [
            138.4557893953652,
            36.92269584308972,
            732.1
          ],
          [
            138.45589803289917,
            36.922715572254994,
            730.8
          ],
          [
            138.45600981576527,
            36.92272361979761,
            730.7
          ],
          [
            138.45612159863137,
            36.92273166734023,
            728.9
          ],
          [
            138.45623123867347,
            36.92274977994405,
            727.7
          ],
          [
            138.4563357710047,
            36.9227822755441,
            727.7
          ],
          [
            138.45639480009794,
            36.92285612033298,
            727.8
          ],
          [
            138.4564030852127,
            36.9229452974115,
            727.4
          ],
          [
            138.45637716278844,
            36.92303285689351,
            725.4
          ],
          [
            138.45633382330564,
            36.92311566255354,
            723.1
          ],
          [
            138.45628465927783,
            36.92319666614228,
            721.8
          ],
          [
            138.45622501183024,
            36.92327244439691,
            719.1
          ],
          [
            138.456156401962,
            36.92334375544107,
            717.2
          ],
          [
            138.4560800815953,
            36.92340958815131,
            715.5
          ],
          [
            138.456000265632,
            36.92347293722896,
            714.1
          ],
          [
            138.45592044966872,
            36.923536286306614,
            711.9
          ],
          [
            138.45584063370546,
            36.923599635384264,
            709.1
          ],
          [
            138.45576081774217,
            36.92366298446192,
            706.6
          ],
          [
            138.4556822748847,
            36.92372733686192,
            703.4
          ],
          [
            138.45560487840882,
            36.92379259271414,
            700.0
          ],
          [
            138.45552748193293,
            36.923857848566364,
            697.0
          ],
          [
            138.45544842442342,
            36.92392180473237,
            695.3
          ],
          [
            138.455355194538,
            36.9239714215224,
            692.2
          ]
        ]
      }
    },
    {
      "type": "Feature",
      "properties": {
        "name": "日影のかべ",
        "slope_deg": [
          27.699472808055,
          27.699472808055,
          27.699472808055,
          29.574910497101147,
          32.61924307119285,
          35.374751843876055,
          30.96375653207352,
          33.1244481239665,
          31.173938199371186,
          26.450345065034167,
          25.5244753562944,
          18.133621430820266,
          11.722520970102357,
          11.722520970102357,
          11.722520970102357
        ],
        "horizontal_dist_map": 146,
        "slope_dist_map": 163,
        "elevation_diff_map": 66.7,
        "avg_slope_deg_map": 22.1,
        "max_slope_deg_map": 35.4
      },
      "geometry": {
        "type": "LineString",
        "coordinates": [
          [
            138.45360771904745,
            36.92313485589422,
            729.7
          ],
          [
            138.45359332606716,
            36.92322422124911,
            726.1
          ],
          [
            138.45357893308685,
            36.923313586603996,
            721.5
          ],
          [
            138.45356454010656,
            36.923402951958884,
            716.9
          ],
          [
            138.45355014712626,
            36.92349231731377,
            708.7
          ],
          [
            138.45353575414595,
            36.92358168266866,
            703.4
          ],
          [
            138.45352136116566,
            36.92367104802355,
            695.9
          ],
          [
            138.45350696818537,
            36.92376041337844,
            688.5
          ],
          [
            138.4534984989287,
            36.923850245420496,
            684.7
          ],
          [
            138.45349098176663,
            36.923940152471175,
            677.3
          ],
          [
            138.4534834646046,
            36.924030059521854,
            671.7
          ],
          [
            138.45347594744254,
            36.92411996657253,
            668.6
          ],
          [
            138.4534684302805,
            36.92420987362321,
            665.6
          ],
          [
            138.45346562452477,
            36.924299943614386,
            664.2
          ],
          [
            138.45346348417186,
            36.92439003661802,
            663.4
          ]
        ]
      }
    },
    {
      "type": "Feature",
      "properties": {
        "name": "黒鞍",
        "slope_deg": [
          25.7573092118078,
          25.7573092118078,
          25.7573092118078,
          24.58409469543802,
          28.920650342151568,
          28.035301206706748,
          29.03027468248708,
          32.619243071192734,
          31.06896350070932,
          30.646741437081463,
          24.820541335489082,
          19.03443435483528,
          18.77803322244557,
          17.092662950267425,
          19.417554141579483,
          18.77803322244557,
          17.092662950267574,
          17.092662950267574,
          17.092662950267574
        ],
        "horizontal_dist_map": 185,
        "slope_dist_map": 204,
        "elevation_diff_map": 81.3,
        "avg_slope_deg_map": 21.7,
        "max_slope_deg_map": 32.6
      },
      "geometry": {
        "type": "LineString",
        "coordinates": [
          [
            138.4589875,
            36.9228529,
            816.7
          ],
          [
            138.45887664810743,
            36.922838814626104,
            811.6
          ],
          [
            138.45876579621486,
            36.922824729252206,
            808.9
          ],
          [
            138.45865391411527,
            36.92281827303728,
            803.5
          ],
          [
            138.45854187825512,
            36.92281295549054,
            797.4
          ],
          [
            138.45842984239496,
            36.922807637943805,
            793.3
          ],
          [
            138.45831780653478,
            36.92280232039707,
            786.8
          ],
          [
            138.45820577067462,
            36.92279700285033,
            782.2
          ],
          [
            138.45809373481447,
            36.922791685303594,
            775.2
          ],
          [
            138.4579816989543,
            36.922786367756856,
            767.7
          ],
          [
            138.45786966309413,
            36.92278105021012,
            762.7
          ],
          [
            138.45775762723397,
            36.92277573266338,
            758.5
          ],
          [
            138.45764559137382,
            36.922770415116645,
            756.7
          ],
          [
            138.4575359038546,
            36.92278830137159,
            753.9
          ],
          [
            138.45742640704225,
            36.9228080719885,
            749.1
          ],
          [
            138.4573169102299,
            36.9228278426054,
            746.2
          ],
          [
            138.45720741341754,
            36.9228476132223,
            742.6
          ],
          [
            138.4570979166052,
            36.92286738383921,
            740.3
          ],
          [
            138.45698841979285,
            36.92288715445611,
            736.8
          ]
        ]
      }
    },
    {
      "type": "Feature",
      "properties": {
        "name": "黒鞍",
        "slope_deg": [
          25.290734392148174,
          25.290734392148174,
          25.290734392148174,
          29.357753542791276,
          31.383191056359014,
          28.035301206706876,
          28.70070495633756,
          25.290734392148174,
          23.749494492866788,
          26.104854009099192,
          25.98923358383301,
          28.810793742973065,
          30.752645551131586,
          30.00643379045911,
          29.89890183861456,
          28.14678121412202,
          29.466448275120122,
          27.699472808055,
          30.327634119133954,
          30.22079992383123,
          26.793775628803207,
          29.139666699697486,
          26.9077935265408,
          26.907793526540928,
          27.135139622076878,
          27.248467426644652,
          25.873385226286064,
          24.465535110662668,
          25.407718108948472,
          24.93842765545725,
          27.24846742664478,
          29.139666699697486,
          30.327634119133833,
          30.646741437081463,
          29.357753542791276,
          29.357753542791276,
          30.752645551131586,
          29.357753542791276,
          29.79113729834045,
          28.25802961470689,
          23.869390064732137,
          18.77803322244557,
          14.170977562933123,
          11.447596263685636,
          9.648045316098093,
          9.648045316098093,
          9.648045316098093
        ],
        "horizontal_dist_map": 468,
        "slope_dist_map": 524,
        "elevation_diff_map": 228.0,
        "avg_slope_deg_map": 23.5,
        "max_slope_deg_map": 31.4
      },
      "geometry": {
        "type": "LineString",
        "coordinates": [
          [
            138.4617662,
            36.9212104,
            980.5
          ],
          [
            138.4617662,
            36.92130050943749,
            977.3
          ],
          [
            138.4617323188311,
            36.92138536233777,
            973.5
          ],
          [
            138.4616788614375,
            36.92146395539724,
            966.1
          ],
          [
            138.46161500919968,
            36.92153805931729,
            961.6
          ],
          [
            138.46155115696183,
            36.92161216323734,
            954.8
          ],
          [
            138.46146440462988,
            36.9216688673028,
            949.1
          ],
          [
            138.4613757669795,
            36.9217241388734,
            944.8
          ],
          [
            138.4612871293291,
            36.92177941044401,
            939.7
          ],
          [
            138.46119849167872,
            36.92183468201461,
            935.9
          ],
          [
            138.4611098540283,
            36.921889953585215,
            931.5
          ],
          [
            138.46102121637793,
            36.92194522515582,
            925.2
          ],
          [
            138.4609293526021,
            36.9219965448088,
            920.2
          ],
          [
            138.46083086162167,
            36.92203974631276,
            913.9
          ],
          [
            138.4607323706412,
            36.922082947816726,
            907.7
          ],
          [
            138.46063387966078,
            36.92212614932068,
            902.1
          ],
          [
            138.4605353886803,
            36.922169350824646,
            897.2
          ],
          [
            138.46043689769988,
            36.92221255232861,
            892.5
          ],
          [
            138.46033787161517,
            36.92225490701623,
            885.1
          ],
          [
            138.46023627923563,
            36.92229320047605,
            881.1
          ],
          [
            138.46013468685612,
            36.922331493935864,
            873.8
          ],
          [
            138.46003309447661,
            36.922369787395674,
            869.2
          ],
          [
            138.4599315020971,
            36.92240808085549,
            864.9
          ],
          [
            138.45982990971757,
            36.92244637431531,
            858.8
          ],
          [
            138.45972831733806,
            36.922484667775116,
            853.5
          ],
          [
            138.4596311068527,
            36.92252941507009,
            848.9
          ],
          [
            138.45953597787476,
            36.922577228095435,
            844.4
          ],
          [
            138.45944084889683,
            36.92262504112078,
            838.2
          ],
          [
            138.4593457199189,
            36.92267285414612,
            834.1
          ],
          [
            138.45925059094097,
            36.92272066717147,
            830.7
          ],
          [
            138.45915546196304,
            36.922768480196815,
            825.4
          ],
          [
            138.45906033298508,
            36.922816293222155,
            819.6
          ],
          [
            138.45896986572347,
            36.92286857085371,
            813.5
          ],
          [
            138.45889462661154,
            36.92293543274706,
            808.4
          ],
          [
            138.4588193874996,
            36.92300229464042,
            802.0
          ],
          [
            138.45875661000775,
            36.923076475572344,
            795.9
          ],
          [
            138.45870002902802,
            36.92315429587951,
            791.0
          ],
          [
            138.45864344804832,
            36.92323211618668,
            785.9
          ],
          [
            138.45858686706862,
            36.92330993649385,
            778.2
          ],
          [
            138.4585456189408,
            36.923392995729195,
            773.4
          ],
          [
            138.45851500163172,
            36.92347968730222,
            768.1
          ],
          [
            138.45848438432265,
            36.92356637887524,
            764.4
          ],
          [
            138.45845376701354,
            36.92365307044827,
            760.5
          ],
          [
            138.45842314970446,
            36.92373976202129,
            759.8
          ],
          [
            138.45839253239538,
            36.923826453594316,
            758.0
          ],
          [
            138.4583619150863,
            36.92391314516734,
            756.3
          ],
          [
            138.45833129777722,
            36.923999836740364,
            753.7
          ]
        ]
      }
    },
    {
      "type": "Feature",
      "properties": {
        "name": "水無ゲレンデA",
        "slope_deg": [
          2.719505461272635,
          2.719505461272635,
          2.719505461272635,
          3.148096099562824,
          2.719505461272635,
          3.290883686067228,
          3.7189939731579127,
          4.0041729407093225,
          4.7162212343382155,
          5.852378988915493,
          6.277298489597683,
          8.9505586562316,
          9.50877195829791,
          11.44759626368579,
          12.95276451337558,
          11.44759626368548,
          12.95276451337558,
          12.407418527400683,
          15.774985955414008,
          18.00416160591338,
          21.181349500266236,
          21.924785220541064,
          22.170895633834377,
          23.629377730656817,
          21.056705590704606,
          22.04794746356044,
          18.906332035086663,
          16.43605922463589,
          15.509334522675056,
          13.901350769509243,
          13.49573328079569,
          14.708303899682749,
          14.305551846622015,
          13.088732789694,
          12.270720357815385,
          11.996899307923577,
          11.996899307923577,
          14.036243467926479,
          14.708303899682749,
          13.901350769508936,
          13.360218444764483,
          12.133880170633224,
          11.7225209701022,
          11.309932474020215,
          11.44759626368548,
          11.309932474020215,
          12.133880170633535,
          11.309932474020215,
          12.407418527400683,
          11.44759626368579,
          11.172136252166961,
          11.7225209701022,
          10.342657140474548,
          10.89615214114088,
          10.481218144131045,
          10.896152141141194,
          12.407418527400994,
          11.58512622485511,
          10.203973721731748,
          7.969610394321551,
          5.000644597558433,
          2.719505461272635,
          0.0,
          0.0,
          0.0
        ],
        "horizontal_dist_map": 644,
        "slope_dist_map": 661,
        "elevation_diff_map": 127.4,
        "avg_slope_deg_map": 10.9,
        "max_slope_deg_map": 23.6
      },
      "geometry": {
        "type": "LineString",
        "coordinates": [
          [
            138.4703328136925,
            36.91760687765111,
            1181.9
          ],
          [
            138.4703090672635,
            36.91769494677656,
            1181.8
          ],
          [
            138.47028532083456,
            36.917783015901996,
            1180.9
          ],
          [
            138.47026157440558,
            36.91787108502744,
            1180.6
          ],
          [
            138.4702378279766,
            36.91795915415289,
            1180.0
          ],
          [
            138.47021408154762,
            36.918047223278336,
            1179.6
          ],
          [
            138.47019033511867,
            36.918135292403775,
            1179.0
          ],
          [
            138.4701665886897,
            36.91822336152922,
            1178.3
          ],
          [
            138.4701428422607,
            36.91831143065467,
            1177.4
          ],
          [
            138.47011909583173,
            36.918399499780115,
            1176.8
          ],
          [
            138.4700982149445,
            36.91848801331069,
            1175.7
          ],
          [
            138.47007940776996,
            36.918576848444886,
            1174.2
          ],
          [
            138.47006060059542,
            36.91866568357908,
            1173.0
          ],
          [
            138.47004179342085,
            36.918754518713264,
            1170.5
          ],
          [
            138.4700229862463,
            36.91884335384746,
            1169.0
          ],
          [
            138.47000417907176,
            36.91893218898165,
            1166.1
          ],
          [
            138.4699853718972,
            36.91902102411584,
            1163.8
          ],
          [
            138.46996656472265,
            36.919109859250035,
            1162.4
          ],
          [
            138.46991645690684,
            36.91917337927839,
            1159.8
          ],
          [
            138.46980568432426,
            36.919187835296256,
            1157.3
          ],
          [
            138.4696949117417,
            36.91920229131413,
            1152.5
          ],
          [
            138.4695841391591,
            36.919216747331994,
            1149.4
          ],
          [
            138.46947392806598,
            36.91923354147945,
            1144.3
          ],
          [
            138.46936440359423,
            36.91925319482542,
            1141.2
          ],
          [
            138.4692548791225,
            36.919272848171396,
            1136.2
          ],
          [
            138.46914535465075,
            36.919292501517376,
            1131.9
          ],
          [
            138.469035830179,
            36.91931215486335,
            1128.9
          ],
          [
            138.46892974856374,
            36.919338229413896,
            1125.0
          ],
          [
            138.46883669444316,
            36.91938860129072,
            1122.5
          ],
          [
            138.46874364032254,
            36.919438973167544,
            1120.1
          ],
          [
            138.46865058620193,
            36.91948934504437,
            1117.8
          ],
          [
            138.46855753208132,
            36.91953971692119,
            1115.1
          ],
          [
            138.4684644779607,
            36.91959008879802,
            1112.9
          ],
          [
            138.4683714238401,
            36.91964046067484,
            1109.6
          ],
          [
            138.46827836971948,
            36.919690832551666,
            1107.6
          ],
          [
            138.4681797917228,
            36.91973379144188,
            1105.8
          ],
          [
            138.46808051343123,
            36.919775810543356,
            1104.2
          ],
          [
            138.4679805016516,
            36.91981652783452,
            1101.1
          ],
          [
            138.4678756496731,
            36.919848654637136,
            1099.1
          ],
          [
            138.46777079769458,
            36.91988078143975,
            1095.8
          ],
          [
            138.46766566888815,
            36.91991218229505,
            1093.7
          ],
          [
            138.46755638836245,
            36.919932695775245,
            1091.2
          ],
          [
            138.46744710783676,
            36.91995320925544,
            1089.6
          ],
          [
            138.46733782731107,
            36.919973722735634,
            1087.2
          ],
          [
            138.46722854678538,
            36.91999423621583,
            1085.4
          ],
          [
            138.4671185272792,
            36.92000976981034,
            1083.2
          ],
          [
            138.46700630307274,
            36.92001044623884,
            1081.5
          ],
          [
            138.46689407886626,
            36.92001112266733,
            1079.2
          ],
          [
            138.46678185465979,
            36.920011799095825,
            1076.8
          ],
          [
            138.4666696304533,
            36.920012475524324,
            1075.2
          ],
          [
            138.46655740624686,
            36.920013151952816,
            1072.7
          ],
          [
            138.4664451820404,
            36.92001382838131,
            1071.1
          ],
          [
            138.46633384876995,
            36.920003170673745,
            1068.9
          ],
          [
            138.46622262099993,
            36.91999117083189,
            1066.9
          ],
          [
            138.46611415053576,
            36.9199707975618,
            1065.4
          ],
          [
            138.4660100705651,
            36.919937091174646,
            1063.4
          ],
          [
            138.4659059905944,
            36.91990338478748,
            1061.5
          ],
          [
            138.46580191062372,
            36.919869678400325,
            1059.2
          ],
          [
            138.46569783065306,
            36.91983597201316,
            1056.6
          ],
          [
            138.46559375068236,
            36.919802265626004,
            1055.2
          ],
          [
            138.46550199450698,
            36.9197546397932,
            1054.3
          ],
          [
            138.4654281450752,
            36.91968678870193,
            1053.6
          ],
          [
            138.46535429564344,
            36.919618937610664,
            1053.1
          ],
          [
            138.4652804462117,
            36.9195510865194,
            1053.3
          ],
          [
            138.46520659677992,
            36.91948323542813,
            1054.3
          ]
        ]
      }
    },
    {
      "type": "Feature",
      "properties": {
        "name": "日影ゲレンデB (検定コース)",
        "slope_deg": [
          23.869390064732,
          23.869390064732,
          23.869390064732,
          24.1085158999753,
          20.430362329285547,
          21.80140948635181,
          21.67782085250454,
          19.417554141579483,
          21.43000730175244,
          20.304473709960526,
          20.806791012711145,
          22.904057803636878,
          20.178380074508645,
          19.290046219188735,
          15.774985955414158,
          12.407418527400838,
          11.034209003250343,
          9.508771958297752,
          9.090276920822289,
          7.547725773843047,
          6.560196400571341,
          6.560196400571341,
          6.560196400571341
        ],
        "horizontal_dist_map": 222,
        "slope_dist_map": 234,
        "elevation_diff_map": 68.7,
        "avg_slope_deg_map": 16.3,
        "max_slope_deg_map": 24.1
      },
      "geometry": {
        "type": "LineString",
        "coordinates": [
          [
            138.4546210357203,
            36.922829908447135,
            733.4
          ],
          [
            138.45461103099836,
            36.92291965911139,
            729.0
          ],
          [
            138.45460102627646,
            36.92300940977565,
            723.0
          ],
          [
            138.45459102155453,
            36.92309916043992,
            720.2
          ],
          [
            138.45458101683263,
            36.92318891110418,
            715.7
          ],
          [
            138.4545710121107,
            36.923278661768435,
            711.1
          ],
          [
            138.4545610073888,
            36.923368412432694,
            708.1
          ],
          [
            138.45455100266688,
            36.92345816309695,
            704.2
          ],
          [
            138.45454099794497,
            36.92354791376121,
            699.8
          ],
          [
            138.45453099322305,
            36.92363766442548,
            697.0
          ],
          [
            138.45452098850112,
            36.923727415089736,
            692.4
          ],
          [
            138.45451098377922,
            36.923817165753995,
            689.4
          ],
          [
            138.4545009790573,
            36.923906916418254,
            684.6
          ],
          [
            138.45449097433539,
            36.92399666708251,
            680.1
          ],
          [
            138.45448096961346,
            36.92408641774678,
            677.7
          ],
          [
            138.45447096489156,
            36.92417616841104,
            675.4
          ],
          [
            138.45446096016963,
            36.924265919075296,
            673.3
          ],
          [
            138.45442584409392,
            36.924349066330194,
            671.3
          ],
          [
            138.4543677772398,
            36.92442617833164,
            669.9
          ],
          [
            138.45430971038573,
            36.924503290333085,
            668.7
          ],
          [
            138.45425164353165,
            36.924580402334534,
            666.9
          ],
          [
            138.45419357667754,
            36.92465751433598,
            666.0
          ],
          [
            138.45413550982346,
            36.92473462633743,
            665.3
          ]
        ]
      }
    },
    {
      "type": "Feature",
      "properties": {
        "name": "キツネ",
        "slope_deg": [
          8.110047829419,
          8.110047829419,
          8.110047829419,
          9.648045316098093,
          10.481218144130889,
          11.44759626368548,
          7.969610394321392,
          9.369385096487514,
          7.68844776990284,
          3.148096099562824,
          4.0041729407093225,
          8.810732985984973,
          9.926245506651705,
          10.203973721731748,
          12.816647648997467,
          3.005269359689804,
          3.8616074096751394,
          4.7162212343382155,
          3.2908836860673905,
          4.004172940709484,
          0.4297102894009785,
          -3.718993973158075,
          -5.426812498572917,
          -2.433606100720186,
          -3.4336303624504896,
          -2.5765718302687652,
          -3.0052693596899664,
          -0.7161599454704085,
          1.288937560186863,
          4.7162212343382155,
          5.994092949108534,
          7.68844776990284,
          13.088732789694154,
          17.484427323220732,
          20.556045219583467,
          16.567741642975037,
          12.816647648997312,
          8.9505586562316,
          7.969610394321392,
          7.68844776990284,
          5.568737077976766,
          7.266008446996026,
          7.547725773843047,
          7.406912128495133,
          7.68844776990284,
          3.718993973158075,
          1.5752369256830872,
          -2.147585428298503,
          -2.862405226111748,
          0.0,
          0.4297102894009785,
          4.573921259900927,
          6.983937460085259,
          6.418786730238786,
          8.11004782941916,
          7.266008446996026,
          7.969610394321392,
          8.9505586562316,
          8.250387228905435,
          7.68844776990284,
          6.701525844729388,
          7.125016348901798,
          8.250387228905595,
          10.203973721731748,
          9.369385096487514,
          7.125016348901798,
          7.406912128495133,
          5.4268124985727555,
          6.277298489597523,
          5.994092949108534,
          5.994092949108534,
          5.994092949108534
        ],
        "horizontal_dist_map": 716,
        "slope_dist_map": 728,
        "elevation_diff_map": 77.3,
        "avg_slope_deg_map": 6.1,
        "max_slope_deg_map": 20.6
      },
      "geometry": {
        "type": "LineString",
        "coordinates": [
          [
            138.4481767521354,
            36.91585995239846,
            711.3
          ],
          [
            138.4481801441601,
            36.915950020744695,
            710.4
          ],
          [
            138.44823797202804,
            36.91601260835025,
            708.9
          ],
          [
            138.44833769345976,
            36.916053622617895,
            706.8
          ],
          [
            138.44844894809748,
            36.916041819303864,
            705.6
          ],
          [
            138.44856012132814,
            36.91602972579575,
            703.6
          ],
          [
            138.44866693407397,
            36.916002088337365,
            701.5
          ],
          [
            138.44877374681982,
            36.915974450878984,
            698.7
          ],
          [
            138.44888055956565,
            36.915946813420604,
            700.0
          ],
          [
            138.44899170943805,
            36.91593860726214,
            697.0
          ],
          [
            138.44910382733505,
            36.91593473807088,
            696.1
          ],
          [
            138.44921284194902,
            36.91591918817014,
            696.5
          ],
          [
            138.4493171658328,
            36.91588598243333,
            697.2
          ],
          [
            138.4494234098054,
            36.91586384869601,
            690.8
          ],
          [
            138.44953506281627,
            36.91587290563598,
            689.1
          ],
          [
            138.4496323233729,
            36.91591092421005,
            689.3
          ],
          [
            138.4497210692251,
            36.915966076745384,
            688.1
          ],
          [
            138.44979786686758,
            36.916030176754994,
            688.7
          ],
          [
            138.449860205042,
            36.91610510480678,
            686.4
          ],
          [
            138.44993080350727,
            36.91616866963861,
            686.0
          ],
          [
            138.45004271108175,
            36.916175407840335,
            685.8
          ],
          [
            138.45015461865623,
            36.91618214604207,
            685.9
          ],
          [
            138.4502665262307,
            36.916188884243795,
            686.1
          ],
          [
            138.45037843380518,
            36.91619562244553,
            688.6
          ],
          [
            138.45049034137966,
            36.916202360647254,
            689.6
          ],
          [
            138.45060224895414,
            36.91620909884899,
            687.6
          ],
          [
            138.45071415652862,
            36.916215837050714,
            688.5
          ],
          [
            138.45082575515443,
            36.916225277772014,
            690.4
          ],
          [
            138.45093731985153,
            36.91623501528385,
            691.7
          ],
          [
            138.45104888454864,
            36.91624475279569,
            688.1
          ],
          [
            138.45116044924578,
            36.91625449030753,
            687.6
          ],
          [
            138.45127201394288,
            36.91626422781937,
            687.1
          ],
          [
            138.45138357864,
            36.916273965331214,
            687.5
          ],
          [
            138.4514951433371,
            36.91628370284305,
            682.7
          ],
          [
            138.4516067080342,
            36.91629344035489,
            678.3
          ],
          [
            138.4517133928367,
            36.91632128176459,
            674.5
          ],
          [
            138.4518199871131,
            36.91634945901659,
            672.5
          ],
          [
            138.45192658138953,
            36.916377636268585,
            670.8
          ],
          [
            138.45202544446835,
            36.916417074659186,
            669.2
          ],
          [
            138.4521120244038,
            36.916474404479786,
            668.2
          ],
          [
            138.45219860433923,
            36.916531734300385,
            666.9
          ],
          [
            138.45228438139242,
            36.91658979827773,
            665.4
          ],
          [
            138.45236636651518,
            36.91665132960204,
            665.3
          ],
          [
            138.45244835163794,
            36.91671286092635,
            663.1
          ],
          [
            138.4525303367607,
            36.916774392250666,
            661.6
          ],
          [
            138.45261232188346,
            36.91683592357498,
            660.2
          ],
          [
            138.45269430700623,
            36.9168974548993,
            659.9
          ],
          [
            138.45277914399728,
            36.9169563750007,
            660.5
          ],
          [
            138.45286582714348,
            36.91701360472859,
            660.5
          ],
          [
            138.45294074920415,
            36.9170773057129,
            661.7
          ],
          [
            138.4529759315194,
            36.91716287254296,
            661.9
          ],
          [
            138.45301111383463,
            36.91724843937302,
            660.5
          ],
          [
            138.45304552367176,
            36.91733411275418,
            660.2
          ],
          [
            138.45304792155144,
            36.91742420167745,
            658.5
          ],
          [
            138.45305031943116,
            36.91751429060071,
            657.0
          ],
          [
            138.45305164644182,
            36.91760432657979,
            656.0
          ],
          [
            138.45303550190786,
            36.91769349875896,
            654.5
          ],
          [
            138.45301935737388,
            36.91778267093812,
            653.4
          ],
          [
            138.45300321283992,
            36.91787184311728,
            651.4
          ],
          [
            138.45298706830593,
            36.91796101529645,
            649.7
          ],
          [
            138.45296514627944,
            36.91804925472568,
            648.7
          ],
          [
            138.45293711106385,
            36.918136507208295,
            648.0
          ],
          [
            138.45290907584825,
            36.91822375969091,
            646.7
          ],
          [
            138.45288104063266,
            36.918311012173525,
            644.7
          ],
          [
            138.45285300541707,
            36.91839826465614,
            642.9
          ],
          [
            138.45282497020148,
            36.918485517138755,
            640.8
          ],
          [
            138.45279693498588,
            36.91857276962136,
            640.1
          ],
          [
            138.4527740467498,
            36.91866098136093,
            639.7
          ],
          [
            138.45275134925106,
            36.918749228648736,
            637.7
          ],
          [
            138.45272865175232,
            36.91883747593654,
            637.0
          ],
          [
            138.45270595425356,
            36.91892572322434,
            635.7
          ],
          [
            138.45268325675482,
            36.91901397051215,
            635.5
          ]
        ]
      }
    },
    {
      "type": "Feature",
      "properties": {
        "name": "向林",
        "slope_deg": [
          27.587067675863857,
          27.587067675863857,
          27.587067675863857,
          29.79113729834045,
          29.466448275120122,
          29.139666699697486,
          30.540604849681518,
          31.383191056359014,
          29.466448275120122,
          31.487469364213986,
          31.90226380624009,
          30.96375653207352,
          33.52447324857696,
          32.210927723673684,
          31.695330156087152,
          32.10827114150959,
          25.873385226286064,
          20.17838007450879,
          10.896152141141194,
          6.135733340186728,
          6.277298489597523,
          6.842773412630876,
          7.406912128495294,
          6.560196400571341,
          7.547725773843206,
          8.810732985984973,
          8.39062701325255,
          5.426812498572917,
          5.426812498572917,
          5.426812498572917
        ],
        "horizontal_dist_map": 292,
        "slope_dist_map": 321,
        "elevation_diff_map": 112.0,
        "avg_slope_deg_map": 19.2,
        "max_slope_deg_map": 33.5
      },
      "geometry": {
        "type": "LineString",
        "coordinates": [
          [
            138.448366,
            36.9160367,
            706.8
          ],
          [
            138.44839755459162,
            36.91612317403354,
            703.9
          ],
          [
            138.44842910918325,
            36.91620964806707,
            697.2
          ],
          [
            138.44846066377488,
            36.916296122100604,
            692.2
          ],
          [
            138.44848842653195,
            36.9163832748052,
            685.9
          ],
          [
            138.44850559731506,
            36.91647232328505,
            681.0
          ],
          [
            138.44852276809817,
            36.91656137176491,
            674.6
          ],
          [
            138.44853669738646,
            36.91665077222551,
            669.9
          ],
          [
            138.4485495994748,
            36.916740284225575,
            662.3
          ],
          [
            138.44856250156312,
            36.91682979622564,
            656.6
          ],
          [
            138.44857540365146,
            36.91691930822571,
            652.0
          ],
          [
            138.4485883057398,
            36.917008820225774,
            645.4
          ],
          [
            138.4485935463905,
            36.91709877029466,
            637.4
          ],
          [
            138.44859657135626,
            36.917188847052884,
            632.6
          ],
          [
            138.44859959632203,
            36.917278923811104,
            625.5
          ],
          [
            138.4486008123782,
            36.91736898270941,
            620.2
          ],
          [
            138.44859503000905,
            36.917458972510126,
            612.7
          ],
          [
            138.44858924763992,
            36.917548962310846,
            607.5
          ],
          [
            138.44858346527076,
            36.91763895211156,
            606.1
          ],
          [
            138.44857188444288,
            36.91772845174519,
            605.5
          ],
          [
            138.44855420017166,
            36.917817435430166,
            605.0
          ],
          [
            138.4485365159004,
            36.917906419115134,
            603.2
          ],
          [
            138.44851883162917,
            36.9179954028001,
            601.7
          ],
          [
            138.44850114735794,
            36.91808438648508,
            600.7
          ],
          [
            138.44847350537012,
            36.91817090235574,
            599.8
          ],
          [
            138.4484256519063,
            36.91825240922969,
            598.6
          ],
          [
            138.44837779844246,
            36.91833391610364,
            596.4
          ],
          [
            138.4483299449786,
            36.91841542297759,
            594.5
          ],
          [
            138.44828209151478,
            36.918496929851536,
            593.9
          ],
          [
            138.44823423805096,
            36.91857843672549,
            594.8
          ]
        ]
      }
    },
    {
      "type": "Feature",
      "properties": {
        "name": "長坂連絡コース",
        "slope_deg": [
          7.688447769903003,
          7.688447769903003,
          7.688447769903003,
          7.125016348901798,
          9.926245506651705,
          6.135733340186728,
          6.701525844729388,
          5.852378988915653,
          0.7161599454704085,
          1.2889375601870259,
          0.5729386976834533,
          2.004534032105872,
          6.135733340186889,
          6.418786730238786,
          7.688447769903003,
          6.983937460085259,
          3.4336303624504896,
          2.2906100426383995,
          2.147585428298503,
          3.8616074096751394,
          5.852378988915653,
          5.710593137499643,
          4.289153328819018,
          2.147585428298503,
          0.2864765102769768,
          1.2889375601870259,
          2.862405226111748,
          3.4336303624504896,
          3.8616074096751394,
          3.4336303624504896,
          2.147585428298503,
          3.290883686067228,
          3.718993973158075,
          4.573921259900764,
          5.710593137499643,
          4.716221234338378,
          5.142764557884274,
          3.433630362450652,
          2.5765718302687652,
          4.146688825965976,
          3.1480960995626615,
          3.4336303624504896,
          3.290883686067228,
          1.0025738037599647,
          1.145762838175201,
          1.5752369256830872,
          2.2906100426385625,
          2.576571830268928,
          4.431564716435714,
          4.858462919034255,
          3.718993973158075,
          4.431564716435877,
          1.8614576304668264,
          1.0025738037599647,
          2.5765718302687652,
          0.2864765102769768,
          1.8614576304666637,
          3.8616074096751394,
          2.576571830268928,
          4.431564716435877,
          2.004534032105872,
          -0.2864765102771396,
          2.004534032105872,
          3.290883686067228,
          5.710593137499643,
          5.852378988915653,
          3.8616074096751394,
          4.004172940709484,
          1.8614576304668264,
          3.8616074096751394,
          5.142764557884112,
          3.8616074096749773,
          5.142764557884274,
          4.289153328819018,
          3.2908836860673905,
          2.433606100720186,
          2.004534032105872,
          2.719505461272472,
          2.147585428298503,
          2.5765718302687652,
          3.4336303624504896,
          1.4320961841646465,
          1.288937560186863,
          1.145762838175201,
          2.004534032105872,
          2.862405226111748,
          3.718993973158075,
          5.142764557884274,
          4.289153328819018,
          3.8616074096751394,
          3.4336303624504896,
          1.5752369256829246,
          1.288937560186863,
          -0.14323915036833912,
          -1.1457628381750384,
          -0.1432391503681763,
          -0.1432391503681763,
          -0.1432391503681763
        ],
        "horizontal_dist_map": 970,
        "slope_dist_map": 974,
        "elevation_diff_map": 56.9,
        "avg_slope_deg_map": 3.3,
        "max_slope_deg_map": 9.9
      },
      "geometry": {
        "type": "LineString",
        "coordinates": [
          [
            138.4522873,
            36.9198766,
            624.7
          ],
          [
            138.4521751599976,
            36.91987304948062,
            623.9
          ],
          [
            138.4520630199952,
            36.91986949896123,
            622.7
          ],
          [
            138.4519508799928,
            36.91986594844185,
            619.5
          ],
          [
            138.4518387399904,
            36.919862397922465,
            619.3
          ],
          [
            138.451726599988,
            36.919858847403084,
            618.9
          ],
          [
            138.4516144599856,
            36.919855296883696,
            615.7
          ],
          [
            138.4515058516829,
            36.91983282632058,
            615.2
          ],
          [
            138.4513973424538,
            36.91980982499974,
            614.6
          ],
          [
            138.45128883322468,
            36.9197868236789,
            614.8
          ],
          [
            138.45118032399557,
            36.91976382235805,
            615.2
          ],
          [
            138.45107181476646,
            36.91974082103721,
            614.3
          ],
          [
            138.45096330553736,
            36.91971781971637,
            614.2
          ],
          [
            138.45085632042807,
            36.91969097468895,
            613.4
          ],
          [
            138.45075122085836,
            36.919659374483714,
            610.9
          ],
          [
            138.45064612128866,
            36.91962777427848,
            609.8
          ],
          [
            138.45054102171895,
            36.91959617407325,
            608.8
          ],
          [
            138.45043592214924,
            36.919564573868016,
            608.5
          ],
          [
            138.45033082257953,
            36.91953297366278,
            608.5
          ],
          [
            138.45023788649536,
            36.91948616410752,
            608.2
          ],
          [
            138.45015836623907,
            36.919422579260186,
            607.3
          ],
          [
            138.4500788459828,
            36.919358994412846,
            605.8
          ],
          [
            138.4499993257265,
            36.91929540956551,
            604.4
          ],
          [
            138.44991980547022,
            36.919231824718175,
            604.2
          ],
          [
            138.44984028521395,
            36.919168239870835,
            604.3
          ],
          [
            138.44976076495766,
            36.9191046550235,
            604.3
          ],
          [
            138.44967443067023,
            36.919047866358206,
            604.2
          ],
          [
            138.44958008756956,
            36.91899906552735,
            603.3
          ],
          [
            138.44948574446892,
            36.9189502646965,
            602.3
          ],
          [
            138.44939140136825,
            36.918901463865645,
            601.9
          ],
          [
            138.4493058210281,
            36.91884391837939,
            601.5
          ],
          [
            138.44922225095175,
            36.918784479515395,
            600.9
          ],
          [
            138.44912629756124,
            36.91873774694838,
            600.8
          ],
          [
            138.4490150234947,
            36.91872964555309,
            599.6
          ],
          [
            138.44890308339814,
            36.91872322355622,
            598.9
          ],
          [
            138.4487911433016,
            36.918716801559356,
            597.7
          ],
          [
            138.44867920320507,
            36.918710379562484,
            596.8
          ],
          [
            138.44856726310852,
            36.91870395756562,
            596.3
          ],
          [
            138.44845532301198,
            36.91869753556875,
            595.3
          ],
          [
            138.44835505591848,
            36.91866081237158,
            595.3
          ],
          [
            138.4482581494266,
            36.91861536560411,
            595.0
          ],
          [
            138.4481713155089,
            36.918559211168706,
            593.4
          ],
          [
            138.44809673188684,
            36.9184929490432,
            593.1
          ],
          [
            138.44804434907945,
            36.91841325792791,
            592.9
          ],
          [
            138.44798651001832,
            36.91833626337545,
            592.7
          ],
          [
            138.4479111552264,
            36.918275023368835,
            592.7
          ],
          [
            138.44780219318525,
            36.918253453278105,
            592.3
          ],
          [
            138.44769323114414,
            36.91823188318738,
            591.8
          ],
          [
            138.447584269103,
            36.91821031309666,
            591.1
          ],
          [
            138.44747548108043,
            36.918188192857606,
            590.9
          ],
          [
            138.4473668998446,
            36.9181654188756,
            589.2
          ],
          [
            138.4472583186088,
            36.91814264489359,
            588.4
          ],
          [
            138.44714973737297,
            36.91811987091158,
            588.5
          ],
          [
            138.44704115613717,
            36.91809709692958,
            587.8
          ],
          [
            138.44693257490135,
            36.91807432294757,
            587.9
          ],
          [
            138.44682399366553,
            36.918051548965565,
            587.7
          ],
          [
            138.446713814334,
            36.91803485648256,
            586.7
          ],
          [
            138.44660303067963,
            36.918020463729654,
            587.6
          ],
          [
            138.44649224702525,
            36.918006070976745,
            586.6
          ],
          [
            138.44638146337087,
            36.91799167822384,
            585.0
          ],
          [
            138.44627084673868,
            36.91797648616582,
            584.9
          ],
          [
            138.446160277441,
            36.91796106758285,
            584.5
          ],
          [
            138.44606742494295,
            36.917917074985866,
            585.2
          ],
          [
            138.44599263420733,
            36.91785025546184,
            585.2
          ],
          [
            138.44592355569867,
            36.91777923969613,
            583.5
          ],
          [
            138.4458361344826,
            36.917726051715256,
            582.2
          ],
          [
            138.44573624370997,
            36.91768498324134,
            581.2
          ],
          [
            138.44565105952555,
            36.917628236986836,
            581.1
          ],
          [
            138.4455743227398,
            36.91756248548505,
            580.8
          ],
          [
            138.445497585954,
            36.917496733983256,
            579.4
          ],
          [
            138.44542084916824,
            36.91743098248147,
            579.9
          ],
          [
            138.445342464436,
            36.91736657263437,
            578.4
          ],
          [
            138.44525952495806,
            36.917305870975625,
            577.2
          ],
          [
            138.44517529735595,
            36.91724634051255,
            576.7
          ],
          [
            138.44509002594597,
            36.917187759106454,
            576.3
          ],
          [
            138.44502277279,
            36.917116977935635,
            575.4
          ],
          [
            138.4449652623167,
            36.91703960020795,
            574.9
          ],
          [
            138.44491467332168,
            36.91695925417123,
            575.0
          ],
          [
            138.44486656248984,
            36.91687784536234,
            574.9
          ],
          [
            138.4448106342395,
            36.916800515589905,
            573.5
          ],
          [
            138.44473753045438,
            36.91673214780822,
            573.4
          ],
          [
            138.44466442666922,
            36.91666378002653,
            573.2
          ],
          [
            138.4445913228841,
            36.91659541224484,
            572.5
          ],
          [
            138.44452775400936,
            36.916521671092774,
            572.5
          ],
          [
            138.4444994558404,
            36.91643815748714,
            572.5
          ],
          [
            138.44451719808612,
            36.91634960422304,
            572.4
          ],
          [
            138.44454467109625,
            36.916262236638026,
            571.1
          ],
          [
            138.44456451536126,
            36.91617439293132,
            570.5
          ],
          [
            138.44455304473613,
            36.916084915403104,
            569.9
          ],
          [
            138.444505284634,
            36.91600337376538,
            568.8
          ],
          [
            138.4444575245319,
            36.91592183212765,
            568.1
          ],
          [
            138.444409242126,
            36.915840499797,
            567.8
          ],
          [
            138.4443568067442,
            36.915760831722366,
            567.5
          ],
          [
            138.4443043713624,
            36.91568116364774,
            567.7
          ],
          [
            138.44425542031843,
            36.915600138159995,
            567.2
          ],
          [
            138.44420994131988,
            36.915517760047976,
            567.9
          ],
          [
            138.44416446232137,
            36.91543538193595,
            568.3
          ],
          [
            138.44411898332282,
            36.915353003823924,
            567.8
          ]
        ]
      }
    },
    {
      "type": "Feature",
      "properties": {
        "name": "はちまん",
        "slope_deg": [
          12.816647648997467,
          12.816647648997467,
          12.816647648997467,
          14.036243467926479,
          14.036243467926479,
          14.036243467926479,
          14.036243467926479,
          13.631094443421603,
          14.305551846621862,
          16.69924423399362,
          17.744671625056874,
          21.554019920478787,
          20.68152167820093,
          21.305783617828798,
          21.80140948635181,
          25.641005824305335,
          30.43423575344341,
          34.702601312228474,
          36.59388639107611,
          34.215702132437336,
          34.99202019855866,
          31.278680693976355,
          31.5915157010406,
          30.646741437081463,
          28.14678121412202,
          30.00643379045911,
          28.700704956337685,
          29.683140179123246,
          27.24846742664478,
          22.04794746356044,
          19.544862326628685,
          13.088732789694154,
          10.065169352759877,
          10.065169352759877,
          10.065169352759877
        ],
        "horizontal_dist_map": 340,
        "slope_dist_map": 373,
        "elevation_diff_map": 140.0,
        "avg_slope_deg_map": 20.6,
        "max_slope_deg_map": 36.6
      },
      "geometry": {
        "type": "LineString",
        "coordinates": [
          [
            138.4480762,
            36.9158858,
            710.9
          ],
          [
            138.4480051782522,
            36.91594628845725,
            709.6
          ],
          [
            138.44789732864726,
            36.91597119488149,
            706.8
          ],
          [
            138.4477894790423,
            36.91599610130574,
            704.7
          ],
          [
            138.44768162943737,
            36.91602100772998,
            701.8
          ],
          [
            138.44757377983242,
            36.916045914154225,
            699.6
          ],
          [
            138.44746593022748,
            36.916070820578476,
            696.8
          ],
          [
            138.44735713374047,
            36.91609228009275,
            694.7
          ],
          [
            138.44724624240814,
            36.916106113796594,
            691.8
          ],
          [
            138.44713535107581,
            36.916119947500434,
            689.9
          ],
          [
            138.4470244597435,
            36.91613378120428,
            686.6
          ],
          [
            138.4469135684112,
            36.91614761490812,
            682.7
          ],
          [
            138.44680267707886,
            36.916161448611966,
            679.0
          ],
          [
            138.44669283910738,
            36.916154915827065,
            674.1
          ],
          [
            138.44658375812426,
            36.91613374684649,
            671.5
          ],
          [
            138.44647467714114,
            36.91611257786591,
            667.1
          ],
          [
            138.44636559615802,
            36.91609140888533,
            663.0
          ],
          [
            138.44626134335994,
            36.916058806241146,
            654.9
          ],
          [
            138.44615872276535,
            36.91602233836278,
            648.0
          ],
          [
            138.44605610217076,
            36.91598587048442,
            639.4
          ],
          [
            138.44595348157617,
            36.91594940260605,
            633.3
          ],
          [
            138.44585095817166,
            36.91591275949368,
            627.7
          ],
          [
            138.44574849519208,
            36.91587600743501,
            620.0
          ],
          [
            138.4456460322125,
            36.91583925537635,
            615.1
          ],
          [
            138.4455435692329,
            36.91580250331768,
            608.7
          ],
          [
            138.4454411062533,
            36.915765751259016,
            604.0
          ],
          [
            138.44533864327371,
            36.91572899920035,
            598.6
          ],
          [
            138.44523545252773,
            36.91569362487551,
            592.0
          ],
          [
            138.44513133454507,
            36.91566000590135,
            586.8
          ],
          [
            138.44502721656244,
            36.915626386927194,
            581.2
          ],
          [
            138.44492309857978,
            36.91559276795304,
            578.0
          ],
          [
            138.44481898059715,
            36.915559148978886,
            575.8
          ],
          [
            138.44471486261452,
            36.91552553000473,
            572.6
          ],
          [
            138.44461074463186,
            36.91549191103057,
            571.9
          ],
          [
            138.44450662664923,
            36.915458292056414,
            570.9
          ]
        ]
      }
    },
    {
      "type": "Feature",
      "properties": {
        "name": "ジャンピング",
        "slope_deg": [
          25.873385226286064,
          25.873385226286064,
          25.873385226286064,
          32.415547329858654,
          35.08804119046926,
          35.65943959583105,
          33.424811182603776,
          31.173938199371303,
          33.72311007105549,
          31.383191056359014,
          34.702601312228474,
          33.920831788310196,
          32.923056927858916,
          31.90226380624021,
          29.466448275119998,
          30.43423575344341,
          26.335410003881428,
          27.021581591177014,
          23.50904022419257,
          18.906332035086663,
          19.544862326628685,
          17.61464330000695,
          18.26288994219404,
          22.660536301999226,
          22.17089563383452,
          22.904057803637016,
          20.17838007450879,
          16.961705886532968,
          15.642246457208639,
          13.088732789694,
          12.543973346572077,
          9.50877195829791,
          9.50877195829791,
          9.50877195829791
        ],
        "horizontal_dist_map": 339,
        "slope_dist_map": 378,
        "elevation_diff_map": 152.1,
        "avg_slope_deg_map": 21.9,
        "max_slope_deg_map": 35.7
      },
      "geometry": {
        "type": "LineString",
        "coordinates": [
          [
            138.4529632,
            36.9141853,
            821.8
          ],
          [
            138.4530395959161,
            36.914251304532044,
            820.1
          ],
          [
            138.4531159918322,
            36.91431730906408,
            817.3
          ],
          [
            138.45318890316813,
            36.91438566245996,
            810.3
          ],
          [
            138.4532566243619,
            36.91445751439412,
            802.4
          ],
          [
            138.45332434555567,
            36.91452936632828,
            794.7
          ],
          [
            138.45339206674942,
            36.91460121826244,
            789.2
          ],
          [
            138.45345920347762,
            36.91467337590452,
            781.6
          ],
          [
            138.4535136778646,
            36.914752156653535,
            776.0
          ],
          [
            138.45356815225156,
            36.914830937402556,
            770.5
          ],
          [
            138.45361649143595,
            36.914912063960976,
            762.5
          ],
          [
            138.45365831906125,
            36.914995680229616,
            757.2
          ],
          [
            138.45370014668651,
            36.915079296498256,
            748.3
          ],
          [
            138.4537217057288,
            36.91516758612053,
            743.6
          ],
          [
            138.45373410816626,
            36.91525699048841,
            736.6
          ],
          [
            138.45374083897735,
            36.91534693778536,
            732.3
          ],
          [
            138.45374756978845,
            36.91543688508231,
            725.7
          ],
          [
            138.4537543005995,
            36.91552683237926,
            720.1
          ],
          [
            138.4537610314106,
            36.915616779676206,
            716.8
          ],
          [
            138.45376776222167,
            36.91570672697316,
            711.9
          ],
          [
            138.45377449303277,
            36.91579667427011,
            708.3
          ],
          [
            138.45378122384383,
            36.91588662156706,
            706.4
          ],
          [
            138.45378795465493,
            36.91597656886401,
            702.6
          ],
          [
            138.453794685466,
            36.91606651616096,
            699.2
          ],
          [
            138.4538014162771,
            36.91615646345791,
            695.1
          ],
          [
            138.45379271505493,
            36.916245038380744,
            689.7
          ],
          [
            138.4537616348844,
            36.91633162313878,
            686.3
          ],
          [
            138.45373055471384,
            36.91641820789682,
            682.3
          ],
          [
            138.45369947454333,
            36.916504792654855,
            680.4
          ],
          [
            138.45366839437278,
            36.916591377412885,
            677.5
          ],
          [
            138.45364267476558,
            36.916678925354915,
            675.1
          ],
          [
            138.4536290047867,
            36.916768111303625,
            673.0
          ],
          [
            138.45363202940018,
            36.91685818807373,
            671.5
          ],
          [
            138.45363505401366,
            36.91694826484384,
            670.8
          ]
        ]
      }
    },
    {
      "type": "Feature",
      "properties": {
        "name": "グランプリ",
        "slope_deg": [
          30.43423575344341,
          30.43423575344341,
          30.43423575344341,
          30.43423575344341,
          27.36156482027085,
          25.641005824305207,
          27.36156482027085,
          27.24846742664478,
          32.005383208083494,
          33.92083178831031,
          34.31353650821081,
          36.1294441432408,
          31.798912824294376,
          32.720744841981656,
          29.683140179123374,
          28.25802961470689,
          30.646741437081463,
          28.70070495633756,
          30.113733150982362,
          26.907793526540928,
          24.702430227771284,
          22.293629159694188,
          20.430362329285547,
          19.925580658184323,
          15.774985955414008,
          15.774985955414008,
          14.305551846622015,
          14.439965121002654,
          16.304198003832376,
          16.172159015782583,
          17.223436191131434,
          15.907551930525813,
          17.223436191131434,
          18.133621430820412,
          16.039943306049665,
          15.242997742901547,
          13.90135076950909,
          11.172136252167116,
          12.13388017063338,
          10.065169352759877,
          9.369385096487514,
          14.170977562933123,
          14.97598451475675,
          16.567741642974887,
          15.907551930525813,
          9.787203664656081,
          7.125016348901798,
          7.266008446996026,
          8.670801453590993,
          6.983937460085259,
          5.852378988915493,
          6.135733340186889,
          2.862405226111748,
          4.573921259900927,
          5.2848210925090795,
          2.147585428298503,
          2.147585428298503,
          1.5752369256829246,
          1.7183580016555222,
          1.7183580016555222,
          1.7183580016555222
        ],
        "horizontal_dist_map": 605,
        "slope_dist_map": 650,
        "elevation_diff_map": 200.6,
        "avg_slope_deg_map": 17.1,
        "max_slope_deg_map": 36.1
      },
      "geometry": {
        "type": "LineString",
        "coordinates": [
          [
            138.457464,
            36.9121437,
            921.6
          ],
          [
            138.45754034036938,
            36.91220974451566,
            915.4
          ],
          [
            138.45761668073877,
            36.91227578903131,
            908.5
          ],
          [
            138.45769302110813,
            36.91234183354697,
            902.9
          ],
          [
            138.45776936147752,
            36.91240787806262,
            898.1
          ],
          [
            138.45785057117791,
            36.91246924487523,
            891.9
          ],
          [
            138.4579450550309,
            36.91251785992708,
            887.8
          ],
          [
            138.45803953888392,
            36.912566474978924,
            883.7
          ],
          [
            138.45812752658853,
            36.91261923600911,
            877.4
          ],
          [
            138.45816517984008,
            36.91270412154438,
            871.3
          ],
          [
            138.45820283309163,
            36.912789007079645,
            862.8
          ],
          [
            138.45823505795607,
            36.91287436819019,
            856.8
          ],
          [
            138.45822108590872,
            36.9129637765634,
            850.1
          ],
          [
            138.4582071138614,
            36.91305318493662,
            842.1
          ],
          [
            138.45819314181406,
            36.913142593309836,
            838.0
          ],
          [
            138.4581791697667,
            36.913232001683056,
            831.1
          ],
          [
            138.45816519771938,
            36.91332141005627,
            827.3
          ],
          [
            138.45815122567203,
            36.91341081842949,
            820.6
          ],
          [
            138.45812680265232,
            36.913498622683136,
            814.3
          ],
          [
            138.4580987231605,
            36.91358586570495,
            809.2
          ],
          [
            138.45807064366872,
            36.91367310872677,
            804.1
          ],
          [
            138.4580425641769,
            36.913760351748586,
            800.3
          ],
          [
            138.45801448468512,
            36.9138475947704,
            795.9
          ],
          [
            138.4579864051933,
            36.91393483779222,
            792.8
          ],
          [
            138.4579656783457,
            36.91402314628042,
            789.2
          ],
          [
            138.4579540093609,
            36.91411276733701,
            785.8
          ],
          [
            138.4579423403761,
            36.9142023883936,
            784.6
          ],
          [
            138.45793067139127,
            36.914292009450186,
            781.5
          ],
          [
            138.45791900240647,
            36.91438163050678,
            779.0
          ],
          [
            138.45790733342167,
            36.91447125156337,
            775.5
          ],
          [
            138.457901776968,
            36.91456102406141,
            772.9
          ],
          [
            138.45790654281558,
            36.91465105230038,
            769.9
          ],
          [
            138.4579113086632,
            36.91474108053934,
            766.6
          ],
          [
            138.45791607451082,
            36.91483110877831,
            764.1
          ],
          [
            138.4579208403584,
            36.914921137017274,
            760.5
          ],
          [
            138.4579575634044,
            36.91500591947969,
            756.8
          ],
          [
            138.45799718152284,
            36.91509022671575,
            755.1
          ],
          [
            138.45804124375982,
            36.9151730365909,
            753.2
          ],
          [
            138.45808841115067,
            36.91525480024374,
            750.6
          ],
          [
            138.45813557854152,
            36.915336563896574,
            748.9
          ],
          [
            138.45818274593236,
            36.91541832754942,
            746.5
          ],
          [
            138.45822991332318,
            36.915500091202254,
            746.1
          ],
          [
            138.45827708071403,
            36.9155818548551,
            744.0
          ],
          [
            138.4583241586039,
            36.91566363699503,
            738.8
          ],
          [
            138.45833198306534,
            36.91575352722096,
            735.8
          ],
          [
            138.4583398075268,
            36.91584341744688,
            734.2
          ],
          [
            138.4583258488049,
            36.91593177678738,
            732.6
          ],
          [
            138.4582986960011,
            36.91601920887003,
            731.9
          ],
          [
            138.45820938419706,
            36.91606873490883,
            730.8
          ],
          [
            138.45811177995785,
            36.91611320402248,
            729.1
          ],
          [
            138.45801679901606,
            36.91615980255229,
            726.5
          ],
          [
            138.45796036053227,
            36.9162376872537,
            727.0
          ],
          [
            138.45790392204844,
            36.916315571955096,
            726.7
          ],
          [
            138.45784748356465,
            36.9163934566565,
            724.8
          ],
          [
            138.4577863256591,
            36.91646874235249,
            724.5
          ],
          [
            138.45771616580137,
            36.916539070635544,
            723.8
          ],
          [
            138.45764600594362,
            36.916609398918595,
            723.0
          ],
          [
            138.4575758460859,
            36.916679727201654,
            723.3
          ],
          [
            138.45750810277733,
            36.916751367787484,
            723.0
          ],
          [
            138.45745293466263,
            36.91682983731028,
            722.7
          ],
          [
            138.45739776654796,
            36.91690830683308,
            721.8
          ]
        ]
      }
    },
    {
      "type": "Feature",
      "properties": {
        "name": "スカイライン",
        "slope_deg": [
          3.7189939731579127,
          3.7189939731579127,
          3.7189939731579127,
          2.862405226111748,
          0.5729386976832906,
          -1.57523692568325,
          -3.7189939731579127,
          -3.8616074096751394,
          -4.289153328819018,
          -2.0045340321057092,
          -1.7183580016555222,
          1.7183580016555222,
          5.142764557884436,
          7.688447769902681,
          9.787203664655925,
          6.418786730238786,
          -2.147585428298503,
          -7.829076510059608,
          -5.000644597558433,
          -0.4297102894009785,
          7.406912128494972,
          16.567741642975037,
          16.039943306049665,
          17.484427323220586,
          19.162339354972016,
          14.439965121002654,
          13.901350769509243,
          10.481218144131045,
          10.203973721731748,
          9.22988624372772,
          8.530765609948133,
          7.829076510059608,
          7.547725773843047,
          10.342657140474548,
          10.757967088389877,
          13.360218444764483,
          13.088732789694,
          12.133880170633535,
          12.816647648997623,
          11.172136252166961,
          11.309932474020215,
          10.203973721731431,
          8.670801453590833,
          8.810732985984973,
          8.9505586562316,
          8.670801453591151,
          9.648045316098093,
          8.670801453591151,
          4.716221234338539,
          3.7189939731579127,
          7.547725773843367,
          9.648045316098093,
          15.109575122340402,
          19.162339354972016,
          16.69924423399362,
          15.774985955414008,
          16.830565983210477,
          15.90755193052566,
          14.439965121002654,
          13.631094443421603,
          11.309932474020215,
          8.950558656231918,
          7.969610394321233,
          6.418786730238786,
          4.858462919034416,
          3.576334374997351,
          3.576334374997351,
          5.4268124985727555,
          10.342657140474548,
          4.431564716435714,
          2.862405226111748,
          3.148096099562824,
          -0.2864765102771396,
          7.829076510059608,
          10.203973721731748,
          10.065169352759717,
          10.203973721731748,
          11.034209003250188,
          11.859779120948104,
          13.224551192213651,
          13.49573328079569,
          14.57421619803886,
          15.109575122340402,
          16.43605922463559,
          16.43605922463589,
          17.484427323220586,
          17.484427323220586,
          17.6146433000071,
          19.798876354524758,
          17.35402463626132,
          18.133621430820558,
          15.774985955414008,
          14.97598451475675,
          17.6146433000071,
          17.35402463626132,
          17.744671625056874,
          18.778033222445426,
          17.6146433000071,
          19.162339354971724,
          20.68152167820107,
          22.538450040828252,
          21.056705590704606,
          20.30447370996038,
          19.54486232662854,
          14.574216198038554,
          16.961705886532968,
          16.039943306049665,
          18.133621430820558,
          18.906332035086663,
          18.39196625070533,
          20.43036232928569,
          18.778033222445426,
          21.30578361782894,
          20.93185254089275,
          20.806791012711287,
          20.556045219583467,
          19.925580658184323,
          19.798876354524758,
          20.681521678200784,
          22.416147479343643,
          20.806791012711003,
          23.629377730656817,
          21.80140948635181,
          22.170895633834377,
          22.170895633834657,
          21.05670559070489,
          20.68152167820107,
          19.67196998920079,
          19.54486232662854,
          18.906332035086663,
          17.744671625056874,
          17.35402463626132,
          17.35402463626132,
          15.90755193052566,
          17.874511367250133,
          16.567741642974738,
          16.83056598321078,
          16.304198003832376,
          12.816647648997623,
          11.034209003250188,
          9.22988624372772,
          6.98393746008542,
          5.852378988915493,
          4.431564716436037,
          2.5765718302687652,
          2.2906100426383995,
          2.147585428298503,
          1.8614576304666637,
          2.0045340321060343,
          1.8614576304666637,
          2.0045340321060343,
          1.8614576304666637,
          1.8614576304666637,
          1.7183580016555222,
          2.433606100720186,
          1.57523692568325,
          1.4320961841646465,
          1.7183580016555222,
          1.002573803759802,
          3.1480960995624994,
          3.7189939731579127,
          1.5752369256829246,
          1.2889375601870259,
          1.0025738037601275,
          2.2906100426387246,
          5.710593137499643,
          8.11004782941916,
          11.172136252167274,
          12.952764513375273,
          15.642246457208788,
          16.69924423399362,
          17.223436191131285,
          16.172159015782732,
          14.57421619803886,
          16.304198003832376,
          15.2429977429017,
          14.439965121002654,
          13.766300685466197,
          9.926245506651705,
          7.688447769903003,
          6.842773412630876,
          5.710593137499643,
          5.142764557884112,
          4.8584629190340936,
          4.858462919034416,
          5.568737077976444,
          5.994092949108534,
          7.266008446996189,
          8.810732985984973,
          9.78720366465624,
          11.034209003250188,
          12.68038349181982,
          12.952764513375273,
          13.360218444764483,
          15.37625124882619,
          14.574216198038554,
          16.039943306049665,
          14.036243467926479,
          11.859779120948104,
          10.896152141141194,
          8.11004782941916,
          8.11004782941916,
          6.983937460085098,
          5.852378988915493,
          5.994092949108534,
          5.852378988915493,
          7.406912128495294,
          9.09027692082245,
          11.7225209701022,
          14.170977562933274,
          16.17215901578243,
          16.961705886532968,
          17.35402463626132,
          17.35402463626132,
          17.223436191131583,
          17.61464330000695,
          17.484427323220732,
          18.133621430820266,
          18.00416160591338,
          18.00416160591338,
          18.77803322244557,
          18.64953875405141,
          18.133621430820412,
          19.798876354524904,
          18.64953875405141,
          20.430362329285547,
          20.430362329285547,
          19.162339354972016,
          20.430362329285547,
          19.03443435483528,
          20.931852540892464,
          20.931852540892464,
          19.671969989200644,
          21.305783617828656,
          19.925580658184323,
          22.04794746356044,
          22.293629159694053,
          20.17838007450879,
          20.556045219583467,
          16.96170588653282,
          16.43605922463559,
          15.109575122340402,
          13.224551192213651,
          11.996899307923577,
          9.787203664656081,
          9.50877195829791,
          8.250387228905435,
          8.39062701325255,
          8.810732985984973,
          8.530765609948133,
          8.810732985984973,
          9.09027692082245,
          7.969610394321392,
          7.547725773843047,
          7.406912128495133,
          7.68844776990284,
          6.135733340186728,
          4.289153328819018,
          1.288937560186863,
          -1.0025738037601275,
          -0.2864765102769768,
          1.0025738037601275,
          2.576571830268928,
          3.576334374997351,
          4.573921259900764,
          7.68844776990284,
          10.619655276155134,
          13.224551192213497,
          17.223436191131434,
          17.092662950267574,
          17.484427323220732,
          19.417554141579483,
          18.133621430820412,
          19.6719699892005,
          21.554019920478787,
          19.290046219188735,
          18.77803322244557,
          17.484427323220732,
          16.039943306049665,
          16.304198003832376,
          17.484427323220732,
          18.520849477471074,
          18.00416160591338,
          19.417554141579483,
          18.00416160591338,
          17.092662950267425,
          16.039943306049665,
          14.84222705791098,
          15.37625124882619,
          13.360218444764483,
          12.13388017063338,
          11.996899307923577,
          9.926245506651705,
          10.619655276155134,
          11.996899307923577,
          10.481218144131045,
          11.034209003250188,
          11.722520970102357,
          11.447596263685636,
          12.133880170633224,
          13.766300685466351,
          12.816647648997467,
          13.90135076950909,
          13.631094443421603,
          12.543973346572077,
          13.90135076950909,
          13.088732789694,
          14.170977562933123,
          13.495733280795843,
          10.896152141141036,
          11.172136252167116,
          9.926245506651705,
          11.859779120947948,
          13.631094443421603,
          13.495733280795843,
          16.304198003832227,
          15.509334522674907,
          17.223436191131434,
          17.6146433000071,
          17.874511367250427,
          18.520849477471074,
          16.961705886532968,
          17.484427323220732,
          20.052082146098424,
          21.80140948635181,
          19.034434354835135,
          16.039943306049665,
          5.994092949108534,
          2.2906100426385625,
          6.983937460085259,
          8.9505586562316,
          14.57421619803871,
          15.242997742901547,
          13.224551192213651,
          13.90135076950909,
          12.543973346572077,
          14.036243467926479,
          13.49573328079569,
          13.49573328079569,
          13.49573328079569
        ],
        "horizontal_dist_map": 3391,
        "slope_dist_map": 3503,
        "elevation_diff_map": 737.4,
        "avg_slope_deg_map": 11.9,
        "max_slope_deg_map": 23.6
      },
      "geometry": {
        "type": "LineString",
        "coordinates": [
          [
            138.48104117544128,
            36.903692882323845,
            1449.1
          ],
          [
            138.48093959178524,
            36.90373114876147,
            1448.5
          ],
          [
            138.48083800812918,
            36.9037694151991,
            1447.6
          ],
          [
            138.48073642447315,
            36.90380768163673,
            1447.1
          ],
          [
            138.48063484081712,
            36.903845948074355,
            1446.5
          ],
          [
            138.48053325716106,
            36.903884214511976,
            1446.5
          ],
          [
            138.48043167350502,
            36.9039224809496,
            1447.2
          ],
          [
            138.480330089849,
            36.90396074738723,
            1448.2
          ],
          [
            138.48023391428126,
            36.90400664430066,
            1449.1
          ],
          [
            138.48014107800395,
            36.904057252744884,
            1449.2
          ],
          [
            138.48004824172665,
            36.90410786118911,
            1450.2
          ],
          [
            138.47995540544935,
            36.90415846963333,
            1449.6
          ],
          [
            138.47986256917204,
            36.90420907807756,
            1450.3
          ],
          [
            138.47976973289474,
            36.904259686521776,
            1448.0
          ],
          [
            138.47967447960608,
            36.90430703799676,
            1446.6
          ],
          [
            138.47957487741562,
            36.90434852924306,
            1444.2
          ],
          [
            138.47947527522516,
            36.904390020489366,
            1443.4
          ],
          [
            138.4793756730347,
            36.90443151173567,
            1443.5
          ],
          [
            138.47927607084424,
            36.90447300298197,
            1448.1
          ],
          [
            138.47917646865378,
            36.90451449422828,
            1449.7
          ],
          [
            138.47908527901788,
            36.90456504317732,
            1446.9
          ],
          [
            138.47900736525392,
            36.9046298861081,
            1443.8
          ],
          [
            138.47894376451072,
            36.90470169771834,
            1442.9
          ],
          [
            138.47890693191394,
            36.90478677049701,
            1437.8
          ],
          [
            138.47886222903114,
            36.90486942004866,
            1435.4
          ],
          [
            138.47881752614836,
            36.90495206960031,
            1431.2
          ],
          [
            138.478787095303,
            36.90503780023068,
            1429.0
          ],
          [
            138.47876442259624,
            36.90512450337122,
            1427.5
          ],
          [
            138.4787035827872,
            36.905200217000996,
            1425.5
          ],
          [
            138.47864274297817,
            36.905275930630765,
            1423.8
          ],
          [
            138.4785684153859,
            36.9053431325023,
            1421.8
          ],
          [
            138.4784911954158,
            36.90540850907608,
            1421.0
          ],
          [
            138.47841613096085,
            36.90547544010684,
            1419.5
          ],
          [
            138.47834347206404,
            36.90554410591394,
            1418.3
          ],
          [
            138.47827081316726,
            36.90561277172104,
            1416.5
          ],
          [
            138.47819815427044,
            36.905681437528145,
            1413.7
          ],
          [
            138.47813079773925,
            36.90575338313787,
            1411.9
          ],
          [
            138.47806667752965,
            36.90582733058917,
            1408.8
          ],
          [
            138.47800255732005,
            36.905901278040474,
            1407.2
          ],
          [
            138.47794866782166,
            36.905980167547085,
            1405.1
          ],
          [
            138.47789737217101,
            36.90606031003982,
            1402.8
          ],
          [
            138.4778460765204,
            36.906140452532554,
            1400.9
          ],
          [
            138.47780457676504,
            36.90622405632541,
            1399.2
          ],
          [
            138.47776565875338,
            36.90630857235646,
            1397.9
          ],
          [
            138.47772674074173,
            36.90639308838751,
            1396.7
          ],
          [
            138.47763145778438,
            36.90643934181117,
            1394.7
          ],
          [
            138.47753416374871,
            36.906484230040554,
            1392.9
          ],
          [
            138.47743705560902,
            36.90652937484605,
            1391.8
          ],
          [
            138.47734040050548,
            36.9065751449382,
            1389.9
          ],
          [
            138.47724374540198,
            36.90662091503035,
            1388.6
          ],
          [
            138.47714709029844,
            36.9066666851225,
            1389.6
          ],
          [
            138.47705043519494,
            36.90671245521465,
            1389.2
          ],
          [
            138.4769537800914,
            36.9067582253068,
            1384.6
          ],
          [
            138.47685595790375,
            36.906802277247586,
            1381.8
          ],
          [
            138.47675570917505,
            36.90684275689678,
            1378.8
          ],
          [
            138.47665546044632,
            36.90688323654598,
            1375.3
          ],
          [
            138.4765552117176,
            36.90692371619517,
            1372.6
          ],
          [
            138.47644889119854,
            36.90695088281369,
            1370.5
          ],
          [
            138.47633979999904,
            36.90697197442759,
            1366.7
          ],
          [
            138.4762307087995,
            36.906993066041494,
            1363.9
          ],
          [
            138.47612220266765,
            36.90700431838103,
            1362.3
          ],
          [
            138.47601611045954,
            36.90697497497625,
            1360.8
          ],
          [
            138.47591258497832,
            36.90694028305584,
            1358.7
          ],
          [
            138.4758094088617,
            36.90690486313352,
            1357.6
          ],
          [
            138.47570545519434,
            36.90687143952273,
            1356.7
          ],
          [
            138.47559553594218,
            36.90685333216818,
            1356.3
          ],
          [
            138.47548561669,
            36.906835224813626,
            1355.3
          ],
          [
            138.47537540886879,
            36.90682109967917,
            1355.1
          ],
          [
            138.47526361616033,
            36.90682884580609,
            1354.2
          ],
          [
            138.47515182345188,
            36.906836591933015,
            1352.5
          ],
          [
            138.47504003074346,
            36.90684433805994,
            1348.0
          ],
          [
            138.474928238035,
            36.90685208418686,
            1352.0
          ],
          [
            138.47481629100352,
            36.906851717150026,
            1352.2
          ],
          [
            138.47470425583467,
            36.90684671650282,
            1350.3
          ],
          [
            138.47459675287843,
            36.906828451244216,
            1348.2
          ],
          [
            138.474497228318,
            36.90678683528945,
            1346.5
          ],
          [
            138.47439770375755,
            36.906745219334695,
            1345.0
          ],
          [
            138.47431369850315,
            36.906686418086146,
            1343.2
          ],
          [
            138.4742335205052,
            36.906623378727616,
            1341.0
          ],
          [
            138.47415334250724,
            36.90656033936909,
            1338.7
          ],
          [
            138.47406962667594,
            36.906500628923915,
            1336.6
          ],
          [
            138.4739795055529,
            36.90644694551826,
            1333.8
          ],
          [
            138.47388938442984,
            36.90639326211261,
            1331.4
          ],
          [
            138.47379926330677,
            36.906339578706955,
            1328.3
          ],
          [
            138.47370253866782,
            36.906294909369024,
            1325.8
          ],
          [
            138.4736003302898,
            36.906257725557836,
            1322.0
          ],
          [
            138.47349803808308,
            36.906220788831625,
            1319.6
          ],
          [
            138.4733864683813,
            36.90621119750417,
            1315.7
          ],
          [
            138.47327489867953,
            36.906201606176715,
            1313.2
          ],
          [
            138.47316332897776,
            36.90619201484927,
            1309.3
          ],
          [
            138.47305124930307,
            36.90619065274615,
            1305.2
          ],
          [
            138.4729390450791,
            36.90619130044311,
            1303.2
          ],
          [
            138.47282684085516,
            36.906191948140076,
            1300.1
          ],
          [
            138.47271553406398,
            36.90620051841202,
            1298.0
          ],
          [
            138.47260502610067,
            36.906216140770894,
            1294.5
          ],
          [
            138.47249457983858,
            36.906231950534014,
            1290.5
          ],
          [
            138.47238889855734,
            36.90626223290075,
            1287.6
          ],
          [
            138.47228321727613,
            36.90629251526749,
            1285.2
          ],
          [
            138.47217712562426,
            36.906321832888835,
            1280.9
          ],
          [
            138.47207045788844,
            36.906349796187314,
            1277.8
          ],
          [
            138.47196379015264,
            36.906377759485785,
            1273.7
          ],
          [
            138.4718565898685,
            36.90640426055751,
            1270.1
          ],
          [
            138.47174796854105,
            36.90642685984703,
            1264.3
          ],
          [
            138.4716393472136,
            36.90644945913655,
            1262.4
          ],
          [
            138.47153072588614,
            36.906472058426075,
            1258.9
          ],
          [
            138.47142210455868,
            36.90649465771559,
            1255.9
          ],
          [
            138.47131348323123,
            36.90651725700511,
            1253.9
          ],
          [
            138.47120486190377,
            36.906539856294636,
            1250.2
          ],
          [
            138.47109867007038,
            36.90656883332217,
            1247.4
          ],
          [
            138.4709928969097,
            36.90659890942007,
            1242.8
          ],
          [
            138.470887123749,
            36.90662898551796,
            1240.2
          ],
          [
            138.47078135058834,
            36.90665906161586,
            1236.9
          ],
          [
            138.47067557742767,
            36.906689137713755,
            1232.5
          ],
          [
            138.47056980426697,
            36.906719213811655,
            1229.2
          ],
          [
            138.4704640311063,
            36.90674928990955,
            1224.6
          ],
          [
            138.47035825794563,
            36.90677936600745,
            1221.6
          ],
          [
            138.47025248478494,
            36.90680944210534,
            1217.3
          ],
          [
            138.47014671162427,
            36.90683951820324,
            1214.2
          ],
          [
            138.47003640445388,
            36.90685465581292,
            1210.1
          ],
          [
            138.46992526043437,
            36.90686703620299,
            1207.2
          ],
          [
            138.46981411641485,
            36.90687941659306,
            1202.2
          ],
          [
            138.46970297239534,
            36.906891796983125,
            1197.7
          ],
          [
            138.46959182837583,
            36.90690417737319,
            1194.9
          ],
          [
            138.46948362542167,
            36.90692744813435,
            1189.7
          ],
          [
            138.46937608080214,
            36.9069531566204,
            1186.2
          ],
          [
            138.46926853618257,
            36.90697886510646,
            1181.4
          ],
          [
            138.46916099156303,
            36.907004573592516,
            1178.6
          ],
          [
            138.4690534469435,
            36.90703028207857,
            1174.3
          ],
          [
            138.4689472315114,
            36.907059289041236,
            1171.1
          ],
          [
            138.46884132392256,
            36.907089059939544,
            1167.1
          ],
          [
            138.4687354163337,
            36.90711883083785,
            1164.4
          ],
          [
            138.46862950874484,
            36.90714860173616,
            1160.6
          ],
          [
            138.468523601156,
            36.90717837263447,
            1158.3
          ],
          [
            138.46841769356715,
            36.90720814353278,
            1154.6
          ],
          [
            138.4683117859783,
            36.907237914431086,
            1151.9
          ],
          [
            138.4682061875222,
            36.90726830126298,
            1149.2
          ],
          [
            138.46810417451883,
            36.90730583195338,
            1145.4
          ],
          [
            138.46800216151547,
            36.90734336264378,
            1142.7
          ],
          [
            138.4679001485121,
            36.907380893334185,
            1139.8
          ],
          [
            138.4678029156387,
            36.907425642226194,
            1137.5
          ],
          [
            138.46770713687513,
            36.90747258688651,
            1136.3
          ],
          [
            138.46761135811158,
            36.907519531546825,
            1134.9
          ],
          [
            138.46751557934803,
            36.907566476207144,
            1133.3
          ],
          [
            138.46741980058445,
            36.90761342086746,
            1132.6
          ],
          [
            138.4673240218209,
            36.90766036552778,
            1132.2
          ],
          [
            138.46722824305732,
            36.9077073101881,
            1131.8
          ],
          [
            138.46713246429377,
            36.90775425484841,
            1131.5
          ],
          [
            138.46703641216754,
            36.907800824666786,
            1131.0
          ],
          [
            138.46693856025416,
            36.90784492657035,
            1130.7
          ],
          [
            138.46684070834078,
            36.90788902847391,
            1130.5
          ],
          [
            138.4667428564274,
            36.90793313037747,
            1130.1
          ],
          [
            138.46664500451402,
            36.907977232281034,
            1129.7
          ],
          [
            138.46654715260064,
            36.9080213341846,
            1129.3
          ],
          [
            138.4664545776429,
            36.90807187220601,
            1129.2
          ],
          [
            138.46636546289045,
            36.90812663051853,
            1128.8
          ],
          [
            138.466276348138,
            36.908181388831046,
            1128.5
          ],
          [
            138.46618723338557,
            36.90823614714357,
            1127.6
          ],
          [
            138.4660981186331,
            36.90829090545609,
            1128.1
          ],
          [
            138.46600900388069,
            36.908345663768614,
            1127.8
          ],
          [
            138.4659212395761,
            36.908401783542544,
            1127.3
          ],
          [
            138.46583485878563,
            36.908459298113826,
            1126.9
          ],
          [
            138.4657484779952,
            36.908516812685114,
            1125.9
          ],
          [
            138.46566209720473,
            36.908574327256396,
            1125.2
          ],
          [
            138.4655757164143,
            36.90863184182768,
            1126.2
          ],
          [
            138.46548933562383,
            36.908689356398966,
            1126.0
          ],
          [
            138.46538721588146,
            36.908725357014745,
            1125.2
          ],
          [
            138.46528260086353,
            36.90875794677784,
            1123.6
          ],
          [
            138.46517798584563,
            36.908790536540934,
            1122.2
          ],
          [
            138.46507337082772,
            36.90882312630402,
            1120.3
          ],
          [
            138.4649687558098,
            36.908855716067116,
            1117.3
          ],
          [
            138.4648646031475,
            36.9088892436734,
            1114.4
          ],
          [
            138.464760569777,
            36.9089230132515,
            1111.0
          ],
          [
            138.46465653640652,
            36.90895678282961,
            1108.3
          ],
          [
            138.46455250303606,
            36.908990552407715,
            1104.9
          ],
          [
            138.46444846966557,
            36.909024321985825,
            1102.8
          ],
          [
            138.46434956456588,
            36.90906656576384,
            1100.6
          ],
          [
            138.46425221984276,
            36.909111387982726,
            1096.6
          ],
          [
            138.46415487511965,
            36.909156210201616,
            1094.0
          ],
          [
            138.46405753039653,
            36.909201032420505,
            1092.5
          ],
          [
            138.46396018567341,
            36.909245854639394,
            1090.8
          ],
          [
            138.4638628409503,
            36.90929067685829,
            1089.6
          ],
          [
            138.46376549622718,
            36.90933549907718,
            1088.6
          ],
          [
            138.46366815150407,
            36.90938032129607,
            1087.7
          ],
          [
            138.46357080678095,
            36.90942514351496,
            1086.8
          ],
          [
            138.4634773259143,
            36.9094749596717,
            1086.0
          ],
          [
            138.46338416790815,
            36.90952519311758,
            1085.2
          ],
          [
            138.46329784199256,
            36.9095819710913,
            1084.3
          ],
          [
            138.46321998724278,
            36.90964686367947,
            1082.9
          ],
          [
            138.46314213249303,
            36.90971175626764,
            1081.8
          ],
          [
            138.46306427774326,
            36.90977664885581,
            1080.1
          ],
          [
            138.4629864229935,
            36.90984154144398,
            1078.1
          ],
          [
            138.46289754487347,
            36.909895006526504,
            1076.0
          ],
          [
            138.46279983847282,
            36.90993931966871,
            1074.0
          ],
          [
            138.46270213207217,
            36.909983632810906,
            1071.1
          ],
          [
            138.46260442567151,
            36.91002794595311,
            1068.9
          ],
          [
            138.4624975534852,
            36.91005444833016,
            1066.5
          ],
          [
            138.4623893948401,
            36.910078450887085,
            1063.0
          ],
          [
            138.46228123619503,
            36.91010245344401,
            1060.7
          ],
          [
            138.46217307754992,
            36.91012645600094,
            1057.4
          ],
          [
            138.46206887975313,
            36.91015976946594,
            1056.5
          ],
          [
            138.46196503979985,
            36.910193924126574,
            1054.6
          ],
          [
            138.46186119984657,
            36.910228078787206,
            1053.0
          ],
          [
            138.4617573598933,
            36.91026223344784,
            1051.7
          ],
          [
            138.4616527457048,
            36.91029439353216,
            1050.8
          ],
          [
            138.46154312941295,
            36.91031366725232,
            1049.7
          ],
          [
            138.46143351312105,
            36.91033294097248,
            1048.9
          ],
          [
            138.46132389682916,
            36.910352214692644,
            1047.5
          ],
          [
            138.46121428053726,
            36.9103714884128,
            1046.7
          ],
          [
            138.46110466424537,
            36.91039076213296,
            1044.5
          ],
          [
            138.46099815499207,
            36.910418320910026,
            1042.5
          ],
          [
            138.46089351418397,
            36.910450861979555,
            1039.2
          ],
          [
            138.46078887337586,
            36.910483403049085,
            1036.6
          ],
          [
            138.4606842325678,
            36.91051594411861,
            1032.9
          ],
          [
            138.4606166982458,
            36.910586738841225,
            1030.3
          ],
          [
            138.4605517966928,
            36.910660247726355,
            1026.7
          ],
          [
            138.46048689513987,
            36.91073375661149,
            1024.1
          ],
          [
            138.4604219935869,
            36.91080726549662,
            1020.5
          ],
          [
            138.46035709203395,
            36.91088077438175,
            1017.6
          ],
          [
            138.46029219048097,
            36.91095428326688,
            1014.1
          ],
          [
            138.46022728892802,
            36.91102779215201,
            1011.0
          ],
          [
            138.46016238737505,
            36.91110130103715,
            1007.5
          ],
          [
            138.4600591547049,
            36.911136579368815,
            1004.6
          ],
          [
            138.4599558703611,
            36.91117180616243,
            1000.5
          ],
          [
            138.45985258601732,
            36.91120703295604,
            997.5
          ],
          [
            138.45974930167355,
            36.911242259749656,
            994.4
          ],
          [
            138.45964601732976,
            36.91127748654327,
            990.2
          ],
          [
            138.45954294595404,
            36.91131311059916,
            987.0
          ],
          [
            138.45944012544885,
            36.911349202618986,
            982.6
          ],
          [
            138.45933730494363,
            36.911385294638805,
            979.5
          ],
          [
            138.4592344844384,
            36.91142138665863,
            976.3
          ],
          [
            138.45913166393322,
            36.91145747867845,
            972.1
          ],
          [
            138.459028843428,
            36.911493570698276,
            968.8
          ],
          [
            138.45892602292278,
            36.9115296627181,
            964.2
          ],
          [
            138.4588232024176,
            36.91156575473792,
            961.0
          ],
          [
            138.45872038191237,
            36.91160184675775,
            957.8
          ],
          [
            138.45861756140715,
            36.91163793877757,
            953.2
          ],
          [
            138.45851474090196,
            36.91167403079739,
            949.7
          ],
          [
            138.45841192039674,
            36.91171012281722,
            944.8
          ],
          [
            138.45830909989152,
            36.91174621483704,
            941.4
          ],
          [
            138.45820627938633,
            36.911782306856864,
            938.5
          ],
          [
            138.45810300278401,
            36.9118175420575,
            934.7
          ],
          [
            138.4579994407338,
            36.91185224101877,
            932.6
          ],
          [
            138.45789587868362,
            36.91188693998004,
            929.6
          ],
          [
            138.4577923166334,
            36.911921638941315,
            927.7
          ],
          [
            138.45768875458322,
            36.91195633790259,
            925.3
          ],
          [
            138.457585192533,
            36.91199103686386,
            924.1
          ],
          [
            138.45748163048282,
            36.91202573582513,
            922.7
          ],
          [
            138.4573780684326,
            36.912060434786405,
            921.0
          ],
          [
            138.4572816143904,
            36.912106394170394,
            919.5
          ],
          [
            138.45718554132984,
            36.91215295710097,
            918.2
          ],
          [
            138.45708946826926,
            36.91219952003155,
            916.5
          ],
          [
            138.45699339520866,
            36.912246082962135,
            915.0
          ],
          [
            138.45689732214808,
            36.91229264589271,
            913.3
          ],
          [
            138.4568012490875,
            36.91233920882329,
            911.8
          ],
          [
            138.45670517602693,
            36.91238577175387,
            910.9
          ],
          [
            138.45662395375922,
            36.91244745143271,
            909.7
          ],
          [
            138.45654519638418,
            36.91251164014674,
            908.1
          ],
          [
            138.45646643900912,
            36.91257582886076,
            906.4
          ],
          [
            138.45638768163408,
            36.91264001757479,
            906.6
          ],
          [
            138.45630892425902,
            36.91270420628881,
            906.7
          ],
          [
            138.45623016688398,
            36.912768395002836,
            907.2
          ],
          [
            138.45615140950892,
            36.912832583716856,
            907.1
          ],
          [
            138.4560658378346,
            36.9128897518244,
            906.8
          ],
          [
            138.45596908721538,
            36.912935402537514,
            906.0
          ],
          [
            138.45587233659617,
            36.912981053250626,
            905.4
          ],
          [
            138.45577558597697,
            36.91302670396373,
            904.6
          ],
          [
            138.45567883535776,
            36.91307235467684,
            903.6
          ],
          [
            138.45558208473855,
            36.913118005389954,
            900.6
          ],
          [
            138.45548533411934,
            36.913163656103066,
            897.9
          ],
          [
            138.4553839121071,
            36.913201740365025,
            895.2
          ],
          [
            138.4552800863076,
            36.91323593111197,
            891.2
          ],
          [
            138.4551762605081,
            36.913270121858915,
            888.3
          ],
          [
            138.4550724347086,
            36.91330431260586,
            885.3
          ],
          [
            138.4549686089091,
            36.913338503352804,
            881.1
          ],
          [
            138.4548647831096,
            36.91337269409975,
            878.1
          ],
          [
            138.4547609573101,
            36.913406884846694,
            874.0
          ],
          [
            138.4546571315106,
            36.91344107559364,
            869.5
          ],
          [
            138.4545533057111,
            36.91347526634058,
            867.1
          ],
          [
            138.4544494799116,
            36.91350945708753,
            864.5
          ],
          [
            138.4543456541121,
            36.91354364783447,
            861.4
          ],
          [
            138.45424697267947,
            36.91358642148153,
            858.0
          ],
          [
            138.45414892666315,
            36.91363025526194,
            855.4
          ],
          [
            138.45405088064683,
            36.91367408904235,
            851.9
          ],
          [
            138.4539528346305,
            36.91371792282276,
            848.0
          ],
          [
            138.4538547886142,
            36.91376175660317,
            845.0
          ],
          [
            138.45375674259788,
            36.91380559038358,
            841.3
          ],
          [
            138.45365869658156,
            36.91384942416399,
            838.9
          ],
          [
            138.45356065056524,
            36.9138932579444,
            835.7
          ],
          [
            138.45346260454892,
            36.91393709172481,
            833.5
          ],
          [
            138.4533645585326,
            36.91398092550522,
            830.7
          ],
          [
            138.45326472770697,
            36.91402201478656,
            827.9
          ],
          [
            138.45316389212016,
            36.91406155904794,
            826.2
          ],
          [
            138.45306305653338,
            36.91410110330931,
            824.9
          ],
          [
            138.45296222094657,
            36.91414064757068,
            822.2
          ],
          [
            138.45286138535977,
            36.91418019183206,
            820.9
          ],
          [
            138.452760549773,
            36.91421973609343,
            818.7
          ],
          [
            138.45265971418618,
            36.914259280354806,
            816.4
          ],
          [
            138.4525588785994,
            36.914298824616175,
            814.8
          ],
          [
            138.4524580430126,
            36.91433836887755,
            813.1
          ],
          [
            138.45235720742582,
            36.91437791313893,
            810.4
          ],
          [
            138.45225531180685,
            36.91441565871294,
            808.3
          ],
          [
            138.4521532764248,
            36.91445316713368,
            806.2
          ],
          [
            138.45205124104277,
            36.91449067555441,
            803.3
          ],
          [
            138.45194920566072,
            36.91452818397515,
            801.3
          ],
          [
            138.45184717027868,
            36.91456569239588,
            798.4
          ],
          [
            138.45174513489664,
            36.914603200816615,
            796.5
          ],
          [
            138.4516430995146,
            36.914640709237354,
            794.4
          ],
          [
            138.45154106413256,
            36.914678217658086,
            791.4
          ],
          [
            138.4514390287505,
            36.914715726078825,
            789.1
          ],
          [
            138.45133699336847,
            36.91475323449956,
            786.4
          ],
          [
            138.4512349579864,
            36.914790742920296,
            784.8
          ],
          [
            138.45113292260436,
            36.91482825134103,
            783.7
          ],
          [
            138.45102971244896,
            36.91486355042518,
            781.2
          ],
          [
            138.45092539504995,
            36.91489676717264,
            779.4
          ],
          [
            138.45082107765097,
            36.91492998392011,
            776.4
          ],
          [
            138.450716760252,
            36.91496320066758,
            774.0
          ],
          [
            138.45061244285301,
            36.91499641741505,
            771.6
          ],
          [
            138.45050812545404,
            36.91502963416251,
            767.7
          ],
          [
            138.45040380805503,
            36.915062850909976,
            765.3
          ],
          [
            138.45029949065605,
            36.915096067657444,
            761.6
          ],
          [
            138.45019517325707,
            36.915129284404905,
            758.9
          ],
          [
            138.4500908558581,
            36.91516250115237,
            754.8
          ],
          [
            138.44998653845911,
            36.91519571789984,
            751.9
          ],
          [
            138.44988222106014,
            36.9152289346473,
            749.4
          ],
          [
            138.44977790366113,
            36.91526215139477,
            746.3
          ],
          [
            138.44967358626215,
            36.91529536814224,
            740.2
          ],
          [
            138.44956926886317,
            36.9153285848897,
            735.9
          ],
          [
            138.4494649514642,
            36.91536180163717,
            735.6
          ],
          [
            138.44936063406521,
            36.915395018384636,
            734.8
          ],
          [
            138.44925691454907,
            36.91542941175658,
            736.0
          ],
          [
            138.44915345550527,
            36.91546431773415,
            734.3
          ],
          [
            138.44904999646147,
            36.91549922371173,
            730.7
          ],
          [
            138.44894653741767,
            36.9155341296893,
            728.5
          ],
          [
            138.44884307837387,
            36.91556903566688,
            725.6
          ],
          [
            138.44873961933007,
            36.91560394164445,
            723.4
          ],
          [
            138.44863616028627,
            36.91563884762203,
            721.3
          ],
          [
            138.44853270124247,
            36.9156737535996,
            718.6
          ],
          [
            138.44842924219867,
            36.91570865957718,
            716.7
          ],
          [
            138.44832578315487,
            36.91574356555475,
            713.4
          ],
          [
            138.44822232411107,
            36.91577847153232,
            711.7
          ]
        ]
      }
    },
    {
      "type": "Feature",
      "properties": {
        "name": "やまびこC_2",
        "slope_deg": [
          12.68038349181982,
          12.68038349181982,
          12.68038349181982,
          11.309932474020215,
          11.309932474020215,
          8.530765609948133,
          9.926245506651705,
          12.68038349181982,
          12.68038349181982,
          14.036243467926479,
          12.68038349181982,
          12.68038349181982,
          12.68038349181982,
          12.68038349181982,
          15.37625124882619,
          14.036243467926479,
          14.036243467926479,
          12.68038349181982,
          9.926245506651705,
          9.926245506651705,
          7.125016348901798,
          9.926245506651705,
          7.125016348901798,
          5.710593137499643,
          8.530765609948133,
          8.530765609948133,
          11.309932474020215,
          14.036243467926479,
          14.036243467926479,
          12.68038349181982,
          12.68038349181982,
          12.68038349181982,
          15.37625124882619,
          12.68038349181982,
          9.926245506651705,
          1.4320961841646465,
          -5.710593137499643,
          -5.710593137499643,
          -8.530765609948133,
          -4.289153328819018,
          -4.289153328819018,
          -4.289153328819018
        ],
        "horizontal_dist_map": 419,
        "slope_dist_map": 429,
        "elevation_diff_map": 65.0,
        "avg_slope_deg_map": 8.6,
        "max_slope_deg_map": 15.4
      },
      "geometry": {
        "type": "LineString",
        "coordinates": [
          [
            138.4906965,
            36.9057611,
            1440.0
          ],
          [
            138.49079684571976,
            36.90580142251196,
            1438.0
          ],
          [
            138.49089719143953,
            36.90584174502393,
            1436.0
          ],
          [
            138.49099753715927,
            36.9058820675359,
            1433.0
          ],
          [
            138.49109788287902,
            36.90592239004786,
            1431.0
          ],
          [
            138.4911982285988,
            36.90596271255983,
            1430.0
          ],
          [
            138.49129857431853,
            36.90600303507179,
            1428.0
          ],
          [
            138.49139892003828,
            36.90604335758376,
            1427.0
          ],
          [
            138.49149926575805,
            36.906083680095726,
            1424.0
          ],
          [
            138.4915996114778,
            36.90612400260769,
            1421.0
          ],
          [
            138.49169995719754,
            36.906164325119654,
            1419.0
          ],
          [
            138.4917992973257,
            36.90620616076024,
            1417.0
          ],
          [
            138.49189685578907,
            36.9062506772983,
            1415.0
          ],
          [
            138.49199441425242,
            36.90629519383637,
            1412.0
          ],
          [
            138.49209197271577,
            36.90633971037443,
            1410.0
          ],
          [
            138.49218953117912,
            36.9063842269125,
            1408.0
          ],
          [
            138.49228708964247,
            36.90642874345056,
            1404.0
          ],
          [
            138.49238464810583,
            36.90647325998863,
            1402.0
          ],
          [
            138.49248220656918,
            36.90651777652669,
            1400.0
          ],
          [
            138.49257976503253,
            36.90656229306476,
            1399.0
          ],
          [
            138.49267732349588,
            36.90660680960282,
            1397.0
          ],
          [
            138.49277488195924,
            36.90665132614089,
            1395.0
          ],
          [
            138.49287334299825,
            36.90669412731726,
            1395.0
          ],
          [
            138.49298109238626,
            36.9067192758152,
            1392.0
          ],
          [
            138.4930888417743,
            36.90674442431314,
            1392.0
          ],
          [
            138.49319691521993,
            36.90673534871542,
            1391.0
          ],
          [
            138.49330512836767,
            36.90671151901658,
            1389.0
          ],
          [
            138.4934133415154,
            36.906687689317735,
            1386.0
          ],
          [
            138.49351260722807,
            36.90665204831637,
            1384.0
          ],
          [
            138.49358871157366,
            36.90658583252883,
            1381.0
          ],
          [
            138.49366481591926,
            36.9065196167413,
            1379.0
          ],
          [
            138.49371070746434,
            36.90643806148428,
            1377.0
          ],
          [
            138.4937525550111,
            36.90635445303166,
            1375.0
          ],
          [
            138.49378256945084,
            36.90626804804253,
            1372.0
          ],
          [
            138.4938037864256,
            36.90617956393484,
            1368.0
          ],
          [
            138.4938250034003,
            36.90609107982716,
            1368.0
          ],
          [
            138.49384437289837,
            36.9060026774851,
            1368.0
          ],
          [
            138.49381117673664,
            36.90591660159368,
            1371.0
          ],
          [
            138.4937779805749,
            36.905830525702264,
            1372.0
          ],
          [
            138.49374478441317,
            36.90574444981084,
            1372.0
          ],
          [
            138.49371158825141,
            36.90565837391942,
            1374.0
          ],
          [
            138.4936783920897,
            36.905572298028005,
            1374.0
          ]
        ]
      }
    },
    {
      "type": "Feature",
      "properties": {
        "name": "やまびこC",
        "slope_deg": [
          13.631094443421603,
          13.631094443421603,
          13.631094443421603,
          13.088732789694308,
          11.996899307923577,
          13.360218444764483,
          13.224551192213344,
          14.708303899682749,
          17.223436191131583,
          15.907551930525962,
          15.509334522675056,
          13.901350769508936,
          11.309932474020215,
          10.757967088389877,
          10.203973721731431,
          11.996899307923577,
          11.44759626368548,
          10.896152141141194,
          11.172136252167274,
          10.757967088390194,
          10.065169352760034,
          11.44759626368548,
          10.896152141141194,
          9.926245506651705,
          11.585126224854799,
          11.58512622485511,
          11.996899307923577,
          11.034209003250188,
          4.858462919034416,
          2.862405226111748,
          1.8614576304666637,
          1.8614576304666637,
          4.289153328819018,
          2.862405226111748,
          1.4320961841646465,
          1.4320961841646465,
          4.289153328819018,
          4.289153328819018,
          5.710593137499643,
          5.710593137499643,
          5.710593137499643,
          7.125016348901798,
          8.530765609948133,
          9.926245506651705,
          9.926245506651705,
          11.309932474020215,
          9.926245506651705,
          8.530765609948133,
          7.125016348901798,
          8.530765609948133,
          7.125016348901798,
          8.530765609948133,
          8.530765609948133,
          5.710593137499643,
          9.926245506651705,
          9.926245506651705,
          11.309932474020215,
          12.68038349181982,
          14.036243467926479,
          14.036243467926479,
          14.036243467926479,
          14.036243467926479,
          14.036243467926479,
          12.68038349181982,
          12.68038349181982,
          12.68038349181982,
          11.309932474020215,
          11.309932474020215,
          11.309932474020215,
          11.309932474020215,
          9.926245506651705,
          11.309932474020215,
          12.68038349181982,
          18.00416160591338,
          19.290046219188735,
          20.556045219583467,
          19.290046219188735,
          16.69924423399362,
          16.69924423399362,
          15.37625124882619,
          8.530765609948133,
          2.862405226111748,
          2.862405226111748,
          2.862405226111748
        ],
        "horizontal_dist_map": 839,
        "slope_dist_map": 859,
        "elevation_diff_map": 151.8,
        "avg_slope_deg_map": 10.0,
        "max_slope_deg_map": 20.6
      },
      "geometry": {
        "type": "LineString",
        "coordinates": [
          [
            138.48715132989025,
            36.902704194610344,
            1522.8
          ],
          [
            138.48719829762027,
            36.902786029691775,
            1520.9
          ],
          [
            138.4872452653503,
            36.9028678647732,
            1517.7
          ],
          [
            138.48729223308032,
            36.90294969985463,
            1515.5
          ],
          [
            138.48733920081034,
            36.90303153493606,
            1513.1
          ],
          [
            138.48738616854035,
            36.903113370017486,
            1511.6
          ],
          [
            138.4874331362704,
            36.90319520509892,
            1509.2
          ],
          [
            138.48748053146915,
            36.903276862503226,
            1506.0
          ],
          [
            138.48753660865154,
            36.90335491124648,
            1503.7
          ],
          [
            138.48759268583393,
            36.90343295998973,
            1501.1
          ],
          [
            138.48764876301632,
            36.90351100873298,
            1496.8
          ],
          [
            138.48770484019872,
            36.90358905747623,
            1494.6
          ],
          [
            138.48776091738108,
            36.90366710621948,
            1492.6
          ],
          [
            138.48781699456347,
            36.90374515496273,
            1491.2
          ],
          [
            138.48787307174587,
            36.90382320370598,
            1488.8
          ],
          [
            138.48792914892826,
            36.90390125244923,
            1487.0
          ],
          [
            138.48798522611065,
            36.90397930119248,
            1485.4
          ],
          [
            138.48804130329304,
            36.904057349935734,
            1482.7
          ],
          [
            138.4880973804754,
            36.90413539867898,
            1480.7
          ],
          [
            138.4881534576578,
            36.90421344742223,
            1479.3
          ],
          [
            138.4882095348402,
            36.90429149616548,
            1477.5
          ],
          [
            138.4882656120226,
            36.90436954490873,
            1475.1
          ],
          [
            138.48832168920498,
            36.90444759365198,
            1473.6
          ],
          [
            138.48837776638734,
            36.90452564239523,
            1471.2
          ],
          [
            138.4884393415637,
            36.90460091494052,
            1469.8
          ],
          [
            138.48850263647486,
            36.90467531911009,
            1468.1
          ],
          [
            138.48856593138606,
            36.904749723279664,
            1465.4
          ],
          [
            138.48862922629723,
            36.90482412744924,
            1463.0
          ],
          [
            138.48869252120843,
            36.90489853161881,
            1461.3
          ],
          [
            138.4887558161196,
            36.904972935788386,
            1460.3
          ],
          [
            138.4888191110308,
            36.90504733995796,
            1462.0
          ],
          [
            138.48888240594198,
            36.905121744127534,
            1461.0
          ],
          [
            138.48894562114378,
            36.90519619173817,
            1460.0
          ],
          [
            138.4890082884931,
            36.905270937924634,
            1459.0
          ],
          [
            138.4890709558424,
            36.90534568411109,
            1459.0
          ],
          [
            138.4891336231917,
            36.905420430297546,
            1459.0
          ],
          [
            138.48920042438067,
            36.90549151885579,
            1459.0
          ],
          [
            138.48929911916852,
            36.905534387904645,
            1458.0
          ],
          [
            138.48939781395637,
            36.9055772569535,
            1456.0
          ],
          [
            138.48950388415764,
            36.90560282248895,
            1456.0
          ],
          [
            138.4896145890089,
            36.90561751463683,
            1455.0
          ],
          [
            138.48972529386018,
            36.90563220678471,
            1454.0
          ],
          [
            138.48983599871144,
            36.90564689893259,
            1452.0
          ],
          [
            138.4899467035627,
            36.905661591080474,
            1451.0
          ],
          [
            138.490057408414,
            36.90567628322835,
            1449.0
          ],
          [
            138.49016811326527,
            36.90569097537623,
            1447.0
          ],
          [
            138.49027881811654,
            36.90570566752411,
            1445.0
          ],
          [
            138.4903895229678,
            36.90572035967199,
            1443.0
          ],
          [
            138.49050022781907,
            36.90573505181987,
            1442.0
          ],
          [
            138.49061093267034,
            36.90574974396775,
            1441.0
          ],
          [
            138.49072043400267,
            36.90575408446558,
            1440.0
          ],
          [
            138.49082583859456,
            36.90572318827355,
            1437.0
          ],
          [
            138.49093124318645,
            36.90569229208151,
            1437.0
          ],
          [
            138.49103664777832,
            36.90566139588948,
            1435.0
          ],
          [
            138.4911420523702,
            36.905630499697445,
            1434.0
          ],
          [
            138.4912474569621,
            36.905599603505415,
            1433.0
          ],
          [
            138.49135286155396,
            36.90556870731338,
            1430.0
          ],
          [
            138.49145788563865,
            36.90553698780575,
            1428.0
          ],
          [
            138.49156288347356,
            36.90550521150066,
            1426.0
          ],
          [
            138.49166788130847,
            36.905473435195574,
            1424.0
          ],
          [
            138.49177287914335,
            36.90544165889048,
            1420.0
          ],
          [
            138.49187787697826,
            36.90540988258539,
            1418.0
          ],
          [
            138.49198297867625,
            36.90537835404923,
            1416.0
          ],
          [
            138.49209052759258,
            36.9053526634373,
            1414.0
          ],
          [
            138.49219807650888,
            36.905326972825364,
            1410.0
          ],
          [
            138.49230562542522,
            36.90530128221343,
            1409.0
          ],
          [
            138.49241317434155,
            36.905275591601495,
            1407.0
          ],
          [
            138.49252072325788,
            36.90524990098956,
            1405.0
          ],
          [
            138.4926287031373,
            36.905262157846394,
            1402.0
          ],
          [
            138.49273681764174,
            36.9052862687958,
            1401.0
          ],
          [
            138.49284493214617,
            36.9053103797452,
            1399.0
          ],
          [
            138.4929530466506,
            36.905334490694614,
            1397.0
          ],
          [
            138.4930477977052,
            36.90537832421772,
            1395.0
          ],
          [
            138.49313172443476,
            36.90543813292324,
            1393.0
          ],
          [
            138.49321993190918,
            36.905493217911854,
            1390.0
          ],
          [
            138.49331660614527,
            36.90553895999729,
            1384.0
          ],
          [
            138.49342144797978,
            36.9055579455274,
            1381.0
          ],
          [
            138.49353123232123,
            36.90554736974923,
            1378.0
          ],
          [
            138.49362713385275,
            36.9055005904107,
            1376.0
          ],
          [
            138.49368840672608,
            36.90542766701661,
            1372.0
          ],
          [
            138.49375913266465,
            36.90535896852361,
            1369.0
          ],
          [
            138.49383925706059,
            36.905295886391364,
            1367.0
          ],
          [
            138.49391938145652,
            36.90523280425913,
            1370.0
          ],
          [
            138.49399950585246,
            36.905169722126885,
            1370.0
          ]
        ]
      }
    },
    {
      "type": "Feature",
      "properties": {
        "name": "やまびこB",
        "slope_deg": [
          5.994092949108534,
          5.994092949108534,
          5.994092949108534,
          7.125016348901798,
          9.926245506651705,
          14.036243467926479,
          19.162339354972016,
          19.6719699892005,
          21.181349500266236,
          20.43036232928569,
          19.6719699892005,
          22.90405780363674,
          21.305783617828656,
          22.170895633834377,
          21.554019920478787,
          21.30578361782894,
          21.05670559070489,
          16.69924423399362,
          16.961705886532968,
          13.766300685466197,
          13.766300685466197,
          18.00416160591338,
          16.69924423399362,
          19.290046219188735,
          23.025492008528037,
          23.025492008528037,
          20.556045219583467,
          18.00416160591338,
          12.68038349181982,
          8.530765609948133,
          9.926245506651705,
          8.530765609948133,
          9.926245506651705,
          11.309932474020215,
          8.530765609948133,
          9.926245506651705,
          5.710593137499643,
          5.710593137499643,
          8.530765609948133,
          7.125016348901798,
          9.926245506651705,
          9.926245506651705,
          9.926245506651705,
          11.309932474020215,
          12.68038349181982,
          12.68038349181982,
          15.37625124882619,
          15.37625124882619,
          14.036243467926479,
          15.37625124882619,
          15.37625124882619,
          15.37625124882619,
          15.37625124882619,
          12.68038349181982,
          9.926245506651705,
          9.926245506651705,
          11.309932474020215,
          11.309932474020215,
          12.68038349181982,
          12.68038349181982,
          8.530765609948133,
          11.309932474020215,
          9.926245506651705,
          9.926245506651705,
          11.309932474020215,
          8.530765609948133,
          8.530765609948133,
          8.530765609948133
        ],
        "horizontal_dist_map": 672,
        "slope_dist_map": 696,
        "elevation_diff_map": 163.4,
        "avg_slope_deg_map": 13.2,
        "max_slope_deg_map": 23.0
      },
      "geometry": {
        "type": "LineString",
        "coordinates": [
          [
            138.4868503,
            36.9019219,
            1544.4
          ],
          [
            138.48695805940932,
            36.90194700232169,
            1543.6
          ],
          [
            138.48706581881865,
            36.90197210464338,
            1542.3
          ],
          [
            138.48717357822798,
            36.90199720696507,
            1541.2
          ],
          [
            138.48728122332543,
            36.90202259884254,
            1540.2
          ],
          [
            138.48738730396806,
            36.90205195353577,
            1538.6
          ],
          [
            138.48749338461067,
            36.902081308228986,
            1535.3
          ],
          [
            138.48759946525328,
            36.90211066292221,
            1531.2
          ],
          [
            138.48770554589592,
            36.90214001761544,
            1526.3
          ],
          [
            138.48781162653853,
            36.902169372308656,
            1524.3
          ],
          [
            138.48791770718117,
            36.90219872700188,
            1519.8
          ],
          [
            138.48802378782378,
            36.9022280816951,
            1516.3
          ],
          [
            138.48812396532085,
            36.90226827342557,
            1512.0
          ],
          [
            138.4882228064915,
            36.90231091839372,
            1507.4
          ],
          [
            138.4883216476622,
            36.90235356336187,
            1504.2
          ],
          [
            138.48842048883284,
            36.902396208330025,
            1500.0
          ],
          [
            138.4885193300035,
            36.90243885329818,
            1496.2
          ],
          [
            138.48861817117415,
            36.90248149826633,
            1491.8
          ],
          [
            138.4887170123448,
            36.90252414323449,
            1488.8
          ],
          [
            138.4888158535155,
            36.902566788202634,
            1488.0
          ],
          [
            138.48890405619483,
            36.90262167796197,
            1484.0
          ],
          [
            138.48898800400244,
            36.902681465033766,
            1482.0
          ],
          [
            138.48907195181005,
            36.90274125210556,
            1479.0
          ],
          [
            138.48915589961766,
            36.90280103917735,
            1475.0
          ],
          [
            138.48923984742524,
            36.902860826249146,
            1472.0
          ],
          [
            138.48932379523285,
            36.90292061332094,
            1468.0
          ],
          [
            138.48940774304046,
            36.90298040039273,
            1462.0
          ],
          [
            138.48949169084807,
            36.903040187464526,
            1458.0
          ],
          [
            138.48958896942355,
            36.90308475324899,
            1457.0
          ],
          [
            138.48968741312692,
            36.90312798867151,
            1455.0
          ],
          [
            138.48978585683028,
            36.90317122409402,
            1453.0
          ],
          [
            138.48988430053365,
            36.903214459516526,
            1452.0
          ],
          [
            138.489982744237,
            36.90325769493904,
            1450.0
          ],
          [
            138.49008118794038,
            36.90330093036155,
            1449.0
          ],
          [
            138.49017963164374,
            36.90334416578406,
            1446.0
          ],
          [
            138.4902780753471,
            36.90338740120658,
            1444.0
          ],
          [
            138.49037786694265,
            36.90342855726536,
            1444.0
          ],
          [
            138.49047843909446,
            36.90346850917711,
            1442.0
          ],
          [
            138.49057901124627,
            36.90350846108886,
            1442.0
          ],
          [
            138.49067958339808,
            36.903548413000614,
            1440.0
          ],
          [
            138.49078015554988,
            36.90358836491236,
            1438.0
          ],
          [
            138.49088072770172,
            36.90362831682411,
            1437.0
          ],
          [
            138.49098129985353,
            36.90366826873586,
            1435.0
          ],
          [
            138.49108187200534,
            36.90370822064761,
            1433.0
          ],
          [
            138.49118508064907,
            36.90374339853965,
            1431.0
          ],
          [
            138.491289467425,
            36.90377644313247,
            1429.0
          ],
          [
            138.4913938542009,
            36.90380948772529,
            1426.0
          ],
          [
            138.49149824097682,
            36.90384253231811,
            1424.0
          ],
          [
            138.49160262775274,
            36.90387557691093,
            1420.0
          ],
          [
            138.49170738976576,
            36.90390781665464,
            1418.0
          ],
          [
            138.49181313591816,
            36.903937945509924,
            1416.0
          ],
          [
            138.49191888207056,
            36.90396807436521,
            1413.0
          ],
          [
            138.49202462822296,
            36.90399820322049,
            1409.0
          ],
          [
            138.49213037437536,
            36.904028332075775,
            1407.0
          ],
          [
            138.49223612052776,
            36.90405846093106,
            1405.0
          ],
          [
            138.49234064468905,
            36.90409087340183,
            1404.0
          ],
          [
            138.49244063822636,
            36.90413175254879,
            1402.0
          ],
          [
            138.49254063176366,
            36.904172631695765,
            1400.0
          ],
          [
            138.49264062530096,
            36.90421351084273,
            1397.0
          ],
          [
            138.49274061883827,
            36.9042543899897,
            1396.0
          ],
          [
            138.49283682249472,
            36.90430075864653,
            1393.0
          ],
          [
            138.49293296480127,
            36.90434721616657,
            1391.0
          ],
          [
            138.49302910710782,
            36.904393673686606,
            1391.0
          ],
          [
            138.4931064199771,
            36.90445710491643,
            1388.0
          ],
          [
            138.49317494330515,
            36.904528459437856,
            1386.0
          ],
          [
            138.4932434666332,
            36.90459981395928,
            1384.0
          ],
          [
            138.49331198996123,
            36.904671168480704,
            1383.0
          ],
          [
            138.49338051328928,
            36.90474252300213,
            1382.0
          ]
        ]
      }
    },
    {
      "type": "Feature",
      "properties": {
        "name": "やまびこA",
        "slope_deg": [
          1.4320961841646465,
          1.4320961841646465,
          1.4320961841646465,
          2.862405226111748,
          2.862405226111748,
          2.862405226111748,
          2.862405226111748,
          4.289153328819018,
          4.289153328819018,
          4.289153328819018,
          8.530765609948133,
          7.125016348901798,
          11.309932474020215,
          14.036243467926479,
          11.309932474020215,
          14.036243467926479,
          14.036243467926479,
          11.309932474020215,
          11.309932474020215,
          12.68038349181982,
          14.036243467926479,
          18.00416160591338,
          19.290046219188735,
          19.290046219188735,
          16.69924423399362,
          18.00416160591338,
          18.00416160591338,
          15.37625124882619,
          15.37625124882619,
          11.309932474020215,
          12.68038349181982,
          14.036243467926479,
          14.036243467926479,
          12.68038349181982,
          11.309932474020215,
          8.530765609948133,
          8.530765609948133,
          9.926245506651705,
          12.68038349181982,
          14.036243467926479,
          15.37625124882619,
          15.37625124882619,
          14.036243467926479,
          14.036243467926479,
          15.37625124882619,
          16.69924423399362,
          15.37625124882619,
          18.00416160591338,
          16.69924423399362,
          16.69924423399362,
          18.00416160591338,
          14.036243467926479,
          14.036243467926479,
          14.036243467926479,
          14.036243467926479,
          14.036243467926479,
          14.036243467926479,
          14.036243467926479,
          12.68038349181982,
          14.036243467926479,
          12.68038349181982,
          11.309932474020215,
          11.309932474020215,
          12.68038349181982,
          15.37625124882619,
          12.68038349181982,
          14.036243467926479,
          12.68038349181982,
          9.926245506651705,
          12.68038349181982,
          9.926245506651705,
          11.309932474020215,
          12.68038349181982,
          14.036243467926479,
          14.036243467926479,
          12.68038349181982,
          11.309932474020215,
          8.530765609948133,
          9.926245506651705,
          9.926245506651705,
          9.926245506651705,
          12.68038349181982,
          12.68038349181982,
          14.036243467926479,
          14.036243467926479,
          14.036243467926479,
          15.37625124882619,
          14.036243467926479,
          15.37625124882619,
          16.69924423399362,
          16.69924423399362,
          20.556045219583467,
          19.290046219188735,
          16.69924423399362,
          19.290046219188735,
          15.37625124882619,
          15.37625124882619,
          20.556045219583467,
          16.69924423399362,
          16.69924423399362,
          21.80140948635181,
          19.290046219188735,
          23.025492008528037,
          24.22774531795417,
          24.22774531795417,
          21.80140948635181,
          18.00416160591338,
          14.036243467926479,
          11.309932474020215,
          7.125016348901798,
          1.4320961841646465,
          1.4320961841646465,
          -4.289153328819018,
          0.0,
          4.289153328819018,
          5.710593137499643,
          12.68038349181982,
          14.036243467926479,
          15.37625124882619,
          14.036243467926479,
          7.125016348901798,
          4.289153328819018,
          4.289153328819018,
          4.289153328819018
        ],
        "horizontal_dist_map": 1231,
        "slope_dist_map": 1274,
        "elevation_diff_map": 277.0,
        "avg_slope_deg_map": 12.3,
        "max_slope_deg_map": 24.2
      },
      "geometry": {
        "type": "LineString",
        "coordinates": [
          [
            138.4861607045278,
            36.8978845695852,
            1646.0
          ],
          [
            138.48626953585395,
            36.897906468803406,
            1646.0
          ],
          [
            138.4863783671801,
            36.89792836802161,
            1646.0
          ],
          [
            138.4864871985062,
            36.897950267239814,
            1645.0
          ],
          [
            138.4865970469714,
            36.897967404223444,
            1645.0
          ],
          [
            138.4867087438124,
            36.89797588713081,
            1644.0
          ],
          [
            138.48682044065336,
            36.89798437003819,
            1644.0
          ],
          [
            138.4869321374943,
            36.897992852945556,
            1643.0
          ],
          [
            138.48704003859544,
            36.898016451573895,
            1643.0
          ],
          [
            138.48714709762461,
            36.89804340357337,
            1641.0
          ],
          [
            138.48725415665382,
            36.89807035557284,
            1641.0
          ],
          [
            138.48735537230363,
            36.898106923284345,
            1640.0
          ],
          [
            138.48744769340183,
            36.89815812763702,
            1637.0
          ],
          [
            138.4875400145,
            36.8982093319897,
            1636.0
          ],
          [
            138.48763364034264,
            36.8982580376093,
            1633.0
          ],
          [
            138.48774382083639,
            36.89827503920101,
            1630.0
          ],
          [
            138.4878540013301,
            36.89829204079272,
            1629.0
          ],
          [
            138.48796418182383,
            36.898309042384426,
            1626.0
          ],
          [
            138.48807436231758,
            36.898326043976134,
            1623.0
          ],
          [
            138.4881845428113,
            36.89834304556784,
            1622.0
          ],
          [
            138.48829472330505,
            36.89836004715955,
            1621.0
          ],
          [
            138.48840490379877,
            36.89837704875125,
            1617.0
          ],
          [
            138.48851374331704,
            36.89839742306119,
            1613.0
          ],
          [
            138.48861580046471,
            36.89843485586771,
            1609.0
          ],
          [
            138.4887178576124,
            36.89847228867423,
            1607.0
          ],
          [
            138.48881991476006,
            36.89850972148075,
            1603.0
          ],
          [
            138.4889219719077,
            36.89854715428727,
            1601.0
          ],
          [
            138.48902402905537,
            36.89858458709379,
            1596.0
          ],
          [
            138.48912608620304,
            36.89862201990031,
            1594.0
          ],
          [
            138.4892281433507,
            36.89865945270683,
            1592.0
          ],
          [
            138.48933020049836,
            36.898696885513345,
            1590.0
          ],
          [
            138.48943225764603,
            36.89873431831987,
            1588.0
          ],
          [
            138.4895343147937,
            36.89877175112639,
            1585.0
          ],
          [
            138.4896353219825,
            36.89881095329762,
            1582.0
          ],
          [
            138.48973579146337,
            36.89885106160094,
            1580.0
          ],
          [
            138.48983626094423,
            36.89889116990426,
            1579.0
          ],
          [
            138.48993673042511,
            36.898931278207584,
            1577.0
          ],
          [
            138.490037199906,
            36.8989713865109,
            1576.0
          ],
          [
            138.49011167383438,
            36.89903384354554,
            1574.0
          ],
          [
            138.49016832539473,
            36.8991116227132,
            1572.0
          ],
          [
            138.49022497695512,
            36.89918940188086,
            1568.0
          ],
          [
            138.4902816285155,
            36.89926718104852,
            1566.0
          ],
          [
            138.49033346376694,
            36.899346942208155,
            1563.0
          ],
          [
            138.49037897735607,
            36.89942930483797,
            1561.0
          ],
          [
            138.49042449094517,
            36.899511667467785,
            1558.0
          ],
          [
            138.4904700045343,
            36.899594030097596,
            1556.0
          ],
          [
            138.4905155181234,
            36.899676392727415,
            1552.0
          ],
          [
            138.49057741388367,
            36.89975137667328,
            1549.0
          ],
          [
            138.49064118436775,
            36.899825516225896,
            1547.0
          ],
          [
            138.49070495485185,
            36.89989965577852,
            1543.0
          ],
          [
            138.49076872533593,
            36.899973795331135,
            1540.0
          ],
          [
            138.4908495151255,
            36.90003421415933,
            1537.0
          ],
          [
            138.49094207076155,
            36.900085147527705,
            1534.0
          ],
          [
            138.49103462639764,
            36.90013608089608,
            1533.0
          ],
          [
            138.49112718203372,
            36.90018701426447,
            1530.0
          ],
          [
            138.49121973766978,
            36.900237947632846,
            1527.0
          ],
          [
            138.49131229330587,
            36.900288881001224,
            1524.0
          ],
          [
            138.49140484894193,
            36.9003398143696,
            1523.0
          ],
          [
            138.491497404578,
            36.90039074773799,
            1520.0
          ],
          [
            138.4915869318663,
            36.90044492160679,
            1517.0
          ],
          [
            138.49167367407446,
            36.900502075666154,
            1515.0
          ],
          [
            138.4917604162826,
            36.90055922972551,
            1513.0
          ],
          [
            138.49184715849077,
            36.90061638378487,
            1511.0
          ],
          [
            138.4919339006989,
            36.900673537844234,
            1509.0
          ],
          [
            138.49202064290705,
            36.90073069190359,
            1507.0
          ],
          [
            138.49210738511522,
            36.90078784596295,
            1504.0
          ],
          [
            138.49219412732336,
            36.90084500002231,
            1500.0
          ],
          [
            138.492276340513,
            36.9009056586225,
            1500.0
          ],
          [
            138.49234422930448,
            36.90097740139867,
            1497.0
          ],
          [
            138.49241211809596,
            36.90104914417484,
            1495.0
          ],
          [
            138.49248000688746,
            36.90112088695101,
            1493.0
          ],
          [
            138.49254789567894,
            36.901192629727184,
            1491.0
          ],
          [
            138.49261363342055,
            36.90126560077343,
            1490.0
          ],
          [
            138.49267570365546,
            36.901340666001104,
            1487.0
          ],
          [
            138.49273777389038,
            36.901415731228774,
            1484.0
          ],
          [
            138.49279984412533,
            36.90149079645645,
            1481.0
          ],
          [
            138.49286191436025,
            36.90156586168412,
            1480.0
          ],
          [
            138.49292398459517,
            36.901640926911796,
            1478.0
          ],
          [
            138.4929860548301,
            36.901715992139465,
            1476.0
          ],
          [
            138.49304812506503,
            36.90179105736714,
            1475.0
          ],
          [
            138.4931258734341,
            36.90185519592905,
            1473.0
          ],
          [
            138.49320966832278,
            36.90191512045009,
            1471.0
          ],
          [
            138.49329346321142,
            36.90197504497113,
            1469.0
          ],
          [
            138.49337725810005,
            36.90203496949217,
            1466.0
          ],
          [
            138.4934610529887,
            36.90209489401321,
            1464.0
          ],
          [
            138.49354484787733,
            36.90215481853425,
            1461.0
          ],
          [
            138.49362864276597,
            36.90221474305529,
            1459.0
          ],
          [
            138.4937123816136,
            36.902274703872045,
            1456.0
          ],
          [
            138.49376754987398,
            36.902353168809235,
            1453.0
          ],
          [
            138.49382271813437,
            36.90243163374643,
            1451.0
          ],
          [
            138.49387788639476,
            36.90251009868362,
            1448.0
          ],
          [
            138.49391030437522,
            36.90259317020907,
            1444.0
          ],
          [
            138.49390805286345,
            36.90268326178337,
            1441.0
          ],
          [
            138.49390580135167,
            36.902773353357674,
            1436.0
          ],
          [
            138.4939035498399,
            36.90286344493197,
            1434.0
          ],
          [
            138.49390129832813,
            36.90295353650627,
            1432.0
          ],
          [
            138.49389885002736,
            36.90304361902078,
            1427.0
          ],
          [
            138.4938882675205,
            36.90313332705213,
            1425.0
          ],
          [
            138.49387768501362,
            36.90322303508349,
            1423.0
          ],
          [
            138.49386710250675,
            36.903312743114846,
            1417.0
          ],
          [
            138.49385651999987,
            36.9034024511462,
            1415.0
          ],
          [
            138.4938412362786,
            36.903491640513295,
            1413.0
          ],
          [
            138.4938213045538,
            36.90358031708665,
            1407.0
          ],
          [
            138.493801372829,
            36.903668993660006,
            1403.0
          ],
          [
            138.4937814411042,
            36.90375767023336,
            1398.0
          ],
          [
            138.49376150937942,
            36.903846346806716,
            1395.0
          ],
          [
            138.49374157765462,
            36.90393502338007,
            1389.0
          ],
          [
            138.49371364218777,
            36.90402165074629,
            1387.0
          ],
          [
            138.4936659860212,
            36.90410322899939,
            1385.0
          ],
          [
            138.4936183298546,
            36.9041848072525,
            1385.0
          ],
          [
            138.49357067368803,
            36.9042663855056,
            1381.0
          ],
          [
            138.49352301752143,
            36.90434796375871,
            1382.0
          ],
          [
            138.49347536135485,
            36.90442954201181,
            1384.0
          ],
          [
            138.49342770518825,
            36.90451112026492,
            1384.0
          ],
          [
            138.4934127606499,
            36.90459982701191,
            1384.0
          ],
          [
            138.49340253243503,
            36.904689561536614,
            1382.0
          ],
          [
            138.4934013413605,
            36.90477875083813,
            1381.0
          ],
          [
            138.4934281491898,
            36.904866250927036,
            1380.0
          ],
          [
            138.49345495701914,
            36.90495375101594,
            1375.0
          ],
          [
            138.49351098577682,
            36.90503102953532,
            1372.0
          ],
          [
            138.49358953409885,
            36.905092798839604,
            1370.0
          ],
          [
            138.49368141143339,
            36.90514443247232,
            1370.0
          ],
          [
            138.49377007479563,
            36.905199657714604,
            1370.0
          ],
          [
            138.49385873815785,
            36.90525488295688,
            1369.0
          ]
        ]
      }
    },
    {
      "type": "Feature",
      "properties": {
        "name": "やまびこE",
        "slope_deg": [
          9.09027692082245,
          9.09027692082245,
          9.09027692082245,
          9.090276920822133,
          10.619655276155134,
          11.309932474020215,
          14.036243467926479,
          15.37625124882619,
          14.57421619803886,
          12.270720357815076,
          11.996899307923577,
          12.270720357815385,
          13.224551192213651,
          16.567741642975037,
          16.039943306049665,
          18.133621430820558,
          18.64953875405141,
          17.092662950267425,
          17.484427323220586,
          14.708303899682749,
          16.96170588653267,
          18.906332035086663,
          18.906332035086663,
          19.417554141579338,
          18.52084947747122,
          18.39196625070533,
          19.417554141579338,
          21.305783617828656,
          19.544862326628827,
          19.417554141579625,
          20.806791012711287,
          21.80140948635181,
          24.108515899975156,
          25.873385226285933,
          24.346751854704813,
          22.78240573048191,
          22.04794746356044,
          19.925580658184323,
          19.290046219188735,
          19.6719699892005,
          16.83056598321078,
          15.907551930525962,
          15.642246457208788,
          14.439965121002654,
          16.304198003832074,
          15.37625124882619,
          13.901350769509243,
          11.996899307923577,
          10.203973721731748,
          8.670801453590833,
          9.090276920822133,
          9.09027692082245,
          7.969610394321551,
          8.250387228905435,
          7.547725773843367,
          8.250387228905435,
          7.688447769902681,
          5.994092949108534,
          4.146688825965815,
          0.4297102894009785,
          0.0,
          0.2864765102771396,
          0.0,
          -0.7161599454704085,
          -1.8614576304666637,
          -3.005269359689804,
          -3.148096099562824,
          -0.5729386976836163,
          1.2889375601870259,
          3.290883686067228,
          5.2848210925090795,
          7.406912128495294,
          9.22988624372772,
          11.58512622485511,
          14.036243467926479,
          14.57421619803886,
          15.90755193052566,
          16.17215901578243,
          14.170977562933274,
          12.270720357815385,
          7.688447769903003,
          5.710593137499643,
          5.710593137499643,
          5.710593137499643
        ],
        "horizontal_dist_map": 832,
        "slope_dist_map": 860,
        "elevation_diff_map": 184.8,
        "avg_slope_deg_map": 12.1,
        "max_slope_deg_map": 25.9
      },
      "geometry": {
        "type": "LineString",
        "coordinates": [
          [
            138.4858449,
            36.9000022,
            1608.5
          ],
          [
            138.48577203781568,
            36.90007072320029,
            1606.8
          ],
          [
            138.48568725639512,
            36.90012928204417,
            1605.4
          ],
          [
            138.485599084008,
            36.90018500607559,
            1603.1
          ],
          [
            138.48551186078998,
            36.90024162259196,
            1602.1
          ],
          [
            138.48542954564587,
            36.90030285407305,
            1600.4
          ],
          [
            138.4853472305018,
            36.90036408555413,
            1597.9
          ],
          [
            138.48526491535767,
            36.90042531703521,
            1595.1
          ],
          [
            138.4851873134469,
            36.900490139554236,
            1592.1
          ],
          [
            138.48511551246875,
            36.90055938183522,
            1589.4
          ],
          [
            138.48504371149065,
            36.900628624116216,
            1587.5
          ],
          [
            138.48496313048815,
            36.90069125045151,
            1586.4
          ],
          [
            138.48488165901924,
            36.900753205800356,
            1583.6
          ],
          [
            138.48479757144258,
            36.90081249408901,
            1580.7
          ],
          [
            138.48470349753302,
            36.900861601546715,
            1578.1
          ],
          [
            138.48460942362345,
            36.90091070900443,
            1574.5
          ],
          [
            138.4845153497139,
            36.90095981646214,
            1572.1
          ],
          [
            138.48442068862627,
            36.90100811045672,
            1567.6
          ],
          [
            138.48432087521,
            36.901049266532354,
            1564.6
          ],
          [
            138.4842210617937,
            36.90109042260798,
            1562.2
          ],
          [
            138.4841212483774,
            36.90113157868361,
            1559.5
          ],
          [
            138.4840214349611,
            36.901172734759236,
            1557.1
          ],
          [
            138.48392162154482,
            36.90121389083487,
            1552.4
          ],
          [
            138.48382180812854,
            36.9012550469105,
            1548.5
          ],
          [
            138.48372199471225,
            36.901296202986124,
            1545.8
          ],
          [
            138.48362218129594,
            36.901337359061756,
            1543.0
          ],
          [
            138.48352236787966,
            36.90137851513739,
            1539.0
          ],
          [
            138.48342255446337,
            36.90141967121301,
            1535.2
          ],
          [
            138.48332256640296,
            36.901460553112905,
            1531.7
          ],
          [
            138.4832225299562,
            36.90150135905056,
            1527.4
          ],
          [
            138.48312249350946,
            36.90154216498823,
            1524.8
          ],
          [
            138.4830224570627,
            36.90158297092589,
            1521.1
          ],
          [
            138.48293241511107,
            36.90163216410854,
            1516.5
          ],
          [
            138.48287726253278,
            36.901710635981104,
            1511.4
          ],
          [
            138.4828221099545,
            36.90178910785366,
            1506.9
          ],
          [
            138.4827669573762,
            36.901867579726215,
            1501.7
          ],
          [
            138.48271180479793,
            36.90194605159877,
            1498.4
          ],
          [
            138.48265665221967,
            36.902024523471326,
            1494.6
          ],
          [
            138.48260114410033,
            36.90210281359829,
            1490.7
          ],
          [
            138.48253596784426,
            36.90217616156397,
            1487.2
          ],
          [
            138.48247079158818,
            36.90224950952965,
            1484.4
          ],
          [
            138.4824056153321,
            36.902322857495335,
            1480.3
          ],
          [
            138.48234043907604,
            36.90239620546101,
            1478.6
          ],
          [
            138.48227526281997,
            36.90246955342669,
            1475.8
          ],
          [
            138.4822100865639,
            36.90254290139237,
            1473.2
          ],
          [
            138.48214484026846,
            36.90261620925802,
            1470.0
          ],
          [
            138.4820795315968,
            36.90268948141105,
            1466.9
          ],
          [
            138.48201422292516,
            36.90276275356408,
            1464.8
          ],
          [
            138.4819489142535,
            36.90283602571712,
            1463.3
          ],
          [
            138.48188360558186,
            36.90290929787015,
            1461.5
          ],
          [
            138.48179722610672,
            36.90296652712285,
            1459.7
          ],
          [
            138.4817095988445,
            36.903022806334725,
            1458.7
          ],
          [
            138.4816219715823,
            36.9030790855466,
            1456.9
          ],
          [
            138.4815343443201,
            36.90313536475847,
            1455.1
          ],
          [
            138.48147375914695,
            36.90320940205335,
            1454.1
          ],
          [
            138.48142248096786,
            36.903289551093984,
            1452.9
          ],
          [
            138.48137120278878,
            36.90336970013461,
            1451.6
          ],
          [
            138.4813199246097,
            36.90344984917524,
            1449.3
          ],
          [
            138.48126864643058,
            36.903529998215866,
            1448.7
          ],
          [
            138.4812173682515,
            36.903610147256494,
            1448.7
          ],
          [
            138.4811660900724,
            36.90369029629712,
            1448.7
          ],
          [
            138.48111481189332,
            36.90377044533775,
            1449.0
          ],
          [
            138.4810635337142,
            36.903850594378376,
            1448.7
          ],
          [
            138.4810205617495,
            36.90393366800931,
            1448.5
          ],
          [
            138.48098190571594,
            36.904018261265186,
            1448.7
          ],
          [
            138.48094324968238,
            36.904102854521064,
            1449.5
          ],
          [
            138.48090459364886,
            36.90418744777694,
            1450.0
          ],
          [
            138.4808659376153,
            36.90427204103282,
            1450.6
          ],
          [
            138.48082728158178,
            36.904356634288696,
            1450.9
          ],
          [
            138.48078862554823,
            36.90444122754457,
            1449.9
          ],
          [
            138.4807499695147,
            36.904525820800444,
            1449.1
          ],
          [
            138.48072609530283,
            36.904613576763396,
            1448.3
          ],
          [
            138.48070722035115,
            36.904702402364165,
            1447.2
          ],
          [
            138.48069055294727,
            36.90479143527257,
            1444.7
          ],
          [
            138.4806834000885,
            36.90488136167818,
            1442.6
          ],
          [
            138.48067624722975,
            36.90497128808378,
            1440.1
          ],
          [
            138.4806711959802,
            36.90506123551708,
            1437.2
          ],
          [
            138.48067555673956,
            36.90515127712244,
            1434.3
          ],
          [
            138.48067991749892,
            36.905241318727796,
            1431.2
          ],
          [
            138.4806735068115,
            36.905331107634694,
            1428.5
          ],
          [
            138.48066260839414,
            36.90542079125932,
            1427.1
          ],
          [
            138.48065170997677,
            36.90551047488394,
            1425.6
          ],
          [
            138.48064081155937,
            36.90560015850856,
            1425.8
          ],
          [
            138.480629913142,
            36.90568984213318,
            1424.5
          ]
        ]
      }
    },
    {
      "type": "Feature",
      "properties": {
        "name": "やまびこD",
        "slope_deg": [
          2.862405226111748,
          2.862405226111748,
          2.862405226111748,
          2.862405226111748,
          5.710593137499643,
          4.289153328819018,
          4.289153328819018,
          8.530765609948133,
          8.530765609948133,
          9.926245506651705,
          11.309932474020215,
          9.926245506651705,
          14.439965121002654,
          15.37625124882619,
          13.766300685466197,
          13.088732789694,
          7.266008446996189,
          6.842773412630876,
          7.125016348901798,
          6.418786730238786,
          7.266008446995867,
          7.406912128495294,
          9.78720366465624,
          13.360218444764483,
          14.305551846622015,
          17.874511367250427,
          18.00416160591338,
          17.744671625056874,
          17.223436191131285,
          15.242997742901395,
          13.631094443421603,
          14.036243467926479,
          14.842227057911282,
          16.43605922463559,
          18.52084947747093,
          16.567741642975037,
          17.744671625056874,
          15.37625124882619,
          15.109575122340402,
          14.97598451475675,
          14.57421619803886,
          14.43996512100296,
          13.766300685466504,
          13.088732789694,
          13.631094443421295,
          13.631094443421295,
          14.305551846621709,
          14.57421619803886,
          14.43996512100296,
          16.43605922463589,
          15.2429977429017,
          15.37625124882619,
          12.952764513375273,
          11.996899307923577,
          13.901350769509243,
          14.036243467926479,
          16.172159015782732,
          14.708303899682749,
          12.68038349181982,
          13.49573328079569,
          12.95276451337558,
          13.088732789694,
          15.37625124882619,
          17.092662950267425,
          18.52084947747093,
          19.925580658184323,
          21.181349500266236,
          19.798876354525046,
          19.290046219188735,
          20.30447370996038,
          17.744671625056874,
          17.092662950267425,
          16.304198003832376,
          14.57421619803886,
          14.17097756293297,
          15.2429977429017,
          14.708303899682749,
          15.37625124882619,
          15.509334522675056,
          14.574216198038554,
          15.509334522674754,
          14.975984514756448,
          16.96170588653267,
          19.162339354972016,
          18.52084947747122,
          20.68152167820107,
          17.09266295026772,
          14.97598451475675,
          16.17215901578243,
          17.484427323220586,
          19.54486232662854,
          19.290046219188735,
          16.039943306049665,
          9.78720366465624,
          6.418786730238786,
          4.0041729407093225,
          2.433606100720186,
          1.8614576304666637,
          1.4320961841646465,
          1.0025738037601275,
          -0.7161599454704085,
          -3.8616074096751394,
          -3.8616074096748143,
          -1.0025738037601275,
          1.1457628381750384,
          3.433630362450652,
          0.5729386976832906,
          -2.147585428298503,
          -1.4320961841646465,
          -2.2906100426387246,
          2.719505461272635,
          3.290883686067228,
          1.4320961841646465,
          3.576334374997351,
          1.7183580016555222,
          0.8593722436445507,
          1.145762838175364,
          1.145762838175364,
          1.145762838175364
        ],
        "horizontal_dist_map": 1185,
        "slope_dist_map": 1220,
        "elevation_diff_map": 236.7,
        "avg_slope_deg_map": 11.0,
        "max_slope_deg_map": 21.2
      },
      "geometry": {
        "type": "LineString",
        "coordinates": [
          [
            138.48602862643722,
            36.89789081347902,
            1645.0
          ],
          [
            138.48592191932457,
            36.89791865069776,
            1645.0
          ],
          [
            138.48585053771993,
            36.89798430406816,
            1645.0
          ],
          [
            138.48578741673478,
            36.89805880047739,
            1644.0
          ],
          [
            138.48572429574963,
            36.898133296886634,
            1643.0
          ],
          [
            138.48567923126916,
            36.89821580255339,
            1643.0
          ],
          [
            138.48568074334946,
            36.89830387035275,
            1641.0
          ],
          [
            138.48569410437563,
            36.898393338903176,
            1641.0
          ],
          [
            138.48570746540182,
            36.898482807453604,
            1640.0
          ],
          [
            138.48572082642798,
            36.89857227600403,
            1637.0
          ],
          [
            138.48573488038443,
            36.89866166092182,
            1635.0
          ],
          [
            138.48575485128103,
            36.89875033169946,
            1634.0
          ],
          [
            138.48577482217763,
            36.8988390024771,
            1632.0
          ],
          [
            138.48579479307423,
            36.89892767325474,
            1630.0
          ],
          [
            138.48581476397084,
            36.899016344032376,
            1624.7
          ],
          [
            138.4858465077475,
            36.899102083018526,
            1623.0
          ],
          [
            138.4858925017122,
            36.89918427329105,
            1622.2
          ],
          [
            138.48593849567683,
            36.89926646356357,
            1620.7
          ],
          [
            138.48598448964148,
            36.89934865383609,
            1619.6
          ],
          [
            138.48603048360613,
            36.899430844108615,
            1618.2
          ],
          [
            138.48607703059363,
            36.89951283224099,
            1617.2
          ],
          [
            138.48612400139268,
            36.89959466546235,
            1616.2
          ],
          [
            138.48617097219173,
            36.89967649868372,
            1614.5
          ],
          [
            138.4861960659156,
            36.89976254373117,
            1613.0
          ],
          [
            138.48620039526398,
            36.899852586385144,
            1610.3
          ],
          [
            138.48620472461235,
            36.89994262903911,
            1606.7
          ],
          [
            138.4862118989533,
            36.900032315864,
            1604.3
          ],
          [
            138.486241867397,
            36.9001191517835,
            1600.1
          ],
          [
            138.48627183584074,
            36.900205987702996,
            1597.3
          ],
          [
            138.48630180428447,
            36.90029282362249,
            1593.9
          ],
          [
            138.48633177272816,
            36.90037965954199,
            1591.9
          ],
          [
            138.4863617411719,
            36.90046649546148,
            1589.2
          ],
          [
            138.48639170961562,
            36.900553331380976,
            1587.6
          ],
          [
            138.48642167805934,
            36.90064016730047,
            1583.9
          ],
          [
            138.48645164650307,
            36.90072700321997,
            1581.3
          ],
          [
            138.48648125527924,
            36.9008139178283,
            1577.4
          ],
          [
            138.48651024943027,
            36.90090096690564,
            1574.2
          ],
          [
            138.48653924358132,
            36.900988015982975,
            1572.0
          ],
          [
            138.48656823773237,
            36.90107506506031,
            1568.5
          ],
          [
            138.4865972318834,
            36.90116211413765,
            1566.4
          ],
          [
            138.48662622603445,
            36.901249163214985,
            1563.4
          ],
          [
            138.4866552201855,
            36.90133621229232,
            1561.3
          ],
          [
            138.48668421433652,
            36.90142326136966,
            1558.1
          ],
          [
            138.48671320848757,
            36.901510310446994,
            1556.1
          ],
          [
            138.48674220263862,
            36.90159735952433,
            1553.6
          ],
          [
            138.48677119678965,
            36.901684408601675,
            1552.0
          ],
          [
            138.4868001909407,
            36.90177145767901,
            1548.4
          ],
          [
            138.48682918509172,
            36.90185850675635,
            1546.4
          ],
          [
            138.48685744120806,
            36.901945706493635,
            1543.4
          ],
          [
            138.48688371952832,
            36.902033309971635,
            1541.6
          ],
          [
            138.48690999784858,
            36.90212091344964,
            1538.1
          ],
          [
            138.48693627616885,
            36.902208516927644,
            1534.6
          ],
          [
            138.4869521699984,
            36.90229745054488,
            1532.5
          ],
          [
            138.4869583834264,
            36.90238738223874,
            1530.6
          ],
          [
            138.4869605650431,
            36.90247747492714,
            1528.9
          ],
          [
            138.48696274665977,
            36.902567567615534,
            1526.1
          ],
          [
            138.4869478309345,
            36.90265679742335,
            1522.6
          ],
          [
            138.48693162262865,
            36.902745961996295,
            1520.6
          ],
          [
            138.48690474714255,
            36.90283225822585,
            1517.3
          ],
          [
            138.48684915720108,
            36.90291035425294,
            1515.6
          ],
          [
            138.48677625997095,
            36.90297885526852,
            1513.6
          ],
          [
            138.4866952470265,
            36.903041071388195,
            1511.0
          ],
          [
            138.4866126571413,
            36.90310206630816,
            1508.1
          ],
          [
            138.4865324130398,
            36.903164921100924,
            1506.3
          ],
          [
            138.48645753174407,
            36.90323202783592,
            1502.6
          ],
          [
            138.48638265044832,
            36.90329913457091,
            1498.7
          ],
          [
            138.48630776915255,
            36.9033662413059,
            1494.7
          ],
          [
            138.4862306581895,
            36.903431393833266,
            1491.8
          ],
          [
            138.48614088586223,
            36.90348544921874,
            1487.1
          ],
          [
            138.48605111353496,
            36.903539504604225,
            1484.3
          ],
          [
            138.48596134120768,
            36.90359355998971,
            1480.7
          ],
          [
            138.4858737538387,
            36.90364965100925,
            1477.0
          ],
          [
            138.48579394892283,
            36.903712992614224,
            1474.3
          ],
          [
            138.48571414400695,
            36.90377633421919,
            1472.0
          ],
          [
            138.4856343390911,
            36.90383967582416,
            1469.0
          ],
          [
            138.4855545341752,
            36.90390301742913,
            1466.6
          ],
          [
            138.48547472925935,
            36.9039663590341,
            1464.2
          ],
          [
            138.48539492434347,
            36.904029700639065,
            1461.1
          ],
          [
            138.48531184635343,
            36.904090130855884,
            1458.5
          ],
          [
            138.48522525340422,
            36.90414743452868,
            1455.6
          ],
          [
            138.485138660455,
            36.90420473820148,
            1453.1
          ],
          [
            138.4850356024869,
            36.904229103216196,
            1450.7
          ],
          [
            138.4849237075641,
            36.90423578969478,
            1447.4
          ],
          [
            138.48481181264125,
            36.904242476173366,
            1444.9
          ],
          [
            138.48469977652206,
            36.90424624875279,
            1440.9
          ],
          [
            138.48458757293955,
            36.90424656535637,
            1436.8
          ],
          [
            138.48447536935703,
            36.90424688195994,
            1434.0
          ],
          [
            138.48436425001995,
            36.904251447098176,
            1429.8
          ],
          [
            138.48426093771832,
            36.90428660352111,
            1428.6
          ],
          [
            138.4841576254167,
            36.90432175994403,
            1426.1
          ],
          [
            138.4840543131151,
            36.904356916366964,
            1422.4
          ],
          [
            138.4839510008135,
            36.90439207278989,
            1417.2
          ],
          [
            138.4838476885119,
            36.90442722921282,
            1414.4
          ],
          [
            138.48374029068668,
            36.9044491201563,
            1412.1
          ],
          [
            138.48362848299743,
            36.90445669250409,
            1410.9
          ],
          [
            138.48351817874664,
            36.90444773944949,
            1410.3
          ],
          [
            138.48340892890013,
            36.904427196658474,
            1409.9
          ],
          [
            138.48329967905363,
            36.90440665386746,
            1409.3
          ],
          [
            138.48318911510106,
            36.904394471101384,
            1409.2
          ],
          [
            138.4830769357096,
            36.904392565366535,
            1409.0
          ],
          [
            138.48296475631815,
            36.90439065963169,
            1408.9
          ],
          [
            138.4828525769267,
            36.90438875389684,
            1408.6
          ],
          [
            138.4827749751619,
            36.90444775614336,
            1409.7
          ],
          [
            138.48270319655091,
            36.90451701578974,
            1411.7
          ],
          [
            138.48265093523648,
            36.90459511948878,
            1411.6
          ],
          [
            138.48261422498095,
            36.904680269982634,
            1409.3
          ],
          [
            138.48256765318152,
            36.90476170293792,
            1408.9
          ],
          [
            138.48250953699997,
            36.904838783969566,
            1409.3
          ],
          [
            138.48245142081842,
            36.90491586500121,
            1411.2
          ],
          [
            138.48236310955198,
            36.90497114395783,
            1410.8
          ],
          [
            138.4822738262379,
            36.90502572105667,
            1409.9
          ],
          [
            138.48218454292382,
            36.90508029815551,
            1410.9
          ],
          [
            138.48209525960974,
            36.90513487525435,
            1409.3
          ],
          [
            138.48200779003557,
            36.90519119736401,
            1408.5
          ],
          [
            138.48192496920677,
            36.90525199206153,
            1408.9
          ],
          [
            138.48184214837798,
            36.90531278675904,
            1408.4
          ],
          [
            138.4817593275492,
            36.90537358145655,
            1408.1
          ],
          [
            138.48171300037242,
            36.90545240625452,
            1407.9
          ],
          [
            138.48168277040526,
            36.905539184060466,
            1408.1
          ]
        ]
      }
    },
    {
      "type": "Feature",
      "properties": {
        "name": "カンダハー東",
        "slope_deg": [
          10.896152141141036,
          10.896152141141036,
          10.896152141141036,
          12.543973346572077,
          16.961705886532968,
          19.034434354835135,
          18.520849477471074,
          17.223436191131583,
          14.57421619803871,
          15.242997742901547,
          13.088732789694154,
          8.810732985984814,
          4.289153328819018,
          1.8614576304668264,
          2.719505461272472,
          3.718993973158075,
          5.4268124985727555,
          7.68844776990284,
          8.11004782941916,
          12.270720357815385,
          14.439965121002807,
          14.57421619803871,
          14.439965121002654,
          14.9759845147566,
          15.242997742901547,
          17.35402463626132,
          19.290046219188735,
          21.80140948635181,
          25.290734392148174,
          23.629377730656817,
          24.93842765545725,
          21.305783617828798,
          19.290046219188735,
          17.744671625057023,
          14.708303899682749,
          16.961705886532968,
          20.430362329285547,
          22.904057803636878,
          24.93842765545725,
          26.793775628803083,
          23.146707841882964,
          23.38848242899485,
          21.80140948635181,
          21.554019920478925,
          25.641005824305335,
          25.641005824305335,
          29.466448275119998,
          28.035301206706748,
          27.8116468696437,
          27.021581591177014,
          26.67952810669131,
          26.335410003881297,
          24.702430227771423,
          24.4655351106628,
          23.388482428994987,
          22.538450040828117,
          23.749494492866653,
          25.75730921180767,
          27.361564820270722,
          29.248826336546948,
          27.021581591177142,
          24.1085158999753,
          20.68152167820093,
          21.554019920478925,
          20.806791012711145,
          22.416147479343643,
          21.305783617828798,
          19.162339354971866,
          17.744671625057023,
          17.6146433000071,
          17.484427323220732,
          17.35402463626132,
          17.874511367250282,
          16.039943306049665,
          18.133621430820266,
          15.774985955414008,
          18.906332035086518,
          19.290046219188735,
          19.162339354972016,
          19.671969989200644,
          16.961705886532968,
          16.96170588653282,
          17.484427323220586,
          18.64953875405141,
          20.556045219583467,
          18.39196625070548,
          18.39196625070548,
          18.39196625070548
        ],
        "horizontal_dist_map": 874,
        "slope_dist_map": 933,
        "elevation_diff_map": 298.6,
        "avg_slope_deg_map": 17.7,
        "max_slope_deg_map": 29.5
      },
      "geometry": {
        "type": "LineString",
        "coordinates": [
          [
            138.45639317923386,
            36.93531270676564,
            982.8
          ],
          [
            138.45644882569968,
            36.93523444943809,
            980.6
          ],
          [
            138.45650447216548,
            36.93515619211054,
            979.5
          ],
          [
            138.45656345426565,
            36.93507965465834,
            978.4
          ],
          [
            138.456628964162,
            36.93500648298144,
            975.1
          ],
          [
            138.4566944740584,
            36.934933311304555,
            971.7
          ],
          [
            138.45675998395475,
            36.93486013962766,
            967.3
          ],
          [
            138.4568254938511,
            36.93478696795077,
            964.6
          ],
          [
            138.45689100374747,
            36.934713796273876,
            961.7
          ],
          [
            138.45695348055324,
            36.9346390349985,
            959.3
          ],
          [
            138.4570105759307,
            36.93456145339518,
            956.9
          ],
          [
            138.45706767130818,
            36.93448387179187,
            953.7
          ],
          [
            138.45712476668564,
            36.934406290188555,
            952.4
          ],
          [
            138.45719669684343,
            36.93433823471621,
            953.1
          ],
          [
            138.45726439664475,
            36.93426824663953,
            953.9
          ],
          [
            138.45731280681633,
            36.93418694841243,
            952.4
          ],
          [
            138.45736121698792,
            36.93410565018534,
            950.5
          ],
          [
            138.4574096271595,
            36.934024351958236,
            950.5
          ],
          [
            138.45745803733107,
            36.93394305373114,
            950.1
          ],
          [
            138.45750644750265,
            36.93386175550404,
            947.0
          ],
          [
            138.45755485767424,
            36.93378045727694,
            944.8
          ],
          [
            138.45760326784583,
            36.933699159049844,
            941.8
          ],
          [
            138.45764229519946,
            36.93361478610474,
            939.8
          ],
          [
            138.45767858563104,
            36.93352951627945,
            936.6
          ],
          [
            138.4577098334881,
            36.93344311609865,
            934.5
          ],
          [
            138.45773382246534,
            36.933355088750055,
            931.1
          ],
          [
            138.45775781144255,
            36.933267061401466,
            928.9
          ],
          [
            138.45778180041978,
            36.93317903405288,
            924.1
          ],
          [
            138.45780578939699,
            36.93309100670428,
            920.5
          ],
          [
            138.4578211888628,
            36.93300203127945,
            915.1
          ],
          [
            138.45782768360948,
            36.93291207298699,
            910.0
          ],
          [
            138.4578340520553,
            36.9328221135547,
            906.6
          ],
          [
            138.4578300780363,
            36.932732060784886,
            901.9
          ],
          [
            138.45780109510642,
            36.93264615925003,
            899.5
          ],
          [
            138.45776025664935,
            36.932562225616884,
            896.0
          ],
          [
            138.45771941819228,
            36.93247829198374,
            893.8
          ],
          [
            138.4576785807989,
            36.9323943580271,
            891.4
          ],
          [
            138.45763988591534,
            36.93230977247155,
            887.3
          ],
          [
            138.45760119103178,
            36.932225186915986,
            881.1
          ],
          [
            138.45756249614823,
            36.93214060136043,
            876.9
          ],
          [
            138.45752380126464,
            36.932056015804875,
            872.8
          ],
          [
            138.45748510638109,
            36.93197143024931,
            867.1
          ],
          [
            138.45744641149753,
            36.93188684469376,
            864.0
          ],
          [
            138.45740771661397,
            36.9318022591382,
            859.6
          ],
          [
            138.4573773893787,
            36.93171558451605,
            856.8
          ],
          [
            138.45734950298956,
            36.93162830051241,
            851.3
          ],
          [
            138.4573216166004,
            36.93154101650876,
            844.8
          ],
          [
            138.45729373021123,
            36.93145373250511,
            840.4
          ],
          [
            138.45726584382209,
            36.93136644850147,
            834.2
          ],
          [
            138.45723795743294,
            36.93127916449782,
            830.0
          ],
          [
            138.45721007104376,
            36.93119188049418,
            823.7
          ],
          [
            138.4571821846546,
            36.931104596490535,
            820.0
          ],
          [
            138.45715429826546,
            36.931017312486894,
            814.1
          ],
          [
            138.4571264118763,
            36.930930028483246,
            810.2
          ],
          [
            138.45709852548714,
            36.930842744479605,
            805.3
          ],
          [
            138.45707063909796,
            36.93075546047596,
            801.8
          ],
          [
            138.45704275270882,
            36.93066817647232,
            796.8
          ],
          [
            138.45700478637437,
            36.9305836496251,
            793.6
          ],
          [
            138.45696049134878,
            36.93050085385787,
            787.7
          ],
          [
            138.45691619632316,
            36.93041805809064,
            782.5
          ],
          [
            138.45687190129757,
            36.93033526232341,
            776.1
          ],
          [
            138.45682760627196,
            36.93025246655618,
            771.2
          ],
          [
            138.45678331124634,
            36.930169670788956,
            767.3
          ],
          [
            138.45673901622075,
            36.93008687502173,
            764.6
          ],
          [
            138.45669472119513,
            36.930004079254495,
            761.0
          ],
          [
            138.45665525835273,
            36.92991987615968,
            755.4
          ],
          [
            138.45662312365897,
            36.92983353881097,
            752.1
          ],
          [
            138.45659098896522,
            36.929747201462256,
            748.1
          ],
          [
            138.45655885427146,
            36.929660864113536,
            745.4
          ],
          [
            138.45652671957774,
            36.929574526764824,
            741.5
          ],
          [
            138.45649458488398,
            36.92948818941611,
            739.3
          ],
          [
            138.45646245019023,
            36.9294018520674,
            735.4
          ],
          [
            138.45642093558382,
            36.9293183962521,
            732.8
          ],
          [
            138.45637307140842,
            36.929236891040816,
            729.0
          ],
          [
            138.456325207233,
            36.92915538582953,
            726.4
          ],
          [
            138.4562773430576,
            36.92907388061825,
            723.9
          ],
          [
            138.45622947888216,
            36.92899237540697,
            719.7
          ],
          [
            138.45618161470676,
            36.928910870195686,
            717.7
          ],
          [
            138.45613720927656,
            36.928828354750195,
            712.7
          ],
          [
            138.4561086461137,
            36.92874121207737,
            709.9
          ],
          [
            138.45608008295085,
            36.928654069404544,
            705.8
          ],
          [
            138.456051519788,
            36.92856692673172,
            703.4
          ],
          [
            138.45602295662513,
            36.928479784058894,
            700.5
          ],
          [
            138.4559943934623,
            36.92839264138607,
            697.7
          ],
          [
            138.45596583029945,
            36.92830549871324,
            693.2
          ],
          [
            138.4559372671366,
            36.92821835604042,
            689.9
          ],
          [
            138.4559549014177,
            36.9281360618659,
            685.5
          ],
          [
            138.45601040699265,
            36.928057742346425,
            684.4
          ]
        ]
      }
    },
    {
      "type": "Feature",
      "properties": {
        "name": "カンダハー西",
        "slope_deg": [
          7.688447769903003,
          7.688447769903003,
          7.688447769903003,
          11.172136252167116,
          13.90135076950909,
          14.036243467926479,
          17.092662950267425,
          19.290046219188735,
          19.290046219188735,
          23.26770481005701,
          23.38848242899485,
          23.146707841882964,
          21.056705590704752,
          17.484427323220586,
          19.290046219188735,
          18.00416160591338,
          22.293629159694188,
          23.388482428994987,
          22.416147479343643,
          22.538450040828117,
          22.0479474635603,
          22.293629159694053,
          20.931852540892606,
          17.092662950267425,
          16.961705886532968,
          16.69924423399362,
          18.26288994219404,
          21.43000730175244,
          20.052082146098567,
          18.64953875405141,
          16.830565983210626,
          18.39196625070533,
          16.69924423399362,
          18.906332035086663,
          17.484427323220732,
          17.484427323220732,
          18.39196625070533,
          18.778033222445426,
          20.931852540892464,
          19.544862326628685,
          21.305783617828798,
          19.544862326628827,
          20.304473709960526,
          22.17089563383452,
          20.30447370996038,
          22.538450040828117,
          20.30447370996038,
          19.6719699892005,
          21.305783617828798,
          18.77803322244557,
          21.056705590704752,
          19.417554141579483,
          18.39196625070533,
          19.6719699892005,
          16.304198003832376,
          17.874511367250282,
          17.6146433000071,
          18.520849477471074,
          22.170895633834377,
          21.056705590704752,
          22.904057803636878,
          23.869390064732137,
          21.80140948635181,
          24.22774531795417,
          21.554019920478925,
          18.64953875405141,
          20.052082146098567,
          17.484427323220732,
          19.544862326628685,
          20.806791012711145,
          18.00416160591338,
          19.671969989200644,
          18.64953875405141,
          20.931852540892606,
          24.1085158999753,
          24.346751854704813,
          25.056088833535423,
          27.135139622076878,
          26.565051177077994,
          27.923589715138434,
          27.24846742664478,
          21.80140948635181,
          18.00416160591338,
          10.065169352759877,
          6.842773412630876,
          3.290883686067228,
          2.147585428298503,
          2.147585428298503,
          2.147585428298503
        ],
        "horizontal_dist_map": 880,
        "slope_dist_map": 937,
        "elevation_diff_map": 303.0,
        "avg_slope_deg_map": 17.9,
        "max_slope_deg_map": 27.9
      },
      "geometry": {
        "type": "LineString",
        "coordinates": [
          [
            138.4561263,
            36.9353941,
            987.2
          ],
          [
            138.4560982328342,
            36.93530685309809,
            986.9
          ],
          [
            138.45607016566836,
            36.93521960619617,
            985.5
          ],
          [
            138.45605804961946,
            36.93513058236992,
            983.5
          ],
          [
            138.45605546207017,
            36.93504049708678,
            981.8
          ],
          [
            138.45605287452088,
            36.93495041180364,
            979.0
          ],
          [
            138.45605949805554,
            36.934860499050224,
            975.6
          ],
          [
            138.456067316831,
            36.93477060868446,
            973.5
          ],
          [
            138.45607513560645,
            36.9346807183187,
            969.5
          ],
          [
            138.4560829543819,
            36.93459082795294,
            965.0
          ],
          [
            138.4560814498669,
            36.93450107996673,
            961.6
          ],
          [
            138.45606937790788,
            36.934411493360024,
            956.3
          ],
          [
            138.45605730594883,
            36.93432190675331,
            952.2
          ],
          [
            138.4560452339898,
            36.934232320146606,
            947.9
          ],
          [
            138.45603316203076,
            36.93414273353989,
            946.2
          ],
          [
            138.4560203846687,
            36.93405324823744,
            943.7
          ],
          [
            138.45599301792964,
            36.93396585814275,
            938.2
          ],
          [
            138.45596565119058,
            36.933878468048064,
            934.9
          ],
          [
            138.4559382844515,
            36.93379107795338,
            929.8
          ],
          [
            138.45591091771243,
            36.93370368785869,
            926.4
          ],
          [
            138.45587722809503,
            36.93361782909727,
            921.7
          ],
          [
            138.45583982571802,
            36.93353286952638,
            918.3
          ],
          [
            138.455802423341,
            36.93344790995549,
            913.6
          ],
          [
            138.455765020964,
            36.9333629503846,
            910.0
          ],
          [
            138.455727618587,
            36.93327799081371,
            906.4
          ],
          [
            138.45569021620997,
            36.93319303124281,
            906.0
          ],
          [
            138.45565281383296,
            36.93310807167192,
            901.4
          ],
          [
            138.45561541145597,
            36.933023112101026,
            898.0
          ],
          [
            138.45557800907895,
            36.932938152530134,
            893.2
          ],
          [
            138.45554060670193,
            36.93285319295924,
            890.3
          ],
          [
            138.45551675364976,
            36.932765321849644,
            886.8
          ],
          [
            138.45549628496084,
            36.932676723493145,
            884.5
          ],
          [
            138.4554758162719,
            36.93258812513664,
            881.1
          ],
          [
            138.45545534758298,
            36.932499526780134,
            877.0
          ],
          [
            138.45543487889404,
            36.932410928423636,
            874.8
          ],
          [
            138.4554144102051,
            36.93232233006713,
            870.8
          ],
          [
            138.45539394151618,
            36.93223373171063,
            868.5
          ],
          [
            138.45537347282723,
            36.932145133354126,
            864.4
          ],
          [
            138.45535300413832,
            36.93205653499762,
            861.5
          ],
          [
            138.45533253544937,
            36.93196793664112,
            857.2
          ],
          [
            138.45531206676043,
            36.93187933828462,
            853.2
          ],
          [
            138.4552915980715,
            36.93179073992812,
            850.2
          ],
          [
            138.45527112938257,
            36.93170214157161,
            845.9
          ],
          [
            138.45525066069365,
            36.93161354321511,
            843.0
          ],
          [
            138.45523514828602,
            36.93152430871639,
            838.4
          ],
          [
            138.45522018589406,
            36.931435003622774,
            833.9
          ],
          [
            138.45520522350208,
            36.93134569852915,
            831.1
          ],
          [
            138.4551902611101,
            36.93125639343553,
            826.4
          ],
          [
            138.45517529871813,
            36.931167088341915,
            823.6
          ],
          [
            138.45516033632614,
            36.9310777832483,
            819.6
          ],
          [
            138.45514537393416,
            36.93098847815468,
            815.5
          ],
          [
            138.45513041154217,
            36.930899173061064,
            812.8
          ],
          [
            138.4551154491502,
            36.93080986796745,
            808.2
          ],
          [
            138.45510048675823,
            36.93072056287383,
            805.5
          ],
          [
            138.45508552436624,
            36.93063125778021,
            802.2
          ],
          [
            138.45507056197425,
            36.93054195268659,
            798.5
          ],
          [
            138.4550555995823,
            36.93045264759297,
            796.5
          ],
          [
            138.4550406371903,
            36.930363342499355,
            792.6
          ],
          [
            138.45503349982653,
            36.9302735157811,
            789.5
          ],
          [
            138.45502991022926,
            36.93018345256499,
            785.1
          ],
          [
            138.45502632063202,
            36.930093389348876,
            780.2
          ],
          [
            138.45502273103477,
            36.930003326132756,
            777.2
          ],
          [
            138.4550191414375,
            36.92991326291664,
            772.6
          ],
          [
            138.45501555184026,
            36.92982319970053,
            767.4
          ],
          [
            138.455011962243,
            36.929733136484415,
            764.2
          ],
          [
            138.45500837264575,
            36.9296430732683,
            759.2
          ],
          [
            138.45500478304848,
            36.92955301005218,
            756.8
          ],
          [
            138.45500119345124,
            36.92946294683607,
            753.9
          ],
          [
            138.454997603854,
            36.929372883619955,
            749.6
          ],
          [
            138.45499401425673,
            36.92928282040384,
            746.6
          ],
          [
            138.45499042465948,
            36.92919275718773,
            742.6
          ],
          [
            138.45498683506221,
            36.92910269397161,
            738.7
          ],
          [
            138.45499585494215,
            36.92901304106083,
            736.6
          ],
          [
            138.45500851186728,
            36.92892350649747,
            732.3
          ],
          [
            138.45502116879243,
            36.928833971934104,
            729.1
          ],
          [
            138.45503382571758,
            36.92874443737074,
            723.4
          ],
          [
            138.4550464826427,
            36.928654902807374,
            718.7
          ],
          [
            138.45509293650943,
            36.92857414222806,
            714.2
          ],
          [
            138.45514797436311,
            36.92849561012745,
            710.4
          ],
          [
            138.45520301221683,
            36.92841707802684,
            702.9
          ],
          [
            138.4552580500705,
            36.92833854592623,
            698.7
          ],
          [
            138.4553389197269,
            36.92827683570585,
            693.0
          ],
          [
            138.45542327883942,
            36.92821739784773,
            689.8
          ],
          [
            138.45550763795197,
            36.92815795998961,
            686.9
          ],
          [
            138.45559523404413,
            36.928103606683095,
            685.7
          ],
          [
            138.45570465208235,
            36.92808353064216,
            685.9
          ],
          [
            138.4558140701206,
            36.92806345460122,
            685.0
          ],
          [
            138.45592348815882,
            36.92804337856029,
            684.6
          ],
          [
            138.45603290619704,
            36.92802330251936,
            684.2
          ]
        ]
      }
    },
    {
      "type": "Feature",
      "properties": {
        "name": "ユートピアA",
        "slope_deg": [
          18.26288994219419,
          18.26288994219419,
          18.26288994219419,
          20.43036232928569,
          22.782405730481635,
          22.78240573048177,
          26.565051177077994,
          25.524475356294268,
          28.14678121412202,
          30.540604849681518,
          29.03027468248708,
          30.75264555113171,
          28.59038406079068,
          26.793775628803083,
          30.00643379045911,
          28.25802961470689,
          28.25802961470689,
          30.43423575344341,
          28.479831142093357,
          27.923589715138306,
          28.035301206706748,
          28.035301206706876,
          25.873385226286064,
          24.702430227771423,
          23.146707841882964,
          18.00416160591338,
          14.170977562933123,
          10.481218144130889,
          6.135733340186728,
          6.135733340186728,
          6.135733340186728
        ],
        "horizontal_dist_map": 303,
        "slope_dist_map": 334,
        "elevation_diff_map": 130.7,
        "avg_slope_deg_map": 21.3,
        "max_slope_deg_map": 30.8
      },
      "geometry": {
        "type": "LineString",
        "coordinates": [
          [
            138.4611332,
            36.9262623,
            895.1
          ],
          [
            138.46107046099758,
            36.926337016559124,
            891.2
          ],
          [
            138.46100772199514,
            36.92641173311824,
            888.8
          ],
          [
            138.4609449829927,
            36.92648644967737,
            884.7
          ],
          [
            138.46088224399026,
            36.926561166236496,
            881.9
          ],
          [
            138.46081950498782,
            36.926635882795615,
            876.3
          ],
          [
            138.4607567659854,
            36.92671059935474,
            872.0
          ],
          [
            138.46069402698296,
            36.92678531591387,
            867.9
          ],
          [
            138.4606312879805,
            36.926860032472995,
            861.9
          ],
          [
            138.46057743311542,
            36.92693897741255,
            857.2
          ],
          [
            138.4605258975394,
            36.92701902621129,
            850.6
          ],
          [
            138.4604743619634,
            36.92709907501004,
            844.3
          ],
          [
            138.46042282638737,
            36.927179123808784,
            839.7
          ],
          [
            138.46037129081137,
            36.92725917260753,
            833.4
          ],
          [
            138.46031975523536,
            36.92733922140627,
            828.8
          ],
          [
            138.46026821965935,
            36.92741927020502,
            824.1
          ],
          [
            138.46021668408335,
            36.927499319003765,
            816.6
          ],
          [
            138.46016514850734,
            36.92757936780251,
            811.9
          ],
          [
            138.46011034612826,
            36.92765797260091,
            807.3
          ],
          [
            138.4600536441907,
            36.9277357377518,
            800.6
          ],
          [
            138.45999694225316,
            36.927813502902694,
            794.9
          ],
          [
            138.4599402403156,
            36.92789126805358,
            790.7
          ],
          [
            138.45988353837802,
            36.92796903320447,
            786.0
          ],
          [
            138.45982683644047,
            36.92804679835536,
            779.3
          ],
          [
            138.45977013450292,
            36.92812456350625,
            775.5
          ],
          [
            138.45971343256537,
            36.92820232865714,
            772.3
          ],
          [
            138.4596567306278,
            36.928280093808034,
            768.9
          ],
          [
            138.45960002869026,
            36.928357858958925,
            766.3
          ],
          [
            138.45953730413873,
            36.92843207162636,
            765.4
          ],
          [
            138.45946181117964,
            36.92849875275403,
            764.9
          ],
          [
            138.45938631822054,
            36.92856543388171,
            764.6
          ]
        ]
      }
    },
    {
      "type": "Feature",
      "properties": {
        "name": "チャレンジ39°のカベ",
        "slope_deg": [
          8.670801453590833,
          8.670801453590833,
          8.670801453590833,
          9.369385096487674,
          7.266008446996189,
          5.568737077976766,
          5.994092949108534,
          7.688447769902681,
          15.242997742901395,
          19.798876354525046,
          25.407718108948472,
          28.810793742973065,
          28.920650342151696,
          32.210927723673564,
          34.01934998982646,
          36.50144112050634,
          38.04318006860465,
          37.234833981574745,
          35.94211187138234,
          34.313536508210916,
          32.619243071192734,
          32.72074484198177,
          31.278680693976355,
          31.278680693976355,
          30.43423575344341,
          29.248826336546948,
          28.920650342151568,
          25.75730921180767,
          25.98923358383301,
          25.056088833535288,
          24.1085158999753,
          23.146707841882964,
          21.05670559070489,
          21.05670559070489,
          21.05670559070489
        ],
        "horizontal_dist_map": 349,
        "slope_dist_map": 391,
        "elevation_diff_map": 159.1,
        "avg_slope_deg_map": 22.1,
        "max_slope_deg_map": 38.0
      },
      "geometry": {
        "type": "LineString",
        "coordinates": [
          [
            138.4682947,
            36.9257605,
            1081.6
          ],
          [
            138.46826203195138,
            36.925846707914516,
            1080.2
          ],
          [
            138.46822936390276,
            36.92593291582902,
            1078.7
          ],
          [
            138.46819669585415,
            36.92601912374354,
            1076.9
          ],
          [
            138.46816402780553,
            36.92610533165805,
            1075.5
          ],
          [
            138.46812763667836,
            36.926189663046536,
            1073.6
          ],
          [
            138.4680451269929,
            36.926250749511844,
            1073.6
          ],
          [
            138.46796261730748,
            36.92631183597715,
            1073.0
          ],
          [
            138.46788010762205,
            36.926372922442454,
            1071.3
          ],
          [
            138.4677975979366,
            36.92643400890776,
            1068.2
          ],
          [
            138.46772247787933,
            36.92650060071335,
            1062.7
          ],
          [
            138.4676527639303,
            36.9265712201188,
            1058.6
          ],
          [
            138.46758304998127,
            36.92664183952426,
            1052.3
          ],
          [
            138.46751333603223,
            36.92671245892972,
            1046.2
          ],
          [
            138.4674436220832,
            36.92678307833518,
            1040.6
          ],
          [
            138.46737390813416,
            36.92685369774064,
            1033.4
          ],
          [
            138.46730419418515,
            36.926924317146096,
            1025.3
          ],
          [
            138.4672344802361,
            36.92699493655156,
            1016.6
          ],
          [
            138.46716476628708,
            36.927065555957014,
            1009.3
          ],
          [
            138.46709505233807,
            36.92713617536247,
            1003.0
          ],
          [
            138.46702877499433,
            36.927208615860046,
            996.3
          ],
          [
            138.46697530096415,
            36.9272878409637,
            989.3
          ],
          [
            138.46692182693397,
            36.92736706606736,
            983.7
          ],
          [
            138.46686835290382,
            36.92744629117102,
            977.3
          ],
          [
            138.46681487887363,
            36.927525516274684,
            972.0
          ],
          [
            138.46676140484345,
            36.927604741378346,
            965.0
          ],
          [
            138.46670793081327,
            36.92768396648201,
            960.2
          ],
          [
            138.46664621246765,
            36.9277585091486,
            954.9
          ],
          [
            138.4665709604377,
            36.92782536523097,
            949.9
          ],
          [
            138.46649570840776,
            36.92789222131334,
            945.7
          ],
          [
            138.46642045637782,
            36.92795907739571,
            940.7
          ],
          [
            138.46634520434787,
            36.92802593347808,
            936.2
          ],
          [
            138.46626995231793,
            36.92809278956045,
            932.0
          ],
          [
            138.46619470028799,
            36.92815964564282,
            928.6
          ],
          [
            138.46611944825804,
            36.92822650172519,
            925.3
          ]
        ]
      }
    },
    {
      "type": "Feature",
      "properties": {
        "name": "上ノ平ファミリーレーン",
        "slope_deg": [
          5.568737077976766,
          5.568737077976766,
          5.568737077976766,
          5.2848210925090795,
          6.277298489597361,
          6.277298489597361,
          6.842773412630876,
          6.842773412630876,
          6.13573334018705,
          6.277298489597683,
          5.852378988915493,
          6.418786730238786,
          5.994092949108213,
          5.994092949108534,
          5.710593137499643,
          5.994092949108534,
          6.277298489597683,
          6.842773412630876,
          7.547725773843047,
          7.125016348901798,
          8.250387228905435,
          7.969610394321233,
          6.842773412631197,
          7.406912128495294,
          6.842773412630876,
          6.98393746008542,
          7.829076510059608,
          6.701525844729227,
          5.852378988915814,
          4.289153328819018,
          3.1480960995624994,
          3.148096099562824,
          3.290883686067228,
          4.573921259900927,
          5.426812498573079,
          5.2848210925090795,
          5.852378988915493,
          4.8584629190340936,
          5.000644597558433,
          5.710593137499643,
          5.426812498573079,
          5.994092949108534,
          5.852378988915493,
          5.000644597558433,
          4.8584629190340936,
          3.7189939731579127,
          2.862405226111748,
          2.5765718302687652,
          1.8614576304666637,
          3.005269359690129,
          3.7189939731579127,
          4.146688825966138,
          4.573921259900927,
          3.8616074096751394,
          2.862405226111748,
          2.862405226111748,
          5.710593137499643,
          8.110047829418843,
          11.44759626368579,
          13.224551192213344,
          11.58512622485511,
          11.309932474020215,
          9.787203664655925,
          10.342657140474863,
          11.172136252167274,
          10.619655276155134,
          11.034209003250501,
          11.172136252166961,
          10.203973721731431,
          10.065169352760034,
          8.810732985984655,
          6.701525844729548,
          6.98393746008542,
          5.710593137499643,
          6.277298489597683,
          6.56019640057118,
          5.2848210925090795,
          3.7189939731579127,
          2.0045340321060343,
          -0.1432391503681763,
          -0.7161599454704085,
          1.7183580016555222,
          4.431564716435714,
          7.406912128495294,
          9.22988624372772,
          9.22988624372772,
          7.125016348901798,
          6.701525844729548,
          6.701525844729548,
          6.418786730238786,
          7.547725773843047,
          7.406912128494972,
          7.969610394321233,
          8.250387228905435,
          7.266008446996189,
          5.994092949108534,
          5.994092949108534,
          5.994092949108534
        ],
        "horizontal_dist_map": 977,
        "slope_dist_map": 985,
        "elevation_diff_map": 106.3,
        "avg_slope_deg_map": 6.2,
        "max_slope_deg_map": 13.2
      },
      "geometry": {
        "type": "LineString",
        "coordinates": [
          [
            138.4806597,
            36.9137692,
            1334.5
          ],
          [
            138.48073361828304,
            36.91383699895151,
            1333.5
          ],
          [
            138.48080753656612,
            36.91390479790303,
            1332.8
          ],
          [
            138.48088145484917,
            36.91397259685454,
            1331.6
          ],
          [
            138.48095537313225,
            36.91404039580606,
            1330.6
          ],
          [
            138.48102841742303,
            36.91410872155612,
            1329.8
          ],
          [
            138.48108885242328,
            36.91418464755177,
            1328.4
          ],
          [
            138.48114928742353,
            36.91426057354743,
            1327.2
          ],
          [
            138.4812097224238,
            36.91433649954308,
            1325.8
          ],
          [
            138.48127015742406,
            36.91441242553874,
            1325.0
          ],
          [
            138.48132947583878,
            36.914488850957525,
            1324.1
          ],
          [
            138.48137805633837,
            36.91457007919967,
            1322.8
          ],
          [
            138.48142663683797,
            36.914651307441815,
            1321.7
          ],
          [
            138.48146658812016,
            36.91473534596664,
            1320.5
          ],
          [
            138.4815021968923,
            36.91482079871944,
            1319.9
          ],
          [
            138.48153344586584,
            36.91490712497142,
            1318.6
          ],
          [
            138.4815520051324,
            36.914995993645555,
            1317.7
          ],
          [
            138.48157056439896,
            36.915084862319695,
            1316.3
          ],
          [
            138.4815724874987,
            36.9151748935542,
            1315.5
          ],
          [
            138.48157332632329,
            36.9152650005595,
            1313.8
          ],
          [
            138.48157416514783,
            36.91535510756479,
            1312.4
          ],
          [
            138.4815750039724,
            36.915445214570084,
            1311.3
          ],
          [
            138.48157584279699,
            36.915535321575376,
            1309.7
          ],
          [
            138.48157668162156,
            36.91562542858067,
            1308.2
          ],
          [
            138.4815775204461,
            36.91571553558596,
            1307.6
          ],
          [
            138.48157835927069,
            36.91580564259125,
            1306.1
          ],
          [
            138.48157919809526,
            36.915895749596544,
            1304.9
          ],
          [
            138.4815800369198,
            36.915985856601836,
            1303.3
          ],
          [
            138.48158087574438,
            36.916075963607135,
            1302.1
          ],
          [
            138.48158171456896,
            36.91616607061243,
            1301.4
          ],
          [
            138.48158017272607,
            36.91625608073841,
            1300.8
          ],
          [
            138.48156799299304,
            36.91634565796417,
            1300.3
          ],
          [
            138.48155581326,
            36.91643523518994,
            1299.9
          ],
          [
            138.48154363352697,
            36.91652481241571,
            1299.2
          ],
          [
            138.4815314537939,
            36.916614389641474,
            1298.5
          ],
          [
            138.48151927406087,
            36.91670396686724,
            1297.1
          ],
          [
            138.48150709432784,
            36.916793544093004,
            1296.1
          ],
          [
            138.4814949145948,
            36.91688312131877,
            1295.5
          ],
          [
            138.48148273486177,
            36.916972698544534,
            1294.4
          ],
          [
            138.48147055512874,
            36.917062275770306,
            1293.7
          ],
          [
            138.4814583753957,
            36.91715185299607,
            1292.6
          ],
          [
            138.48144619566267,
            36.917241430221836,
            1291.5
          ],
          [
            138.48143401592964,
            36.9173310074476,
            1290.6
          ],
          [
            138.4814218361966,
            36.917420584673366,
            1289.5
          ],
          [
            138.48140965646357,
            36.91751016189913,
            1288.5
          ],
          [
            138.4813974767305,
            36.9175997391249,
            1288.0
          ],
          [
            138.48138529699747,
            36.91768931635067,
            1287.2
          ],
          [
            138.48137311726444,
            36.91777889357643,
            1286.9
          ],
          [
            138.48135138837182,
            36.917867030759815,
            1286.5
          ],
          [
            138.4813222604789,
            36.91795405215139,
            1286.2
          ],
          [
            138.48129313258596,
            36.918041073542966,
            1285.9
          ],
          [
            138.48125488923841,
            36.918125703722865,
            1284.8
          ],
          [
            138.48120525517112,
            36.918206059911704,
            1283.9
          ],
          [
            138.48114467997556,
            36.918281882478254,
            1283.3
          ],
          [
            138.48107809990086,
            36.9183544207792,
            1282.7
          ],
          [
            138.48101151982613,
            36.91842695908014,
            1282.1
          ],
          [
            138.4809449397514,
            36.918499497381084,
            1281.9
          ],
          [
            138.48087835967667,
            36.91857203568203,
            1281.3
          ],
          [
            138.48081177960194,
            36.918644573982974,
            1278.7
          ],
          [
            138.4807451995272,
            36.91871711228392,
            1276.4
          ],
          [
            138.48067446821122,
            36.91878701185458,
            1273.8
          ],
          [
            138.48060181103392,
            36.91885568725438,
            1271.9
          ],
          [
            138.48052745394995,
            36.9189231014213,
            1270.5
          ],
          [
            138.4804479144906,
            36.91898667056408,
            1268.4
          ],
          [
            138.48036837503128,
            36.91905023970686,
            1266.9
          ],
          [
            138.4802888355719,
            36.91911380884964,
            1264.6
          ],
          [
            138.48020532586256,
            36.91917371442277,
            1262.6
          ],
          [
            138.4801159191163,
            36.91922817847323,
            1260.9
          ],
          [
            138.48002651237002,
            36.9192826425237,
            1259.1
          ],
          [
            138.47993710562375,
            36.91933710657416,
            1256.7
          ],
          [
            138.4798513582356,
            36.91939512915174,
            1255.4
          ],
          [
            138.4797678357465,
            36.91945531532284,
            1253.8
          ],
          [
            138.47968431325737,
            36.91951550149395,
            1252.9
          ],
          [
            138.47960079076822,
            36.91957568766506,
            1252.0
          ],
          [
            138.4795172682791,
            36.919635873836164,
            1250.5
          ],
          [
            138.47943210257446,
            36.91969450796072,
            1249.8
          ],
          [
            138.47934466485094,
            36.91975099612264,
            1248.5
          ],
          [
            138.4792572271274,
            36.919807484284554,
            1247.4
          ],
          [
            138.47916978940387,
            36.919863972446464,
            1246.8
          ],
          [
            138.47908235168032,
            36.91992046060838,
            1247.2
          ],
          [
            138.4789949139568,
            36.9199769487703,
            1247.1
          ],
          [
            138.47890747623325,
            36.920033436932215,
            1247.5
          ],
          [
            138.47882003850972,
            36.92008992509413,
            1247.3
          ],
          [
            138.47873260078617,
            36.92014641325604,
            1246.0
          ],
          [
            138.47864516306265,
            36.92020290141796,
            1244.0
          ],
          [
            138.4785577253391,
            36.920259389579876,
            1242.3
          ],
          [
            138.4784845549194,
            36.92032741647202,
            1240.8
          ],
          [
            138.47841357229848,
            36.920397212753855,
            1239.5
          ],
          [
            138.47834258967757,
            36.9204670090357,
            1239.0
          ],
          [
            138.47827160705668,
            36.92053680531753,
            1237.6
          ],
          [
            138.47820062443577,
            36.920606601599374,
            1236.1
          ],
          [
            138.47812964181486,
            36.920676397881216,
            1235.0
          ],
          [
            138.4780615759489,
            36.92074790066752,
            1233.7
          ],
          [
            138.4780005755298,
            36.92082353723152,
            1232.4
          ],
          [
            138.47793957511067,
            36.92089917379552,
            1230.5
          ],
          [
            138.47787857469152,
            36.92097481035952,
            1229.2
          ],
          [
            138.4778175742724,
            36.921050446923516,
            1228.6
          ],
          [
            138.47775657385327,
            36.921126083487515,
            1228.2
          ]
        ]
      }
    },
    {
      "type": "Feature",
      "properties": {
        "name": "小毛無A",
        "slope_deg": [
          13.901350769509243,
          13.901350769509243,
          13.901350769509243,
          15.642246457208788,
          16.172159015782732,
          16.039943306049665,
          15.37625124882619,
          15.774985955414008,
          14.036243467926479,
          14.036243467926479,
          13.766300685466197,
          12.133880170633224,
          12.68038349181982,
          11.034209003250188,
          11.85977912094779,
          11.58512622485511,
          10.757967088389877,
          11.85977912094779,
          10.203973721731748,
          8.9505586562316,
          8.9505586562316,
          8.9505586562316
        ],
        "horizontal_dist_map": 210,
        "slope_dist_map": 216,
        "elevation_diff_map": 47.1,
        "avg_slope_deg_map": 12.3,
        "max_slope_deg_map": 16.2
      },
      "geometry": {
        "type": "LineString",
        "coordinates": [
          [
            138.4795927,
            36.9053386,
            1451.0
          ],
          [
            138.47970446408058,
            36.90534658848138,
            1449.5
          ],
          [
            138.4798140782574,
            36.90536445252645,
            1446.7
          ],
          [
            138.47992258772595,
            36.9053873910388,
            1443.6
          ],
          [
            138.48003083665694,
            36.90541091591776,
            1441.1
          ],
          [
            138.48013291684532,
            36.905448324185556,
            1438.3
          ],
          [
            138.4802281715488,
            36.90549556857839,
            1435.1
          ],
          [
            138.48032148729962,
            36.90554560717275,
            1432.1
          ],
          [
            138.48041480305048,
            36.905595645767114,
            1430.1
          ],
          [
            138.4805081188013,
            36.905645684361474,
            1427.0
          ],
          [
            138.48060143455217,
            36.90569572295584,
            1425.1
          ],
          [
            138.4806922973974,
            36.90574855025691,
            1422.1
          ],
          [
            138.48078220952448,
            36.90580245842879,
            1420.3
          ],
          [
            138.48087212165157,
            36.905856366600666,
            1418.4
          ],
          [
            138.48096057564362,
            36.90591163125971,
            1416.1
          ],
          [
            138.48104011050935,
            36.905975193284924,
            1414.3
          ],
          [
            138.4810917915093,
            36.906054796282184,
            1411.9
          ],
          [
            138.48114124500913,
            36.90613568209122,
            1410.2
          ],
          [
            138.48118036923316,
            36.90621973783249,
            1408.5
          ],
          [
            138.4812035471768,
            36.90630746178282,
            1405.9
          ],
          [
            138.48121030153683,
            36.90639740804327,
            1404.7
          ],
          [
            138.48121705589688,
            36.90648735430371,
            1403.9
          ]
        ]
      }
    },
    {
      "type": "Feature",
      "properties": {
        "name": "上ノ平ゲレンデ",
        "slope_deg": [
          4.7162212343382155,
          4.7162212343382155,
          4.7162212343382155,
          5.000644597558433,
          5.000644597558433,
          5.000644597558433,
          5.568737077976766,
          5.568737077976766,
          5.142764557884112,
          5.568737077976766,
          5.568737077976444,
          6.418786730238786,
          7.125016348901798,
          7.406912128494972,
          8.810732985984973,
          8.250387228905435,
          8.250387228905753,
          7.406912128495294,
          6.701525844729548,
          6.983937460085098,
          6.418786730238786,
          6.560196400571501,
          5.994092949108534,
          5.426812498573079,
          6.277298489597361,
          6.277298489597361,
          6.701525844729227,
          6.135733340186728,
          5.4268124985727555,
          4.573921259900927,
          3.8616074096751394,
          3.8616074096751394,
          3.576334374997351,
          4.146688825966138,
          3.8616074096751394,
          4.573921259900602,
          4.716221234338539,
          4.431564716435714,
          4.0041729407093225,
          3.148096099562824,
          3.576334374997351,
          3.8616074096751394,
          5.142764557884436,
          5.4268124985727555,
          5.4268124985727555,
          5.568737077976444,
          4.8584629190340936,
          5.852378988915814,
          5.2848210925090795,
          5.994092949108534,
          6.418786730238786,
          6.135733340186728,
          6.56019640057118,
          6.560196400571501,
          6.418786730238786,
          6.277298489597683,
          6.842773412630876,
          5.568737077976444,
          5.568737077976766,
          5.142764557884112,
          4.7162212343382155,
          4.573921259900927,
          4.8584629190340936,
          4.858462919034416,
          5.2848210925090795,
          5.994092949108534,
          6.418786730238786,
          6.701525844729227,
          6.842773412630876,
          7.266008446995867,
          7.266008446996189,
          6.98393746008542,
          5.426812498573079,
          4.146688825966138,
          2.0045340321057092,
          1.5752369256829246,
          1.8614576304666637,
          2.5765718302687652,
          4.289153328819018,
          4.573921259900927,
          5.142764557884112,
          6.418786730238786,
          6.13573334018705,
          7.406912128495294,
          7.406912128495294,
          6.98393746008542,
          7.406912128494972,
          6.277298489597683,
          6.418786730238786,
          5.994092949108213,
          5.994092949108534,
          6.418786730238786,
          6.842773412630876,
          7.547725773843367,
          7.125016348901798,
          7.406912128494972,
          6.701525844729548,
          6.418786730238786,
          6.560196400571501,
          6.560196400571501,
          6.98393746008542,
          7.266008446995867,
          8.110047829418843,
          7.829076510059608,
          7.969610394321233,
          6.98393746008542,
          6.842773412631197,
          7.125016348901798,
          6.701525844729548,
          7.406912128494972,
          6.701525844729227,
          6.701525844729548,
          6.701525844729548,
          5.852378988915814,
          6.277298489597683,
          5.994092949108213,
          5.568737077976444,
          5.710593137499643,
          4.858462919034416,
          4.858462919034416,
          5.142764557884436,
          4.7162212343382155,
          5.284821092508756,
          5.142764557884112,
          5.852378988915493,
          7.829076510059608,
          7.829076510059608,
          8.11004782941916,
          8.250387228905435,
          7.266008446995867,
          7.406912128495294,
          8.810732985984973,
          9.50877195829791,
          9.926245506651705,
          10.342657140474548,
          10.065169352759717,
          9.369385096487358,
          10.481218144131045,
          11.034209003250501,
          9.926245506651705,
          9.369385096487674,
          8.530765609948133,
          7.406912128494972,
          7.266008446996189,
          7.829076510059608,
          6.98393746008542,
          7.547725773843367,
          9.50877195829791,
          9.50877195829791,
          11.44759626368548,
          11.85977912094779,
          10.619655276155134,
          11.85977912094779,
          10.065169352759717,
          8.9505586562316,
          7.547725773843047,
          4.573921259900927,
          3.2908836860675525,
          2.147585428298503,
          1.5752369256829246,
          1.5752369256829246,
          1.002573803759802,
          0.5729386976836163,
          -0.1432391503681763,
          0.14323915036850196,
          0.5729386976836163,
          1.8614576304666637,
          2.862405226111748,
          2.5765718302687652,
          2.5765718302687652,
          1.4320961841646465,
          0.7161599454704085,
          0.1432391503681763,
          -0.2864765102771396,
          -0.1432391503681763,
          0.1432391503681763,
          1.145762838175364,
          1.7183580016555222,
          2.862405226111748,
          4.146688825966138,
          4.146688825965815,
          4.431564716436037,
          4.7162212343382155,
          4.7162212343382155,
          4.7162212343382155
        ],
        "horizontal_dist_map": 1849,
        "slope_dist_map": 1861,
        "elevation_diff_map": 187.6,
        "avg_slope_deg_map": 5.8,
        "max_slope_deg_map": 11.9
      },
      "geometry": {
        "type": "LineString",
        "coordinates": [
          [
            138.482224,
            36.907033,
            1409.8
          ],
          [
            138.48216081214264,
            36.90710746380498,
            1409.0
          ],
          [
            138.48209053171692,
            36.907177448691066,
            1408.0
          ],
          [
            138.48201185065065,
            36.90724140704577,
            1407.0
          ],
          [
            138.48192533087317,
            36.9072987853891,
            1406.5
          ],
          [
            138.4818388110957,
            36.90735616373244,
            1405.5
          ],
          [
            138.48177819064497,
            36.90743051031928,
            1404.5
          ],
          [
            138.48172556662715,
            36.907510095861625,
            1403.5
          ],
          [
            138.4816729426093,
            36.90758968140396,
            1402.6
          ],
          [
            138.48162031859147,
            36.90766926694631,
            1401.6
          ],
          [
            138.48157984203328,
            36.907753304273996,
            1400.9
          ],
          [
            138.48156078134963,
            36.907841225206795,
            1399.6
          ],
          [
            138.48156400806155,
            36.907930501063575,
            1398.7
          ],
          [
            138.48158637028237,
            36.90801880316632,
            1397.1
          ],
          [
            138.48160873250322,
            36.908107105269075,
            1395.9
          ],
          [
            138.48163109472404,
            36.90819540737183,
            1394.4
          ],
          [
            138.48166758178027,
            36.90827989901209,
            1392.5
          ],
          [
            138.48171874377383,
            36.90836002439891,
            1391.3
          ],
          [
            138.48177533086496,
            36.90843783692395,
            1390.1
          ],
          [
            138.48183191795613,
            36.90851564944899,
            1389.2
          ],
          [
            138.48183771567022,
            36.9086051591848,
            1387.8
          ],
          [
            138.48184108508536,
            36.90869522817782,
            1386.4
          ],
          [
            138.48184445450053,
            36.90878529717083,
            1385.6
          ],
          [
            138.48184782391567,
            36.90887536616385,
            1384.6
          ],
          [
            138.4818511933308,
            36.90896543515686,
            1383.6
          ],
          [
            138.48185456274598,
            36.90905550414987,
            1382.6
          ],
          [
            138.48185793216112,
            36.90914557314289,
            1381.2
          ],
          [
            138.48186128450357,
            36.90923564027629,
            1380.2
          ],
          [
            138.48182815957745,
            36.90932173419849,
            1378.9
          ],
          [
            138.48179503465133,
            36.90940782812069,
            1378.3
          ],
          [
            138.48176530392095,
            36.90949465149437,
            1377.4
          ],
          [
            138.48174045200517,
            36.909582523381076,
            1377.0
          ],
          [
            138.4817156000894,
            36.90967039526778,
            1376.2
          ],
          [
            138.4816907481736,
            36.909758267154494,
            1375.6
          ],
          [
            138.48166213202995,
            36.909845270984746,
            1374.9
          ],
          [
            138.4816251368891,
            36.90993034256151,
            1374.1
          ],
          [
            138.4815881417483,
            36.910015414138265,
            1373.5
          ],
          [
            138.48155966264648,
            36.91010257064104,
            1372.4
          ],
          [
            138.4815312629464,
            36.9101897465832,
            1371.6
          ],
          [
            138.48150286324628,
            36.91027692252537,
            1371.0
          ],
          [
            138.48148696061057,
            36.91036525743495,
            1370.7
          ],
          [
            138.48148986813288,
            36.910455336783016,
            1370.2
          ],
          [
            138.48149277565517,
            36.910545416131086,
            1369.1
          ],
          [
            138.48149568317746,
            36.91063549547915,
            1368.3
          ],
          [
            138.48150790369547,
            36.91072492414617,
            1367.1
          ],
          [
            138.48152441334074,
            36.91081405314015,
            1366.4
          ],
          [
            138.48154021567674,
            36.910903245361375,
            1365.3
          ],
          [
            138.4815485190397,
            36.91099310792499,
            1364.4
          ],
          [
            138.48155682240267,
            36.91108297048861,
            1363.7
          ],
          [
            138.48155872175232,
            36.91117292539917,
            1362.3
          ],
          [
            138.4815461294341,
            36.911261771068375,
            1361.6
          ],
          [
            138.48151113607491,
            36.91134738723176,
            1360.2
          ],
          [
            138.48147614271574,
            36.91143300339514,
            1359.2
          ],
          [
            138.48144114935653,
            36.91151861955852,
            1358.0
          ],
          [
            138.48140615599735,
            36.9116042357219,
            1357.0
          ],
          [
            138.48137213688298,
            36.91169009003053,
            1355.6
          ],
          [
            138.4813417898939,
            36.911776841956645,
            1354.7
          ],
          [
            138.48132294823606,
            36.911865658768704,
            1353.6
          ],
          [
            138.48130441405064,
            36.911954530763474,
            1352.2
          ],
          [
            138.48128091769826,
            36.91204247970574,
            1351.7
          ],
          [
            138.4812488984829,
            36.91212884324185,
            1350.8
          ],
          [
            138.48121687926755,
            36.912215206777965,
            1350.0
          ],
          [
            138.48118486005222,
            36.91230157031408,
            1348.9
          ],
          [
            138.48115284083687,
            36.91238793385019,
            1348.5
          ],
          [
            138.48112082162152,
            36.912474297386304,
            1347.4
          ],
          [
            138.48108880240616,
            36.912560660922416,
            1346.6
          ],
          [
            138.4810567831908,
            36.91264702445853,
            1345.2
          ],
          [
            138.48102476397546,
            36.91273338799464,
            1344.3
          ],
          [
            138.4809927447601,
            36.912819751530755,
            1342.9
          ],
          [
            138.48096072554475,
            36.91290611506687,
            1341.9
          ],
          [
            138.4809287063294,
            36.91299247860298,
            1340.4
          ],
          [
            138.48089668711404,
            36.91307884213909,
            1339.2
          ],
          [
            138.4808904,
            36.91316821615147,
            1337.8
          ],
          [
            138.48087291428945,
            36.91325635183768,
            1337.0
          ],
          [
            138.4808388060102,
            36.91334199937683,
            1336.6
          ],
          [
            138.4807901242453,
            36.91342318825218,
            1336.3
          ],
          [
            138.4807414424804,
            36.91350437712753,
            1336.4
          ],
          [
            138.48070863109268,
            36.91358996328003,
            1335.9
          ],
          [
            138.48068460202757,
            36.91367798279035,
            1335.3
          ],
          [
            138.48066057296242,
            36.913766002300655,
            1334.5
          ],
          [
            138.48062420044008,
            36.91385122382789,
            1333.4
          ],
          [
            138.48060024663545,
            36.91393891215647,
            1332.7
          ],
          [
            138.48058820024107,
            36.91402836245932,
            1331.7
          ],
          [
            138.48058370677614,
            36.91411839973756,
            1330.0
          ],
          [
            138.48057890011685,
            36.91420840849809,
            1329.1
          ],
          [
            138.48055817239046,
            36.91429696757592,
            1327.5
          ],
          [
            138.48053744466407,
            36.914385526653746,
            1326.5
          ],
          [
            138.48051671693767,
            36.91447408573158,
            1325.1
          ],
          [
            138.48049598921128,
            36.91456264480941,
            1323.9
          ],
          [
            138.48047526148486,
            36.91465120388723,
            1323.1
          ],
          [
            138.48045453375846,
            36.91473976296506,
            1322.0
          ],
          [
            138.48043380603207,
            36.914828322042894,
            1320.9
          ],
          [
            138.48040864896956,
            36.914916066012744,
            1319.7
          ],
          [
            138.4803792776065,
            36.9150030344465,
            1318.6
          ],
          [
            138.4803499062434,
            36.915090002880255,
            1317.2
          ],
          [
            138.4803205348803,
            36.91517697131401,
            1315.6
          ],
          [
            138.48029116351722,
            36.91526393974777,
            1314.7
          ],
          [
            138.48026179215412,
            36.91535090818152,
            1313.4
          ],
          [
            138.48023242079103,
            36.91543787661528,
            1312.5
          ],
          [
            138.48020304942793,
            36.915524845049035,
            1311.1
          ],
          [
            138.48017367806486,
            36.91561181348279,
            1310.1
          ],
          [
            138.48014430670176,
            36.91569878191655,
            1308.8
          ],
          [
            138.48013313379226,
            36.915787785061944,
            1307.6
          ],
          [
            138.48013179929694,
            36.91587788820936,
            1306.0
          ],
          [
            138.48013046480162,
            36.91596799135677,
            1304.4
          ],
          [
            138.4801291303063,
            36.91605809450419,
            1303.3
          ],
          [
            138.48013782620643,
            36.916147693765915,
            1302.0
          ],
          [
            138.48015313644936,
            36.916236960750346,
            1301.1
          ],
          [
            138.4801684466923,
            36.91632622773478,
            1299.6
          ],
          [
            138.48018309015438,
            36.91641555139047,
            1298.3
          ],
          [
            138.48019139351294,
            36.91650541390637,
            1297.3
          ],
          [
            138.4801996968715,
            36.91659527642227,
            1295.9
          ],
          [
            138.4802037,
            36.916685266852,
            1294.9
          ],
          [
            138.4802037,
            36.91677537635803,
            1293.6
          ],
          [
            138.4802037,
            36.91686548586406,
            1292.6
          ],
          [
            138.4802079839419,
            36.916955522379524,
            1291.8
          ],
          [
            138.48021274406432,
            36.917045550781744,
            1290.5
          ],
          [
            138.48021750418673,
            36.91713557918396,
            1289.4
          ],
          [
            138.48022226430916,
            36.91722560758618,
            1288.7
          ],
          [
            138.48022702443157,
            36.9173156359884,
            1287.8
          ],
          [
            138.48023178455398,
            36.91740566439062,
            1287.1
          ],
          [
            138.4802353365689,
            36.91749569538685,
            1286.0
          ],
          [
            138.48023117634074,
            36.91758574294253,
            1285.1
          ],
          [
            138.48022701611256,
            36.91767579049821,
            1284.5
          ],
          [
            138.480196823046,
            36.9177604732845,
            1283.4
          ],
          [
            138.48014646093804,
            36.91784099969514,
            1282.4
          ],
          [
            138.4800960988301,
            36.91792152610578,
            1281.0
          ],
          [
            138.4800457367222,
            36.91800205251642,
            1279.0
          ],
          [
            138.47999115207637,
            36.91808064542442,
            1277.9
          ],
          [
            138.47993047957178,
            36.91815645069821,
            1276.7
          ],
          [
            138.4798489129848,
            36.91821832311346,
            1275.2
          ],
          [
            138.47976478997228,
            36.91827794169105,
            1273.9
          ],
          [
            138.47967983106957,
            36.91833681625694,
            1272.7
          ],
          [
            138.47959487216687,
            36.91839569082283,
            1270.5
          ],
          [
            138.47950991326417,
            36.918454565388714,
            1268.5
          ],
          [
            138.47942128972394,
            36.918509839296384,
            1266.9
          ],
          [
            138.47933250810476,
            36.91856495788495,
            1265.4
          ],
          [
            138.4792437264856,
            36.918620076473516,
            1263.4
          ],
          [
            138.47915494486645,
            36.918675195062086,
            1261.9
          ],
          [
            138.4790661632473,
            36.91873031365065,
            1259.5
          ],
          [
            138.4789680709141,
            36.91877360442994,
            1257.6
          ],
          [
            138.47886796857873,
            36.918814341815086,
            1256.4
          ],
          [
            138.47876786624334,
            36.91885507920024,
            1255.3
          ],
          [
            138.47866776390796,
            36.9188958165854,
            1253.5
          ],
          [
            138.47856766157258,
            36.918936553970546,
            1252.4
          ],
          [
            138.4784675592372,
            36.9189772913557,
            1251.3
          ],
          [
            138.47839277153136,
            36.91904278546761,
            1249.8
          ],
          [
            138.47832351845284,
            36.919113692230574,
            1248.6
          ],
          [
            138.47826188750287,
            36.919188335927196,
            1247.1
          ],
          [
            138.4782149684301,
            36.91927019247897,
            1244.6
          ],
          [
            138.47816804935738,
            36.919352049030735,
            1243.1
          ],
          [
            138.47812113028462,
            36.9194339055825,
            1240.5
          ],
          [
            138.47807751843897,
            36.91951689477809,
            1238.7
          ],
          [
            138.47803641349412,
            36.91960074252547,
            1237.1
          ],
          [
            138.47799530854928,
            36.919684590272844,
            1234.7
          ],
          [
            138.47795420360444,
            36.91976843802022,
            1233.4
          ],
          [
            138.47792314818577,
            36.919854913717394,
            1232.4
          ],
          [
            138.4778948714404,
            36.919942116037284,
            1231.8
          ],
          [
            138.47786728053904,
            36.92002944734705,
            1231.5
          ],
          [
            138.47784438293246,
            36.920117661346616,
            1231.1
          ],
          [
            138.47782148532588,
            36.920205875346184,
            1230.9
          ],
          [
            138.477790170951,
            36.920292173168775,
            1230.7
          ],
          [
            138.47776124372305,
            36.92037840937329,
            1230.4
          ],
          [
            138.47775544634584,
            36.92046839851231,
            1230.4
          ],
          [
            138.4777496489686,
            36.92055838765133,
            1230.5
          ],
          [
            138.47774385159138,
            36.92064837679036,
            1230.8
          ],
          [
            138.47773805421414,
            36.92073836592938,
            1230.3
          ],
          [
            138.47773225683693,
            36.9208283550684,
            1230.0
          ],
          [
            138.4777264594597,
            36.92091834420742,
            1229.2
          ],
          [
            138.47772066208248,
            36.92100833334644,
            1228.8
          ],
          [
            138.47771486470526,
            36.92109832248546,
            1228.5
          ],
          [
            138.4777084961208,
            36.921188258389954,
            1228.2
          ],
          [
            138.4776884662433,
            36.92127692110933,
            1228.2
          ],
          [
            138.4776684363658,
            36.9213655838287,
            1228.3
          ],
          [
            138.47764840648833,
            36.92145424654808,
            1228.4
          ],
          [
            138.47762837661082,
            36.92154290926746,
            1228.4
          ],
          [
            138.47760834673335,
            36.92163157198683,
            1228.3
          ],
          [
            138.47758831685584,
            36.92172023470621,
            1228.2
          ],
          [
            138.4775699713461,
            36.921809005316724,
            1227.6
          ],
          [
            138.477572239682,
            36.92189909633445,
            1227.2
          ],
          [
            138.4775745080179,
            36.921989187352175,
            1226.3
          ],
          [
            138.47757677635383,
            36.92207927836991,
            1225.3
          ],
          [
            138.47757904468972,
            36.92216936938763,
            1224.7
          ],
          [
            138.47758131302564,
            36.92225946040536,
            1224.1
          ],
          [
            138.47758358136153,
            36.92234955142309,
            1223.0
          ]
        ]
      }
    },
    {
      "type": "Feature",
      "properties": {
        "name": "ブナ林",
        "slope_deg": [
          5.710593137499643,
          5.710593137499643,
          5.710593137499643,
          6.560196400571501,
          6.418786730238786,
          9.369385096487674,
          7.829076510059608,
          9.369385096487358,
          12.816647648997623,
          14.036243467926479,
          14.305551846621709,
          9.09027692082245,
          0.7161599454704085,
          -4.146688825966138,
          -5.710593137499643,
          -1.4320961841646465,
          5.142764557884112,
          6.418786730238786,
          9.926245506651705,
          8.250387228905435,
          6.701525844729548,
          5.142764557884112,
          2.719505461272635,
          3.290883686067228,
          2.862405226111748,
          3.576334374997351,
          3.7189939731579127,
          4.0041729407093225,
          5.142764557884112,
          5.426812498573079,
          6.560196400571501,
          6.135733340186728,
          5.000644597558433,
          5.568737077976444,
          4.431564716435714,
          5.142764557884436,
          7.266008446996189,
          6.418786730238786,
          12.133880170633535,
          8.11004782941916,
          4.573921259900602,
          4.0041729407093225,
          -1.0025738037601275,
          4.8584629190340936,
          4.858462919034416,
          4.431564716436037,
          2.5765718302687652,
          0.2864765102771396,
          1.7183580016555222,
          3.290883686067228,
          5.4268124985727555,
          6.135733340186728,
          6.56019640057118,
          5.994092949108534,
          7.688447769903003,
          9.50877195829791,
          7.829076510059608,
          5.568737077976444,
          2.862405226111748,
          -0.1432391503681763,
          0.14323915036850196,
          2.5765718302690908,
          2.7195054612723095,
          4.0041729407093225,
          4.146688825965815,
          5.142764557884112,
          5.994092949108534,
          4.7162212343382155,
          7.688447769903003,
          5.994092949108534,
          5.710593137499643,
          8.670801453590833,
          6.135733340186728,
          6.56019640057118,
          7.125016348901798,
          2.147585428298503,
          2.862405226111748,
          3.148096099562824,
          0.7161599454704085,
          4.431564716436037,
          4.431564716435714,
          4.573921259900927,
          5.000644597558433,
          5.000644597558433,
          4.289153328819018,
          4.146688825965815,
          5.4268124985727555,
          4.0041729407093225,
          3.433630362450652,
          4.146688825966138,
          3.148096099562824,
          4.7162212343382155,
          7.266008446995867,
          6.277298489597683,
          6.418786730238786,
          5.142764557884436,
          5.426812498573079,
          6.842773412630876,
          7.688447769903003,
          8.670801453590833,
          6.983937460085098,
          5.852378988915493,
          5.994092949108534,
          5.000644597558433,
          4.573921259900927,
          5.4268124985727555,
          4.7162212343382155,
          4.7162212343382155,
          5.4268124985727555,
          4.146688825966138,
          4.573921259900927,
          4.7162212343382155,
          4.7162212343382155,
          5.142764557884112,
          4.431564716435714,
          4.716221234338539,
          4.146688825966138,
          4.289153328819018,
          4.573921259900927,
          4.8584629190340936,
          4.7162212343382155,
          4.431564716436037,
          4.8584629190340936,
          4.289153328819018,
          4.573921259900927,
          5.142764557884112,
          4.858462919034416,
          3.718993973158237,
          4.289153328819018,
          3.290883686067228,
          3.576334374997351,
          5.000644597558433,
          5.852378988915493,
          4.858462919034416,
          6.135733340186728,
          6.277298489597361,
          7.266008446996189,
          7.688447769903003,
          6.277298489597683,
          6.842773412630876,
          6.983937460085098,
          8.9505586562316,
          7.125016348901798,
          7.406912128495294,
          6.842773412631197,
          5.000644597558433,
          6.135733340186728,
          4.858462919034416,
          3.8616074096748143,
          4.573921259900927,
          5.568737077976766,
          5.710593137499643,
          4.289153328819018,
          4.289153328819018,
          5.852378988915493,
          6.135733340186728,
          7.125016348901798,
          4.8584629190340936,
          2.862405226111748,
          2.862405226111748,
          2.862405226111748
        ],
        "horizontal_dist_map": 1604,
        "slope_dist_map": 1617,
        "elevation_diff_map": 144.9,
        "avg_slope_deg_map": 5.1,
        "max_slope_deg_map": 14.3
      },
      "geometry": {
        "type": "LineString",
        "coordinates": [
          [
            138.48091383417312,
            36.9086099012069,
            1384.1
          ],
          [
            138.4808121904785,
            36.90857172712744,
            1383.7
          ],
          [
            138.48071054678385,
            36.90853355304797,
            1382.7
          ],
          [
            138.48060890308923,
            36.9084953789685,
            1381.7
          ],
          [
            138.4805072593946,
            36.90845720488903,
            1380.1
          ],
          [
            138.48040561569996,
            36.90841903080957,
            1379.1
          ],
          [
            138.4803065876542,
            36.90837708509478,
            1378.2
          ],
          [
            138.48021265337997,
            36.90832779441529,
            1375.1
          ],
          [
            138.48011871910572,
            36.908278503735815,
            1374.6
          ],
          [
            138.48002278406577,
            36.90823194833737,
            1372.5
          ],
          [
            138.47992343400804,
            36.90819006166811,
            1369.1
          ],
          [
            138.4798240839503,
            36.90814817499885,
            1365.1
          ],
          [
            138.47972473389257,
            36.90810628832959,
            1364.4
          ],
          [
            138.47962538383484,
            36.90806440166034,
            1366.1
          ],
          [
            138.4795257882696,
            36.908067646147664,
            1368.6
          ],
          [
            138.47942598629703,
            36.908108834087294,
            1368.0
          ],
          [
            138.47932618432444,
            36.908150022026916,
            1368.4
          ],
          [
            138.47925606897923,
            36.908218509571675,
            1367.1
          ],
          [
            138.47919180402104,
            36.90829237708949,
            1365.0
          ],
          [
            138.47912753906283,
            36.90836624460729,
            1363.5
          ],
          [
            138.47906327410465,
            36.908440112125106,
            1361.4
          ],
          [
            138.47900193767055,
            36.908515514751976,
            1361.3
          ],
          [
            138.47894359574065,
            36.90859248707413,
            1360.3
          ],
          [
            138.47888525381077,
            36.908669459396286,
            1359.9
          ],
          [
            138.47880798599613,
            36.90873125938898,
            1359.5
          ],
          [
            138.4787122338556,
            36.908778241037,
            1359.0
          ],
          [
            138.47861648171505,
            36.90882522268502,
            1358.3
          ],
          [
            138.4785207295745,
            36.90887220433303,
            1357.4
          ],
          [
            138.47841746700539,
            36.90890288062614,
            1356.9
          ],
          [
            138.4783066906477,
            36.90891724426965,
            1356.2
          ],
          [
            138.47819591429,
            36.90893160791317,
            1354.7
          ],
          [
            138.47810240039854,
            36.90897398806036,
            1353.6
          ],
          [
            138.4780209780146,
            36.90903599238873,
            1352.3
          ],
          [
            138.47797030195002,
            36.909107441069196,
            1351.9
          ],
          [
            138.4779794092405,
            36.909197253412906,
            1351.2
          ],
          [
            138.47798851653098,
            36.909287065756615,
            1349.7
          ],
          [
            138.47799524443343,
            36.90937699010393,
            1349.2
          ],
          [
            138.47799926668145,
            36.909467041813016,
            1348.3
          ],
          [
            138.4779929514768,
            36.909556099824854,
            1346.1
          ],
          [
            138.47796257489506,
            36.90964284491443,
            1345.2
          ],
          [
            138.47791852032034,
            36.909723345511466,
            1340.6
          ],
          [
            138.47784123315034,
            36.90978867424134,
            1342.6
          ],
          [
            138.47776394598037,
            36.909854002971215,
            1342.9
          ],
          [
            138.47768665881037,
            36.90991933170109,
            1342.4
          ],
          [
            138.47759894551365,
            36.90997097260654,
            1341.3
          ],
          [
            138.47749131900963,
            36.90999647067954,
            1339.2
          ],
          [
            138.47738416003506,
            36.91001287851949,
            1339.5
          ],
          [
            138.4772795184497,
            36.909980340443724,
            1339.3
          ],
          [
            138.47717487686438,
            36.90994780236796,
            1339.5
          ],
          [
            138.4770745738652,
            36.90991007764225,
            1339.0
          ],
          [
            138.47699749219422,
            36.90984459251335,
            1338.3
          ],
          [
            138.47690851549135,
            36.909805923119634,
            1337.0
          ],
          [
            138.476797237634,
            36.90981752865237,
            1335.7
          ],
          [
            138.47671147934923,
            36.90986304410171,
            1334.7
          ],
          [
            138.47664694399006,
            36.90993676016588,
            1333.7
          ],
          [
            138.4766043988752,
            36.91001892144536,
            1332.8
          ],
          [
            138.47657344891002,
            36.910105535769326,
            1330.3
          ],
          [
            138.47659406573882,
            36.91017527210211,
            1328.0
          ],
          [
            138.47669313081144,
            36.91021692017604,
            1328.2
          ],
          [
            138.4768008915124,
            36.910242051055974,
            1328.9
          ],
          [
            138.47690627068462,
            36.9102715750866,
            1328.3
          ],
          [
            138.47700260194136,
            36.91031778959658,
            1328.1
          ],
          [
            138.4770989331981,
            36.91036400410657,
            1328.1
          ],
          [
            138.47719526445485,
            36.91041021861655,
            1327.1
          ],
          [
            138.4772880915402,
            36.91046066800158,
            1326.4
          ],
          [
            138.4773784676882,
            36.91051407940312,
            1325.3
          ],
          [
            138.47744928573434,
            36.91057914753697,
            1325.2
          ],
          [
            138.47748677566287,
            36.910664079405485,
            1323.5
          ],
          [
            138.47749985679414,
            36.91075351570113,
            1322.2
          ],
          [
            138.477449077682,
            36.91081705446305,
            1322.0
          ],
          [
            138.47735128699375,
            36.91086124915341,
            1319.8
          ],
          [
            138.477246419564,
            36.91087637990821,
            1319.3
          ],
          [
            138.47713510130657,
            36.91086501733407,
            1318.2
          ],
          [
            138.4770237830491,
            36.910853654759926,
            1315.9
          ],
          [
            138.47691246479167,
            36.91084229218579,
            1315.5
          ],
          [
            138.47680460564533,
            36.91081809103679,
            1314.7
          ],
          [
            138.47669739385802,
            36.910791487199184,
            1313.2
          ],
          [
            138.4765877897374,
            36.91077921370535,
            1314.4
          ],
          [
            138.47647563764852,
            36.91078220282637,
            1313.5
          ],
          [
            138.47636403420205,
            36.91078821493566,
            1312.5
          ],
          [
            138.47625548489435,
            36.91081105517444,
            1312.7
          ],
          [
            138.47614693558663,
            36.91083389541323,
            1311.3
          ],
          [
            138.47604139805526,
            36.91086090361044,
            1310.4
          ],
          [
            138.47596283994685,
            36.910925248283306,
            1309.3
          ],
          [
            138.4758842818384,
            36.91098959295617,
            1309.2
          ],
          [
            138.47580572373,
            36.91105393762903,
            1307.8
          ],
          [
            138.47572716562158,
            36.91111828230189,
            1307.4
          ],
          [
            138.4756631407123,
            36.911191126523455,
            1306.4
          ],
          [
            138.4756109811455,
            36.91127091003315,
            1305.4
          ],
          [
            138.47555882157872,
            36.91135069354286,
            1305.0
          ],
          [
            138.47550666201192,
            36.911430477052555,
            1305.0
          ],
          [
            138.47543376223118,
            36.911497644212766,
            1303.5
          ],
          [
            138.47535224075438,
            36.9115595667631,
            1303.2
          ],
          [
            138.47526914152007,
            36.91162009968937,
            1301.7
          ],
          [
            138.475184840267,
            36.91167957392679,
            1299.9
          ],
          [
            138.4750904882047,
            36.911727893251125,
            1299.1
          ],
          [
            138.4749937719117,
            36.911773588628705,
            1298.7
          ],
          [
            138.47489972053077,
            36.91182270556587,
            1298.1
          ],
          [
            138.47480622846174,
            36.91187254062012,
            1296.1
          ],
          [
            138.4747710870431,
            36.911955169481374,
            1294.3
          ],
          [
            138.47474479231286,
            36.91204277029391,
            1293.3
          ],
          [
            138.4747676730904,
            36.912129762486565,
            1292.0
          ],
          [
            138.4748041519897,
            36.912212966960766,
            1291.2
          ],
          [
            138.47489343278724,
            36.912267555505295,
            1290.2
          ],
          [
            138.4749877939024,
            36.91231558415548,
            1289.1
          ],
          [
            138.47508824910034,
            36.91235574390015,
            1288.5
          ],
          [
            138.47519063026544,
            36.912392276747894,
            1288.0
          ],
          [
            138.47529626500176,
            36.912422682613006,
            1286.4
          ],
          [
            138.47536787503253,
            36.91247149204269,
            1285.8
          ],
          [
            138.47536326930387,
            36.91256152568366,
            1285.2
          ],
          [
            138.47535866357524,
            36.91265155932463,
            1284.2
          ],
          [
            138.4753269871544,
            36.91273774561813,
            1283.5
          ],
          [
            138.47529282956742,
            36.912823579282744,
            1282.6
          ],
          [
            138.47525867198044,
            36.91290941294736,
            1281.9
          ],
          [
            138.47522987469395,
            36.91299628887809,
            1280.9
          ],
          [
            138.4752113489878,
            36.9130851620327,
            1279.9
          ],
          [
            138.47518210592747,
            36.91317212517841,
            1279.5
          ],
          [
            138.47515207064225,
            36.91325894713662,
            1278.6
          ],
          [
            138.47512203535703,
            36.913345769094825,
            1278.0
          ],
          [
            138.4750916309952,
            36.913432505258456,
            1276.9
          ],
          [
            138.4750592580289,
            36.91351878380551,
            1276.3
          ],
          [
            138.47502688506262,
            36.91360506235256,
            1275.2
          ],
          [
            138.47499451209632,
            36.91369134089961,
            1274.7
          ],
          [
            138.47494372969052,
            36.913771569604776,
            1273.8
          ],
          [
            138.47488765874763,
            36.913848505130034,
            1272.9
          ],
          [
            138.4747933242895,
            36.913897308955285,
            1272.2
          ],
          [
            138.47469020035953,
            36.913914577567816,
            1271.5
          ],
          [
            138.47458771179382,
            36.91388681046878,
            1270.2
          ],
          [
            138.47450342467477,
            36.913828028710476,
            1269.5
          ],
          [
            138.47448214453766,
            36.91373955417194,
            1269.6
          ],
          [
            138.47446086440053,
            36.9136510796334,
            1268.5
          ],
          [
            138.47441889067974,
            36.913567556202125,
            1267.9
          ],
          [
            138.4743763949102,
            36.91348415767524,
            1267.0
          ],
          [
            138.47430026955908,
            36.91342146747988,
            1266.1
          ],
          [
            138.47421124189424,
            36.91337355596032,
            1264.4
          ],
          [
            138.47412628406371,
            36.91343242648482,
            1264.5
          ],
          [
            138.4740771926274,
            36.91350705562911,
            1262.7
          ],
          [
            138.47406125561517,
            36.913596251834726,
            1261.7
          ],
          [
            138.47404531860292,
            36.91368544804034,
            1259.3
          ],
          [
            138.47408345530627,
            36.91376698406428,
            1259.1
          ],
          [
            138.4741364408235,
            36.913846416578025,
            1258.3
          ],
          [
            138.47418942634073,
            36.91392584909177,
            1256.9
          ],
          [
            138.47424241185797,
            36.91400528160551,
            1254.4
          ],
          [
            138.47428277859166,
            36.91408921565601,
            1252.8
          ],
          [
            138.47432066596775,
            36.91417403417525,
            1253.3
          ],
          [
            138.47435855334382,
            36.91425885269448,
            1251.7
          ],
          [
            138.47438060698676,
            36.914345689493175,
            1249.6
          ],
          [
            138.4743772936425,
            36.91443575974722,
            1249.3
          ],
          [
            138.47437398029825,
            36.91452583000127,
            1249.0
          ],
          [
            138.474370666954,
            36.91461590025532,
            1248.3
          ],
          [
            138.47436735360975,
            36.91470597050937,
            1246.9
          ],
          [
            138.47436238415634,
            36.914795920394155,
            1246.1
          ],
          [
            138.474345502225,
            36.914885004456735,
            1245.1
          ],
          [
            138.47432862029365,
            36.91497408851931,
            1244.3
          ],
          [
            138.47428412669032,
            36.91505377154433,
            1243.9
          ],
          [
            138.47421611729493,
            36.91512544806963,
            1243.1
          ],
          [
            138.47414810789957,
            36.91519712459494,
            1241.0
          ],
          [
            138.47410710101545,
            36.91527962953961,
            1240.0
          ],
          [
            138.47407659656733,
            36.9153663461215,
            1238.9
          ],
          [
            138.47405218295506,
            36.915453503893914,
            1239.7
          ],
          [
            138.47406286792685,
            36.915543204037,
            1239.0
          ]
        ]
      }
    },
    {
      "type": "Feature",
      "properties": {
        "name": "湯の峰ゲレンデ",
        "slope_deg": [
          11.85977912094779,
          11.85977912094779,
          11.85977912094779,
          10.203973721731748,
          11.034209003250188,
          8.9505586562316,
          8.9505586562316,
          9.369385096487358,
          9.50877195829791,
          9.926245506651705,
          9.64804531609841,
          11.034209003250188,
          11.996899307923577,
          13.088732789694,
          13.360218444764483,
          12.407418527400683,
          12.270720357815385,
          11.7225209701022,
          12.543973346571923,
          11.859779120948104,
          11.7225209701022,
          12.816647648997623,
          10.757967088390194,
          10.065169352759717,
          8.530765609948133,
          5.710593137499643,
          5.852378988915493,
          6.13573334018705,
          5.568737077976766,
          6.56019640057118,
          5.994092949108534,
          5.994092949108213,
          5.568737077976444,
          4.0041729407093225,
          2.0045340321057092,
          1.2889375601870259,
          1.2889375601870259,
          1.2889375601870259
        ],
        "horizontal_dist_map": 379,
        "slope_dist_map": 385,
        "elevation_diff_map": 58.0,
        "avg_slope_deg_map": 8.6,
        "max_slope_deg_map": 13.4
      },
      "geometry": {
        "type": "LineString",
        "coordinates": [
          [
            138.4740490288753,
            36.91567747891504,
            1239.1
          ],
          [
            138.4739818461064,
            36.91574965678163,
            1236.8
          ],
          [
            138.4739146633375,
            36.91582183464821,
            1235.5
          ],
          [
            138.47384748056862,
            36.9158940125148,
            1232.8
          ],
          [
            138.47378029779972,
            36.91596619038139,
            1230.7
          ],
          [
            138.47371311503082,
            36.916038368247975,
            1229.6
          ],
          [
            138.47364593226192,
            36.91611054611456,
            1227.7
          ],
          [
            138.47357874949304,
            36.916182723981144,
            1226.5
          ],
          [
            138.47351156672414,
            36.91625490184773,
            1224.4
          ],
          [
            138.47344438395524,
            36.916327079714314,
            1223.0
          ],
          [
            138.47335880137643,
            36.91638535208887,
            1221.0
          ],
          [
            138.47327314097035,
            36.91644356564613,
            1219.5
          ],
          [
            138.47318748056423,
            36.91650177920339,
            1217.6
          ],
          [
            138.47310182015815,
            36.916559992760654,
            1215.2
          ],
          [
            138.47300870381807,
            36.91660948050888,
            1212.5
          ],
          [
            138.47291023431296,
            36.91665270335508,
            1210.2
          ],
          [
            138.47281176480783,
            36.91669592620128,
            1208.1
          ],
          [
            138.47271329530273,
            36.91673914904748,
            1206.4
          ],
          [
            138.4726148257976,
            36.916782371893675,
            1203.8
          ],
          [
            138.47250911301612,
            36.916810596033116,
            1201.9
          ],
          [
            138.47240009460106,
            36.91683197517229,
            1199.2
          ],
          [
            138.472291076186,
            36.91685335431147,
            1198.0
          ],
          [
            138.47218205777094,
            36.91687473345065,
            1195.5
          ],
          [
            138.47207314516632,
            36.916896432497786,
            1192.8
          ],
          [
            138.47196528330133,
            36.91692130835785,
            1191.6
          ],
          [
            138.4718574214363,
            36.91694618421791,
            1190.9
          ],
          [
            138.47174955957132,
            36.916971060077984,
            1189.5
          ],
          [
            138.4716416977063,
            36.91699593593805,
            1188.8
          ],
          [
            138.4715385842659,
            36.917030215741086,
            1187.5
          ],
          [
            138.47143960298052,
            36.91707267900586,
            1186.6
          ],
          [
            138.47134062169516,
            36.91711514227064,
            1185.6
          ],
          [
            138.4712416404098,
            36.917157605535415,
            1184.2
          ],
          [
            138.47114174206266,
            36.91719864177482,
            1183.3
          ],
          [
            138.47104128043605,
            36.917238801504006,
            1182.4
          ],
          [
            138.47094081880948,
            36.9172789612332,
            1181.7
          ],
          [
            138.47084035718288,
            36.9173191209624,
            1181.4
          ],
          [
            138.47073416482178,
            36.91734782016768,
            1181.9
          ],
          [
            138.47062700893736,
            36.91737459248521,
            1181.5
          ]
        ]
      }
    }
  ]
}