{
  "type": "FeatureCollection",
  "features": [
    {
      "type": "Feature",
      "properties": {
        "name": "小倉沢",
        "slope_deg": [
          8.810732985984894,
          8.810732985984894,
          8.810732985984894,
          9.50877195829783,
          9.369385096487514,
          8.810732985984894,
          9.50877195829783,
          10.065169352759877,
          8.670801453590993,
          10.896152141141194,
          13.901350769509168,
          14.708303899682749,
          17.614643300007028,
          18.133621430820337,
          17.092662950267496,
          20.17838007450872,
          19.925580658184323,
          16.830565983210626,
          19.6719699892005,
          15.509334522674907,
          14.842227057911055,
          18.64953875405141,
          11.172136252167194,
          13.224551192213497,
          11.996899307923577,
          9.369385096487436,
          11.172136252167116,
          12.816647648997467,
          14.574216198038783,
          14.574216198038783,
          16.69924423399362,
          13.631094443421526,
          13.495733280795767,
          14.708303899682749,
          13.224551192213573,
          14.842227057911055,
          12.270720357815385,
          10.896152141141116,
          9.926245506651705,
          6.1357333401868095,
          7.266008446995947,
          6.418786730238786,
          8.810732985984894,
          10.203973721731668,
          10.342657140474627,
          11.034209003250266,
          10.203973721731668,
          9.648045316098171,
          9.369385096487514,
          8.530765609948133,
          8.39062701325255,
          8.390627013252628,
          8.11004782941908,
          8.39062701325255,
          7.547725773843127,
          7.547725773843047,
          6.56019640057126,
          6.701525844729468,
          6.983937460085339,
          6.701525844729548,
          7.266008446996026,
          6.842773412630957,
          8.39062701325255,
          8.39062701325255,
          9.09027692082233,
          9.648045316098171,
          9.09027692082233,
          9.648045316098171,
          8.670801453590954,
          8.390627013252587,
          7.547725773843085,
          7.68844776990284,
          8.250387228905515,
          8.11004782941908,
          9.22988624372772,
          9.09027692082233,
          8.810732985984894,
          9.369385096487477,
          9.369385096487514,
          9.926245506651705,
          10.065169352759836,
          10.757967088390036,
          11.034209003250226,
          11.447596263685595,
          12.13388017063334,
          10.896152141141116,
          10.342657140474627,
          9.648045316098171,
          8.95055865623168,
          9.648045316098171,
          9.09027692082233,
          9.22988624372772,
          10.342657140474627,
          9.926245506651705,
          10.342657140474588,
          10.896152141141116,
          9.787203664656081,
          9.926245506651705,
          9.09027692082233,
          8.530765609948133,
          9.22988624372772,
          9.090276920822289,
          10.203973721731668,
          10.065169352759877,
          9.787203664656122,
          10.342657140474627,
          10.481218144130926,
          11.447596263685595,
          10.619655276155134,
          11.447596263685595,
          11.034209003250266,
          8.950558656231639,
          9.648045316098171,
          7.96961039432135,
          8.250387228905476,
          9.22988624372772,
          8.670801453590954,
          9.926245506651705,
          10.203973721731709,
          10.481218144130926,
          11.996899307923577,
          12.13388017063338,
          10.619655276155134,
          9.926245506651705,
          9.926245506651705,
          9.926245506651705,
          9.926245506651705
        ],
        "horizontal_dist_map": 1258,
        "slope_dist_map": 1284,
        "elevation_diff_map": 233.6,
        "avg_slope_deg_map": 10.3,
        "max_slope_deg_map": 20.2
      },
      "geometry": {
        "type": "LineString",
        "coordinates": [
          [
            139.5041048,
            38.0055259,
            380.5
          ],
          [
            139.50410448108545,
            38.00543580748271,
            379.5
          ],
          [
            139.5041041621709,
            38.00534571496542,
            377.1
          ],
          [
            139.50410384325636,
            38.00525562244814,
            375.3
          ],
          [
            139.50410352434182,
            38.00516552993085,
            374.3
          ],
          [
            139.50410320542727,
            38.00507543741356,
            372.8
          ],
          [
            139.50410288651273,
            38.00498534489627,
            370.5
          ],
          [
            139.50410256759818,
            38.00489525237898,
            369.1
          ],
          [
            139.5041022486836,
            38.0048051598617,
            367.6
          ],
          [
            139.5041018563688,
            38.00471506752653,
            365.7
          ],
          [
            139.50410143336023,
            38.00462497526754,
            364.4
          ],
          [
            139.5041010103517,
            38.00453488300854,
            361.4
          ],
          [
            139.50410058734312,
            38.004444790749545,
            357.7
          ],
          [
            139.50410016433457,
            38.00435469849055,
            355.2
          ],
          [
            139.504099741326,
            38.00426460623155,
            351.7
          ],
          [
            139.50410933152602,
            38.004175263122846,
            348.3
          ],
          [
            139.50413108760702,
            38.004086830219215,
            345.4
          ],
          [
            139.50415284368802,
            38.00399839731559,
            340.5
          ],
          [
            139.50417459976904,
            38.00390996441196,
            337.2
          ],
          [
            139.50419037208354,
            38.00382129476082,
            336.2
          ],
          [
            139.50417987326574,
            38.00373158569325,
            331.1
          ],
          [
            139.50416937444794,
            38.00364187662569,
            329.4
          ],
          [
            139.50415887563014,
            38.00355216755813,
            326.6
          ],
          [
            139.5041672432538,
            38.00346381262686,
            322.7
          ],
          [
            139.50419797063662,
            38.00337706256432,
            323.2
          ],
          [
            139.50422869801946,
            38.003290312501775,
            320.0
          ],
          [
            139.5042594254023,
            38.00320356243923,
            318.1
          ],
          [
            139.5042872193075,
            38.00311619596367,
            316.1
          ],
          [
            139.5043149351251,
            38.003028813079524,
            315.3
          ],
          [
            139.50434265094268,
            38.00294143019538,
            310.9
          ],
          [
            139.50437036676027,
            38.002854047311224,
            307.7
          ],
          [
            139.50439808257786,
            38.00276666442708,
            305.7
          ],
          [
            139.50442486507328,
            38.002679100838336,
            303.3
          ],
          [
            139.50445127673933,
            38.002591465451694,
            301.2
          ],
          [
            139.5044776884054,
            38.00250383006505,
            298.1
          ],
          [
            139.50450410007141,
            38.00241619467841,
            295.2
          ],
          [
            139.50453051173747,
            38.00232855929177,
            293.9
          ],
          [
            139.50455692340353,
            38.00224092390512,
            290.6
          ],
          [
            139.50458333506958,
            38.00215328851848,
            289.4
          ],
          [
            139.50460974673564,
            38.00206565313184,
            287.5
          ],
          [
            139.50461628393535,
            38.001976530336265,
            286.9
          ],
          [
            139.50453666926418,
            38.0019303583857,
            286.3
          ],
          [
            139.5044327490276,
            38.001949765130504,
            284.3
          ],
          [
            139.5043373300208,
            38.00199891702257,
            283.0
          ],
          [
            139.50424191101402,
            38.002048068914625,
            280.7
          ],
          [
            139.5041562519411,
            38.002107313785835,
            279.1
          ],
          [
            139.50407135169408,
            38.00216734337687,
            277.0
          ],
          [
            139.50398645144705,
            38.0022273729679,
            275.2
          ],
          [
            139.50390155120002,
            38.002287402558935,
            273.5
          ],
          [
            139.50381665095298,
            38.00234743214997,
            272.3
          ],
          [
            139.50373175070595,
            38.002407461741,
            270.4
          ],
          [
            139.50364202361322,
            38.00246252810007,
            269.2
          ],
          [
            139.50354694197517,
            38.00251208861694,
            267.6
          ],
          [
            139.5034518603371,
            38.00256164913382,
            266.4
          ],
          [
            139.50335677869904,
            38.00261120965069,
            264.7
          ],
          [
            139.50326169706096,
            38.002660770167566,
            263.3
          ],
          [
            139.5031666154229,
            38.00271033068444,
            262.3
          ],
          [
            139.50307153378483,
            38.002759891201315,
            261.1
          ],
          [
            139.50298012116914,
            38.002813395174826,
            260.1
          ],
          [
            139.5028920766592,
            38.002870519180526,
            258.6
          ],
          [
            139.5028040321493,
            38.00292764318623,
            257.4
          ],
          [
            139.50274043986698,
            38.00300225536421,
            256.4
          ],
          [
            139.50267748569038,
            38.00307732391378,
            255.0
          ],
          [
            139.50261453151376,
            38.00315239246335,
            253.8
          ],
          [
            139.5025397782654,
            38.00322032988517,
            251.5
          ],
          [
            139.50246481238884,
            38.003288138798645,
            250.5
          ],
          [
            139.50238984651227,
            38.003355947712116,
            248.6
          ],
          [
            139.50229889189902,
            38.003409126663634,
            247.0
          ],
          [
            139.50220327513154,
            38.00345803966589,
            245.1
          ],
          [
            139.50210765836403,
            38.00350695266814,
            243.7
          ],
          [
            139.50201204159654,
            38.0035558656704,
            242.5
          ],
          [
            139.50192291405,
            38.00361191421636,
            241.1
          ],
          [
            139.50183392724702,
            38.00366811752384,
            239.8
          ],
          [
            139.50174494044404,
            38.00372432083132,
            238.3
          ],
          [
            139.50167391305294,
            38.00379314480387,
            236.7
          ],
          [
            139.50161389137057,
            38.003869702847226,
            235.4
          ],
          [
            139.50155386968817,
            38.00394626089059,
            233.3
          ],
          [
            139.50149384800577,
            38.00402281893395,
            231.9
          ],
          [
            139.5014338263234,
            38.0040993769773,
            230.5
          ],
          [
            139.5013644916273,
            38.004170615863536,
            228.8
          ],
          [
            139.50129155855709,
            38.00423979952705,
            226.7
          ],
          [
            139.50121862548684,
            38.004308983190555,
            224.9
          ],
          [
            139.50114569241663,
            38.00437816685406,
            223.4
          ],
          [
            139.50106821611047,
            38.004443799850954,
            221.2
          ],
          [
            139.50098168909315,
            38.00450235946263,
            218.9
          ],
          [
            139.50089516207586,
            38.00456091907431,
            216.8
          ],
          [
            139.50080826554895,
            38.00461906041462,
            214.8
          ],
          [
            139.5007090360728,
            38.00466324130684,
            213.5
          ],
          [
            139.50060980659669,
            38.00470742219906,
            211.6
          ],
          [
            139.50051360968635,
            38.004755287132184,
            210.0
          ],
          [
            139.5004224267222,
            38.00480924313925,
            208.5
          ],
          [
            139.500331243758,
            38.004863199146314,
            206.7
          ],
          [
            139.50024006079383,
            38.004917155153386,
            205.2
          ],
          [
            139.50014887782967,
            38.00497111116045,
            203.5
          ],
          [
            139.5000576948655,
            38.005025067167516,
            201.2
          ],
          [
            139.4999665119013,
            38.00507902317458,
            199.7
          ],
          [
            139.49986401082876,
            38.005114305912336,
            197.9
          ],
          [
            139.4997537528195,
            38.00513679080762,
            195.8
          ],
          [
            139.49964349481024,
            38.005159275702894,
            194.3
          ],
          [
            139.49953323680097,
            38.00518176059817,
            192.7
          ],
          [
            139.49942239782422,
            38.005202332751686,
            191.5
          ],
          [
            139.49931126613586,
            38.00522194119958,
            189.8
          ],
          [
            139.49920013444753,
            38.00524154964747,
            187.8
          ],
          [
            139.4990890027592,
            38.005261158095365,
            186.3
          ],
          [
            139.49897787107088,
            38.00528076654325,
            184.3
          ],
          [
            139.49886688746025,
            38.00530089089548,
            182.7
          ],
          [
            139.4987559613821,
            38.00532121569137,
            180.9
          ],
          [
            139.49864503530392,
            38.005341540487265,
            179.0
          ],
          [
            139.49853410922574,
            38.00536186528316,
            176.9
          ],
          [
            139.49842318314757,
            38.00538219007906,
            174.6
          ],
          [
            139.4983107079759,
            38.005394674057364,
            173.4
          ],
          [
            139.4981972344195,
            38.00540210465954,
            170.9
          ],
          [
            139.49808376086315,
            38.00540953526171,
            169.1
          ],
          [
            139.49797028730677,
            38.00541696586389,
            168.3
          ],
          [
            139.4978568137504,
            38.00542439646606,
            166.6
          ],
          [
            139.49774331364125,
            38.005431562046304,
            165.3
          ],
          [
            139.4976297765589,
            38.00543835859919,
            163.3
          ],
          [
            139.49751623947657,
            38.00544515515208,
            161.8
          ],
          [
            139.49740270239425,
            38.00545195170497,
            160.5
          ],
          [
            139.4972891653119,
            38.00545874825786,
            158.3
          ],
          [
            139.49717551266545,
            38.00546202843014,
            156.1
          ],
          [
            139.4970616825916,
            38.00545990984937,
            154.4
          ],
          [
            139.49694785251776,
            38.00545779126861,
            152.0
          ],
          [
            139.49683402244392,
            38.005455672687845,
            149.7
          ],
          [
            139.49672019237008,
            38.00545355410708,
            148.6
          ],
          [
            139.49660636229626,
            38.00545143552632,
            147.4
          ],
          [
            139.49650712498132,
            38.00544958854283,
            146.9
          ]
        ]
      }
    },
    {
      "type": "Feature",
      "properties": {
        "name": "鹿ノ俣ゲレンデ_下部_2",
        "slope_deg": [
          9.369385096487436,
          9.369385096487436,
          9.369385096487436,
          10.065169352759877,
          13.631094443421526,
          14.97598451475675,
          17.223436191131505,
          17.092662950267425,
          14.975984514756677,
          13.631094443421526,
          14.30555184662194,
          16.304198003832376,
          16.039943306049665,
          17.48442732322066,
          16.039943306049665,
          13.631094443421526,
          14.036243467926518,
          12.40741852740076,
          11.585126224855031,
          15.10957512234044,
          15.242997742901586,
          14.305551846621977,
          13.766300685466273,
          9.648045316098171,
          7.547725773843085,
          8.670801453590954,
          8.530765609948133,
          8.250387228905476,
          8.390627013252587,
          8.390627013252587,
          8.390627013252587,
          8.530765609948133,
          9.09027692082233,
          8.810732985984894,
          9.09027692082233,
          8.390627013252587,
          7.96961039432135,
          7.96961039432135,
          10.481218144130889,
          11.309932474020215,
          11.72252097010228,
          8.95055865623168,
          3.4336303624505304,
          2.576571830268847,
          1.5752369256830465,
          3.4336303624505304,
          5.710593137499643,
          7.266008446995988,
          6.560196400571301,
          6.418786730238786,
          7.125016348901798,
          6.842773412630957,
          7.688447769902882,
          7.406912128495215,
          6.1357333401868095,
          5.284821092509,
          5.710593137499643,
          5.568737077976645,
          5.4268124985727955,
          3.8616074096750577,
          -0.8593722436446727,
          -4.004172940709404,
          -2.147585428298503,
          5.000644597558433,
          11.034209003250226,
          14.574216198038746,
          13.224551192213537,
          7.125016348901798,
          4.858462919034295,
          3.861607409675098,
          4.1466888259660175,
          5.852378988915653,
          6.701525844729468,
          8.530765609948133,
          8.670801453590954,
          7.547725773843085,
          7.969610394321392,
          7.125016348901798,
          6.842773412630957,
          6.842773412630957,
          5.710593137499643,
          5.284821092509,
          4.716221234338256,
          4.004172940709363,
          2.862405226111748,
          3.8616074096750577,
          4.1466888259660175,
          4.289153328819018,
          5.710593137499643,
          5.710593137499643,
          5.710593137499643,
          5.710593137499643
        ],
        "horizontal_dist_map": 906,
        "slope_dist_map": 921,
        "elevation_diff_map": 133.7,
        "avg_slope_deg_map": 8.3,
        "max_slope_deg_map": 17.5
      },
      "geometry": {
        "type": "LineString",
        "coordinates": [
          [
            139.50126151217657,
            38.007417744795504,
            300.2
          ],
          [
            139.50115671458647,
            38.00745297559761,
            298.5
          ],
          [
            139.50105191699637,
            38.00748820639971,
            297.0
          ],
          [
            139.50094711940628,
            38.00752343720181,
            295.1
          ],
          [
            139.50084329826,
            38.00756006612234,
            293.6
          ],
          [
            139.5007498324489,
            38.00761152230127,
            291.4
          ],
          [
            139.50065636663777,
            38.00766297848019,
            287.3
          ],
          [
            139.50056898852395,
            38.00772067246523,
            284.4
          ],
          [
            139.50048243189988,
            38.007779208196126,
            281.2
          ],
          [
            139.50039587527584,
            38.00783774392703,
            279.1
          ],
          [
            139.5003093186518,
            38.00789627965792,
            276.6
          ],
          [
            139.50023450942527,
            38.0079641014271,
            274.7
          ],
          [
            139.50016061140474,
            38.00803264348295,
            271.0
          ],
          [
            139.50008671338423,
            38.00810118553879,
            267.4
          ],
          [
            139.50000719931577,
            38.00816509374172,
            265.1
          ],
          [
            139.4999175486359,
            38.00822063813312,
            262.1
          ],
          [
            139.49982789795604,
            38.00827618252451,
            259.5
          ],
          [
            139.49973018341026,
            38.00832167583816,
            257.7
          ],
          [
            139.4996285032141,
            38.008362226229835,
            255.1
          ],
          [
            139.49952682301796,
            38.0084027766215,
            253.3
          ],
          [
            139.49942514282182,
            38.008443327013175,
            251.3
          ],
          [
            139.49932346262565,
            38.00848387740484,
            246.9
          ],
          [
            139.49922193585886,
            38.00852466720933,
            244.2
          ],
          [
            139.49912054600054,
            38.00856567064726,
            243.1
          ],
          [
            139.4990191561422,
            38.00860667408518,
            241.5
          ],
          [
            139.49891776628385,
            38.00864767752311,
            240.1
          ],
          [
            139.4988163764255,
            38.008688680961036,
            238.9
          ],
          [
            139.49871498656717,
            38.00872968439896,
            237.0
          ],
          [
            139.49862027062522,
            38.00877968798927,
            235.5
          ],
          [
            139.4985255723527,
            38.008829715407806,
            234.3
          ],
          [
            139.49843087408019,
            38.008879742826345,
            233.0
          ],
          [
            139.49833617580765,
            38.00892977024488,
            231.1
          ],
          [
            139.4982417580616,
            38.00898012815567,
            229.6
          ],
          [
            139.49814743760115,
            38.009030600680035,
            228.3
          ],
          [
            139.4980531171407,
            38.00908107320439,
            226.6
          ],
          [
            139.49794223889145,
            38.009088509954005,
            224.9
          ],
          [
            139.4978284787832,
            38.009086259575746,
            223.2
          ],
          [
            139.4977150118748,
            38.00907871227922,
            222.4
          ],
          [
            139.49760154496636,
            38.0090711649827,
            221.0
          ],
          [
            139.49748847823867,
            38.009060714933774,
            219.3
          ],
          [
            139.49737844727548,
            38.0090423548179,
            215.8
          ],
          [
            139.49728082784586,
            38.008995975129835,
            214.4
          ],
          [
            139.49718320841623,
            38.00894959544177,
            212.7
          ],
          [
            139.49708819701155,
            38.00890080301791,
            213.0
          ],
          [
            139.49701514681118,
            38.0088316938464,
            213.4
          ],
          [
            139.49694209661084,
            38.008762584674905,
            212.6
          ],
          [
            139.4968718895635,
            38.008692062988686,
            211.6
          ],
          [
            139.4968249524656,
            38.008609980494484,
            210.6
          ],
          [
            139.4968007559504,
            38.00852243965572,
            209.4
          ],
          [
            139.4967845155199,
            38.00843334706829,
            207.5
          ],
          [
            139.49677765683518,
            38.00834341783323,
            207.0
          ],
          [
            139.49677079815044,
            38.00825348859818,
            206.1
          ],
          [
            139.4967630112155,
            38.008163608770595,
            204.4
          ],
          [
            139.49675458461505,
            38.00807376299014,
            202.7
          ],
          [
            139.49674368571144,
            38.00798408804666,
            201.6
          ],
          [
            139.49673301924955,
            38.00789439722309,
            200.9
          ],
          [
            139.49672497656783,
            38.00780455000361,
            200.1
          ],
          [
            139.4967358967128,
            38.007714872449554,
            199.0
          ],
          [
            139.49674681685775,
            38.007625194895496,
            197.6
          ],
          [
            139.49674553000278,
            38.00753545566469,
            197.0
          ],
          [
            139.4967110834765,
            38.00745119152938,
            196.3
          ],
          [
            139.49666041280184,
            38.00737051100561,
            196.3
          ],
          [
            139.49663364074488,
            38.00728404955249,
            198.2
          ],
          [
            139.49665103334573,
            38.00719768921264,
            199.8
          ],
          [
            139.49668366193987,
            38.00711162364295,
            197.8
          ],
          [
            139.49672436410023,
            38.007027903392014,
            192.8
          ],
          [
            139.49678539987121,
            38.00695348663127,
            190.4
          ],
          [
            139.4968653726571,
            38.0068893560927,
            189.4
          ],
          [
            139.49694775959082,
            38.00682720186152,
            188.4
          ],
          [
            139.49703148292207,
            38.006766141652946,
            187.8
          ],
          [
            139.49712003548228,
            38.006709631799254,
            187.0
          ],
          [
            139.4972081006909,
            38.006652803096074,
            186.7
          ],
          [
            139.49728148060575,
            38.00658445751761,
            185.5
          ],
          [
            139.49731751847622,
            38.00650208922797,
            183.7
          ],
          [
            139.497306004543,
            38.006416285869356,
            182.3
          ],
          [
            139.49720473144296,
            38.00638595757147,
            180.7
          ],
          [
            139.49710256129816,
            38.006422232838695,
            179.4
          ],
          [
            139.49701309447065,
            38.00647758206854,
            178.4
          ],
          [
            139.49692704884941,
            38.00653658619051,
            176.7
          ],
          [
            139.49683930706308,
            38.00659400526161,
            175.7
          ],
          [
            139.49675100317347,
            38.006650876543645,
            174.6
          ],
          [
            139.4966619421956,
            38.00670700991855,
            173.6
          ],
          [
            139.49657288121776,
            38.006763143293455,
            172.7
          ],
          [
            139.4964838202399,
            38.00681927666836,
            172.0
          ],
          [
            139.4964066972338,
            38.0068844601734,
            171.3
          ],
          [
            139.49633962681304,
            38.00695726450441,
            170.8
          ],
          [
            139.49628365931164,
            38.007035303717295,
            170.7
          ],
          [
            139.49623136822268,
            38.00711519807329,
            169.3
          ],
          [
            139.49617094675858,
            38.007191560242646,
            168.4
          ],
          [
            139.4961152943639,
            38.007269965117345,
            167.8
          ],
          [
            139.49606752035973,
            38.00735174449325,
            166.7
          ],
          [
            139.4960375633232,
            38.00740302484527,
            166.5
          ]
        ]
      }
    },
    {
      "type": "Feature",
      "properties": {
        "name": "鹿ノ俣ゲレンデ_下部",
        "slope_deg": [
          5.852378988915653,
          5.852378988915653,
          5.852378988915653,
          6.560196400571341,
          7.969610394321312,
          9.926245506651705,
          13.631094443421526,
          15.907551930525813,
          19.544862326628756,
          20.68152167820093,
          19.67196998920057,
          21.05670559070482,
          18.64953875405141,
          18.39196625070533,
          20.430362329285547,
          18.262889942194118,
          18.77803322244557,
          18.26288994219419,
          15.50933452267487,
          17.484427323220693,
          16.172159015782544,
          16.699244233993586,
          16.567741642974926,
          14.975984514756712,
          15.109575122340479,
          14.842227057911092,
          14.708303899682749,
          14.439965121002693,
          14.439965121002693,
          14.036243467926479,
          14.170977562933084,
          13.766300685466273,
          12.68038349181982,
          12.816647648997467,
          11.859779120947985,
          12.68038349181982,
          11.585126224855072,
          9.50877195829783,
          9.787203664656122,
          11.172136252167157,
          12.13388017063334,
          14.842227057911092,
          15.37625124882619,
          14.842227057911092,
          15.37625124882619,
          16.69924423399362,
          17.484427323220693,
          17.74467162505691,
          19.03443435483521,
          18.133621430820376,
          17.35402463626132,
          16.69924423399362,
          14.30555184662194,
          12.270720357815348,
          10.619655276155134,
          8.110047829419122,
          9.22988624372772,
          9.50877195829783,
          9.22988624372772,
          8.670801453590954,
          6.418786730238786,
          4.1466888259660175,
          3.7189939731580353,
          3.7189939731580353,
          4.716221234338296,
          5.568737077976645,
          6.701525844729508,
          6.2772984895975625,
          6.135733340186768,
          6.135733340186768,
          5.142764557884234,
          4.573921259900844,
          3.290883686067309,
          1.8614576304667452,
          1.8614576304667452,
          1.8614576304667452,
          1.8614576304667452
        ],
        "horizontal_dist_map": 750,
        "slope_dist_map": 772,
        "elevation_diff_map": 163.5,
        "avg_slope_deg_map": 11.9,
        "max_slope_deg_map": 21.1
      },
      "geometry": {
        "type": "LineString",
        "coordinates": [
          [
            139.50056516861534,
            38.006972367012196,
            310.0
          ],
          [
            139.50045702435318,
            38.00700056230723,
            309.1
          ],
          [
            139.50034888009102,
            38.00702875760227,
            307.9
          ],
          [
            139.5002407358289,
            38.00705695289731,
            307.0
          ],
          [
            139.50013259156674,
            38.007085148192346,
            305.9
          ],
          [
            139.50002553987048,
            38.00711569353981,
            304.5
          ],
          [
            139.49992008458,
            38.00714967267298,
            302.3
          ],
          [
            139.4998146292895,
            38.00718365180615,
            300.0
          ],
          [
            139.49970917399898,
            38.00721763093933,
            296.2
          ],
          [
            139.49960371870847,
            38.0072516100725,
            293.1
          ],
          [
            139.49949999921307,
            38.00728864166634,
            288.1
          ],
          [
            139.49939791683,
            38.007328552183544,
            284.9
          ],
          [
            139.4992958344469,
            38.007368462700754,
            281.9
          ],
          [
            139.49919375206383,
            38.007408373217956,
            277.7
          ],
          [
            139.49909166968075,
            38.00744828373516,
            274.6
          ],
          [
            139.49898935267586,
            38.00748781320748,
            271.6
          ],
          [
            139.4988866954229,
            38.00752679008935,
            267.0
          ],
          [
            139.49878403816996,
            38.00756576697122,
            264.5
          ],
          [
            139.49868138091702,
            38.007604743853086,
            261.0
          ],
          [
            139.49857986564882,
            38.00764546989294,
            258.4
          ],
          [
            139.49848028445027,
            38.00768915831326,
            255.9
          ],
          [
            139.4983807032517,
            38.00773284673359,
            251.9
          ],
          [
            139.49828592642373,
            38.00778218793179,
            249.4
          ],
          [
            139.49819722785634,
            38.00783868075507,
            246.4
          ],
          [
            139.49810852928897,
            38.007895173578355,
            244.0
          ],
          [
            139.49801983072157,
            38.00795166640164,
            241.2
          ],
          [
            139.49793187248176,
            38.00800882658731,
            238.6
          ],
          [
            139.49784957666458,
            38.00807109111883,
            235.8
          ],
          [
            139.49776728084737,
            38.00813335565035,
            233.5
          ],
          [
            139.4976849850302,
            38.008195620181866,
            230.9
          ],
          [
            139.497602689213,
            38.00825788471339,
            228.3
          ],
          [
            139.49751924303933,
            38.008319175093966,
            225.8
          ],
          [
            139.497435137678,
            38.00837990725775,
            223.4
          ],
          [
            139.49735103231663,
            38.00844063942153,
            221.1
          ],
          [
            139.4972595508676,
            38.00849367632438,
            219.3
          ],
          [
            139.49716295252202,
            38.00854137491569,
            216.7
          ],
          [
            139.49706635417647,
            38.008589073507,
            215.0
          ],
          [
            139.4969697558309,
            38.008636772098306,
            212.1
          ],
          [
            139.49686236181086,
            38.008661946252026,
            211.1
          ],
          [
            139.49674965628662,
            38.008659705370306,
            210.0
          ],
          [
            139.4966396509672,
            38.00864104981901,
            208.1
          ],
          [
            139.49654057768032,
            38.008597216198346,
            204.2
          ],
          [
            139.49648593344534,
            38.0085181755895,
            202.5
          ],
          [
            139.49643486832778,
            38.008437930316454,
            199.4
          ],
          [
            139.49640079691432,
            38.00835196527944,
            197.1
          ],
          [
            139.49636672550085,
            38.00826600024242,
            193.6
          ],
          [
            139.4963314248062,
            38.008180354422606,
            191.5
          ],
          [
            139.4962944915693,
            38.008095132538,
            187.4
          ],
          [
            139.49625755833242,
            38.00800991065339,
            184.5
          ],
          [
            139.49622062509553,
            38.00792468876879,
            180.8
          ],
          [
            139.49618369185865,
            38.00783946688418,
            177.7
          ],
          [
            139.49614675862176,
            38.007754244999575,
            174.3
          ],
          [
            139.49610870475914,
            38.00766934223169,
            172.0
          ],
          [
            139.49606853163326,
            38.0075850429591,
            168.8
          ],
          [
            139.49602835850735,
            38.00750074368651,
            167.5
          ],
          [
            139.49598193527538,
            38.00741858782572,
            165.6
          ],
          [
            139.49593165201756,
            38.00733775572246,
            164.5
          ],
          [
            139.49588136875974,
            38.007256923619195,
            163.1
          ],
          [
            139.49585493462732,
            38.00717159100031,
            161.0
          ],
          [
            139.4958536976816,
            38.007081503476115,
            158.9
          ],
          [
            139.49585939634997,
            38.0069917039185,
            158.0
          ],
          [
            139.4958743909615,
            38.00690249791038,
            157.0
          ],
          [
            139.4959045845204,
            38.00681563032021,
            156.5
          ],
          [
            139.4959347780793,
            38.00672876273004,
            156.0
          ],
          [
            139.4959649716382,
            38.00664189513988,
            155.4
          ],
          [
            139.4959951651971,
            38.00655502754971,
            154.4
          ],
          [
            139.496025358756,
            38.00646815995954,
            153.2
          ],
          [
            139.49605772271224,
            38.00638178687429,
            152.1
          ],
          [
            139.4960905338725,
            38.006295515680335,
            150.7
          ],
          [
            139.49612334503277,
            38.00620924448637,
            150.0
          ],
          [
            139.49615615619302,
            38.00612297329241,
            148.9
          ],
          [
            139.49618896735328,
            38.00603670209845,
            147.8
          ],
          [
            139.49622177851353,
            38.005950430904484,
            147.1
          ],
          [
            139.49625458967378,
            38.00586415971053,
            146.8
          ],
          [
            139.49628740083403,
            38.00577788851656,
            146.6
          ],
          [
            139.49632021199432,
            38.005691617322604,
            146.5
          ],
          [
            139.49632339284838,
            38.00568325382442,
            146.5
          ]
        ]
      }
    },
    {
      "type": "Feature",
      "properties": {
        "name": "鹿ノ俣ゲレンデ_上部_2",
        "slope_deg": [
          5.4268124985727555,
          5.4268124985727555,
          5.4268124985727555,
          7.547725773843127,
          9.22988624372772,
          7.688447769902922,
          8.390627013252628,
          6.983937460085339,
          3.8616074096750577,
          3.718993973157994,
          3.005269359689885,
          5.284821092509,
          7.547725773843127,
          7.125016348901798,
          8.670801453590993,
          5.142764557884194,
          7.406912128495215,
          7.125016348901798,
          7.68844776990284,
          9.648045316098171,
          13.224551192213573,
          15.907551930525889,
          17.484427323220732,
          18.262889942194118,
          17.614643300007028,
          18.64953875405141,
          18.64953875405141,
          18.39196625070541,
          18.520849477471074,
          17.744671625056874,
          18.133621430820412,
          18.133621430820412,
          17.874511367250353,
          17.6146433000071,
          17.35402463626132,
          16.172159015782505,
          15.37625124882619,
          15.37625124882619,
          15.37625124882619,
          15.37625124882619
        ],
        "horizontal_dist_map": 385,
        "slope_dist_map": 397,
        "elevation_diff_map": 80.8,
        "avg_slope_deg_map": 11.5,
        "max_slope_deg_map": 18.6
      },
      "geometry": {
        "type": "LineString",
        "coordinates": [
          [
            139.5033094765917,
            38.008146152412365,
            383.9
          ],
          [
            139.5034003337297,
            38.008091849316216,
            382.6
          ],
          [
            139.50349119086766,
            38.008037546220066,
            383.3
          ],
          [
            139.5035740048048,
            38.00797654654505,
            380.8
          ],
          [
            139.50364000768042,
            38.00790396909717,
            380.1
          ],
          [
            139.50367305959085,
            38.00781909492045,
            377.3
          ],
          [
            139.50368037403467,
            38.00772918816534,
            376.8
          ],
          [
            139.5036876884785,
            38.007639281410235,
            375.4
          ],
          [
            139.50370238411247,
            38.00755012704253,
            374.2
          ],
          [
            139.50372410814444,
            38.00746168910104,
            372.4
          ],
          [
            139.50374179790361,
            38.00737288984581,
            374.1
          ],
          [
            139.50374560714388,
            38.00728284743662,
            372.8
          ],
          [
            139.50374941638418,
            38.00719280502744,
            372.1
          ],
          [
            139.50375322562448,
            38.00710276261825,
            368.7
          ],
          [
            139.50372603234183,
            38.00701540523121,
            368.8
          ],
          [
            139.503697695566,
            38.00692814687818,
            367.8
          ],
          [
            139.50366144718112,
            38.00684281512299,
            366.0
          ],
          [
            139.5036202529315,
            38.00675972192301,
            365.1
          ],
          [
            139.5035237040324,
            38.00671196371266,
            363.6
          ],
          [
            139.50341549958625,
            38.006729657229805,
            362.8
          ],
          [
            139.50330699274195,
            38.00675670403861,
            360.6
          ],
          [
            139.5032008940521,
            38.00678940405492,
            358.3
          ],
          [
            139.50309698269547,
            38.00682540077201,
            354.2
          ],
          [
            139.50300271381087,
            38.00687593041216,
            351.4
          ],
          [
            139.5029084449263,
            38.0069264600523,
            348.0
          ],
          [
            139.50281504408488,
            38.00697797312749,
            345.1
          ],
          [
            139.50272263647938,
            38.00703061147279,
            341.5
          ],
          [
            139.50263022887387,
            38.00708324981809,
            337.9
          ],
          [
            139.50253782126836,
            38.00713588816339,
            334.5
          ],
          [
            139.50243885658037,
            38.0071787512723,
            331.8
          ],
          [
            139.5023319696062,
            38.007209803912055,
            328.1
          ],
          [
            139.502225082632,
            38.00724085655181,
            325.1
          ],
          [
            139.5021181956578,
            38.007271909191566,
            321.4
          ],
          [
            139.5020086118477,
            38.007296073646884,
            318.7
          ],
          [
            139.50189825582623,
            38.007318265741,
            315.2
          ],
          [
            139.50178789980473,
            38.00734045783512,
            312.4
          ],
          [
            139.50167754378325,
            38.007362649929235,
            308.9
          ],
          [
            139.50156718776176,
            38.007384842023356,
            307.1
          ],
          [
            139.50145683174026,
            38.00740703411747,
            304.2
          ],
          [
            139.50139146931025,
            38.00742017820494,
            303.1
          ]
        ]
      }
    },
    {
      "type": "Feature",
      "properties": {
        "name": "チャレンジ",
        "slope_deg": [
          21.43000730175237,
          21.43000730175237,
          21.43000730175237,
          23.1467078418829,
          21.305783617828798,
          24.34675185470488,
          25.873385226286132,
          27.021581591177082,
          30.858317233519234,
          29.791137298340505,
          31.487469364213954,
          31.591515701040656,
          33.723110071055466,
          33.424811182603776,
          31.90226380624012,
          34.41114338393872,
          29.683140179123285,
          30.540604849681518,
          29.89890183861456,
          26.220246235243565,
          26.104854009099324,
          21.43000730175237,
          17.614643300007028,
          15.37625124882619,
          14.170977562933084,
          21.181349500266236,
          24.820541335489082,
          26.679528106691272,
          31.38319105635904,
          25.29073439214821,
          19.03443435483521,
          19.03443435483521,
          19.03443435483521,
          19.03443435483521
        ],
        "horizontal_dist_map": 323,
        "slope_dist_map": 362,
        "elevation_diff_map": 152.5,
        "avg_slope_deg_map": 22.8,
        "max_slope_deg_map": 34.4
      },
      "geometry": {
        "type": "LineString",
        "coordinates": [
          [
            139.49971792027412,
            38.007063748916636,
            300.0
          ],
          [
            139.49960505729442,
            38.00705182882572,
            296.9
          ],
          [
            139.4994921943147,
            38.00703990873481,
            292.3
          ],
          [
            139.49937933133498,
            38.007027988643905,
            288.7
          ],
          [
            139.4992663696706,
            38.00701669719584,
            284.3
          ],
          [
            139.49915325132508,
            38.00700640384093,
            279.8
          ],
          [
            139.49904013297953,
            38.00699611048602,
            276.7
          ],
          [
            139.49892732911775,
            38.006983867474105,
            270.6
          ],
          [
            139.4988145689676,
            38.00697135346967,
            264.9
          ],
          [
            139.498705521972,
            38.00694617867755,
            259.4
          ],
          [
            139.49859731991305,
            38.006918122894945,
            252.8
          ],
          [
            139.49848739942715,
            38.00689488984416,
            247.7
          ],
          [
            139.49837661082478,
            38.00687409314556,
            240.4
          ],
          [
            139.49826793146892,
            38.006848891534105,
            234.8
          ],
          [
            139.49816753992013,
            38.006806381814066,
            226.1
          ],
          [
            139.49806714837138,
            38.00676387209403,
            221.3
          ],
          [
            139.49796706271303,
            38.00672092886841,
            215.5
          ],
          [
            139.49786864525052,
            38.00667562148847,
            207.4
          ],
          [
            139.497770227788,
            38.006630314108534,
            203.3
          ],
          [
            139.49767416304257,
            38.00658267780294,
            197.7
          ],
          [
            139.49759662434855,
            38.006516702787316,
            192.5
          ],
          [
            139.4975190856545,
            38.0064507277717,
            187.7
          ],
          [
            139.49744154696046,
            38.00638475275608,
            183.7
          ],
          [
            139.49736400826643,
            38.006318777740454,
            182.0
          ],
          [
            139.49727636047913,
            38.006263540864616,
            179.8
          ],
          [
            139.4971742709091,
            38.00622364442311,
            176.7
          ],
          [
            139.49707218133912,
            38.00618374798161,
            173.6
          ],
          [
            139.4969700917691,
            38.00614385154011,
            166.5
          ],
          [
            139.49686495832526,
            38.006109265392006,
            161.3
          ],
          [
            139.49675977039985,
            38.006074774291555,
            156.6
          ],
          [
            139.49665637141058,
            38.00603717741877,
            149.2
          ],
          [
            139.4965544645337,
            38.00599699008944,
            147.6
          ],
          [
            139.4964525576568,
            38.00595680276012,
            147.5
          ],
          [
            139.4964147592199,
            38.00594189681581,
            147.5
          ]
        ]
      }
    },
    {
      "type": "Feature",
      "properties": {
        "name": "カモシカゲレンデ",
        "slope_deg": [
          18.133621430820337,
          18.133621430820337,
          18.133621430820337,
          15.642246457208712,
          15.509334522674907,
          16.304198003832298,
          14.975984514756677,
          16.304198003832298,
          16.039943306049665,
          15.774985955414085,
          13.360218444764483,
          10.619655276155134,
          9.926245506651705,
          7.969610394321312,
          8.670801453590993,
          9.648045316098171,
          11.034209003250188,
          11.309932474020215,
          12.543973346572077,
          12.68038349181982,
          12.40741852740076,
          12.952764513375502,
          11.447596263685636,
          12.40741852740076,
          12.13388017063338,
          11.034209003250266,
          11.996899307923577,
          11.585126224855031,
          10.481218144130889,
          11.859779120948026,
          11.585126224855031,
          12.543973346572155,
          14.036243467926479,
          14.036243467926479,
          15.642246457208712,
          14.708303899682749,
          15.642246457208712,
          15.642246457208712,
          15.509334522674907,
          15.37625124882619,
          16.304198003832376,
          16.304198003832298,
          16.830565983210626,
          16.69924423399362,
          16.567741642974887,
          17.74467162505695,
          16.567741642974887,
          18.520849477471074,
          15.907551930525852,
          15.242997742901547,
          14.170977562933084,
          11.034209003250266,
          10.481218144130926,
          7.829076510059608,
          7.406912128495253,
          7.266008446995988,
          7.547725773843085,
          9.22988624372772,
          9.22988624372772,
          10.481218144130926,
          10.342657140474627,
          10.342657140474627,
          10.065169352759836,
          10.896152141141116,
          13.360218444764483,
          13.901350769509127,
          16.436059224635628,
          16.436059224635663,
          16.436059224635628,
          16.83056598321059,
          17.74467162505695,
          17.74467162505691,
          18.133621430820412,
          17.74467162505695,
          15.774985955414085,
          18.26288994219415,
          17.092662950267457,
          17.35402463626132,
          19.798876354524904,
          17.223436191131434,
          17.092662950267496,
          18.64953875405141,
          16.436059224635663,
          17.614643300007064,
          18.90633203508659,
          17.35402463626132,
          16.567741642974926,
          14.975984514756677,
          12.40741852740076,
          11.172136252167116,
          9.50877195829783,
          7.406912128495253,
          5.710593137499643,
          4.431564716435877,
          4.004172940709404,
          4.004172940709404,
          4.004172940709404,
          4.004172940709404
        ],
        "horizontal_dist_map": 961,
        "slope_dist_map": 992,
        "elevation_diff_map": 232.0,
        "avg_slope_deg_map": 13.2,
        "max_slope_deg_map": 19.8
      },
      "geometry": {
        "type": "LineString",
        "coordinates": [
          [
            139.50402722719255,
            38.00850368227666,
            377.9
          ],
          [
            139.50411938520267,
            38.00855659597494,
            374.0
          ],
          [
            139.5042115432128,
            38.008609509673214,
            371.5
          ],
          [
            139.50430370122288,
            38.00866242337148,
            368.9
          ],
          [
            139.504395859233,
            38.00871533706976,
            364.8
          ],
          [
            139.50448202223438,
            38.00877388738284,
            362.8
          ],
          [
            139.50456365915034,
            38.00883669320267,
            360.4
          ],
          [
            139.50464529606631,
            38.0088994990225,
            357.2
          ],
          [
            139.50472237660043,
            38.00896544481428,
            354.1
          ],
          [
            139.5047897983076,
            38.00903804686243,
            351.1
          ],
          [
            139.5048572200148,
            38.009110648910585,
            348.9
          ],
          [
            139.50492464172197,
            38.009183250958735,
            345.9
          ],
          [
            139.5049902688575,
            38.00925666860452,
            344.6
          ],
          [
            139.50503556411698,
            38.00933932668946,
            343.6
          ],
          [
            139.50508085937648,
            38.00942198477439,
            341.9
          ],
          [
            139.50512615463595,
            38.00950464285933,
            340.3
          ],
          [
            139.5051669379631,
            38.0095886544024,
            338.5
          ],
          [
            139.5052022882015,
            38.00967429572574,
            336.8
          ],
          [
            139.50523763843987,
            38.00975993704908,
            334.1
          ],
          [
            139.50527298867823,
            38.00984557837242,
            332.3
          ],
          [
            139.50529866669777,
            38.009932725612416,
            329.6
          ],
          [
            139.50530696436093,
            38.010022578887956,
            327.8
          ],
          [
            139.5053152620241,
            38.010112432163496,
            325.3
          ],
          [
            139.5053235596873,
            38.01020228543903,
            323.1
          ],
          [
            139.50533120319113,
            38.010292131452765,
            321.5
          ],
          [
            139.50531972264238,
            38.01038176517087,
            319.0
          ],
          [
            139.50530824209366,
            38.010471398888974,
            316.7
          ],
          [
            139.50529676154494,
            38.01056103260708,
            315.3
          ],
          [
            139.50528301330814,
            38.01065044361381,
            313.0
          ],
          [
            139.50526644694503,
            38.010739577850195,
            310.8
          ],
          [
            139.50524988058189,
            38.010828712086585,
            309.3
          ],
          [
            139.50523331421874,
            38.010917846322975,
            306.9
          ],
          [
            139.50520845317507,
            38.011005562755,
            304.8
          ],
          [
            139.50517703482905,
            38.0110921583516,
            301.9
          ],
          [
            139.50514260601645,
            38.01117799939509,
            299.3
          ],
          [
            139.50510527008163,
            38.01126311178804,
            296.9
          ],
          [
            139.5050679341468,
            38.011348224180985,
            293.6
          ],
          [
            139.505030598212,
            38.01143333657394,
            291.4
          ],
          [
            139.50499326227717,
            38.01151844896688,
            288.1
          ],
          [
            139.50495592634235,
            38.011603561359834,
            285.7
          ],
          [
            139.5049188609214,
            38.011688746080964,
            282.5
          ],
          [
            139.5048832944211,
            38.01177433157341,
            280.4
          ],
          [
            139.50484772792075,
            38.01185991706586,
            276.4
          ],
          [
            139.5048121614204,
            38.01194550255831,
            274.0
          ],
          [
            139.50477659492006,
            38.01203108805077,
            270.4
          ],
          [
            139.50474517302428,
            38.01211756527298,
            268.4
          ],
          [
            139.50472105881462,
            38.012205614775766,
            264.5
          ],
          [
            139.50469694460497,
            38.01229366427856,
            261.2
          ],
          [
            139.50467283039532,
            38.01238171378135,
            258.5
          ],
          [
            139.5046487161857,
            38.01246976328414,
            255.0
          ],
          [
            139.50462460197605,
            38.01255781278693,
            253.1
          ],
          [
            139.5046004877664,
            38.01264586228972,
            250.3
          ],
          [
            139.5045727798978,
            38.01273323251407,
            248.4
          ],
          [
            139.5045439821225,
            38.01282039672273,
            247.2
          ],
          [
            139.5045151843472,
            38.01290756093138,
            245.7
          ],
          [
            139.5044863865719,
            38.01299472514004,
            244.8
          ],
          [
            139.50445758879658,
            38.0130818893487,
            243.2
          ],
          [
            139.50442879102127,
            38.013169053557355,
            242.1
          ],
          [
            139.50439999324598,
            38.01325621776601,
            240.4
          ],
          [
            139.50437068889104,
            38.013343276277254,
            238.3
          ],
          [
            139.5043413828905,
            38.01343033444515,
            236.7
          ],
          [
            139.50431207688993,
            38.01351739261304,
            234.7
          ],
          [
            139.50428277088938,
            38.01360445078093,
            233.1
          ],
          [
            139.50425346488885,
            38.013691508948824,
            231.0
          ],
          [
            139.5042241588883,
            38.01377856711672,
            229.6
          ],
          [
            139.50419485288774,
            38.0138656252846,
            227.0
          ],
          [
            139.50416554688718,
            38.013952683452494,
            223.6
          ],
          [
            139.50413624088662,
            38.01403974162039,
            221.1
          ],
          [
            139.5041069348861,
            38.01412679978828,
            217.8
          ],
          [
            139.50407762888554,
            38.01421385795617,
            215.2
          ],
          [
            139.50404263263803,
            38.014299564670424,
            211.8
          ],
          [
            139.5040064858616,
            38.01438499813002,
            209.0
          ],
          [
            139.50395980536152,
            38.014467012331274,
            205.0
          ],
          [
            139.5039096913299,
            38.014547912004396,
            202.4
          ],
          [
            139.5038595772983,
            38.01462881167752,
            198.7
          ],
          [
            139.50380824901487,
            38.01470919850675,
            196.2
          ],
          [
            139.50375116685103,
            38.01478715516267,
            193.7
          ],
          [
            139.50369408468723,
            38.01486511181859,
            189.2
          ],
          [
            139.5036370025234,
            38.0149430684745,
            186.4
          ],
          [
            139.50357992035956,
            38.01502102513042,
            183.7
          ],
          [
            139.50352625263454,
            38.01510040987783,
            179.3
          ],
          [
            139.5034769721072,
            38.01518162957383,
            176.8
          ],
          [
            139.50342769157982,
            38.015262849269824,
            174.1
          ],
          [
            139.50337841105244,
            38.01534406896582,
            170.2
          ],
          [
            139.5033291305251,
            38.01542528866181,
            167.5
          ],
          [
            139.50326628969654,
            38.01550037621838,
            164.1
          ],
          [
            139.50320283613075,
            38.01557518668743,
            160.4
          ],
          [
            139.503139382565,
            38.01564999715648,
            157.7
          ],
          [
            139.50307592899924,
            38.01572480762554,
            155.6
          ],
          [
            139.50301247543348,
            38.01579961809459,
            153.4
          ],
          [
            139.50294902186772,
            38.01587442856364,
            151.6
          ],
          [
            139.50288556830193,
            38.01594923903269,
            149.8
          ],
          [
            139.502821208019,
            38.016023547379255,
            148.9
          ],
          [
            139.5027540707511,
            38.01609631788514,
            148.2
          ],
          [
            139.50268693348323,
            38.016169088391024,
            147.6
          ],
          [
            139.50261979621533,
            38.01624185889691,
            146.7
          ],
          [
            139.50255265894745,
            38.0163146294028,
            146.1
          ],
          [
            139.50254193028977,
            38.01632625826219,
            145.9
          ]
        ]
      }
    },
    {
      "type": "Feature",
      "properties": {
        "name": "ラピット",
        "slope_deg": [
          9.22988624372772,
          9.22988624372772,
          9.22988624372772,
          8.810732985984894,
          7.969610394321392,
          5.142764557884274,
          3.290883686067309,
          1.8614576304667452,
          3.4336303624504896,
          5.284821092509,
          5.710593137499643,
          8.95055865623168,
          9.090276920822289,
          10.203973721731668,
          10.203973721731668,
          9.787203664656081,
          10.757967088390036,
          9.787203664656081,
          10.065169352759877,
          10.065169352759877,
          9.648045316098171,
          10.065169352759877,
          11.172136252167116,
          11.72252097010228,
          11.72252097010228,
          11.309932474020215,
          10.065169352759877,
          8.250387228905515,
          7.547725773843047,
          6.983937460085259,
          6.418786730238786,
          5.994092949108454,
          5.710593137499643,
          6.983937460085339,
          7.266008446996026,
          8.250387228905515,
          7.829076510059608,
          6.701525844729468,
          6.56019640057126,
          5.852378988915572,
          5.710593137499683,
          5.284821092509,
          5.426812498572835,
          5.852378988915653,
          6.135733340186768,
          6.1357333401868095,
          5.710593137499643,
          5.000644597558433,
          5.852378988915653,
          4.858462919034295,
          4.289153328819018,
          4.004172940709363,
          2.4336061007201053,
          2.576571830268806,
          1.8614576304667452,
          2.862405226111748,
          3.005269359689926,
          3.718993973158075,
          5.4268124985727955,
          4.858462919034295,
          5.710593137499643,
          5.568737077976604,
          4.431564716435836,
          4.289153328819018,
          3.861607409675098,
          4.289153328819018,
          4.289153328819018,
          4.573921259900844,
          4.573921259900844,
          4.858462919034295,
          4.573921259900886,
          4.004172940709404,
          3.7189939731580353,
          1.8614576304667452,
          4.1466888259660175,
          4.858462919034295,
          3.4336303624505304,
          3.005269359689926,
          0.8593722436446727,
          -0.1432391503682984,
          1.4320961841646465,
          2.719505461272513,
          2.862405226111748,
          3.2908836860672688,
          2.576571830268847,
          2.862405226111748,
          2.4336061007201053,
          2.290610042638521,
          2.290610042638521,
          2.4336061007201053,
          3.005269359689926,
          3.0052693596899664,
          3.7189939731580353,
          3.7189939731580353,
          3.861607409675098,
          4.431564716435836,
          5.142764557884234,
          5.000644597558433,
          5.568737077976645,
          6.560196400571301,
          6.1357333401868095,
          6.1357333401868095,
          6.1357333401868095,
          6.1357333401868095
        ],
        "horizontal_dist_map": 1028,
        "slope_dist_map": 1035,
        "elevation_diff_map": 101.7,
        "avg_slope_deg_map": 5.6,
        "max_slope_deg_map": 11.7
      },
      "geometry": {
        "type": "LineString",
        "coordinates": [
          [
            139.50068687922428,
            38.00702491853934,
            311.1
          ],
          [
            139.50063723177806,
            38.007105996248605,
            309.8
          ],
          [
            139.50063154669172,
            38.007186477099744,
            309.0
          ],
          [
            139.50073170214978,
            38.00722240216016,
            307.0
          ],
          [
            139.5008450581752,
            38.00722279371204,
            304.6
          ],
          [
            139.50095868458632,
            38.00722560080254,
            303.6
          ],
          [
            139.50107207095763,
            38.007233733525894,
            303.4
          ],
          [
            139.50118423296917,
            38.00724904321002,
            303.4
          ],
          [
            139.5012769190352,
            38.00729132803247,
            302.3
          ],
          [
            139.5013171537994,
            38.00737388442266,
            302.3
          ],
          [
            139.50131778750963,
            38.00746187705752,
            301.0
          ],
          [
            139.50129312468457,
            38.00754970016565,
            299.7
          ],
          [
            139.50122672808857,
            38.00762289048751,
            298.3
          ],
          [
            139.50115896788594,
            38.00769528944586,
            296.0
          ],
          [
            139.5010906781399,
            38.007767381085856,
            294.6
          ],
          [
            139.50101431250005,
            38.00783388805777,
            292.5
          ],
          [
            139.5009331598431,
            38.00789708469619,
            291.1
          ],
          [
            139.50085200718613,
            38.007960281334604,
            289.1
          ],
          [
            139.5007882461006,
            38.008034746679996,
            287.0
          ],
          [
            139.50072594285257,
            38.00811015661764,
            285.6
          ],
          [
            139.5006653140759,
            38.00818636604108,
            284.0
          ],
          [
            139.50061003574183,
            38.00826513006354,
            282.0
          ],
          [
            139.50055475740777,
            38.008343894085996,
            280.2
          ],
          [
            139.5004995018434,
            38.00842266809628,
            278.5
          ],
          [
            139.5004444244915,
            38.00850152027874,
            276.1
          ],
          [
            139.5003893471396,
            38.0085803724612,
            273.7
          ],
          [
            139.50033618726187,
            38.008660041359306,
            271.9
          ],
          [
            139.50028332917714,
            38.00873983880101,
            270.5
          ],
          [
            139.50023178380107,
            38.008820090463004,
            269.0
          ],
          [
            139.5001936197326,
            38.00890497229279,
            267.9
          ],
          [
            139.5001558077726,
            38.008989949977014,
            266.6
          ],
          [
            139.50011988568698,
            38.00907544214153,
            265.6
          ],
          [
            139.50008396360136,
            38.00916093430605,
            264.5
          ],
          [
            139.50005135618613,
            38.00924715481744,
            263.7
          ],
          [
            139.5000264149944,
            38.0093350598613,
            262.6
          ],
          [
            139.49999779722984,
            38.00942221826137,
            260.7
          ],
          [
            139.49996614598712,
            38.00950876061824,
            259.4
          ],
          [
            139.4999499523898,
            38.00959741423633,
            257.9
          ],
          [
            139.49994310053125,
            38.009687343782936,
            257.1
          ],
          [
            139.49994430584954,
            38.00977717696701,
            256.0
          ],
          [
            139.49995458999857,
            38.00986690156975,
            254.8
          ],
          [
            139.49998802528117,
            38.009952481577585,
            253.8
          ],
          [
            139.50004933425438,
            38.01002631260489,
            253.1
          ],
          [
            139.50012962885063,
            38.01009008265333,
            252.3
          ],
          [
            139.50021453596096,
            38.01015011412022,
            251.0
          ],
          [
            139.50025134349343,
            38.01023401839517,
            249.7
          ],
          [
            139.50023648106924,
            38.01032194200539,
            248.8
          ],
          [
            139.50017877190538,
            38.01039929411134,
            248.0
          ],
          [
            139.50011348395773,
            38.010472865378745,
            247.0
          ],
          [
            139.50004146384455,
            38.0105426491836,
            246.2
          ],
          [
            139.4999694437314,
            38.01061243298845,
            244.7
          ],
          [
            139.49989742361822,
            38.010682216793306,
            244.6
          ],
          [
            139.49981399354988,
            38.01074308241177,
            244.0
          ],
          [
            139.49972667497053,
            38.010800908713655,
            243.4
          ],
          [
            139.49963935639119,
            38.010858735015546,
            243.0
          ],
          [
            139.49955203781184,
            38.01091656131743,
            242.8
          ],
          [
            139.49946564402376,
            38.01097524606812,
            242.7
          ],
          [
            139.4993796604647,
            38.01103431161894,
            241.4
          ],
          [
            139.4992936769057,
            38.011093377169765,
            240.9
          ],
          [
            139.49920769334665,
            38.01115244272059,
            240.2
          ],
          [
            139.49912767505415,
            38.01121633797885,
            238.9
          ],
          [
            139.49905106052177,
            38.011282989051196,
            238.0
          ],
          [
            139.49899029120996,
            38.01135767246085,
            236.9
          ],
          [
            139.4989609931011,
            38.01144357607538,
            236.3
          ],
          [
            139.4989620514835,
            38.011533169617294,
            235.8
          ],
          [
            139.49898494725295,
            38.01162131829729,
            235.0
          ],
          [
            139.49901621083805,
            38.01170785435172,
            234.2
          ],
          [
            139.4990523322575,
            38.0117932942376,
            233.3
          ],
          [
            139.4990884536769,
            38.01187873412348,
            232.8
          ],
          [
            139.49912457509632,
            38.011964174009364,
            231.8
          ],
          [
            139.49916084471266,
            38.01204957452789,
            231.0
          ],
          [
            139.49919723873248,
            38.0121349419996,
            229.9
          ],
          [
            139.49924829990132,
            38.012214810459156,
            229.6
          ],
          [
            139.49932752196185,
            38.01227938144954,
            229.0
          ],
          [
            139.49941949819853,
            38.012329316366916,
            228.4
          ],
          [
            139.49953116030363,
            38.012339844271345,
            228.6
          ],
          [
            139.4996449026637,
            38.012336018018246,
            226.7
          ],
          [
            139.49975856340458,
            38.01233053013305,
            225.6
          ],
          [
            139.49986867995094,
            38.01234676003985,
            226.0
          ],
          [
            139.49997685144118,
            38.012374908683945,
            226.5
          ],
          [
            139.50008437454403,
            38.012404124897216,
            226.1
          ],
          [
            139.50017974110017,
            38.01245335685258,
            225.7
          ],
          [
            139.5002751076563,
            38.012502588807955,
            225.0
          ],
          [
            139.50035776030882,
            38.01256336632441,
            224.6
          ],
          [
            139.5004324628622,
            38.01263136336669,
            224.1
          ],
          [
            139.50050716541557,
            38.012699360408966,
            223.4
          ],
          [
            139.50057139816846,
            38.01277354130083,
            223.2
          ],
          [
            139.5006325613516,
            38.012849535193595,
            222.6
          ],
          [
            139.50069372453478,
            38.01292552908637,
            222.4
          ],
          [
            139.50073588492432,
            38.01300915335088,
            221.8
          ],
          [
            139.50077730513587,
            38.013093074826074,
            221.6
          ],
          [
            139.50081872534744,
            38.013176996301276,
            220.9
          ],
          [
            139.500860145559,
            38.01326091777647,
            220.3
          ],
          [
            139.5008993771797,
            38.013345399196304,
            219.7
          ],
          [
            139.50092790813662,
            38.01343261835001,
            219.0
          ],
          [
            139.50095643909353,
            38.01351983750372,
            218.3
          ],
          [
            139.50098497005044,
            38.01360705665743,
            217.6
          ],
          [
            139.50101350100735,
            38.01369427581113,
            216.6
          ],
          [
            139.5010420319643,
            38.01378149496484,
            215.4
          ],
          [
            139.50108122085274,
            38.01386593837226,
            214.8
          ],
          [
            139.5011237542769,
            38.01394951073051,
            213.7
          ],
          [
            139.50116628770107,
            38.01403308308877,
            212.0
          ],
          [
            139.5012088211252,
            38.01411665544702,
            211.1
          ],
          [
            139.50124646463712,
            38.01419061979682,
            209.4
          ]
        ]
      }
    },
    {
      "type": "Feature",
      "properties": {
        "name": "林間",
        "slope_deg": [
          5.568737077976645,
          5.568737077976645,
          5.568737077976645,
          5.710593137499643,
          5.852378988915613,
          6.701525844729468,
          6.983937460085298,
          6.701525844729508,
          6.701525844729468,
          6.418786730238786,
          5.142764557884234,
          5.142764557884234,
          4.716221234338296,
          4.004172940709404,
          5.142764557884234,
          5.000644597558433,
          5.568737077976645,
          6.418786730238786,
          6.701525844729508,
          6.701525844729468,
          5.4268124985727955,
          5.568737077976645,
          5.4268124985727955,
          5.568737077976645,
          6.560196400571301,
          6.842773412630916,
          6.2772984895975625,
          5.710593137499643,
          5.426812498572835,
          4.1466888259660175,
          3.005269359689926,
          1.14576283817512,
          0.7161599454704085,
          2.719505461272513,
          4.858462919034295,
          9.648045316098132,
          8.670801453590954,
          7.829076510059608,
          6.2772984895975625,
          3.4336303624505304,
          5.426812498572835,
          5.000644597558433,
          4.858462919034295,
          5.426812498572835,
          4.573921259900844,
          5.568737077976645,
          6.842773412630916,
          4.289153328819018,
          4.431564716435836,
          6.560196400571301,
          7.266008446995988,
          10.896152141141116,
          12.270720357815348,
          11.034209003250226,
          8.95055865623168,
          8.810732985984894,
          8.11004782941908,
          5.284821092509039,
          6.1357333401868095,
          4.573921259900886,
          3.290883686067309,
          4.858462919034295,
          5.4268124985727955,
          6.135733340186768,
          7.547725773843085,
          8.670801453590954,
          8.110047829419122,
          7.969610394321392,
          6.701525844729508,
          4.573921259900844,
          4.858462919034255,
          4.431564716435836,
          4.289153328819018,
          5.000644597558433,
          4.004172940709404,
          3.7189939731580353,
          4.1466888259660175,
          2.719505461272513,
          2.719505461272513,
          2.290610042638521,
          1.718358001655441,
          2.147585428298503,
          3.4336303624505304,
          5.994092949108494,
          6.2772984895975625,
          5.710593137499643,
          1.8614576304667043,
          -1.5752369256830872,
          -2.576571830268847,
          -2.719505461272513,
          -0.572938697683494,
          0.0,
          0.4297102894010599,
          1.0025738037600869,
          1.4320961841646465,
          1.5752369256830872,
          1.4320961841646465,
          1.0025738037600465,
          0.4297102894010599,
          0.4297102894010599,
          0.4297102894010599,
          0.4297102894010599
        ],
        "horizontal_dist_map": 1000,
        "slope_dist_map": 1006,
        "elevation_diff_map": 84.9,
        "avg_slope_deg_map": 4.8,
        "max_slope_deg_map": 12.3
      },
      "geometry": {
        "type": "LineString",
        "coordinates": [
          [
            139.49896460223465,
            38.011886344360995,
            231.4
          ],
          [
            139.4989982004668,
            38.01197242626889,
            230.4
          ],
          [
            139.49903179869895,
            38.01205850817678,
            229.2
          ],
          [
            139.4990653969311,
            38.012144590084674,
            228.6
          ],
          [
            139.49909935764765,
            38.01223058093325,
            227.5
          ],
          [
            139.49913468229542,
            38.012316229150144,
            226.4
          ],
          [
            139.4991700069432,
            38.01240187736705,
            225.1
          ],
          [
            139.49918456113858,
            38.01249046905734,
            223.9
          ],
          [
            139.49916527979397,
            38.01257890028969,
            222.6
          ],
          [
            139.49910646131497,
            38.01265602403043,
            221.7
          ],
          [
            139.4990272874314,
            38.01271942158292,
            220.4
          ],
          [
            139.4989401920849,
            38.01277746037533,
            219.4
          ],
          [
            139.49885341821187,
            38.01283578741537,
            219.0
          ],
          [
            139.4987697910378,
            38.01289693592766,
            218.1
          ],
          [
            139.4986861638637,
            38.012958084439944,
            217.1
          ],
          [
            139.49859054413602,
            38.01300607547052,
            216.6
          ],
          [
            139.49849228721584,
            38.013051237177166,
            215.4
          ],
          [
            139.49840590823436,
            38.0131099426629,
            214.6
          ],
          [
            139.49831952925288,
            38.013168648148635,
            213.2
          ],
          [
            139.49821628168127,
            38.013203050158666,
            212.1
          ],
          [
            139.4981041052818,
            38.01321725257631,
            210.7
          ],
          [
            139.49799828245514,
            38.013186293815814,
            209.9
          ],
          [
            139.49792100681063,
            38.01312538896326,
            209.4
          ],
          [
            139.49785945562647,
            38.01304959129868,
            208.2
          ],
          [
            139.49778448610382,
            38.01298208485688,
            206.9
          ],
          [
            139.49770644813603,
            38.01291647441455,
            206.0
          ],
          [
            139.4976284101682,
            38.012850863972226,
            204.8
          ],
          [
            139.49755037220038,
            38.0127852535299,
            203.4
          ],
          [
            139.49747233423255,
            38.01271964308757,
            202.5
          ],
          [
            139.49737915170954,
            38.01266958407311,
            202.0
          ],
          [
            139.49727794328828,
            38.01262890996505,
            201.0
          ],
          [
            139.49716623555892,
            38.01261989798503,
            200.5
          ],
          [
            139.49707932377802,
            38.01266931353709,
            200.4
          ],
          [
            139.49702284053313,
            38.01274706106243,
            201.2
          ],
          [
            139.4969727240954,
            38.012827913733304,
            200.5
          ],
          [
            139.49692765893337,
            38.012910651186424,
            198.6
          ],
          [
            139.49688547677877,
            38.01299433422647,
            197.0
          ],
          [
            139.49688057055204,
            38.013081655455025,
            194.4
          ],
          [
            139.49689984089233,
            38.01317037899614,
            194.4
          ],
          [
            139.49692387694807,
            38.013258441907844,
            193.1
          ],
          [
            139.4969539371577,
            38.013345315682265,
            192.6
          ],
          [
            139.49701487169622,
            38.013420713402624,
            192.0
          ],
          [
            139.4970823490712,
            38.01349325494543,
            190.6
          ],
          [
            139.4971502504107,
            38.01356540748171,
            189.6
          ],
          [
            139.49720454670538,
            38.01364459962628,
            189.2
          ],
          [
            139.49725884300005,
            38.01372379177086,
            188.2
          ],
          [
            139.4973131392947,
            38.013802983915426,
            187.4
          ],
          [
            139.497366652321,
            38.013882502361405,
            185.7
          ],
          [
            139.49741845327935,
            38.01396273403694,
            184.4
          ],
          [
            139.4974702542377,
            38.01404296571248,
            185.2
          ],
          [
            139.4975365719407,
            38.01411545761072,
            184.3
          ],
          [
            139.49761112217453,
            38.01418356025675,
            181.1
          ],
          [
            139.49768724184338,
            38.014250445848276,
            179.3
          ],
          [
            139.49777181573242,
            38.01431077522246,
            177.5
          ],
          [
            139.49785792574227,
            38.01436968097455,
            175.6
          ],
          [
            139.49794651066026,
            38.014426293069846,
            173.3
          ],
          [
            139.49803509557825,
            38.01448290516513,
            173.0
          ],
          [
            139.49812368049624,
            38.014539517260424,
            171.3
          ],
          [
            139.49821226541422,
            38.01459612935571,
            169.9
          ],
          [
            139.4983008503322,
            38.014652741451,
            169.6
          ],
          [
            139.49839331181244,
            38.01470529991122,
            168.7
          ],
          [
            139.4984911246691,
            38.01474941121555,
            168.1
          ],
          [
            139.49860049625983,
            38.01476804586821,
            167.6
          ],
          [
            139.49870519314499,
            38.0147375338823,
            166.2
          ],
          [
            139.49878818099498,
            38.0146758920787,
            164.9
          ],
          [
            139.49889330871076,
            38.01464204238219,
            163.8
          ],
          [
            139.49900346793277,
            38.01464382575681,
            162.3
          ],
          [
            139.49909949623472,
            38.01469224941654,
            160.1
          ],
          [
            139.49919332891673,
            38.014743200104384,
            159.2
          ],
          [
            139.49928487190795,
            38.01479678609029,
            158.2
          ],
          [
            139.49934792036362,
            38.01486403400064,
            157.6
          ],
          [
            139.49936439491427,
            38.01495309352313,
            156.9
          ],
          [
            139.49936076925772,
            38.01504314056638,
            155.8
          ],
          [
            139.4993571436012,
            38.01513318760963,
            155.1
          ],
          [
            139.49935351794466,
            38.01522323465288,
            154.6
          ],
          [
            139.4993744751591,
            38.01531081583404,
            153.4
          ],
          [
            139.4994063914833,
            38.01539729772728,
            153.0
          ],
          [
            139.49946087431127,
            38.01547499013666,
            152.5
          ],
          [
            139.4995340949266,
            38.015542590307575,
            151.7
          ],
          [
            139.4996307278645,
            38.01559025663804,
            151.5
          ],
          [
            139.49973294312204,
            38.01562940457341,
            151.1
          ],
          [
            139.49983787209234,
            38.01566441149234,
            150.9
          ],
          [
            139.49994351520346,
            38.01569794492048,
            150.5
          ],
          [
            139.50005113025645,
            38.01572740962992,
            150.0
          ],
          [
            139.50015874530942,
            38.015756874339345,
            148.7
          ],
          [
            139.50026651779453,
            38.015785471811476,
            146.7
          ],
          [
            139.50038026471978,
            38.01578115822372,
            146.1
          ],
          [
            139.50049401164503,
            38.015776844635965,
            146.0
          ],
          [
            139.50060528389454,
            38.01576269980399,
            147.4
          ],
          [
            139.50071244198264,
            38.01573221047707,
            147.8
          ],
          [
            139.50082002066358,
            38.01570267224679,
            147.9
          ],
          [
            139.500929640282,
            38.01569332441282,
            147.9
          ],
          [
            139.5010416253821,
            38.0157096801484,
            147.8
          ],
          [
            139.50113129571406,
            38.01575453053321,
            147.8
          ],
          [
            139.5011996676236,
            38.01582657775345,
            147.6
          ],
          [
            139.5012584805943,
            38.01590348809408,
            147.2
          ],
          [
            139.5013092440317,
            38.01598406940891,
            146.8
          ],
          [
            139.50135641871466,
            38.016066068192735,
            146.7
          ],
          [
            139.5014140630811,
            38.016143289884766,
            146.6
          ],
          [
            139.5014801524986,
            38.01621665828131,
            146.5
          ],
          [
            139.50157741539488,
            38.01626261004418,
            146.5
          ],
          [
            139.50157845090706,
            38.01626307203953,
            146.5
          ]
        ]
      }
    },
    {
      "type": "Feature",
      "properties": {
        "name": "中央ゲレンデ",
        "slope_deg": [
          5.426812498572835,
          5.426812498572835,
          5.426812498572835,
          3.290883686067228,
          4.716221234338296,
          3.433630362450571,
          5.4268124985727555,
          12.543973346572155,
          13.631094443421526,
          17.223436191131434,
          17.6146433000071,
          16.304198003832298,
          16.039943306049665,
          15.509334522674907,
          15.907551930525813,
          16.961705886532894,
          16.69924423399362,
          17.48442732322066,
          19.290046219188735,
          17.874511367250353,
          20.17838007450879,
          19.16233935497194,
          19.544862326628756,
          21.43000730175237,
          20.556045219583467,
          21.924785220541136,
          21.924785220541203,
          20.556045219583467,
          22.293629159694053,
          22.7824057304817,
          20.931852540892535,
          23.1467078418829,
          22.293629159694053,
          20.052082146098567,
          21.924785220541136,
          18.906332035086663,
          18.26288994219419,
          19.544862326628756,
          16.567741642974962,
          17.35402463626132,
          16.43605922463559,
          13.360218444764483,
          13.495733280795767,
          11.172136252167116,
          10.342657140474627,
          10.481218144130889,
          9.787203664656122,
          10.619655276155134,
          9.648045316098171,
          10.481218144130926,
          9.648045316098171,
          10.065169352759836,
          9.926245506651705,
          9.648045316098171,
          9.50877195829783,
          8.530765609948133,
          8.810732985984894,
          7.547725773843085,
          7.829076510059608,
          6.983937460085298,
          6.983937460085298,
          7.969610394321392,
          9.09027692082233,
          10.896152141141116,
          10.619655276155134,
          10.757967088389998,
          9.50877195829783,
          8.810732985984933,
          9.50877195829787,
          8.670801453590954,
          9.648045316098171,
          10.896152141141116,
          10.757967088389998,
          14.574216198038746,
          17.35402463626132,
          18.133621430820376,
          21.67782085250443,
          22.29362915969409,
          20.806791012711216,
          22.538450040828117,
          21.80140948635181,
          19.544862326628756,
          20.931852540892535,
          20.052082146098535,
          17.74467162505691,
          18.00416160591338,
          16.304198003832298,
          13.088732789694038,
          13.360218444764483,
          11.585126224855031,
          10.619655276155134,
          10.203973721731709,
          7.406912128495253,
          7.406912128495253,
          7.406912128495253,
          7.406912128495253
        ],
        "horizontal_dist_map": 946,
        "slope_dist_map": 982,
        "elevation_diff_map": 238.7,
        "avg_slope_deg_map": 13.7,
        "max_slope_deg_map": 23.1
      },
      "geometry": {
        "type": "LineString",
        "coordinates": [
          [
            139.50333556097098,
            38.00894559970138,
            385.7
          ],
          [
            139.5032962204822,
            38.00886105476963,
            385.4
          ],
          [
            139.5032571265465,
            38.00877644038585,
            384.6
          ],
          [
            139.50322008681343,
            38.00869124734949,
            382.8
          ],
          [
            139.50318568789538,
            38.00860545076799,
            381.9
          ],
          [
            139.503159608936,
            38.00851775270133,
            383.1
          ],
          [
            139.5031379460955,
            38.00842933050434,
            381.3
          ],
          [
            139.50307254727386,
            38.00845178525552,
            380.4
          ],
          [
            139.50303670410375,
            38.008537298088086,
            378.1
          ],
          [
            139.50300086093364,
            38.008622810920656,
            374.2
          ],
          [
            139.50296518957163,
            38.00870836869629,
            371.6
          ],
          [
            139.5029295746284,
            38.00879394123045,
            368.0
          ],
          [
            139.50289395968517,
            38.00887951376461,
            365.4
          ],
          [
            139.50284546441472,
            38.008960976684364,
            362.5
          ],
          [
            139.5027961723738,
            38.00904218863493,
            360.1
          ],
          [
            139.5027516875479,
            38.00912512173402,
            356.9
          ],
          [
            139.5027088838293,
            38.009208556001724,
            354.0
          ],
          [
            139.5026731398513,
            38.009294094906274,
            350.3
          ],
          [
            139.50263970393345,
            38.00938015023362,
            348.1
          ],
          [
            139.50261353601297,
            38.009467831757554,
            344.3
          ],
          [
            139.5025873680925,
            38.009555513281484,
            340.0
          ],
          [
            139.50256225078698,
            38.009643336219526,
            337.4
          ],
          [
            139.50255030132175,
            38.00973293156559,
            333.4
          ],
          [
            139.5025383518565,
            38.00982252691165,
            330.4
          ],
          [
            139.50252640239125,
            38.00991212225771,
            325.8
          ],
          [
            139.502514452926,
            38.01000171760378,
            321.7
          ],
          [
            139.50250231006507,
            38.01009129619663,
            318.4
          ],
          [
            139.50248947346748,
            38.010180814693435,
            314.3
          ],
          [
            139.5024766368699,
            38.01027033319025,
            309.7
          ],
          [
            139.50246380027232,
            38.010359851687056,
            306.7
          ],
          [
            139.50245096367473,
            38.01044937018386,
            302.0
          ],
          [
            139.50243812707714,
            38.01053888868067,
            297.5
          ],
          [
            139.50242529047958,
            38.01062840717748,
            294.4
          ],
          [
            139.50241172184573,
            38.010717855430975,
            289.6
          ],
          [
            139.502397139648,
            38.01080720642687,
            285.6
          ],
          [
            139.50238255745023,
            38.01089655742276,
            282.9
          ],
          [
            139.50236797525247,
            38.01098590841866,
            278.3
          ],
          [
            139.5023533930547,
            38.011075259414554,
            275.9
          ],
          [
            139.50233881085694,
            38.01116461041045,
            272.4
          ],
          [
            139.50232089365966,
            38.01125350297653,
            268.7
          ],
          [
            139.5022965290662,
            38.01134150928204,
            266.4
          ],
          [
            139.50227216447274,
            38.01142951558756,
            263.4
          ],
          [
            139.50224779987929,
            38.01151752189307,
            260.6
          ],
          [
            139.50222343528583,
            38.01160552819858,
            259.2
          ],
          [
            139.50219553256102,
            38.011692858008146,
            256.8
          ],
          [
            139.50216641052148,
            38.011779954682936,
            255.5
          ],
          [
            139.50213728848195,
            38.01186705135773,
            253.3
          ],
          [
            139.5021081664424,
            38.01195414803252,
            251.8
          ],
          [
            139.5020790444029,
            38.01204124470731,
            249.9
          ],
          [
            139.50204992236337,
            38.0121283413821,
            248.0
          ],
          [
            139.50201980807063,
            38.0122152122945,
            246.5
          ],
          [
            139.5019859984794,
            38.0123012424342,
            244.4
          ],
          [
            139.5019521888882,
            38.012387272573896,
            243.1
          ],
          [
            139.501918379297,
            38.012473302713595,
            240.9
          ],
          [
            139.5018845697058,
            38.01255933285329,
            239.5
          ],
          [
            139.50185076011456,
            38.012645362992984,
            237.6
          ],
          [
            139.50181695052336,
            38.01273139313268,
            236.4
          ],
          [
            139.50178314093216,
            38.01281742327238,
            234.9
          ],
          [
            139.50175024280753,
            38.01290366325316,
            233.3
          ],
          [
            139.5017204333464,
            38.01299061431707,
            232.3
          ],
          [
            139.50169062388528,
            38.01307756538098,
            230.9
          ],
          [
            139.50166081442418,
            38.01316451644489,
            230.0
          ],
          [
            139.50163100496306,
            38.0132514675088,
            228.4
          ],
          [
            139.50160119550196,
            38.013338418572715,
            226.7
          ],
          [
            139.5015788761511,
            38.013426752539225,
            224.5
          ],
          [
            139.5015569613967,
            38.01351516120656,
            222.3
          ],
          [
            139.50153504664226,
            38.01360356987391,
            220.9
          ],
          [
            139.50151313188783,
            38.013691978541246,
            219.1
          ],
          [
            139.5014912171334,
            38.01378038720859,
            217.8
          ],
          [
            139.5014850255378,
            38.013870139101414,
            216.1
          ],
          [
            139.50148258058462,
            38.013960211068955,
            214.2
          ],
          [
            139.50148013563145,
            38.014050283036504,
            213.0
          ],
          [
            139.50148293173626,
            38.01414026981021,
            211.0
          ],
          [
            139.50149005075204,
            38.014230186314634,
            208.4
          ],
          [
            139.50149716976782,
            38.01432010281906,
            206.6
          ],
          [
            139.5015042887836,
            38.01441001932349,
            202.6
          ],
          [
            139.50151140779937,
            38.01449993582792,
            198.5
          ],
          [
            139.50151852681515,
            38.01458985233235,
            195.3
          ],
          [
            139.50152564583092,
            38.01467976883678,
            190.7
          ],
          [
            139.50153303384053,
            38.014769666990304,
            186.2
          ],
          [
            139.50154547563798,
            38.014859220371726,
            183.3
          ],
          [
            139.50155791743546,
            38.01494877375314,
            178.7
          ],
          [
            139.50157035923291,
            38.01503832713456,
            174.7
          ],
          [
            139.50158280103037,
            38.01512788051598,
            172.0
          ],
          [
            139.50159524282785,
            38.015217433897405,
            168.0
          ],
          [
            139.5016076846253,
            38.01530698727883,
            164.1
          ],
          [
            139.50162232807662,
            38.01539629956273,
            161.9
          ],
          [
            139.5016411013246,
            38.01548515960312,
            159.0
          ],
          [
            139.50166022762318,
            38.01557397166988,
            156.3
          ],
          [
            139.50168000898339,
            38.015662694724845,
            154.8
          ],
          [
            139.50169979034362,
            38.01575141777981,
            152.4
          ],
          [
            139.50171874894144,
            38.01584024031793,
            150.8
          ],
          [
            139.50173336780196,
            38.0159295875893,
            148.8
          ],
          [
            139.5017479866625,
            38.01601893486066,
            147.6
          ],
          [
            139.50176260552303,
            38.01610828213203,
            147.2
          ],
          [
            139.50177218655546,
            38.01616683930224,
            147.0
          ]
        ]
      }
    },
    {
      "type": "Feature",
      "properties": {
        "name": "ダイナミック",
        "slope_deg": [
          3.4336303624504896,
          3.4336303624504896,
          3.4336303624504896,
          2.862405226111748,
          4.146688825965976,
          5.142764557884194,
          8.11004782941908,
          12.40741852740076,
          13.631094443421526,
          16.567741642974962,
          17.874511367250353,
          16.304198003832298,
          17.484427323220732,
          16.567741642974887,
          18.133621430820337,
          21.181349500266236,
          20.931852540892535,
          21.43000730175237,
          20.430362329285618,
          20.68152167820093,
          22.17089563383445,
          22.17089563383445,
          22.538450040828046,
          21.80140948635181,
          22.538450040828046,
          25.873385226286132,
          26.220246235243565,
          25.524475356294367,
          24.820541335489082,
          22.660536301999294,
          20.80679101271125,
          27.135139622076878,
          29.13966669969743,
          32.005383208083494,
          35.469872167400055,
          35.469872167400055,
          35.469872167400055,
          35.469872167400055
        ],
        "horizontal_dist_map": 369,
        "slope_dist_map": 397,
        "elevation_diff_map": 129.6,
        "avg_slope_deg_map": 18.1,
        "max_slope_deg_map": 35.5
      },
      "geometry": {
        "type": "LineString",
        "coordinates": [
          [
            139.50012605533607,
            38.001908522142486,
            337.2
          ],
          [
            139.50006632873757,
            38.001985223811744,
            336.6
          ],
          [
            139.50000660213908,
            38.002061925480994,
            335.7
          ],
          [
            139.4999468755406,
            38.00213862715025,
            335.2
          ],
          [
            139.4999009376531,
            38.002220926274795,
            334.8
          ],
          [
            139.4998570417018,
            38.00230405431268,
            334.6
          ],
          [
            139.49983787735377,
            38.002391882679596,
            332.8
          ],
          [
            139.49982927260712,
            38.00248171793625,
            331.6
          ],
          [
            139.49982066488153,
            38.00257155299989,
            329.1
          ],
          [
            139.49981068621585,
            38.00266129923508,
            325.8
          ],
          [
            139.49980070755015,
            38.00275104547027,
            323.1
          ],
          [
            139.4997907780936,
            38.00284079494571,
            319.7
          ],
          [
            139.4997818724312,
            38.00293061183444,
            316.2
          ],
          [
            139.49977296676883,
            38.00302042872316,
            314.1
          ],
          [
            139.49972662716974,
            38.003102148175294,
            310.5
          ],
          [
            139.49967654917813,
            38.00318305896559,
            307.8
          ],
          [
            139.49962588275434,
            38.0032637331466,
            303.1
          ],
          [
            139.4995728066897,
            38.003343438408116,
            298.6
          ],
          [
            139.49949762205517,
            38.003411037519115,
            295.2
          ],
          [
            139.49942205317967,
            38.00347842622848,
            292.1
          ],
          [
            139.49934648430414,
            38.00354581493785,
            288.2
          ],
          [
            139.49927091542864,
            38.00361320364721,
            283.5
          ],
          [
            139.49919512415215,
            38.003680434577596,
            278.9
          ],
          [
            139.4991186489284,
            38.003747180292045,
            275.8
          ],
          [
            139.49904217370465,
            38.00381392600649,
            271.6
          ],
          [
            139.4989656984809,
            38.003880671720935,
            267.5
          ],
          [
            139.49888922325715,
            38.003947417435384,
            262.3
          ],
          [
            139.4988127480334,
            38.004014163149826,
            256.4
          ],
          [
            139.49873077652285,
            38.00407665692715,
            251.9
          ],
          [
            139.49864816753293,
            38.00413865754929,
            248.4
          ],
          [
            139.49856548549448,
            38.00420059718725,
            243.8
          ],
          [
            139.49848273484915,
            38.004262479549084,
            239.7
          ],
          [
            139.4983883533617,
            38.004311054572014,
            236.7
          ],
          [
            139.49828597353596,
            38.004350478357466,
            227.9
          ],
          [
            139.4981789558594,
            38.004380624213375,
            221.5
          ],
          [
            139.49807019403417,
            38.004407280934096,
            214.7
          ],
          [
            139.49795685623238,
            38.00441052068187,
            208.2
          ],
          [
            139.49784710884822,
            38.00441107957632,
            207.6
          ]
        ]
      }
    },
    {
      "type": "Feature",
      "properties": {
        "name": "風倉ゲレンデ",
        "slope_deg": [
          5.994092949108454,
          5.994092949108454,
          5.994092949108454,
          9.090276920822289,
          7.125016348901798,
          8.9505586562316,
          8.670801453590993,
          8.11004782941908,
          10.619655276155134,
          10.619655276155134,
          9.50877195829783,
          8.670801453590993,
          8.39062701325255,
          6.983937460085339,
          6.1357333401868095,
          3.576334374997351,
          5.568737077976604,
          8.95055865623168,
          13.224551192213497,
          17.092662950267496,
          19.417554141579483,
          18.778033222445497,
          20.806791012711216,
          20.68152167820086,
          18.39196625070541,
          19.417554141579483,
          17.223436191131505,
          17.092662950267496,
          17.874511367250282,
          17.614643300007028,
          17.74467162505695,
          17.614643300007028,
          17.35402463626132,
          16.304198003832298,
          16.172159015782505,
          14.842227057911131,
          12.543973346572155,
          10.481218144130967,
          8.390627013252628,
          9.22988624372772,
          10.481218144130889,
          10.619655276155134,
          9.50877195829783,
          8.11004782941908,
          5.994092949108454,
          5.710593137499643,
          5.568737077976604,
          5.142764557884274,
          7.688447769902922,
          9.369385096487436,
          11.309932474020215,
          14.708303899682749,
          15.642246457208712,
          14.975984514756677,
          15.774985955414085,
          13.90135076950909,
          13.495733280795767,
          13.360218444764483,
          12.543973346572077,
          12.68038349181982,
          11.172136252167194,
          13.224551192213573,
          14.036243467926479,
          13.90135076950909,
          15.642246457208712,
          14.708303899682749,
          15.509334522674907,
          17.6146433000071,
          17.092662950267496,
          18.778033222445497,
          18.262889942194118,
          16.567741642974887,
          17.35402463626132,
          15.907551930525889,
          15.242997742901624,
          14.30555184662194,
          12.81664764899739,
          11.859779120947948,
          11.99689930792354,
          13.224551192213537,
          12.543973346572155,
          13.901350769509127,
          12.270720357815348,
          11.859779120947985,
          12.81664764899743,
          11.309932474020215,
          12.270720357815309,
          12.952764513375502,
          12.952764513375502,
          13.360218444764483,
          15.242997742901586,
          16.304198003832337,
          16.83056598321059,
          17.092662950267496,
          15.10957512234044,
          12.952764513375502,
          12.952764513375543,
          11.447596263685595,
          10.481218144130926,
          10.619655276155134,
          9.926245506651705,
          10.619655276155134,
          11.72252097010228,
          11.172136252167157,
          11.859779120947985,
          14.30555184662194,
          13.360218444764483,
          14.975984514756677,
          14.975984514756677,
          13.224551192213537,
          15.10957512234044,
          13.631094443421567,
          13.901350769509127,
          13.495733280795804,
          12.816647648997467,
          11.996899307923577,
          11.585126224855031,
          13.088732789694076,
          12.13388017063334,
          15.242997742901586,
          14.708303899682749,
          13.088732789694076,
          13.901350769509127,
          11.72252097010224,
          9.787203664656122,
          8.11004782941908,
          5.000644597558433,
          5.000644597558433,
          5.000644597558433,
          5.000644597558433
        ],
        "horizontal_dist_map": 1282,
        "slope_dist_map": 1319,
        "elevation_diff_map": 287.3,
        "avg_slope_deg_map": 12.3,
        "max_slope_deg_map": 20.8
      },
      "geometry": {
        "type": "LineString",
        "coordinates": [
          [
            139.50305199910807,
            37.99894955712604,
            434.0
          ],
          [
            139.50300757285143,
            37.999032507975784,
            433.4
          ],
          [
            139.5029698167358,
            37.999117270219934,
            432.4
          ],
          [
            139.50294051302527,
            37.99920432786373,
            431.9
          ],
          [
            139.50291813854713,
            37.9992925253549,
            429.8
          ],
          [
            139.50289918720608,
            37.99938131559621,
            427.0
          ],
          [
            139.50287390342464,
            37.999469158890676,
            427.4
          ],
          [
            139.50284861964317,
            37.999557002185135,
            425.6
          ],
          [
            139.5028136506758,
            37.99964233968695,
            423.7
          ],
          [
            139.502768470647,
            37.999725035339374,
            421.3
          ],
          [
            139.50272626670034,
            37.999808661067185,
            419.9
          ],
          [
            139.50268784802606,
            37.99989346975584,
            418.1
          ],
          [
            139.5026602569901,
            37.99998075081032,
            417.0
          ],
          [
            139.50263395965064,
            38.000068360558224,
            415.2
          ],
          [
            139.5026004725693,
            38.00015446842746,
            414.0
          ],
          [
            139.50258872464377,
            38.00024232708262,
            413.2
          ],
          [
            139.50259960221456,
            38.00033200790607,
            412.7
          ],
          [
            139.50263045658025,
            38.000418036921694,
            412.7
          ],
          [
            139.5026588588226,
            38.000504762622434,
            410.1
          ],
          [
            139.50263934639747,
            38.00059136907619,
            406.9
          ],
          [
            139.50256160286358,
            38.00065644743267,
            403.3
          ],
          [
            139.50247806312467,
            38.00071765515116,
            400.4
          ],
          [
            139.50239002655056,
            38.00077471875693,
            396.0
          ],
          [
            139.50229876212782,
            38.00082820039317,
            393.3
          ],
          [
            139.5021980461271,
            38.000870214757185,
            388.1
          ],
          [
            139.5020966760902,
            38.00091119010216,
            385.3
          ],
          [
            139.50199362070566,
            38.000949488059625,
            382.7
          ],
          [
            139.50189326652801,
            38.00099137247339,
            379.2
          ],
          [
            139.50180166372084,
            38.00104487628899,
            375.7
          ],
          [
            139.50171006091367,
            38.00109838010459,
            373.0
          ],
          [
            139.5016184581065,
            38.00115188392018,
            369.8
          ],
          [
            139.50152372017965,
            38.001201844957706,
            366.5
          ],
          [
            139.5014288513548,
            38.0012516580766,
            362.9
          ],
          [
            139.50133398252993,
            38.00130147119549,
            360.3
          ],
          [
            139.50123695795745,
            38.00134846187565,
            357.3
          ],
          [
            139.50113711639835,
            38.001391764381985,
            354.8
          ],
          [
            139.50103702537984,
            38.00143467181743,
            351.3
          ],
          [
            139.50093331336322,
            38.00147184464923,
            349.7
          ],
          [
            139.50082960134662,
            38.001509017481034,
            348.4
          ],
          [
            139.5007288239958,
            38.001550581124874,
            347.4
          ],
          [
            139.500631621019,
            38.00159749270466,
            345.4
          ],
          [
            139.50053441804226,
            38.00164440428445,
            343.2
          ],
          [
            139.5004372150655,
            38.001691315864235,
            341.0
          ],
          [
            139.50034001208874,
            38.00173822744402,
            339.9
          ],
          [
            139.50024280911197,
            38.0017851390238,
            338.7
          ],
          [
            139.50014125172618,
            38.001825735247884,
            337.5
          ],
          [
            139.50003878881367,
            38.00186501815411,
            336.8
          ],
          [
            139.4999363259012,
            38.00190430106034,
            335.9
          ],
          [
            139.4998338629887,
            38.00194358396657,
            334.8
          ],
          [
            139.49973140007623,
            38.001982866872794,
            333.9
          ],
          [
            139.4996282677378,
            38.002021021298155,
            331.4
          ],
          [
            139.49952460692023,
            38.002058284842875,
            329.3
          ],
          [
            139.49942094610267,
            38.002095548387594,
            326.8
          ],
          [
            139.4993121315154,
            38.00212065246201,
            323.4
          ],
          [
            139.49920103834506,
            38.00214038059519,
            320.2
          ],
          [
            139.4990899451747,
            38.002160108728376,
            318.6
          ],
          [
            139.49897897363425,
            38.00218026102858,
            315.5
          ],
          [
            139.49886800921576,
            38.00220043816565,
            313.5
          ],
          [
            139.4987570447973,
            38.00222061530273,
            310.6
          ],
          [
            139.4986460803788,
            38.00224079243981,
            309.1
          ],
          [
            139.49853511596032,
            38.00226096957689,
            306.6
          ],
          [
            139.4984214995474,
            38.00226263134557,
            304.5
          ],
          [
            139.4983076429276,
            38.00226261606772,
            302.7
          ],
          [
            139.49819378630787,
            38.002262600789855,
            299.7
          ],
          [
            139.49808301651902,
            38.00224231730288,
            296.6
          ],
          [
            139.4979724150175,
            38.00222092883699,
            294.6
          ],
          [
            139.497861813516,
            38.002199540371095,
            291.5
          ],
          [
            139.4977502909432,
            38.0021840553703,
            289.2
          ],
          [
            139.49763643648302,
            38.002183516243925,
            285.5
          ],
          [
            139.4975225820228,
            38.00218297711755,
            281.9
          ],
          [
            139.49740872756692,
            38.00218244651683,
            279.2
          ],
          [
            139.49729487368597,
            38.002183057449244,
            275.6
          ],
          [
            139.49718101980503,
            38.002183668381655,
            272.3
          ],
          [
            139.49706903746616,
            38.00219084017143,
            270.0
          ],
          [
            139.49696841389706,
            38.00223168879974,
            266.7
          ],
          [
            139.49689597112578,
            38.002299755466275,
            264.2
          ],
          [
            139.49689292592146,
            38.0023898161503,
            261.4
          ],
          [
            139.4969018358917,
            38.00247916538014,
            259.8
          ],
          [
            139.49692187016763,
            38.002567852600926,
            257.6
          ],
          [
            139.4969488699699,
            38.002655210555304,
            255.8
          ],
          [
            139.49698212831993,
            38.00274137415956,
            252.9
          ],
          [
            139.49701678263278,
            38.00282717475832,
            250.4
          ],
          [
            139.49705460341744,
            38.002912151949275,
            248.7
          ],
          [
            139.497088004716,
            38.00299799749212,
            245.9
          ],
          [
            139.49710481288832,
            38.00308710329469,
            244.2
          ],
          [
            139.49712002113478,
            38.00317636705358,
            242.0
          ],
          [
            139.49713139829316,
            38.003266009045355,
            239.6
          ],
          [
            139.49714041145282,
            38.003355799049416,
            237.9
          ],
          [
            139.49714859205164,
            38.003445625607085,
            235.5
          ],
          [
            139.49716273369245,
            38.003535020891626,
            232.8
          ],
          [
            139.49719529749814,
            38.003619578186346,
            230.4
          ],
          [
            139.49725151427134,
            38.003697923788955,
            228.4
          ],
          [
            139.49730773104457,
            38.00377626939157,
            224.6
          ],
          [
            139.49736394781777,
            38.00385461499419,
            221.1
          ],
          [
            139.49743250937613,
            38.00392636317468,
            218.3
          ],
          [
            139.4975033653857,
            38.00399688513185,
            216.1
          ],
          [
            139.49757422139533,
            38.00406740708902,
            213.8
          ],
          [
            139.4976450774049,
            38.00413792904619,
            211.9
          ],
          [
            139.49770851598666,
            38.00421259732004,
            209.1
          ],
          [
            139.49776710057378,
            38.004289473301654,
            208.0
          ],
          [
            139.4977779964332,
            38.00437915271856,
            206.4
          ],
          [
            139.49767741530738,
            38.004416536740926,
            204.4
          ],
          [
            139.49756678170837,
            38.00440236589927,
            202.1
          ],
          [
            139.4974555416137,
            38.00438315078503,
            200.5
          ],
          [
            139.497344301519,
            38.004363935670796,
            198.1
          ],
          [
            139.4972306871574,
            38.00436616126364,
            196.5
          ],
          [
            139.49711691896536,
            38.00436977601552,
            193.7
          ],
          [
            139.49700338247095,
            38.004367212054845,
            190.3
          ],
          [
            139.49689008528748,
            38.00435826635872,
            188.6
          ],
          [
            139.496776788104,
            38.0043493206626,
            185.8
          ],
          [
            139.49666569083416,
            38.0043298500257,
            183.0
          ],
          [
            139.4965547865465,
            38.00430945611331,
            180.9
          ],
          [
            139.4964451380645,
            38.00428546098768,
            177.8
          ],
          [
            139.4963367089472,
            38.00425796914858,
            176.1
          ],
          [
            139.49622583243695,
            38.00423774657901,
            173.1
          ],
          [
            139.49611364237472,
            38.00422355277576,
            171.3
          ],
          [
            139.4960001961931,
            38.004215928776695,
            168.7
          ],
          [
            139.49593918344334,
            38.00427785982669,
            167.6
          ],
          [
            139.49595054821515,
            38.004367502798864,
            164.9
          ],
          [
            139.4959643601716,
            38.004456914713586,
            162.0
          ],
          [
            139.4959799721222,
            38.004546156677065,
            160.1
          ],
          [
            139.4959955840728,
            38.00463539864055,
            156.7
          ],
          [
            139.4960111960234,
            38.00472464060403,
            154.4
          ],
          [
            139.49603162725023,
            38.00481324107747,
            152.7
          ],
          [
            139.49605377712857,
            38.00490161278256,
            150.2
          ],
          [
            139.49607592700693,
            38.00498998448766,
            148.4
          ],
          [
            139.4960980768853,
            38.00507835619275,
            147.5
          ],
          [
            139.49611120025966,
            38.005167715901045,
            147.0
          ],
          [
            139.49612020137204,
            38.00525752681482,
            146.7
          ],
          [
            139.4961226,
            38.00528145974235,
            146.7
          ]
        ]
      }
    },
    {
      "type": "Feature",
      "properties": {
        "name": "パラダイス",
        "slope_deg": [
          6.842773412630957,
          6.842773412630957,
          6.842773412630957,
          5.710593137499643,
          3.148096099562824,
          3.8616074096750577,
          5.426812498572835,
          4.004172940709404,
          5.000644597558433,
          5.284821092509,
          4.0041729407093225,
          4.289153328819018,
          3.8616074096750577,
          3.0052693596899664,
          2.576571830268847,
          3.290883686067309,
          3.576334374997351,
          5.000644597558433,
          7.266008446996026,
          8.11004782941908,
          8.810732985984894,
          7.68844776990284,
          4.716221234338296,
          2.576571830268847,
          0.7161599454704085,
          -0.28647651027705817,
          0.28647651027705817,
          1.5752369256830057,
          5.000644597558433,
          8.530765609948133,
          11.585126224855031,
          15.642246457208712,
          17.484427323220732,
          19.798876354524904,
          20.68152167820093,
          19.798876354524975,
          17.223436191131434,
          14.43996512100273,
          12.270720357815309,
          12.543973346572077,
          11.72252097010228,
          11.859779120948026,
          15.109575122340479,
          13.495733280795843,
          16.436059224635663,
          16.172159015782505,
          15.642246457208712,
          16.830565983210555,
          15.109575122340402,
          16.436059224635663,
          15.774985955414085,
          13.901350769509168,
          14.036243467926479,
          12.543973346572077,
          11.996899307923577,
          13.224551192213497,
          14.97598451475675,
          15.642246457208788,
          16.304198003832298,
          17.614643300007028,
          16.304198003832298,
          17.223436191131434,
          17.74467162505695,
          15.907551930525889,
          16.830565983210555,
          15.642246457208712,
          15.642246457208712,
          15.642246457208712,
          13.901350769509168,
          13.901350769509168,
          12.543973346572077,
          12.543973346572077,
          12.68038349181982,
          11.996899307923577,
          10.896152141141116,
          10.481218144130967,
          10.481218144130967,
          10.481218144130967,
          10.481218144130967
        ],
        "horizontal_dist_map": 772,
        "slope_dist_map": 791,
        "elevation_diff_map": 150.2,
        "avg_slope_deg_map": 10.7,
        "max_slope_deg_map": 20.7
      },
      "geometry": {
        "type": "LineString",
        "coordinates": [
          [
            139.5031682247226,
            37.99874497336529,
            437.5
          ],
          [
            139.5032708322979,
            37.99878401202325,
            435.5
          ],
          [
            139.50337343987314,
            37.9988230506812,
            433.6
          ],
          [
            139.50348448344886,
            37.998837253629794,
            433.2
          ],
          [
            139.50359799747113,
            37.9988441835474,
            432.7
          ],
          [
            139.5037116050306,
            37.998849869012986,
            431.5
          ],
          [
            139.50382535687805,
            37.99885363482013,
            431.4
          ],
          [
            139.5039388275023,
            37.998858522728796,
            430.5
          ],
          [
            139.5040457859398,
            37.998889394748936,
            428.9
          ],
          [
            139.50415274437728,
            37.998920266769076,
            428.7
          ],
          [
            139.504253704017,
            37.998961198197165,
            427.9
          ],
          [
            139.50435181630354,
            37.999006904363206,
            426.8
          ],
          [
            139.50445999840284,
            37.999034882147434,
            426.1
          ],
          [
            139.50456832727866,
            37.99906260152464,
            425.7
          ],
          [
            139.5046766561545,
            37.99909032090184,
            425.2
          ],
          [
            139.5047868238928,
            37.999112861281624,
            424.7
          ],
          [
            139.50489754531347,
            37.999133842262964,
            424.3
          ],
          [
            139.5050077312423,
            37.99915649148741,
            423.4
          ],
          [
            139.5051176831207,
            37.999179869860285,
            422.7
          ],
          [
            139.50522806423155,
            37.999180753774745,
            421.2
          ],
          [
            139.50533885797842,
            37.99916001298536,
            419.2
          ],
          [
            139.5054411994273,
            37.999123080498755,
            417.7
          ],
          [
            139.50553819189028,
            37.99907590119404,
            416.5
          ],
          [
            139.5056111309877,
            37.999008912943076,
            415.8
          ],
          [
            139.50567457416383,
            37.998934104406295,
            415.9
          ],
          [
            139.505744628158,
            37.99886388512483,
            415.9
          ],
          [
            139.5058300993555,
            37.998804368525356,
            416.0
          ],
          [
            139.50592607596414,
            37.99875788731167,
            416.0
          ],
          [
            139.50603213814892,
            37.998730627149094,
            415.7
          ],
          [
            139.50614547276743,
            37.99873919948998,
            414.8
          ],
          [
            139.50623679788697,
            37.99879035903479,
            412.5
          ],
          [
            139.50632439493577,
            37.9988478996966,
            410.0
          ],
          [
            139.50641129449997,
            37.99890610672893,
            407.5
          ],
          [
            139.5064961697188,
            37.99896607862027,
            403.6
          ],
          [
            139.50657777326288,
            37.99902890281373,
            399.9
          ],
          [
            139.50665206815145,
            37.99909705416195,
            395.6
          ],
          [
            139.5067244997015,
            37.99916656366596,
            392.4
          ],
          [
            139.50677385482112,
            37.999247734618244,
            389.2
          ],
          [
            139.50682307794645,
            37.999328972272565,
            387.5
          ],
          [
            139.50687230107175,
            37.999410209926886,
            385.3
          ],
          [
            139.50688959257803,
            37.99949912404026,
            383.7
          ],
          [
            139.5069057945183,
            37.99958830008864,
            380.3
          ],
          [
            139.50692199645857,
            37.99967747613702,
            379.2
          ],
          [
            139.5069025258023,
            37.99976546956902,
            376.9
          ],
          [
            139.50687695451018,
            37.99985326075301,
            372.9
          ],
          [
            139.50685138321808,
            37.999941051936986,
            370.7
          ],
          [
            139.50682616796155,
            38.00002890086027,
            367.4
          ],
          [
            139.50680603691927,
            38.00011757430501,
            365.3
          ],
          [
            139.506785905877,
            38.000206247749745,
            361.7
          ],
          [
            139.50676577483472,
            38.00029492119448,
            358.6
          ],
          [
            139.5067490354289,
            38.000383858688814,
            356.6
          ],
          [
            139.5067469416996,
            38.000473936395274,
            353.5
          ],
          [
            139.50674484797028,
            38.00056401410173,
            350.4
          ],
          [
            139.50674275424097,
            38.00065409180819,
            348.7
          ],
          [
            139.50673515711534,
            38.00074363552634,
            346.6
          ],
          [
            139.50670968555667,
            38.00083144490855,
            344.6
          ],
          [
            139.50666230180485,
            38.00090826509334,
            341.9
          ],
          [
            139.50657282351267,
            38.0009639744194,
            339.3
          ],
          [
            139.50648244088228,
            38.00101860797551,
            335.9
          ],
          [
            139.5063829250198,
            38.00106237694985,
            333.4
          ],
          [
            139.50628340915733,
            38.001106145924176,
            330.2
          ],
          [
            139.50618389329486,
            38.00114991489851,
            326.6
          ],
          [
            139.5060843774324,
            38.00119368387285,
            324.2
          ],
          [
            139.5059848615699,
            38.00123745284718,
            321.0
          ],
          [
            139.5058857810477,
            38.00128180270872,
            317.4
          ],
          [
            139.50578952082506,
            38.00132991577831,
            315.2
          ],
          [
            139.50569326060244,
            38.001378028847896,
            312.1
          ],
          [
            139.50559700037982,
            38.001426141917484,
            309.8
          ],
          [
            139.5055007401572,
            38.00147425498707,
            306.2
          ],
          [
            139.50540447993458,
            38.00152236805666,
            304.0
          ],
          [
            139.50530821971196,
            38.00157048112625,
            302.2
          ],
          [
            139.50521195948934,
            38.00161859419584,
            299.9
          ],
          [
            139.50511569926672,
            38.00166670726543,
            297.3
          ],
          [
            139.50501632157724,
            38.00171065033027,
            295.1
          ],
          [
            139.50491667286306,
            38.00175423086538,
            293.2
          ],
          [
            139.50481702414885,
            38.00179781140049,
            291.4
          ],
          [
            139.50471737543467,
            38.001841391935606,
            289.6
          ],
          [
            139.50461772672045,
            38.00188497247072,
            287.7
          ],
          [
            139.50459055454647,
            38.00189685599468,
            287.3
          ]
        ]
      }
    },
    {
      "type": "Feature",
      "properties": {
        "name": "鹿ノ俣ゲレンデ_上部",
        "slope_deg": [
          2.576571830268847,
          2.576571830268847,
          2.576571830268847,
          3.718993973157994,
          5.568737077976604,
          7.266008446996026,
          9.50877195829783,
          10.065169352759877,
          12.13388017063338,
          13.766300685466273,
          13.088732789694076,
          15.109575122340479,
          13.360218444764483,
          11.585126224855031,
          11.859779120947948,
          9.50877195829783,
          9.22988624372772,
          8.810732985984894,
          8.250387228905515,
          8.39062701325255,
          8.530765609948133,
          9.22988624372772,
          10.0651693527598,
          10.203973721731668,
          12.68038349181982,
          13.901350769509168,
          15.642246457208788,
          16.567741642974962,
          16.830565983210626,
          16.961705886532894,
          16.43605922463559,
          14.708303899682749,
          13.224551192213497,
          12.68038349181982,
          9.78720366465616,
          9.78720366465616,
          9.78720366465616,
          9.78720366465616
        ],
        "horizontal_dist_map": 367,
        "slope_dist_map": 375,
        "elevation_diff_map": 69.8,
        "avg_slope_deg_map": 10.5,
        "max_slope_deg_map": 17.0
      },
      "geometry": {
        "type": "LineString",
        "coordinates": [
          [
            139.5041198275381,
            38.00563544732606,
            380.7
          ],
          [
            139.50408900786007,
            38.0057221770756,
            380.4
          ],
          [
            139.50405818818203,
            38.00580890682513,
            380.0
          ],
          [
            139.5040284593422,
            38.005895837215455,
            379.6
          ],
          [
            139.50400777117636,
            38.00598443048111,
            378.9
          ],
          [
            139.50398708301054,
            38.006073023746765,
            377.8
          ],
          [
            139.50395937087427,
            38.006159898604906,
            376.1
          ],
          [
            139.50388972844758,
            38.00622553267164,
            374.5
          ],
          [
            139.50377824350153,
            38.006242749637224,
            372.2
          ],
          [
            139.50366618549933,
            38.006258726893854,
            370.7
          ],
          [
            139.50355412749713,
            38.006274704150485,
            367.5
          ],
          [
            139.50344206949492,
            38.006290681407116,
            364.7
          ],
          [
            139.5033302820298,
            38.00630766648212,
            362.9
          ],
          [
            139.5032196914852,
            38.00632911038587,
            359.9
          ],
          [
            139.50310910094063,
            38.00635055428962,
            358.0
          ],
          [
            139.50299851039605,
            38.006371998193366,
            356.5
          ],
          [
            139.50288823685096,
            38.006394322733705,
            354.5
          ],
          [
            139.50277996404236,
            38.0064222053962,
            353.2
          ],
          [
            139.50267169123376,
            38.00645008805869,
            351.5
          ],
          [
            139.50256341842515,
            38.006477970721185,
            350.3
          ],
          [
            139.50245514561655,
            38.00650585338368,
            348.7
          ],
          [
            139.50234764742535,
            38.006535433691795,
            347.3
          ],
          [
            139.50224183685094,
            38.00656871256803,
            345.5
          ],
          [
            139.50213602627653,
            38.00660199144427,
            343.8
          ],
          [
            139.5020302157021,
            38.00663527032051,
            341.6
          ],
          [
            139.50192440512768,
            38.00666854919674,
            340.1
          ],
          [
            139.50181859455324,
            38.00670182807298,
            336.5
          ],
          [
            139.5017103176559,
            38.00672920786069,
            333.9
          ],
          [
            139.5016002976142,
            38.00675241829871,
            330.4
          ],
          [
            139.5014902775725,
            38.00677562873673,
            328.2
          ],
          [
            139.5013802575308,
            38.006798839174756,
            324.4
          ],
          [
            139.50127023748908,
            38.00682204961278,
            321.7
          ],
          [
            139.50116010998545,
            38.006844935311,
            318.6
          ],
          [
            139.5010498220428,
            38.00686733617776,
            317.7
          ],
          [
            139.50093953410013,
            38.006889737044524,
            315.0
          ],
          [
            139.50082924615748,
            38.006912137911286,
            312.7
          ],
          [
            139.50071895821483,
            38.00693453877805,
            311.7
          ],
          [
            139.50063106729698,
            38.00695239052769,
            310.9
          ]
        ]
      }
    },
    {
      "type": "Feature",
      "properties": {
        "name": "パラダイス_2",
        "slope_deg": [
          15.242997742901547,
          15.242997742901547,
          15.242997742901547,
          16.830565983210626,
          17.484427323220732,
          15.774985955414085,
          15.774985955414085,
          12.952764513375502,
          8.95055865623168,
          5.284821092509,
          5.142764557884194,
          7.969610394321392,
          9.369385096487436,
          9.369385096487436,
          9.369385096487436,
          9.369385096487436
        ],
        "horizontal_dist_map": 141,
        "slope_dist_map": 146,
        "elevation_diff_map": 31.5,
        "avg_slope_deg_map": 12.2,
        "max_slope_deg_map": 17.5
      },
      "geometry": {
        "type": "LineString",
        "coordinates": [
          [
            139.50627275443907,
            37.99809387480131,
            418.9
          ],
          [
            139.50632537015773,
            37.998173769496226,
            416.8
          ],
          [
            139.50637798587638,
            37.99825366419113,
            413.6
          ],
          [
            139.50641193164117,
            37.998339458320295,
            410.0
          ],
          [
            139.506443329764,
            37.9984260574673,
            408.0
          ],
          [
            139.5064764761599,
            37.99851224321474,
            404.7
          ],
          [
            139.50651026850207,
            37.99859827622065,
            401.0
          ],
          [
            139.50655775487164,
            37.99868004060584,
            398.7
          ],
          [
            139.50660718920062,
            37.998761197784724,
            396.7
          ],
          [
            139.5066566235296,
            37.99884235496361,
            395.5
          ],
          [
            139.5067035935687,
            37.998924375227325,
            394.7
          ],
          [
            139.5067462663785,
            37.99900790053855,
            395.0
          ],
          [
            139.50678893918834,
            37.99909142584978,
            393.1
          ],
          [
            139.5068316119982,
            37.999174951160995,
            389.9
          ],
          [
            139.50684924097783,
            37.99926358022748,
            388.1
          ],
          [
            139.50685196298076,
            37.99928145514204,
            387.4
          ]
        ]
      }
    },
    {
      "type": "Feature",
      "properties": {
        "name": "高原第1ゲレンデ",
        "slope_deg": [
          9.508771958297752,
          9.508771958297752,
          9.508771958297752,
          9.648045316098093,
          8.39062701325255,
          6.560196400571341,
          8.810732985984973,
          10.342657140474707,
          12.543973346572077,
          12.543973346572077,
          12.407418527400683,
          14.439965121002654,
          14.305551846622015,
          13.224551192213497,
          17.484427323220732,
          18.00416160591338,
          19.417554141579483,
          20.68152167820093,
          22.782405730481635,
          21.677820852504393,
          20.430362329285547,
          22.04794746356044,
          18.39196625070548,
          19.162339354971866,
          21.056705590704752,
          20.681521678200784,
          21.305783617828798,
          22.17089563383452,
          21.305783617828798,
          21.305783617828798,
          21.801409486351744,
          20.430362329285547,
          22.047947463560366,
          22.04794746356044,
          21.305783617828798,
          21.056705590704752,
          20.556045219583467,
          19.925580658184323,
          18.778033222445497,
          18.39196625070541,
          17.223436191131434,
          18.39196625070533,
          18.52084947747115,
          19.16233935497194,
          17.74467162505695,
          16.172159015782583,
          15.774985955414085,
          15.37625124882619,
          16.039943306049665,
          15.642246457208712,
          14.842227057911055,
          13.766300685466197,
          12.68038349181982,
          11.72252097010228,
          11.72252097010228,
          10.757967088390036,
          10.481218144130889,
          10.619655276155134,
          9.50877195829783,
          8.95055865623168,
          8.11004782941916,
          6.983937460085259,
          5.568737077976685,
          4.858462919034255,
          3.718993973157994,
          3.718993973158075,
          3.1480960995627427,
          2.862405226111748,
          3.433630362450571,
          3.0052693596899664,
          3.0052693596899664,
          3.0052693596899664,
          3.0052693596899664
        ],
        "horizontal_dist_map": 716,
        "slope_dist_map": 745,
        "elevation_diff_map": 183.6,
        "avg_slope_deg_map": 13.8,
        "max_slope_deg_map": 22.8
      },
      "geometry": {
        "type": "LineString",
        "coordinates": [
          [
            139.50979736773547,
            37.99379283436174,
            600.3
          ],
          [
            139.50986800379528,
            37.99372218043749,
            599.4
          ],
          [
            139.50995407607988,
            37.99366853535067,
            597.4
          ],
          [
            139.51005564787894,
            37.99367250764858,
            594.0
          ],
          [
            139.5100901397332,
            37.99375040307557,
            593.6
          ],
          [
            139.51006373507371,
            37.99383553892875,
            592.6
          ],
          [
            139.51001794418463,
            37.99391802276694,
            591.5
          ],
          [
            139.5099721532955,
            37.994000506605126,
            589.4
          ],
          [
            139.50992636240642,
            37.99408299044332,
            587.4
          ],
          [
            139.50988052802086,
            37.99416545900596,
            585.3
          ],
          [
            139.50983394241155,
            37.994247663745774,
            582.6
          ],
          [
            139.50978735680224,
            37.99432986848559,
            580.5
          ],
          [
            139.50974077119292,
            37.99441207322541,
            578.6
          ],
          [
            139.50969418558358,
            37.99449427796523,
            575.0
          ],
          [
            139.50964418569419,
            37.99457520501972,
            572.4
          ],
          [
            139.50959345202577,
            37.99465585748084,
            571.1
          ],
          [
            139.50954271835735,
            37.994736509941966,
            566.0
          ],
          [
            139.50949198468894,
            37.99481716240309,
            562.0
          ],
          [
            139.50944125102052,
            37.9948978148642,
            558.3
          ],
          [
            139.50938246974928,
            37.99497494154049,
            556.0
          ],
          [
            139.5093230247828,
            37.99505177744116,
            549.2
          ],
          [
            139.5092635798163,
            37.99512861334183,
            546.1
          ],
          [
            139.50920402459616,
            37.9952053925534,
            543.4
          ],
          [
            139.50913945864474,
            37.995279595398166,
            539.8
          ],
          [
            139.5090652529182,
            37.995346877234034,
            535.9
          ],
          [
            139.50897819324032,
            37.99540493039908,
            532.2
          ],
          [
            139.50888435646243,
            37.99545507255166,
            528.0
          ],
          [
            139.5087839766093,
            37.995497576872516,
            524.7
          ],
          [
            139.50868359675616,
            37.99554008119338,
            520.3
          ],
          [
            139.5085920107684,
            37.99559281444329,
            515.9
          ],
          [
            139.50851939790306,
            37.99565914797348,
            512.4
          ],
          [
            139.50847759069816,
            37.99574294642543,
            509.1
          ],
          [
            139.50843578349327,
            37.99582674487739,
            504.3
          ],
          [
            139.50839397628835,
            37.995910543329344,
            501.0
          ],
          [
            139.50835216908345,
            37.995994341781305,
            496.2
          ],
          [
            139.50831361363626,
            37.99607908159556,
            492.9
          ],
          [
            139.50827722344,
            37.99616444823561,
            488.7
          ],
          [
            139.50824083324375,
            37.99624981487566,
            485.6
          ],
          [
            139.5082044430475,
            37.99633518151571,
            481.2
          ],
          [
            139.50816805285126,
            37.996420548155754,
            478.4
          ],
          [
            139.50813166265502,
            37.996505914795804,
            475.1
          ],
          [
            139.50809184753354,
            37.996589952318594,
            472.3
          ],
          [
            139.50802883605803,
            37.99666498798811,
            468.8
          ],
          [
            139.50796582458256,
            37.99674002365762,
            465.1
          ],
          [
            139.50790181114468,
            37.99681443252764,
            461.7
          ],
          [
            139.50782409513698,
            37.99688026945515,
            458.4
          ],
          [
            139.5077463791293,
            37.99694610638266,
            456.0
          ],
          [
            139.50766054354165,
            37.99700517432498,
            453.5
          ],
          [
            139.507573412617,
            37.997063162394056,
            450.4
          ],
          [
            139.50748628169237,
            37.99712115046312,
            447.4
          ],
          [
            139.5073991507677,
            37.997179138532196,
            444.5
          ],
          [
            139.50731457923848,
            37.997239355897825,
            442.3
          ],
          [
            139.50723330621156,
            37.99730244634033,
            439.8
          ],
          [
            139.50715203318464,
            37.99736553678282,
            437.6
          ],
          [
            139.50707076015772,
            37.997428627225325,
            435.5
          ],
          [
            139.50697680854265,
            37.99747924369449,
            434.0
          ],
          [
            139.50688151092797,
            37.99752853588663,
            431.5
          ],
          [
            139.5067862133133,
            37.997577828078775,
            430.0
          ],
          [
            139.50669091569864,
            37.99762712027092,
            428.1
          ],
          [
            139.50660901364967,
            37.997689414170836,
            426.5
          ],
          [
            139.50652880832604,
            37.99775335490879,
            424.8
          ],
          [
            139.5064486030024,
            37.99781729564673,
            423.7
          ],
          [
            139.50636839767878,
            37.99788123638468,
            422.4
          ],
          [
            139.5062926035819,
            37.99794841125201,
            421.6
          ],
          [
            139.50621815312724,
            37.998016571222365,
            420.9
          ],
          [
            139.5061437026726,
            37.99808473119271,
            420.3
          ],
          [
            139.50607059981354,
            37.99815365462836,
            419.8
          ],
          [
            139.5060130550166,
            37.998231392311,
            419.0
          ],
          [
            139.50595551021968,
            37.99830912999364,
            418.7
          ],
          [
            139.50589796542278,
            37.99838686767628,
            418.3
          ],
          [
            139.5058450174751,
            37.99846656531458,
            417.4
          ],
          [
            139.5057946266542,
            37.99854735323336,
            416.9
          ],
          [
            139.5057603369491,
            37.998602327410396,
            416.7
          ]
        ]
      }
    }
  ]
}