{
  "type": "FeatureCollection",
  "features": [
    {
      "type": "Feature",
      "properties": {
        "name": "パノラマ",
        "slope_deg": [
          4.289153328819018,
          4.289153328819018,
          4.289153328819018,
          5.710593137499643,
          8.670801453590833,
          6.842773412630876,
          3.576334374997351,
          3.8616074096748143,
          2.0045340321060343,
          2.147585428298503,
          3.576334374997351,
          5.852378988915814,
          7.125016348901798,
          10.619655276155134,
          13.49573328079569,
          10.896152141141194,
          11.859779120948104,
          12.95276451337558,
          10.203973721731748,
          9.508771958297594,
          10.203973721731431,
          4.7162212343382155,
          5.4268124985727555,
          6.98393746008542,
          6.277298489597683,
          8.530765609948133,
          9.22988624372772,
          8.530765609948133,
          8.670801453590833,
          9.369385096487358,
          7.266008446996189,
          7.125016348901798,
          5.426812498573079,
          6.277298489597683,
          7.406912128494972,
          7.688447769903003,
          10.757967088389877,
          10.203973721731748,
          10.065169352760034,
          12.133880170633224,
          9.648045316098093,
          9.926245506651705,
          9.50877195829791,
          8.810732985984973,
          11.58512622485511,
          14.84222705791098,
          18.906332035086372,
          19.417554141579338,
          20.806791012711287,
          18.26288994219419,
          17.874511367250427,
          17.223436191131583,
          16.304198003832376,
          16.304198003832376,
          13.49573328079569,
          12.133880170633224,
          10.757967088389877,
          10.203973721731431,
          10.757967088390194,
          13.631094443421603,
          13.766300685466197,
          14.43996512100296,
          16.830565983210477,
          16.43605922463559,
          18.64953875405141,
          19.417554141579338,
          20.43036232928569,
          21.05670559070489,
          22.660536301999365,
          23.38848242899485,
          23.749494492866653,
          23.38848242899485,
          20.806791012711287,
          21.924785220541345,
          19.544862326628827,
          21.554019920478787,
          21.554019920478787,
          19.6719699892005,
          22.170895633834377,
          20.052082146098712,
          20.052082146098424,
          21.677820852504254,
          19.162339354972016,
          18.64953875405141,
          19.290046219188735,
          16.83056598321078,
          16.304198003832376,
          16.96170588653267,
          16.039943306049665,
          15.774985955414008,
          16.17215901578243,
          15.109575122340708,
          14.036243467926479,
          14.97598451475675,
          13.766300685466197,
          14.574216198038554,
          14.170977562933274,
          14.574216198038554,
          14.842227057911282,
          13.901350769509243,
          15.509334522674754,
          14.036243467926479,
          13.901350769508936,
          14.97598451475675,
          13.631094443421603,
          13.360218444764483,
          14.97598451475675,
          13.631094443421295,
          13.49573328079569,
          14.305551846622015,
          13.224551192213651,
          12.95276451337558,
          12.816647648997623,
          12.816647648997623,
          12.68038349181982,
          12.68038349181982,
          12.68038349181982,
          12.68038349181982,
          11.44759626368548,
          11.58512622485511,
          11.309932474020215,
          10.48121814413073,
          10.757967088389877,
          11.309932474020215,
          10.896152141141194,
          11.7225209701022,
          11.859779120948104,
          11.44759626368548,
          13.224551192213344,
          12.543973346572233,
          13.631094443421603,
          13.495733280795996,
          12.133880170633535,
          10.896152141141194,
          8.810732985984973,
          8.11004782941916,
          6.418786730238786,
          5.4268124985727555,
          5.000644597558433,
          3.576334374997351,
          4.8584629190340936,
          5.994092949108534,
          8.110047829418843,
          9.926245506651705,
          11.7225209701022,
          12.68038349181982,
          12.68038349181982,
          12.133880170633224,
          11.859779120948104,
          10.619655276155134,
          11.034209003250501,
          10.619655276155134,
          11.996899307923577,
          13.631094443421603,
          10.757967088389877,
          10.757967088389877,
          10.757967088389877,
          10.757967088389877
        ],
        "horizontal_dist_map": 1578,
        "slope_dist_map": 1626,
        "elevation_diff_map": 350.6,
        "avg_slope_deg_map": 12.2,
        "max_slope_deg_map": 23.7
      },
      "geometry": {
        "type": "LineString",
        "coordinates": [
          [
            136.8487321,
            35.997459,
            1519.8
          ],
          [
            136.84875084176952,
            35.997547827270395,
            1519.6
          ],
          [
            136.84878802610223,
            35.99763248805365,
            1520.5
          ],
          [
            136.84882839301173,
            35.997716429838945,
            1519.1
          ],
          [
            136.84886875992123,
            35.997800371624244,
            1516.8
          ],
          [
            136.84893032337766,
            35.997872129205774,
            1515.6
          ],
          [
            136.84901428566462,
            35.997931011486656,
            1514.4
          ],
          [
            136.84909824795156,
            35.997989893767546,
            1514.3
          ],
          [
            136.8491822102385,
            35.99804877604843,
            1514.3
          ],
          [
            136.8492737619068,
            35.998099527288886,
            1512.9
          ],
          [
            136.8493661784921,
            35.9981493518827,
            1513.0
          ],
          [
            136.84945975787943,
            35.998197525564564,
            1512.8
          ],
          [
            136.84955943783967,
            35.998237037833476,
            1511.8
          ],
          [
            136.84965911779992,
            35.99827655010239,
            1508.8
          ],
          [
            136.84975879776016,
            35.9983160623713,
            1508.0
          ],
          [
            136.8498584777204,
            35.998355574640215,
            1505.3
          ],
          [
            136.84995815768065,
            35.99839508690913,
            1502.2
          ],
          [
            136.8500578376409,
            35.99843459917804,
            1501.1
          ],
          [
            136.85015751760113,
            35.99847411144695,
            1499.6
          ],
          [
            136.85025719756138,
            35.998513623715866,
            1496.1
          ],
          [
            136.85035687752162,
            35.99855313598478,
            1495.0
          ],
          [
            136.85045655748186,
            35.998592648253684,
            1494.4
          ],
          [
            136.8505562374421,
            35.9986321605226,
            1492.4
          ],
          [
            136.85065591740235,
            35.99867167279151,
            1492.8
          ],
          [
            136.8507555973626,
            35.99871118506042,
            1491.2
          ],
          [
            136.85085527732284,
            35.998750697329335,
            1489.5
          ],
          [
            136.85095495728308,
            35.99879020959825,
            1488.0
          ],
          [
            136.85105578157317,
            35.99882743631784,
            1486.8
          ],
          [
            136.85116109801035,
            35.99885569095338,
            1484.7
          ],
          [
            136.8512664144475,
            35.998883945588915,
            1483.5
          ],
          [
            136.8513717308847,
            35.99891220022445,
            1481.9
          ],
          [
            136.85147704732185,
            35.99894045485999,
            1480.2
          ],
          [
            136.85158236375904,
            35.99896870949552,
            1479.6
          ],
          [
            136.8516876801962,
            35.99899696413106,
            1478.5
          ],
          [
            136.85179299663338,
            35.9990252187666,
            1478.1
          ],
          [
            136.85189324728123,
            35.99906347976458,
            1475.8
          ],
          [
            136.85199254303907,
            35.999103626939615,
            1474.4
          ],
          [
            136.85209183879692,
            35.99914377411465,
            1473.1
          ],
          [
            136.85219159543814,
            35.999183149798064,
            1470.5
          ],
          [
            136.85229184392188,
            35.99922170216608,
            1468.6
          ],
          [
            136.8523920924056,
            35.99926025453409,
            1467.3
          ],
          [
            136.85248690490835,
            35.99930499882132,
            1464.5
          ],
          [
            136.85256439112777,
            35.99936947881898,
            1463.7
          ],
          [
            136.85262621165612,
            35.999442189800675,
            1461.6
          ],
          [
            136.8526667765519,
            35.99952606880374,
            1460.6
          ],
          [
            136.85267892771736,
            35.9996139243892,
            1458.3
          ],
          [
            136.8526752324006,
            35.99970399773493,
            1455.5
          ],
          [
            136.8526777121518,
            35.999793945205866,
            1451.0
          ],
          [
            136.85268696063397,
            35.999883754700555,
            1446.9
          ],
          [
            136.85269620911617,
            35.999973564195244,
            1444.2
          ],
          [
            136.85270545759838,
            36.00006337368994,
            1440.3
          ],
          [
            136.85271470608055,
            36.00015318318463,
            1437.8
          ],
          [
            136.85272395456275,
            36.00024299267932,
            1434.0
          ],
          [
            136.8527411752448,
            36.00033197501428,
            1431.8
          ],
          [
            136.8527599953638,
            36.000420791398824,
            1428.6
          ],
          [
            136.85277881548282,
            36.00050960778337,
            1426.1
          ],
          [
            136.8527976356018,
            36.00059842416792,
            1424.4
          ],
          [
            136.8528667285425,
            36.00066786953302,
            1423.2
          ],
          [
            136.85296523588977,
            36.00070928262841,
            1421.0
          ],
          [
            136.85306374323704,
            36.00075069572379,
            1418.9
          ],
          [
            136.8531622505843,
            36.00079210881918,
            1416.8
          ],
          [
            136.85326075793157,
            36.00083352191456,
            1413.5
          ],
          [
            136.85335926527884,
            36.000874935009946,
            1411.2
          ],
          [
            136.85345777262611,
            36.00091634810533,
            1408.6
          ],
          [
            136.8535652250678,
            36.00093733828954,
            1404.7
          ],
          [
            136.85367378211612,
            36.00095580650108,
            1401.7
          ],
          [
            136.85378233916447,
            36.000974274712625,
            1397.7
          ],
          [
            136.8538908962128,
            36.00099274292417,
            1394.5
          ],
          [
            136.85399945326114,
            36.00101121113571,
            1389.8
          ],
          [
            136.85410464040174,
            36.001039302395434,
            1386.3
          ],
          [
            136.85420889917836,
            36.001070044674734,
            1381.0
          ],
          [
            136.85431315795495,
            36.00110078695404,
            1377.2
          ],
          [
            136.85441741673156,
            36.00113152923335,
            1372.2
          ],
          [
            136.85452167550818,
            36.001162271512655,
            1369.0
          ],
          [
            136.8546259342848,
            36.00119301379196,
            1365.8
          ],
          [
            136.8547301930614,
            36.00122375607127,
            1361.1
          ],
          [
            136.85483297160437,
            36.00125739910386,
            1358.0
          ],
          [
            136.85493340583778,
            36.00129563618399,
            1353.2
          ],
          [
            136.8550338400712,
            36.001333873264116,
            1350.0
          ],
          [
            136.85513427430462,
            36.00137211034424,
            1346.8
          ],
          [
            136.85523470853803,
            36.00141034742437,
            1341.7
          ],
          [
            136.85533514277145,
            36.001448584504494,
            1338.6
          ],
          [
            136.85543557700487,
            36.00148682158462,
            1335.4
          ],
          [
            136.85553601123829,
            36.00152505866475,
            1330.9
          ],
          [
            136.8556364454717,
            36.00156329574488,
            1327.8
          ],
          [
            136.85573687970512,
            36.001601532825006,
            1325.1
          ],
          [
            136.85583731393854,
            36.00163976990513,
            1321.4
          ],
          [
            136.85593774817195,
            36.00167800698526,
            1318.8
          ],
          [
            136.85603818240534,
            36.001716244065385,
            1316.1
          ],
          [
            136.85613861663876,
            36.00175448114551,
            1312.9
          ],
          [
            136.85623905087218,
            36.00179271822564,
            1309.9
          ],
          [
            136.8563394851056,
            36.00183095530577,
            1307.5
          ],
          [
            136.856439919339,
            36.0018691923859,
            1304.5
          ],
          [
            136.85654035357243,
            36.00190742946602,
            1302.1
          ],
          [
            136.85664078780584,
            36.00194566654615,
            1299.9
          ],
          [
            136.85674122203926,
            36.001983903626275,
            1296.8
          ],
          [
            136.85684165627268,
            36.0020221407064,
            1294.7
          ],
          [
            136.85694899950033,
            36.00204476169804,
            1291.7
          ],
          [
            136.857056408264,
            36.00206723456167,
            1289.8
          ],
          [
            136.8571638170276,
            36.002089707425306,
            1286.4
          ],
          [
            136.85727122579127,
            36.00211218028894,
            1284.1
          ],
          [
            136.85737371066392,
            36.00214557525474,
            1281.8
          ],
          [
            136.8574735678833,
            36.00218479884223,
            1278.7
          ],
          [
            136.85757342510263,
            36.00222402242973,
            1276.4
          ],
          [
            136.857673282322,
            36.00226324601722,
            1274.2
          ],
          [
            136.85777313954137,
            36.002302469604714,
            1271.1
          ],
          [
            136.85787299676073,
            36.00234169319221,
            1269.0
          ],
          [
            136.85797285398007,
            36.00238091677971,
            1266.9
          ],
          [
            136.85807271119944,
            36.0024201403672,
            1263.5
          ],
          [
            136.85817152556862,
            36.002460999067964,
            1261.4
          ],
          [
            136.85826853508158,
            36.00250468765202,
            1259.4
          ],
          [
            136.85836554459456,
            36.00254837623608,
            1256.7
          ],
          [
            136.85846255410752,
            36.002592064820135,
            1254.1
          ],
          [
            136.8585595636205,
            36.00263575340419,
            1252.2
          ],
          [
            136.85865657313346,
            36.00267944198825,
            1250.3
          ],
          [
            136.85875358264644,
            36.002723130572306,
            1247.6
          ],
          [
            136.85885045160668,
            36.002767017584986,
            1245.1
          ],
          [
            136.8589456651945,
            36.00281324160895,
            1243.2
          ],
          [
            136.8590408787823,
            36.00285946563291,
            1241.3
          ],
          [
            136.85913609237014,
            36.00290568965687,
            1238.6
          ],
          [
            136.85922936457044,
            36.00295424890259,
            1237.0
          ],
          [
            136.85931768243492,
            36.00300876753192,
            1235.0
          ],
          [
            136.8594060002994,
            36.003063286161236,
            1233.3
          ],
          [
            136.85949431816388,
            36.00311780479056,
            1231.2
          ],
          [
            136.85959580845042,
            36.00315267565691,
            1229.4
          ],
          [
            136.85970007673356,
            36.00318340291033,
            1227.0
          ],
          [
            136.85980434501667,
            36.003214130163755,
            1225.6
          ],
          [
            136.8599086132998,
            36.00324485741718,
            1222.9
          ],
          [
            136.86001288158292,
            36.003275584670604,
            1221.0
          ],
          [
            136.86011714986606,
            36.00330631192403,
            1218.9
          ],
          [
            136.86022141814917,
            36.003337039177445,
            1216.2
          ],
          [
            136.8603256864323,
            36.00336776643087,
            1214.0
          ],
          [
            136.86042709548187,
            36.003403376058344,
            1211.3
          ],
          [
            136.86052220603253,
            36.00344974088542,
            1209.3
          ],
          [
            136.8606173165832,
            36.00349610571249,
            1207.6
          ],
          [
            136.8607124152357,
            36.00354248686244,
            1206.3
          ],
          [
            136.8608075128277,
            36.003588869467244,
            1205.1
          ],
          [
            136.8609026104197,
            36.003635252072044,
            1203.6
          ],
          [
            136.86099951770362,
            36.00367809343813,
            1203.1
          ],
          [
            136.86110707888145,
            36.003700087066385,
            1202.5
          ],
          [
            136.86121464005927,
            36.00372208069464,
            1201.6
          ],
          [
            136.8613222012371,
            36.00374407432289,
            1201.1
          ],
          [
            136.86142976241493,
            36.00376606795114,
            1199.7
          ],
          [
            136.86153732359276,
            36.00378806157939,
            1198.3
          ],
          [
            136.86164488477058,
            36.003810055207644,
            1195.9
          ],
          [
            136.86175148125292,
            36.003834792287385,
            1194.1
          ],
          [
            136.86185710458503,
            36.003862296862444,
            1191.4
          ],
          [
            136.86196272791716,
            36.0038898014375,
            1189.3
          ],
          [
            136.8620683512493,
            36.00391730601257,
            1186.9
          ],
          [
            136.86217397458142,
            36.003944810587626,
            1185.5
          ],
          [
            136.86227959791356,
            36.003972315162684,
            1183.0
          ],
          [
            136.86238976484697,
            36.003981795206954,
            1181.8
          ],
          [
            136.86250019106467,
            36.00399024666685,
            1179.1
          ],
          [
            136.86261061728237,
            36.00399869812674,
            1178.0
          ],
          [
            136.86272104350004,
            36.004007149586634,
            1174.5
          ],
          [
            136.86283146971775,
            36.004015601046525,
            1172.1
          ],
          [
            136.8629397023888,
            36.004033416388886,
            1171.5
          ],
          [
            136.86304622778658,
            36.00405851979414,
            1170.4
          ]
        ]
      }
    },
    {
      "type": "Feature",
      "properties": {
        "name": "バンブー",
        "slope_deg": [
          1.2889375601867001,
          1.2889375601867001,
          1.2889375601867001,
          0.7161599454704085,
          1.0025738037601275,
          2.147585428298503,
          2.5765718302690908,
          2.862405226111748,
          2.7195054612723095,
          2.433606100720186,
          2.5765718302687652,
          2.0045340321057092,
          3.576334374997351,
          3.7189939731579127,
          3.290883686067228,
          5.710593137499643,
          4.146688825966138,
          4.7162212343382155,
          5.994092949108534,
          3.433630362450652,
          5.4268124985727555,
          5.2848210925090795,
          6.277298489597361,
          7.266008446995867,
          6.56019640057118,
          5.568737077976766,
          5.426812498573079,
          6.135733340186728,
          5.994092949108534,
          7.829076510059608,
          6.418786730238786,
          7.266008446996189,
          7.406912128495294,
          8.530765609948133,
          9.926245506651705,
          11.172136252166961,
          14.305551846622015,
          14.305551846622015,
          15.109575122340402,
          13.360218444764483,
          10.757967088389877,
          9.508771958297594,
          8.9505586562316,
          9.926245506651705,
          10.203973721731748,
          12.133880170633535,
          11.7225209701022,
          10.481218144131045,
          9.78720366465624,
          6.56019640057118,
          5.142764557884436,
          3.433630362450652,
          3.1480960995624994,
          3.718993973158237,
          3.8616074096748143,
          5.284821092508756,
          5.2848210925090795,
          5.284821092508756,
          4.716221234338539,
          5.710593137499643,
          5.710593137499643,
          5.994092949108534,
          5.994092949108213,
          2.862405226111748,
          -0.1432391503681763,
          3.433630362450652,
          0.14323915036850196,
          8.810732985984973,
          9.926245506651705,
          8.250387228905435,
          13.901350769508936,
          9.78720366465624,
          12.407418527400683,
          12.816647648997312,
          11.722520970102511,
          12.543973346571923,
          9.648045316098093,
          8.250387228905753,
          8.250387228905435,
          4.716221234338539,
          6.842773412630876,
          7.547725773843047,
          6.983937460085098,
          8.810732985984655,
          9.64804531609841,
          8.390627013252388,
          9.369385096487674,
          8.11004782941916,
          7.829076510059608,
          8.670801453591151,
          7.688447769902681,
          7.969610394321551,
          6.277298489597361,
          5.142764557884112,
          6.98393746008542,
          3.7189939731579127,
          6.842773412630876,
          7.406912128495294,
          11.309932474020215,
          14.57421619803886,
          13.495733280795996,
          13.088732789694,
          6.418786730238786,
          8.110047829418843,
          7.266008446995867,
          6.701525844729548,
          7.969610394321233,
          6.98393746008542,
          6.135733340186728,
          5.852378988915493,
          7.969610394321551,
          6.842773412630876,
          8.250387228905753,
          9.369385096487674,
          5.852378988915493,
          5.710593137499643,
          6.277298489597361,
          7.547725773843047,
          9.648045316098093,
          10.619655276155134,
          8.9505586562316,
          9.50877195829791,
          9.78720366465624,
          11.034209003250188,
          11.996899307923577,
          11.85977912094779,
          12.270720357815385,
          10.619655276155134,
          11.44759626368579,
          9.926245506651705,
          10.065169352759717,
          11.309932474020215,
          10.757967088389877,
          12.543973346572233,
          12.407418527400683,
          11.996899307923577,
          12.68038349181982,
          10.203973721731748,
          10.481218144131045,
          10.757967088390194,
          9.22988624372772,
          10.896152141141194,
          9.50877195829791,
          9.50877195829791,
          9.78720366465624,
          10.065169352759717,
          11.172136252166961,
          10.203973721731431,
          9.787203664655925,
          8.250387228905435,
          7.829076510059608,
          7.547725773843367,
          8.810732985984973,
          8.390627013252708,
          8.250387228905753,
          8.110047829418843,
          8.390627013252708,
          9.648045316098093,
          9.369385096487358,
          10.757967088390194,
          9.648045316098093,
          8.11004782941916,
          6.98393746008542,
          5.4268124985727555,
          3.005269359689804,
          7.125016348901798,
          6.56019640057118,
          3.433630362450652,
          7.688447769903003,
          2.5765718302687652,
          1.7183580016555222,
          5.142764557884112,
          -1.0025738037601275,
          3.8616074096751394,
          5.994092949108534,
          6.277298489597683,
          10.203973721731748,
          6.983937460085098,
          8.110047829418843,
          8.530765609948133,
          9.78720366465624,
          11.58512622485511,
          10.065169352760034,
          11.309932474020215,
          7.969610394321233,
          7.547725773843047,
          8.530765609948133,
          5.142764557884112,
          6.701525844729548,
          5.000644597558433,
          4.289153328819018,
          6.277298489597683,
          6.135733340186728,
          5.426812498573079,
          5.2848210925090795,
          3.1480960995624994,
          2.433606100720186,
          3.1480960995624994,
          2.433606100719861,
          5.142764557884436,
          5.568737077976444,
          8.390627013252708,
          6.560196400571501,
          2.5765718302687652,
          3.005269359690129,
          -0.2864765102771396,
          1.7183580016555222,
          3.148096099562824,
          3.576334374997351,
          3.433630362450652,
          4.289153328819018,
          2.7195054612723095,
          6.277298489597361,
          6.983937460085098,
          6.842773412630876,
          11.859779120948104,
          8.250387228905753,
          9.64804531609841,
          6.701525844729548,
          4.431564716435714,
          4.431564716435714,
          3.4336303624503275,
          5.568737077976444,
          4.146688825966138,
          5.142764557884112,
          4.0041729407093225,
          4.289153328819018,
          5.000644597558433,
          5.000644597558433,
          8.670801453591151,
          6.842773412630876,
          5.852378988915493,
          5.568737077976766,
          4.0041729407093225,
          6.842773412631197,
          8.530765609948133,
          8.390627013252708,
          8.11004782941916,
          8.670801453590833,
          8.810732985984973,
          9.22988624372772,
          9.50877195829791,
          8.810732985984973,
          9.926245506651705,
          10.619655276155134,
          10.48121814413073,
          10.48121814413073,
          10.481218144131045,
          9.508771958297594,
          9.648045316098093,
          9.64804531609841,
          8.390627013252388,
          8.670801453591151,
          7.688447769903003,
          8.250387228905435,
          7.829076510059608,
          7.829076510059608,
          8.390627013252708,
          7.406912128495294,
          7.969610394321551,
          7.829076510059608,
          7.125016348901798,
          8.530765609948133,
          7.969610394321233,
          7.688447769902681,
          7.688447769902681,
          6.135733340186728,
          2.5765718302687652,
          -1.718358001655197,
          -3.005269359689804,
          -3.433630362450652,
          -0.4297102894009785,
          3.290883686067228,
          4.0041729407093225,
          4.573921259900927,
          4.7162212343382155,
          5.852378988915493,
          5.710593137499643,
          3.005269359689804,
          3.8616074096751394,
          2.862405226111748,
          3.8616074096751394,
          6.560196400571501,
          6.701525844729548,
          7.125016348901798,
          7.406912128495294,
          6.701525844729548,
          6.842773412630876,
          6.701525844729548,
          5.568737077976444,
          5.4268124985727555,
          4.146688825966138,
          3.576334374997351,
          3.005269359690129,
          3.290883686067228,
          2.2906100426383995,
          0.1432391503681763,
          -1.2889375601870259,
          -1.2889375601870259,
          -1.2889375601870259,
          -1.2889375601870259
        ],
        "horizontal_dist_map": 3007,
        "slope_dist_map": 3043,
        "elevation_diff_map": 365.3,
        "avg_slope_deg_map": 6.8,
        "max_slope_deg_map": 15.1
      },
      "geometry": {
        "type": "LineString",
        "coordinates": [
          [
            136.8487321,
            35.997459,
            1519.8
          ],
          [
            136.84874117394662,
            35.9973691787309,
            1519.1
          ],
          [
            136.84875399867727,
            35.99727996986102,
            1518.8
          ],
          [
            136.84878832270576,
            35.99719427123142,
            1519.0
          ],
          [
            136.84882264673425,
            35.99710857260183,
            1518.9
          ],
          [
            136.848876590206,
            35.997032493873405,
            1518.6
          ],
          [
            136.84895388714784,
            35.9969678659324,
            1518.1
          ],
          [
            136.8490311840897,
            35.9969032379914,
            1517.5
          ],
          [
            136.84910848103155,
            35.99683861005039,
            1517.1
          ],
          [
            136.8491857779734,
            35.99677398210939,
            1516.6
          ],
          [
            136.84926307491526,
            35.99670935416838,
            1516.2
          ],
          [
            136.8493459383299,
            35.99665139932107,
            1515.8
          ],
          [
            136.84944843881703,
            35.99661698541784,
            1515.3
          ],
          [
            136.8495509393042,
            35.9965825715146,
            1515.2
          ],
          [
            136.84965343979138,
            35.99654815761137,
            1513.7
          ],
          [
            136.84975594027853,
            35.996513743708135,
            1513.2
          ],
          [
            136.8498584407657,
            35.996479329804906,
            1513.0
          ],
          [
            136.84996094125287,
            35.99644491590168,
            1511.2
          ],
          [
            136.85006344174002,
            35.99641050199844,
            1510.8
          ],
          [
            136.8501659422272,
            35.99637608809521,
            1509.9
          ],
          [
            136.85026844271437,
            35.996341674191974,
            1508.8
          ],
          [
            136.85036430780588,
            35.99629679977302,
            1508.8
          ],
          [
            136.85045826856495,
            35.99624892322718,
            1507.0
          ],
          [
            136.850552229324,
            35.996201046681335,
            1506.2
          ],
          [
            136.85064619008307,
            35.9961531701355,
            1504.4
          ],
          [
            136.85074015084214,
            35.99610529358966,
            1503.7
          ],
          [
            136.8508341116012,
            35.996057417043815,
            1502.4
          ],
          [
            136.85093127009918,
            35.996017304386314,
            1502.3
          ],
          [
            136.8510417648677,
            35.996009571268814,
            1500.6
          ],
          [
            136.8511522596362,
            35.996001838151315,
            1499.4
          ],
          [
            136.8512627544047,
            35.995994105033816,
            1498.2
          ],
          [
            136.8513732491732,
            35.995986371916324,
            1496.8
          ],
          [
            136.8514838128405,
            35.99597934545405,
            1496.1
          ],
          [
            136.85159442703932,
            35.995972837264034,
            1494.3
          ],
          [
            136.85170504123812,
            35.995966329074015,
            1493.0
          ],
          [
            136.85181565543692,
            35.995959820883996,
            1490.8
          ],
          [
            136.85192568910512,
            35.99596506718175,
            1489.1
          ],
          [
            136.85203530570737,
            35.99597875816224,
            1486.4
          ],
          [
            136.8521449223096,
            35.99599244914272,
            1482.8
          ],
          [
            136.85225453891186,
            35.9960061401232,
            1480.6
          ],
          [
            136.85236422880365,
            35.9960182895604,
            1478.3
          ],
          [
            136.85247481854347,
            35.99601151195048,
            1476.9
          ],
          [
            136.85258540828332,
            35.996004734340545,
            1475.2
          ],
          [
            136.85269599802317,
            35.99599795673062,
            1473.9
          ],
          [
            136.85280658776298,
            35.99599117912069,
            1472.0
          ],
          [
            136.8529171523419,
            35.995984147606535,
            1469.9
          ],
          [
            136.85302765225714,
            35.995976463558065,
            1468.0
          ],
          [
            136.8531381521724,
            35.99596877950959,
            1465.3
          ],
          [
            136.85324872418957,
            35.99596251226533,
            1463.7
          ],
          [
            136.85335962752734,
            35.99596275547673,
            1462.5
          ],
          [
            136.85341789357543,
            35.996035212298814,
            1461.1
          ],
          [
            136.85335728936678,
            35.99610219725209,
            1460.7
          ],
          [
            136.8532808980795,
            35.99616753190569,
            1460.1
          ],
          [
            136.85320450679222,
            35.99623286655928,
            1460.1
          ],
          [
            136.85312447504353,
            35.996294528518035,
            1458.9
          ],
          [
            136.85302964763812,
            35.996341263816056,
            1458.1
          ],
          [
            136.85293482023272,
            35.996387999114084,
            1457.4
          ],
          [
            136.85283999282734,
            35.99643473441211,
            1456.4
          ],
          [
            136.85274516542194,
            35.99648146971014,
            1455.2
          ],
          [
            136.85265033801653,
            35.99652820500817,
            1454.4
          ],
          [
            136.85255551061113,
            35.996574940306196,
            1454.1
          ],
          [
            136.85246068320572,
            35.996621675604224,
            1452.4
          ],
          [
            136.85236585580031,
            35.996668410902245,
            1451.2
          ],
          [
            136.8522710283949,
            35.99671514620027,
            1450.2
          ],
          [
            136.8521762009895,
            35.9967618814983,
            1449.9
          ],
          [
            136.8520813735841,
            35.99680861679633,
            1450.4
          ],
          [
            136.8519865461787,
            35.99685535209436,
            1451.3
          ],
          [
            136.8518917187733,
            35.996902087392385,
            1447.8
          ],
          [
            136.85179689136788,
            35.99694882269041,
            1449.8
          ],
          [
            136.8517075600191,
            35.99700160051041,
            1444.2
          ],
          [
            136.85162475901987,
            35.99706155798365,
            1444.3
          ],
          [
            136.85160359323743,
            35.997139338663,
            1442.0
          ],
          [
            136.85162117105116,
            35.99722832292264,
            1439.9
          ],
          [
            136.8517116090689,
            35.99725596984877,
            1437.3
          ],
          [
            136.85182160855288,
            35.99726602424742,
            1435.5
          ],
          [
            136.8519300859989,
            35.99724726950227,
            1432.9
          ],
          [
            136.8520385634449,
            35.997228514757104,
            1431.6
          ],
          [
            136.8521470408909,
            35.99720976001195,
            1428.4
          ],
          [
            136.8522555183369,
            35.997191005266785,
            1428.7
          ],
          [
            136.85236399578292,
            35.99717225052163,
            1427.1
          ],
          [
            136.85247247322891,
            35.997153495776466,
            1425.8
          ],
          [
            136.85258095067493,
            35.99713474103131,
            1425.1
          ],
          [
            136.85268942812093,
            35.99711598628615,
            1423.9
          ],
          [
            136.85279876677927,
            35.99710270872711,
            1421.8
          ],
          [
            136.85290956207174,
            35.99709869515066,
            1420.9
          ],
          [
            136.85302035736422,
            35.99709468157421,
            1418.9
          ],
          [
            136.8531311526567,
            35.99709066799776,
            1417.1
          ],
          [
            136.85324194794916,
            35.99708665442131,
            1415.9
          ],
          [
            136.85334659885848,
            35.99706371002675,
            1414.3
          ],
          [
            136.8534454179035,
            35.997022797683265,
            1413.2
          ],
          [
            136.85354423694852,
            35.996981885339785,
            1411.6
          ],
          [
            136.85364317464177,
            35.996941205972306,
            1409.8
          ],
          [
            136.85374867064985,
            35.996913404421,
            1408.9
          ],
          [
            136.8538541666579,
            35.996885602869696,
            1407.6
          ],
          [
            136.85395966266597,
            35.99685780131839,
            1407.2
          ],
          [
            136.85406515867402,
            35.99682999976709,
            1406.2
          ],
          [
            136.8541706546821,
            35.99680219821578,
            1404.0
          ],
          [
            136.85427615069017,
            35.99677439666448,
            1405.0
          ],
          [
            136.85438164669822,
            35.996746595113166,
            1402.4
          ],
          [
            136.8544871427063,
            35.99671879356186,
            1401.0
          ],
          [
            136.85459263871437,
            35.996690992010556,
            1396.0
          ],
          [
            136.8546981347224,
            35.99666319045925,
            1394.6
          ],
          [
            136.8548036307305,
            35.99663538890795,
            1392.8
          ],
          [
            136.85490912673856,
            35.99660758735664,
            1391.7
          ],
          [
            136.8550146227466,
            35.99657978580534,
            1391.5
          ],
          [
            136.85512075731418,
            35.99659843906913,
            1388.9
          ],
          [
            136.8552269912092,
            35.99662431834425,
            1387.7
          ],
          [
            136.85533322510423,
            35.99665019761938,
            1387.0
          ],
          [
            136.85543945899926,
            35.99667607689451,
            1385.9
          ],
          [
            136.85554569289428,
            35.99670195616963,
            1384.0
          ],
          [
            136.85565378888964,
            35.99671794109694,
            1383.4
          ],
          [
            136.85576468536163,
            35.99671904557472,
            1382.9
          ],
          [
            136.85587558183363,
            35.9967201500525,
            1380.3
          ],
          [
            136.8559860766238,
            35.99671524697273,
            1379.2
          ],
          [
            136.8560961730517,
            35.996704385983335,
            1377.6
          ],
          [
            136.8562062694796,
            35.99669352499395,
            1376.3
          ],
          [
            136.8563163659075,
            35.99668266400457,
            1376.2
          ],
          [
            136.8564264623354,
            35.99667180301518,
            1375.2
          ],
          [
            136.8565365587633,
            35.9966609420258,
            1373.2
          ],
          [
            136.8566466551912,
            35.996650081036414,
            1371.0
          ],
          [
            136.85675675161914,
            35.99663922004702,
            1369.4
          ],
          [
            136.85686684804705,
            35.99662835905764,
            1367.7
          ],
          [
            136.85697694447495,
            35.996617498068254,
            1366.9
          ],
          [
            136.85708704090285,
            35.99660663707887,
            1364.3
          ],
          [
            136.85719707900685,
            35.99659539538725,
            1362.5
          ],
          [
            136.85730709648882,
            35.99658401908767,
            1359.9
          ],
          [
            136.85741711397077,
            35.99657264278809,
            1358.4
          ],
          [
            136.85752727423434,
            35.996563167357515,
            1355.9
          ],
          [
            136.85763817762643,
            35.99656358528739,
            1353.8
          ],
          [
            136.8577490810185,
            35.99656400321727,
            1352.4
          ],
          [
            136.8578599844106,
            35.99656442114715,
            1350.3
          ],
          [
            136.85797088780268,
            35.996564839077024,
            1348.9
          ],
          [
            136.85808179119476,
            35.9965652570069,
            1346.7
          ],
          [
            136.85819269458685,
            35.996565674936775,
            1344.4
          ],
          [
            136.85830359797893,
            35.99656609286666,
            1342.7
          ],
          [
            136.85841300486874,
            35.996573926209415,
            1340.0
          ],
          [
            136.85851826338197,
            35.99660231543498,
            1337.9
          ],
          [
            136.85860731250327,
            35.996649296163156,
            1335.9
          ],
          [
            136.85867517282227,
            35.99672057957178,
            1333.7
          ],
          [
            136.85874303314128,
            35.99679186298041,
            1332.8
          ],
          [
            136.85881089346032,
            35.99686314638903,
            1330.5
          ],
          [
            136.85887875377932,
            35.996934429797655,
            1328.3
          ],
          [
            136.85894661409836,
            35.99700571320628,
            1327.2
          ],
          [
            136.85901447441736,
            35.9970769966149,
            1325.1
          ],
          [
            136.8590823347364,
            35.99714828002353,
            1323.8
          ],
          [
            136.8591501950554,
            35.997219563432154,
            1321.6
          ],
          [
            136.85921805537444,
            35.99729084684078,
            1320.3
          ],
          [
            136.85928591569345,
            35.9973621302494,
            1318.0
          ],
          [
            136.85935624658234,
            35.997431421833404,
            1315.9
          ],
          [
            136.85944343071637,
            35.99748712598196,
            1314.4
          ],
          [
            136.85953813230017,
            35.997530641377665,
            1313.4
          ],
          [
            136.85964522849025,
            35.99755406022495,
            1312.2
          ],
          [
            136.85975232468033,
            35.997577479072234,
            1310.4
          ],
          [
            136.8598594208704,
            35.99760089791952,
            1309.1
          ],
          [
            136.85996651706049,
            35.9976243167668,
            1307.2
          ],
          [
            136.86007361325056,
            35.99764773561409,
            1306.3
          ],
          [
            136.86018299398762,
            35.9976415966646,
            1304.6
          ],
          [
            136.86029285447356,
            35.997629250655635,
            1303.4
          ],
          [
            136.8604027149595,
            35.99761690464667,
            1301.3
          ],
          [
            136.86051257544543,
            35.997604558637704,
            1299.5
          ],
          [
            136.86062243593136,
            35.99759221262874,
            1298.0
          ],
          [
            136.8607297126859,
            35.99760274325553,
            1295.8
          ],
          [
            136.86083497241864,
            35.99763113281001,
            1294.5
          ],
          [
            136.8608862651673,
            35.997701905183554,
            1293.8
          ],
          [
            136.86091759035287,
            35.997788359026586,
            1293.1
          ],
          [
            136.86094891553842,
            35.99787481286961,
            1292.0
          ],
          [
            136.860980240724,
            35.997961266712636,
            1292.4
          ],
          [
            136.86098352139496,
            35.9980462622272,
            1288.8
          ],
          [
            136.86093889063264,
            35.998128766323816,
            1288.5
          ],
          [
            136.86089425987032,
            35.99821127042044,
            1289.6
          ],
          [
            136.860849629108,
            35.99829377451706,
            1287.0
          ],
          [
            136.86080499834569,
            35.99837627861368,
            1287.0
          ],
          [
            136.86076036758337,
            35.9984587827103,
            1287.3
          ],
          [
            136.86071573682105,
            35.99854128680692,
            1286.0
          ],
          [
            136.86067110605873,
            35.99862379090354,
            1287.7
          ],
          [
            136.86065004119604,
            35.99871173715908,
            1284.3
          ],
          [
            136.86063460606786,
            35.99880098350969,
            1283.1
          ],
          [
            136.86061917093969,
            35.998890229860294,
            1281.6
          ],
          [
            136.8606037358115,
            35.998979476210906,
            1280.5
          ],
          [
            136.86058830068333,
            35.99906872256151,
            1279.4
          ],
          [
            136.86057286555513,
            35.999157968912115,
            1277.4
          ],
          [
            136.86055743042695,
            35.99924721526273,
            1275.6
          ],
          [
            136.86058351732026,
            35.999328355771844,
            1273.6
          ],
          [
            136.86064715947145,
            35.999402164822705,
            1271.2
          ],
          [
            136.86071080162264,
            35.999475973873565,
            1270.3
          ],
          [
            136.86077444377383,
            35.999549782924426,
            1267.6
          ],
          [
            136.8608087523934,
            35.9996340720029,
            1268.0
          ],
          [
            136.86083266245348,
            35.99972207618777,
            1265.9
          ],
          [
            136.86085657251354,
            35.99981008037264,
            1264.3
          ],
          [
            136.86088153755767,
            35.99989779236491,
            1264.0
          ],
          [
            136.8609287483261,
            35.99997934309272,
            1263.3
          ],
          [
            136.86097595909453,
            36.00006089382052,
            1262.4
          ],
          [
            136.86102316986296,
            36.00014244454832,
            1261.3
          ],
          [
            136.86108107380028,
            36.000217507566695,
            1259.6
          ],
          [
            136.86116388472698,
            36.000277459132974,
            1259.0
          ],
          [
            136.86124669565368,
            36.00033741069926,
            1258.6
          ],
          [
            136.86132950658035,
            36.00039736226554,
            1257.6
          ],
          [
            136.86141231750705,
            36.00045731383182,
            1257.4
          ],
          [
            136.86149512843375,
            36.000517265398095,
            1257.3
          ],
          [
            136.8615942933693,
            36.00055509793637,
            1256.4
          ],
          [
            136.86169831833422,
            36.00058635721636,
            1255.9
          ],
          [
            136.8618006235622,
            36.00061980376501,
            1253.8
          ],
          [
            136.86187924912727,
            36.00068336758629,
            1253.4
          ],
          [
            136.86194979635087,
            36.000751369086665,
            1250.5
          ],
          [
            136.86199308533537,
            36.00083434436824,
            1251.3
          ],
          [
            136.86203637431987,
            36.000917319649815,
            1252.0
          ],
          [
            136.86207966330437,
            36.00100029493139,
            1251.3
          ],
          [
            136.86208011583835,
            36.00108749490718,
            1250.7
          ],
          [
            136.8620625113232,
            36.00117647573808,
            1250.1
          ],
          [
            136.86204490680805,
            36.00126545656897,
            1249.8
          ],
          [
            136.86202366920935,
            36.001352650635674,
            1248.8
          ],
          [
            136.86193481798853,
            36.001406592068,
            1248.3
          ],
          [
            136.8618407720606,
            36.001444895716524,
            1247.1
          ],
          [
            136.86173058532873,
            36.001434610214986,
            1247.9
          ],
          [
            136.86162222629153,
            36.00141775039727,
            1244.4
          ],
          [
            136.8615172975315,
            36.001388551687455,
            1243.4
          ],
          [
            136.86141236877145,
            36.00135935297764,
            1242.3
          ],
          [
            136.86130744001144,
            36.00133015426782,
            1239.5
          ],
          [
            136.8612025112514,
            36.00130095555801,
            1238.6
          ],
          [
            136.86109758249137,
            36.00127175684819,
            1236.6
          ],
          [
            136.86099265373136,
            36.00124255813837,
            1237.6
          ],
          [
            136.86088772497132,
            36.00121335942856,
            1236.4
          ],
          [
            136.86078279621128,
            36.00118416071874,
            1235.5
          ],
          [
            136.86067786745127,
            36.001154962008926,
            1234.2
          ],
          [
            136.86057293869123,
            36.001125763299115,
            1233.7
          ],
          [
            136.8604680099312,
            36.0010965645893,
            1233.5
          ],
          [
            136.86036308117116,
            36.00106736587948,
            1231.9
          ],
          [
            136.86025815241115,
            36.00103816716967,
            1231.4
          ],
          [
            136.8601532236511,
            36.00100896845985,
            1230.7
          ],
          [
            136.8600443051466,
            36.00099270776637,
            1230.0
          ],
          [
            136.85993483115615,
            36.0009782484128,
            1228.4
          ],
          [
            136.8598253571657,
            36.00096378905922,
            1225.3
          ],
          [
            136.8597183696173,
            36.00096406170096,
            1225.9
          ],
          [
            136.8596400267686,
            36.00100979117751,
            1225.9
          ],
          [
            136.85967480624186,
            36.00109536888556,
            1224.5
          ],
          [
            136.8597095857151,
            36.00118094659361,
            1222.5
          ],
          [
            136.85974436518836,
            36.001266524301656,
            1221.1
          ],
          [
            136.85977914466162,
            36.001352102009704,
            1219.9
          ],
          [
            136.85981392413487,
            36.00143767971775,
            1218.6
          ],
          [
            136.8598764697842,
            36.001509145567205,
            1216.8
          ],
          [
            136.85995594979883,
            36.00157200470872,
            1215.0
          ],
          [
            136.86003542981345,
            36.00163486385023,
            1213.7
          ],
          [
            136.86011490982807,
            36.00169772299174,
            1212.1
          ],
          [
            136.86019438984272,
            36.00176058213326,
            1210.1
          ],
          [
            136.86027386985734,
            36.001823441274766,
            1208.8
          ],
          [
            136.86035334987196,
            36.00188630041628,
            1206.7
          ],
          [
            136.86043282988658,
            36.001949159557796,
            1204.6
          ],
          [
            136.8605123099012,
            36.002012018699304,
            1202.7
          ],
          [
            136.86058420621694,
            36.002080347347935,
            1201.4
          ],
          [
            136.86065158031633,
            36.00215193750453,
            1199.3
          ],
          [
            136.86071895441574,
            36.002223527661116,
            1197.9
          ],
          [
            136.86078632851516,
            36.00229511781771,
            1195.9
          ],
          [
            136.86085370261458,
            36.002366707974296,
            1194.6
          ],
          [
            136.860921076714,
            36.00243829813088,
            1193.4
          ],
          [
            136.8609884508134,
            36.00250988828748,
            1191.8
          ],
          [
            136.86105582491282,
            36.002581478444064,
            1190.5
          ],
          [
            136.86112319901224,
            36.00265306860066,
            1188.8
          ],
          [
            136.86119057311166,
            36.002724658757245,
            1187.9
          ],
          [
            136.86125794721107,
            36.00279624891384,
            1186.3
          ],
          [
            136.86132532131046,
            36.002867839070426,
            1184.6
          ],
          [
            136.86139269540988,
            36.00293942922701,
            1183.6
          ],
          [
            136.86147466705495,
            36.002990737602346,
            1182.3
          ],
          [
            136.86158448903186,
            36.0030033508195,
            1180.8
          ],
          [
            136.86169431100873,
            36.00301596403665,
            1179.6
          ],
          [
            136.86180042225277,
            36.00303479027001,
            1177.6
          ],
          [
            136.86188056969067,
            36.003097088656865,
            1176.7
          ],
          [
            136.86196071712857,
            36.00315938704372,
            1175.4
          ],
          [
            136.86204086456647,
            36.00322168543058,
            1174.2
          ],
          [
            136.86212101200434,
            36.00328398381744,
            1173.3
          ],
          [
            136.86220115944224,
            36.0033462822043,
            1174.9
          ],
          [
            136.86228130688013,
            36.003408580591156,
            1176.6
          ],
          [
            136.86236145431803,
            36.003470878978014,
            1176.3
          ],
          [
            136.86244158607388,
            36.00353319064688,
            1175.7
          ],
          [
            136.86252139397692,
            36.00359577660505,
            1175.2
          ],
          [
            136.86260120187995,
            36.00365836256322,
            1174.3
          ],
          [
            136.86268100978302,
            36.0037209485214,
            1173.5
          ],
          [
            136.86276081768605,
            36.003783534479574,
            1172.5
          ],
          [
            136.8628406255891,
            36.00384612043774,
            1171.9
          ],
          [
            136.86292043349212,
            36.00390870639592,
            1170.2
          ],
          [
            136.86300024139518,
            36.003971292354095,
            1169.5
          ],
          [
            136.86308004929822,
            36.00403387831227,
            1170.4
          ],
          [
            136.8631676158731,
            36.004083060919406,
            1169.2
          ],
          [
            136.86327784069448,
            36.00409310068886,
            1168.2
          ],
          [
            136.86338806551586,
            36.00410314045832,
            1166.8
          ],
          [
            136.86349829033728,
            36.00411318022777,
            1165.8
          ],
          [
            136.86360851515866,
            36.004123219997226,
            1164.5
          ],
          [
            136.86371873998004,
            36.00413325976668,
            1163.2
          ],
          [
            136.86382896480146,
            36.00414329953614,
            1161.6
          ],
          [
            136.86393918962284,
            36.004153339305596,
            1161.1
          ],
          [
            136.86404941444422,
            36.00416337907505,
            1159.7
          ],
          [
            136.86415963926564,
            36.0041734188445,
            1158.5
          ],
          [
            136.86426986408702,
            36.00418345861396,
            1157.7
          ],
          [
            136.8643800889084,
            36.004193498383415,
            1157.3
          ],
          [
            136.86449031372982,
            36.00420353815287,
            1156.8
          ],
          [
            136.86460059695602,
            36.00421285896649,
            1156.0
          ],
          [
            136.86471148968482,
            36.00421467688008,
            1155.6
          ],
          [
            136.86482238229559,
            36.004216499538515,
            1155.0
          ],
          [
            136.86493327429656,
            36.00421834671233,
            1155.2
          ],
          [
            136.8650344196417,
            36.00419262618682,
            1155.9
          ],
          [
            136.86512719712547,
            36.004143237781015,
            1156.5
          ],
          [
            136.8652199746093,
            36.0040938493752,
            1155.9
          ]
        ]
      }
    },
    {
      "type": "Feature",
      "properties": {
        "name": "ダイヤモンド",
        "slope_deg": [
          15.774985955414008,
          15.774985955414008,
          15.774985955414008,
          19.925580658184323,
          20.30447370996038,
          18.52084947747093,
          20.43036232928569,
          18.64953875405141,
          20.17838007450879,
          19.798876354525046,
          19.034434354835135,
          18.778033222445426,
          18.133621430820266,
          18.133621430820266,
          18.133621430820558,
          17.874511367250427,
          17.874511367250427,
          17.874511367250427,
          16.69924423399362,
          17.484427323220586,
          16.039943306049665,
          17.484427323220586,
          16.69924423399362,
          16.43605922463589,
          15.642246457208788,
          15.2429977429017,
          16.96170588653267,
          15.774985955414008,
          17.614643300006804,
          16.43605922463559,
          16.43605922463589,
          16.17215901578243,
          16.83056598321078,
          17.48442732322088,
          15.509334522674754,
          17.35402463626132,
          15.37625124882619,
          16.17215901578243,
          16.69924423399362,
          17.092662950267425,
          18.133621430820266,
          16.17215901578243,
          16.830565983210477,
          14.708303899682749,
          14.708303899682749,
          14.43996512100296,
          14.708303899682749,
          15.2429977429017,
          16.039943306049665,
          16.304198003832074,
          15.77498595541431,
          15.109575122340402,
          14.036243467926479,
          13.495733280795996,
          14.17097756293297,
          14.842227057911282,
          14.97598451475675,
          15.37625124882619,
          15.642246457208788,
          15.509334522674754,
          16.039943306049665,
          16.304198003832376,
          15.774985955414008,
          15.109575122340402,
          13.766300685466197,
          13.360218444764483,
          12.270720357815385,
          13.901350769509243,
          13.224551192213651,
          12.816647648997312,
          13.224551192213344,
          11.7225209701022,
          12.816647648997312,
          13.360218444764483,
          12.407418527400994,
          13.631094443421603,
          12.407418527400683,
          12.68038349181982,
          13.49573328079569,
          11.309932474020215,
          12.133880170633535,
          12.407418527400683,
          12.133880170633224,
          13.766300685466197,
          13.224551192213344,
          13.224551192213651,
          13.901350769509243,
          13.49573328079569,
          14.036243467926479,
          13.766300685466197,
          12.816647648997312,
          11.44759626368579,
          11.034209003250501,
          10.757967088389877,
          10.203973721731748,
          11.44759626368548,
          11.309932474020215,
          11.309932474020215,
          11.996899307923577,
          11.309932474020215,
          11.7225209701022,
          10.481218144131045,
          9.50877195829791,
          9.648045316098093,
          9.22988624372772,
          9.926245506651705,
          11.58512622485511,
          11.722520970102511,
          11.309932474020215,
          11.309932474020215,
          9.787203664655925,
          9.787203664655925,
          9.787203664655925
        ],
        "horizontal_dist_map": 1123,
        "slope_dist_map": 1163,
        "elevation_diff_map": 292.8,
        "avg_slope_deg_map": 14.1,
        "max_slope_deg_map": 20.4
      },
      "geometry": {
        "type": "LineString",
        "coordinates": [
          [
            136.8488413,
            35.997062,
            1518.7
          ],
          [
            136.84894461833423,
            35.997094761066734,
            1517.5
          ],
          [
            136.84904793666843,
            35.997127522133475,
            1514.8
          ],
          [
            136.84915125500265,
            35.99716028320021,
            1510.3
          ],
          [
            136.84925457333688,
            35.99719304426694,
            1507.4
          ],
          [
            136.8493578916711,
            35.997225805333684,
            1503.0
          ],
          [
            136.8494612100053,
            35.99725856640042,
            1500.0
          ],
          [
            136.84956452833953,
            35.99729132746715,
            1496.9
          ],
          [
            136.84966784667375,
            35.997324088533894,
            1492.5
          ],
          [
            136.84977116500795,
            35.99735684960063,
            1489.5
          ],
          [
            136.8498789511131,
            35.99737722173144,
            1485.3
          ],
          [
            136.84998768837826,
            35.99739495633655,
            1482.5
          ],
          [
            136.85009642564344,
            35.99741269094166,
            1478.7
          ],
          [
            136.85020516290862,
            35.99743042554677,
            1475.9
          ],
          [
            136.85031376281822,
            35.99744861349881,
            1472.2
          ],
          [
            136.85042020234934,
            35.9974739318559,
            1469.4
          ],
          [
            136.85052664188046,
            35.99749925021299,
            1465.6
          ],
          [
            136.8506330814116,
            35.99752456857008,
            1463.0
          ],
          [
            136.8507395209427,
            35.99754988692717,
            1459.3
          ],
          [
            136.8508483335312,
            35.997564541819386,
            1456.5
          ],
          [
            136.8509589438869,
            35.997571118344894,
            1453.6
          ],
          [
            136.8510695542426,
            35.997577694870394,
            1450.4
          ],
          [
            136.8511801645983,
            35.9975842713959,
            1447.8
          ],
          [
            136.85129077495398,
            35.99759084792141,
            1443.9
          ],
          [
            136.85140138530969,
            35.99759742444691,
            1441.6
          ],
          [
            136.8515119956654,
            35.997604000972416,
            1438.6
          ],
          [
            136.85162260602107,
            35.99761057749792,
            1436.6
          ],
          [
            136.85173321637677,
            35.99761715402343,
            1433.0
          ],
          [
            136.85184382673248,
            35.99762373054893,
            1429.4
          ],
          [
            136.85195443708815,
            35.99763030707444,
            1427.3
          ],
          [
            136.85206504744386,
            35.997636883599945,
            1423.9
          ],
          [
            136.85217572345934,
            35.997642,
            1421.2
          ],
          [
            136.85228662955208,
            35.997642,
            1417.6
          ],
          [
            136.8523975356448,
            35.997642,
            1415.7
          ],
          [
            136.85250844173754,
            35.997642,
            1411.8
          ],
          [
            136.85261934783028,
            35.997642,
            1408.6
          ],
          [
            136.852730253923,
            35.997642,
            1406.5
          ],
          [
            136.85284065716374,
            35.997646545471035,
            1403.2
          ],
          [
            136.852949784898,
            35.99766262073183,
            1400.8
          ],
          [
            136.8530589126322,
            35.99767869599263,
            1397.0
          ],
          [
            136.85316804036643,
            35.99769477125343,
            1394.5
          ],
          [
            136.85327716810067,
            35.997710846514224,
            1390.9
          ],
          [
            136.8533862958349,
            35.997726921775026,
            1387.7
          ],
          [
            136.85349542356911,
            35.99774299703582,
            1385.4
          ],
          [
            136.85360455130333,
            35.997759072296624,
            1382.4
          ],
          [
            136.85371367903758,
            35.99777514755742,
            1380.4
          ],
          [
            136.8538228067718,
            35.99779122281822,
            1377.2
          ],
          [
            136.85393193450602,
            35.99780729807902,
            1375.1
          ],
          [
            136.85404106224027,
            35.99782337333981,
            1371.9
          ],
          [
            136.8541501899745,
            35.997839448600615,
            1369.5
          ],
          [
            136.8542593177087,
            35.99785552386141,
            1365.7
          ],
          [
            136.85436844544296,
            35.99787159912221,
            1363.4
          ],
          [
            136.85447757317718,
            35.99788767438301,
            1360.6
          ],
          [
            136.85458604802295,
            35.997906093456386,
            1358.7
          ],
          [
            136.8546930553314,
            35.99792978086058,
            1355.7
          ],
          [
            136.85480006263987,
            35.997953468264775,
            1353.8
          ],
          [
            136.85490706994833,
            35.99797715566897,
            1350.5
          ],
          [
            136.85501407725678,
            35.99800084307316,
            1348.1
          ],
          [
            136.85512108456524,
            35.99802453047735,
            1345.0
          ],
          [
            136.8552280918737,
            35.998048217881546,
            1342.8
          ],
          [
            136.85533509918216,
            35.99807190528574,
            1339.3
          ],
          [
            136.8554421064906,
            35.998095592689936,
            1337.0
          ],
          [
            136.85554911379907,
            35.99811928009413,
            1333.5
          ],
          [
            136.85565612110753,
            35.998142967498325,
            1331.1
          ],
          [
            136.8557620983363,
            35.99816904106171,
            1328.0
          ],
          [
            136.85586386387783,
            35.99820487091504,
            1326.2
          ],
          [
            136.85596562941936,
            35.99824070076837,
            1323.7
          ],
          [
            136.8560673949609,
            35.9982765306217,
            1321.6
          ],
          [
            136.85616916050242,
            35.99831236047503,
            1319.3
          ],
          [
            136.85627092604392,
            35.998348190328365,
            1316.3
          ],
          [
            136.85637269158545,
            35.998384020181696,
            1314.3
          ],
          [
            136.85647445712698,
            35.99841985003503,
            1312.5
          ],
          [
            136.8565762226685,
            35.99845567988836,
            1309.9
          ],
          [
            136.85667798821004,
            35.99849150974169,
            1308.0
          ],
          [
            136.85677975375157,
            35.99852733959502,
            1305.2
          ],
          [
            136.8568815192931,
            35.99856316944835,
            1303.0
          ],
          [
            136.8569832848346,
            35.998598999301684,
            1301.1
          ],
          [
            136.85708403690924,
            35.998636599786934,
            1298.3
          ],
          [
            136.8571749837631,
            35.99868641624119,
            1296.4
          ],
          [
            136.857255205153,
            35.99874864801176,
            1294.0
          ],
          [
            136.85733542654287,
            35.99881087978233,
            1291.5
          ],
          [
            136.85741564793278,
            35.9988731115529,
            1290.3
          ],
          [
            136.85749586932266,
            35.998935343323474,
            1287.8
          ],
          [
            136.85757609071257,
            35.998997575094045,
            1285.2
          ],
          [
            136.85765631210245,
            35.999059806864615,
            1282.9
          ],
          [
            136.8577369443043,
            35.999121673613786,
            1280.5
          ],
          [
            136.857820386091,
            35.99918104394443,
            1278.4
          ],
          [
            136.85790382787766,
            35.99924041427507,
            1275.8
          ],
          [
            136.85798726966436,
            35.99929978460571,
            1273.0
          ],
          [
            136.85807071145103,
            35.99935915493636,
            1270.9
          ],
          [
            136.85815415323773,
            35.999418525267,
            1268.4
          ],
          [
            136.85823759502443,
            35.999477895597636,
            1266.0
          ],
          [
            136.8583210368111,
            35.99953726592828,
            1263.9
          ],
          [
            136.8584044785978,
            35.99959663625892,
            1262.8
          ],
          [
            136.85848792038448,
            35.99965600658957,
            1260.6
          ],
          [
            136.85857136217118,
            35.99971537692021,
            1258.4
          ],
          [
            136.85865480395785,
            35.99977474725085,
            1256.7
          ],
          [
            136.85873824574455,
            35.99983411758149,
            1254.7
          ],
          [
            136.85881515729304,
            35.999898907557316,
            1252.6
          ],
          [
            136.8588899619571,
            35.999965446101214,
            1250.4
          ],
          [
            136.85896431365455,
            36.00003229608867,
            1248.2
          ],
          [
            136.85903268458924,
            36.00010325823365,
            1246.7
          ],
          [
            136.85910105552392,
            36.00017422037864,
            1244.3
          ],
          [
            136.85916287104894,
            36.000248589479106,
            1243.0
          ],
          [
            136.85921347494414,
            36.00032878545015,
            1241.5
          ],
          [
            136.85926407883937,
            36.000408981421195,
            1239.9
          ],
          [
            136.85931468273458,
            36.00048917739224,
            1237.8
          ],
          [
            136.85936528662978,
            36.00056937336329,
            1236.0
          ],
          [
            136.85941589052499,
            36.000649569334335,
            1233.3
          ],
          [
            136.85946649442022,
            36.00072976530538,
            1231.6
          ],
          [
            136.85951709831542,
            36.000809961276424,
            1229.8
          ],
          [
            136.85956770221063,
            36.000890157247476,
            1228.0
          ],
          [
            136.85961830610583,
            36.00097035321852,
            1226.4
          ]
        ]
      }
    },
    {
      "type": "Feature",
      "properties": {
        "name": "チャレンジ",
        "slope_deg": [
          13.901350769509243,
          13.901350769509243,
          13.901350769509243,
          19.798876354524758,
          23.50904022419257,
          25.290734392148046,
          29.683140179123246,
          27.24846742664491,
          28.36904629327848,
          28.36904629327873,
          25.173524524530112,
          26.45034506503404,
          23.38848242899485,
          22.04794746356016,
          20.30447370996038,
          20.052082146098712,
          20.806791012711287,
          19.162339354972016,
          20.43036232928569,
          20.806791012711003,
          21.67782085250454,
          22.04794746356044,
          21.181349500266236,
          20.68152167820107,
          19.925580658184323,
          19.162339354971724,
          19.034434354835135,
          17.6146433000071,
          15.242997742901395,
          13.901350769509243,
          13.631094443421603,
          13.631094443421603,
          13.631094443421603
        ],
        "horizontal_dist_map": 328,
        "slope_dist_map": 352,
        "elevation_diff_map": 121.6,
        "avg_slope_deg_map": 19.0,
        "max_slope_deg_map": 29.7
      },
      "geometry": {
        "type": "LineString",
        "coordinates": [
          [
            136.8617872,
            35.9972895,
            1277.0
          ],
          [
            136.8618526879523,
            35.99736223419874,
            1276.1
          ],
          [
            136.86191817590458,
            35.99743496839748,
            1274.5
          ],
          [
            136.86198366385688,
            35.99750770259622,
            1270.6
          ],
          [
            136.86204915180917,
            35.997580436794955,
            1267.1
          ],
          [
            136.86211463976144,
            35.99765317099369,
            1261.7
          ],
          [
            136.86218012771374,
            35.99772590519243,
            1257.1
          ],
          [
            136.86224561566604,
            35.99779863939117,
            1251.7
          ],
          [
            136.86231495816622,
            35.99786864580609,
            1244.3
          ],
          [
            136.86239462449757,
            35.997931346259264,
            1241.1
          ],
          [
            136.8624742908289,
            35.99799404671244,
            1235.5
          ],
          [
            136.86255395716023,
            35.99805674716562,
            1230.1
          ],
          [
            136.86263362349158,
            35.99811944761879,
            1225.5
          ],
          [
            136.86271328982292,
            35.99818214807197,
            1221.2
          ],
          [
            136.86279295615427,
            35.99824484852515,
            1218.2
          ],
          [
            136.8628726224856,
            35.99830754897832,
            1213.9
          ],
          [
            136.86295228881696,
            35.998370249431495,
            1210.7
          ],
          [
            136.8630319551483,
            35.998432949884666,
            1206.6
          ],
          [
            136.86311162147965,
            35.998495650337844,
            1203.0
          ],
          [
            136.863191287811,
            35.99855835079102,
            1200.0
          ],
          [
            136.86327095414234,
            35.99862105124419,
            1195.8
          ],
          [
            136.86335062047368,
            35.99868375169737,
            1191.4
          ],
          [
            136.863430286805,
            35.99874645215055,
            1187.1
          ],
          [
            136.86350995313634,
            35.99880915260372,
            1183.8
          ],
          [
            136.8635896194677,
            35.9988718530569,
            1180.3
          ],
          [
            136.86366928579903,
            35.99893455351007,
            1176.3
          ],
          [
            136.86374895213038,
            35.998997253963246,
            1172.6
          ],
          [
            136.86380945576084,
            35.999071779796246,
            1169.9
          ],
          [
            136.8638623947954,
            35.999150973771805,
            1166.5
          ],
          [
            136.86391533382996,
            35.99923016774737,
            1163.6
          ],
          [
            136.86396827286453,
            35.999309361722936,
            1161.7
          ],
          [
            136.8640212118991,
            35.9993885556985,
            1160.0
          ],
          [
            136.86407415093367,
            35.99946774967407,
            1156.8
          ]
        ]
      }
    },
    {
      "type": "Feature",
      "properties": {
        "name": "チャンピオン",
        "slope_deg": [
          9.50877195829791,
          9.50877195829791,
          9.50877195829791,
          10.065169352759717,
          11.034209003250188,
          11.034209003250188,
          11.58512622485511,
          10.481218144131045,
          10.619655276155134,
          10.896152141141194,
          11.034209003250188,
          11.034209003250188,
          11.172136252167274,
          11.172136252167274,
          10.757967088390194,
          11.309932474020215,
          9.926245506651705,
          9.090276920822133,
          7.969610394321233,
          7.547725773843047,
          7.547725773843047,
          6.701525844729548,
          7.547725773843047,
          7.829076510059608,
          9.22988624372772,
          13.631094443421603,
          16.43605922463559,
          20.052082146098424,
          24.108515899975156,
          23.629377730656817,
          26.67952810669144,
          25.873385226286196,
          23.869390064732137,
          25.173524524530112,
          21.80140948635181,
          23.14670784188283,
          22.416147479343643,
          21.80140948635181,
          20.556045219583467,
          19.544862326628827,
          18.778033222445714,
          18.133621430820558,
          19.544862326628827,
          17.092662950267425,
          18.262889942193894,
          15.642246457208486,
          14.305551846621709,
          13.224551192213651,
          12.270720357815385,
          15.109575122340708,
          17.09266295026772,
          23.869390064732137,
          25.873385226286196,
          28.59038406079055,
          28.920650342151447,
          27.923589715138434,
          27.587067675863732,
          26.679528106691176,
          26.220246235243597,
          24.346751854704813,
          21.924785220541345,
          20.43036232928569,
          23.26770481005701,
          23.629377730656817,
          28.700704956337432,
          28.14678121412189,
          28.14678121412189,
          27.587067675863988,
          27.36156482027085,
          27.24846742664491,
          26.220246235243597,
          26.565051177077994,
          22.04794746356044,
          21.677820852504254,
          17.744671625056874,
          15.509334522674754,
          15.109575122340402,
          13.766300685466504,
          13.360218444764483,
          13.088732789694,
          12.95276451337558,
          11.44759626368548,
          11.172136252167274,
          9.09027692082245,
          8.11004782941916,
          7.547725773843047,
          6.277298489597361,
          5.994092949108534,
          5.994092949108534,
          6.560196400571501,
          7.688447769903003,
          8.9505586562316,
          9.369385096487358,
          10.065169352759717,
          11.7225209701022,
          12.952764513375426,
          13.088732789694,
          13.766300685466197,
          13.360218444764483,
          12.13388017063338,
          11.859779120948104,
          11.034209003250343,
          10.065169352759877,
          11.309932474020215,
          11.44759626368548,
          10.757967088390036,
          10.896152141141194,
          9.50877195829791,
          8.250387228905595,
          8.250387228905595,
          8.250387228905595
        ],
        "horizontal_dist_map": 1105,
        "slope_dist_map": 1160,
        "elevation_diff_map": 316.5,
        "avg_slope_deg_map": 15.2,
        "max_slope_deg_map": 28.9
      },
      "geometry": {
        "type": "LineString",
        "coordinates": [
          [
            136.8594977,
            35.9975218,
            1313.9
          ],
          [
            136.8596083035104,
            35.99751514989169,
            1312.1
          ],
          [
            136.85971890702083,
            35.99750849978338,
            1310.8
          ],
          [
            136.85982951053126,
            35.99750184967506,
            1308.7
          ],
          [
            136.85994011404165,
            35.99749519956675,
            1307.2
          ],
          [
            136.86005071755207,
            35.99748854945844,
            1305.0
          ],
          [
            136.8601613210625,
            35.99748189935013,
            1303.0
          ],
          [
            136.8602719245729,
            35.997475249241816,
            1300.9
          ],
          [
            136.86038252808333,
            35.997468599133505,
            1299.0
          ],
          [
            136.86049313159376,
            35.99746194902519,
            1297.6
          ],
          [
            136.86060373510418,
            35.997455298916876,
            1295.5
          ],
          [
            136.86071433861457,
            35.997448648808565,
            1293.2
          ],
          [
            136.860824942125,
            35.99744199870025,
            1291.2
          ],
          [
            136.8609355456354,
            35.99743534859194,
            1289.8
          ],
          [
            136.86104614914584,
            35.997428698483624,
            1287.6
          ],
          [
            136.86115675265626,
            35.99742204837531,
            1285.3
          ],
          [
            136.8612651884357,
            35.99740513659994,
            1283.6
          ],
          [
            136.86137218959541,
            35.997381433580415,
            1281.8
          ],
          [
            136.86147919075512,
            35.99735773056089,
            1280.6
          ],
          [
            136.86158619191485,
            35.99733402754138,
            1278.9
          ],
          [
            136.86169319307456,
            35.997310324521855,
            1278.0
          ],
          [
            136.86179857061336,
            35.9972836342074,
            1276.5
          ],
          [
            136.86189220204946,
            35.99723533227607,
            1275.3
          ],
          [
            136.8619858334856,
            35.99718703034475,
            1274.2
          ],
          [
            136.8620794649217,
            35.99713872841342,
            1272.7
          ],
          [
            136.8621730963578,
            35.99709042648209,
            1271.0
          ],
          [
            136.8622667277939,
            35.99704212455077,
            1268.8
          ],
          [
            136.86236035923002,
            35.99699382261944,
            1264.5
          ],
          [
            136.86245399066613,
            35.99694552068811,
            1260.9
          ],
          [
            136.86254762210223,
            35.996897218756786,
            1256.4
          ],
          [
            136.86264125353836,
            35.996848916825456,
            1250.9
          ],
          [
            136.86273488497446,
            35.99680061489413,
            1247.0
          ],
          [
            136.86282851641056,
            35.9967523129628,
            1240.8
          ],
          [
            136.8629221478467,
            35.996704011031476,
            1237.0
          ],
          [
            136.8630202318378,
            35.99666383947924,
            1233.2
          ],
          [
            136.86312706493916,
            35.996639643829106,
            1228.2
          ],
          [
            136.86323559786538,
            35.99662976874149,
            1224.8
          ],
          [
            136.8633461523777,
            35.996636924967184,
            1219.9
          ],
          [
            136.86345670689002,
            35.996644081192876,
            1216.7
          ],
          [
            136.86356726140232,
            35.996651237418575,
            1212.2
          ],
          [
            136.86367781591463,
            35.99665839364427,
            1209.8
          ],
          [
            136.86378836865637,
            35.99666543453039,
            1205.7
          ],
          [
            136.8638986690935,
            35.9966560397908,
            1203.1
          ],
          [
            136.8640089695306,
            35.996646645051214,
            1199.1
          ],
          [
            136.86411926996772,
            35.99663725031162,
            1195.6
          ],
          [
            136.86422957040483,
            35.99662785557204,
            1193.4
          ],
          [
            136.86433987084195,
            35.996618460832444,
            1189.9
          ],
          [
            136.86445017127906,
            35.99660906609285,
            1187.9
          ],
          [
            136.86456047171617,
            35.996599671353266,
            1185.4
          ],
          [
            136.8646707721533,
            35.996590276613674,
            1184.0
          ],
          [
            136.8647810725904,
            35.99658088187409,
            1181.2
          ],
          [
            136.8648906634506,
            35.99656802757146,
            1177.1
          ],
          [
            136.86499875127967,
            35.996547845196744,
            1173.1
          ],
          [
            136.86510683910873,
            35.99652766282202,
            1166.3
          ],
          [
            136.86521492693782,
            35.9965074804473,
            1161.8
          ],
          [
            136.8653230147669,
            35.99648729807257,
            1155.3
          ],
          [
            136.86543110259595,
            35.996467115697854,
            1151.0
          ],
          [
            136.8655399096802,
            35.99644991411617,
            1145.1
          ],
          [
            136.86564937128816,
            35.99643542506232,
            1140.9
          ],
          [
            136.8657588328961,
            35.996420936008484,
            1135.2
          ],
          [
            136.86586829450405,
            35.99640644695464,
            1131.3
          ],
          [
            136.86597775611202,
            35.9963919579008,
            1127.0
          ],
          [
            136.86608721771998,
            35.99637746884696,
            1124.8
          ],
          [
            136.8661966793279,
            35.99636297979311,
            1120.3
          ],
          [
            136.86630614093588,
            35.99634849073927,
            1114.1
          ],
          [
            136.86641560254384,
            35.996334001685426,
            1109.5
          ],
          [
            136.86652506415177,
            35.99631951263159,
            1102.9
          ],
          [
            136.86663452575974,
            35.99630502357775,
            1098.9
          ],
          [
            136.8667439873677,
            35.9962905345239,
            1092.7
          ],
          [
            136.86685344897563,
            35.99627604547006,
            1088.6
          ],
          [
            136.8669629105836,
            35.99626155641622,
            1082.2
          ],
          [
            136.86707237219156,
            35.996247067362376,
            1078.3
          ],
          [
            136.8671818337995,
            35.996232578308536,
            1073.0
          ],
          [
            136.86729129540745,
            35.99621808925469,
            1068.6
          ],
          [
            136.86740075701542,
            35.99620360020085,
            1066.0
          ],
          [
            136.86751021862335,
            35.99618911114701,
            1062.4
          ],
          [
            136.8676204566215,
            35.99618955362288,
            1060.2
          ],
          [
            136.8677310320841,
            35.99619648621318,
            1057.5
          ],
          [
            136.86784160754672,
            35.99620341880348,
            1055.2
          ],
          [
            136.86794887376138,
            35.99621756967623,
            1052.6
          ],
          [
            136.86803807732434,
            35.99627111962816,
            1050.7
          ],
          [
            136.86812728088728,
            35.99632466958009,
            1048.2
          ],
          [
            136.86821648445024,
            35.99637821953202,
            1046.0
          ],
          [
            136.86830568801318,
            35.996431769483955,
            1044.5
          ],
          [
            136.86839489157612,
            35.996485319435884,
            1042.8
          ],
          [
            136.86848409513908,
            35.99653886938781,
            1041.8
          ],
          [
            136.86857329870202,
            35.99659241933975,
            1040.3
          ],
          [
            136.8686736315509,
            35.99663025118039,
            1039.2
          ],
          [
            136.86877543427715,
            35.99666600708406,
            1038.4
          ],
          [
            136.8688772370034,
            35.99670176298773,
            1037.6
          ],
          [
            136.86897903972965,
            35.9967375188914,
            1036.1
          ],
          [
            136.86908437982854,
            35.99676361863045,
            1034.6
          ],
          [
            136.8691936729518,
            35.996778927576884,
            1033.0
          ],
          [
            136.86930296607508,
            35.99679423652332,
            1031.3
          ],
          [
            136.86941225919836,
            35.99680954546976,
            1029.5
          ],
          [
            136.86951067847627,
            35.99684708382538,
            1027.5
          ],
          [
            136.86960307895842,
            35.99689692640911,
            1024.7
          ],
          [
            136.86969547944057,
            35.99694676899284,
            1022.1
          ],
          [
            136.8697878799227,
            35.99699661157657,
            1020.2
          ],
          [
            136.86984932293836,
            35.99707157392432,
            1017.7
          ],
          [
            136.86991052280754,
            35.99714673356801,
            1015.2
          ],
          [
            136.86997172267672,
            35.997221893211695,
            1013.5
          ],
          [
            136.8700329225459,
            35.99729705285539,
            1011.8
          ],
          [
            136.87009412241508,
            35.99737221249907,
            1009.9
          ],
          [
            136.87015532228423,
            35.997447372142766,
            1008.1
          ],
          [
            136.8702165221534,
            35.99752253178645,
            1005.5
          ],
          [
            136.87026220716726,
            35.99760397867181,
            1003.7
          ],
          [
            136.87029926008125,
            35.99768892363026,
            1002.3
          ],
          [
            136.87033631299525,
            35.9977738685887,
            1000.4
          ],
          [
            136.87037336590927,
            35.99785881354714,
            998.8
          ],
          [
            136.87041041882327,
            35.997943758505585,
            997.9
          ]
        ]
      }
    },
    {
      "type": "Feature",
      "properties": {
        "name": "エキサイティングB",
        "slope_deg": [
          10.619655276155134,
          10.619655276155134,
          10.619655276155134,
          16.172159015782732,
          19.034434354835135,
          24.346751854705083,
          23.749494492866926,
          21.80140948635181,
          23.869390064732137,
          24.820541335489082,
          26.220246235243334,
          27.135139622076878,
          28.25802961470689,
          25.173524524530112,
          26.565051177077994,
          26.104854009099192,
          23.267704810056735,
          25.29073439214831,
          22.904057803637016,
          24.4655351106628,
          25.407718108948472,
          21.554019920478787,
          22.170895633834377,
          19.162339354971724,
          19.417554141579625,
          20.17838007450879,
          20.806791012711287,
          21.05670559070489,
          20.681521678200784,
          19.925580658184323,
          18.906332035086663,
          18.52084947747122,
          18.00416160591338,
          18.133621430820266,
          17.744671625056874,
          17.223436191131285,
          16.039943306049665,
          15.509334522674754,
          15.2429977429017,
          16.961705886532968,
          15.907551930525962,
          17.09266295026772,
          15.509334522674754,
          13.631094443421603,
          14.84222705791098,
          13.49573328079569,
          14.97598451475675,
          14.708303899682749,
          14.57421619803886,
          14.439965121002654,
          14.439965121002654,
          14.708303899682749,
          15.774985955414008,
          16.43605922463559,
          17.874511367250427,
          19.162339354971724,
          20.806791012711287,
          23.025492008528037,
          21.056705590704606,
          22.538450040828252,
          19.417554141579338,
          19.034434354835426,
          19.417554141579625,
          18.64953875405141,
          18.64953875405141,
          17.614643300006804,
          17.744671625056874,
          15.774985955414008,
          15.907551930525962,
          14.170977562933274,
          13.631094443421603,
          13.901350769509243,
          12.816647648997312,
          12.95276451337558,
          13.766300685466197,
          12.952764513375273,
          12.816647648997623,
          12.952764513375273,
          10.619655276155134,
          11.44759626368579,
          12.952764513375273,
          13.088732789694308,
          12.816647648997312,
          12.407418527400683,
          12.133880170633535,
          11.7225209701022,
          13.495733280795996,
          13.224551192213497,
          12.543973346572077,
          13.224551192213497,
          11.85977912094779,
          11.309932474020215,
          11.7225209701022,
          11.034209003250188,
          10.896152141141194,
          11.309932474020215,
          9.50877195829791,
          9.22988624372772,
          8.530765609948133,
          8.39062701325255,
          8.39062701325255,
          7.969610394321392,
          7.68844776990284,
          6.842773412631036,
          6.277298489597523,
          5.710593137499643,
          5.568737077976604,
          5.284821092508918,
          4.716221234338378,
          4.146688825965976,
          3.718993973158075,
          3.0052693596899664,
          3.1480960995626615,
          2.862405226111748,
          2.862405226111748,
          3.0052693596899664,
          3.4336303624504896,
          3.718993973158075,
          3.148096099562824,
          2.433606100720186,
          1.2889375601870259,
          0.4297102894009785,
          0.4297102894009785,
          0.4297102894009785
        ],
        "horizontal_dist_map": 1235,
        "slope_dist_map": 1288,
        "elevation_diff_map": 321.9,
        "avg_slope_deg_map": 14.0,
        "max_slope_deg_map": 28.3
      },
      "geometry": {
        "type": "LineString",
        "coordinates": [
          [
            136.8597949,
            35.9985715,
            1308.2
          ],
          [
            136.85989570098138,
            35.99860908775184,
            1307.2
          ],
          [
            136.85999650196274,
            35.99864667550367,
            1306.1
          ],
          [
            136.86009730294413,
            35.99868426325551,
            1304.4
          ],
          [
            136.86020184591933,
            35.998711447596044,
            1300.7
          ],
          [
            136.86031169153256,
            35.99872388965579,
            1295.6
          ],
          [
            136.86042153714578,
            35.99873633171555,
            1292.3
          ],
          [
            136.860531382759,
            35.9987487737753,
            1286.3
          ],
          [
            136.86063564338477,
            35.998777900043876,
            1283.1
          ],
          [
            136.8607381090102,
            35.99881238857344,
            1279.6
          ],
          [
            136.86084057463563,
            35.99884687710301,
            1274.6
          ],
          [
            136.86094304026105,
            35.99888136563258,
            1267.8
          ],
          [
            136.86104550588647,
            35.99891585416215,
            1263.4
          ],
          [
            136.8611479715119,
            35.99895034269172,
            1259.1
          ],
          [
            136.86125043713733,
            35.998984831221286,
            1253.1
          ],
          [
            136.86135290276275,
            35.99901931975086,
            1249.0
          ],
          [
            136.86145536838816,
            35.99905380828042,
            1243.4
          ],
          [
            136.8615578340136,
            35.999088296809994,
            1239.5
          ],
          [
            136.861665444126,
            35.99910991978851,
            1235.9
          ],
          [
            136.86177328868015,
            35.99913095646511,
            1230.1
          ],
          [
            136.86188113323433,
            35.9991519931417,
            1226.5
          ],
          [
            136.8619889777885,
            35.9991730298183,
            1221.3
          ],
          [
            136.86209682234266,
            35.9991940664949,
            1216.9
          ],
          [
            136.86220466689684,
            35.9992151031715,
            1214.3
          ],
          [
            136.862312511451,
            35.9992361398481,
            1210.2
          ],
          [
            136.86242035600517,
            35.999257176524694,
            1207.4
          ],
          [
            136.86252820055935,
            35.99927821320129,
            1202.8
          ],
          [
            136.8626360451135,
            35.99929924987789,
            1199.6
          ],
          [
            136.86274388966768,
            35.99932028655449,
            1195.0
          ],
          [
            136.86285173422186,
            35.99934132323109,
            1192.0
          ],
          [
            136.86295995303493,
            35.999360916761404,
            1187.7
          ],
          [
            136.86306907571924,
            35.99937702495477,
            1185.1
          ],
          [
            136.86317819840355,
            35.99939313314814,
            1181.3
          ],
          [
            136.86328732108785,
            35.9994092413415,
            1178.6
          ],
          [
            136.86339644377216,
            35.999425349534874,
            1174.7
          ],
          [
            136.86350556645647,
            35.99944145772824,
            1172.0
          ],
          [
            136.86361468914075,
            35.99945756592161,
            1168.5
          ],
          [
            136.86372381182505,
            35.99947367411498,
            1166.2
          ],
          [
            136.86383293450936,
            35.999489782308345,
            1163.2
          ],
          [
            136.86394205719367,
            35.999505890501716,
            1160.9
          ],
          [
            136.86405117987798,
            35.99952199869508,
            1157.6
          ],
          [
            136.8641593061852,
            35.99954157477808,
            1154.0
          ],
          [
            136.8642659237791,
            35.999566401936534,
            1151.8
          ],
          [
            136.86437254137297,
            35.99959122909499,
            1148.6
          ],
          [
            136.86447915896687,
            35.999616056253444,
            1146.5
          ],
          [
            136.86458577656077,
            35.9996408834119,
            1144.3
          ],
          [
            136.86469239415467,
            35.999665710570355,
            1141.2
          ],
          [
            136.86479901174857,
            35.99969053772881,
            1139.0
          ],
          [
            136.86490562934247,
            35.999715364887265,
            1135.8
          ],
          [
            136.86501224693637,
            35.99974019204572,
            1133.8
          ],
          [
            136.86511886453025,
            35.99976501920417,
            1130.8
          ],
          [
            136.86522548212415,
            35.999789846362624,
            1128.7
          ],
          [
            136.86533209971805,
            35.99981467352108,
            1125.5
          ],
          [
            136.86543871731195,
            35.999839500679535,
            1123.3
          ],
          [
            136.86554533490585,
            35.99986432783799,
            1119.5
          ],
          [
            136.86565195249975,
            35.999889154996445,
            1116.9
          ],
          [
            136.86575857009365,
            35.9999139821549,
            1112.6
          ],
          [
            136.86586924874848,
            35.99991352702742,
            1109.4
          ],
          [
            136.86598013688607,
            35.99991176775748,
            1104.3
          ],
          [
            136.86609102502362,
            35.99991000848754,
            1099.9
          ],
          [
            136.86620083371415,
            35.99990238046751,
            1097.2
          ],
          [
            136.86630750909015,
            35.99987771720731,
            1092.8
          ],
          [
            136.86641418446615,
            35.999853053947106,
            1090.2
          ],
          [
            136.86652085984213,
            35.99982839068691,
            1086.1
          ],
          [
            136.86661695461427,
            35.99978662351631,
            1083.1
          ],
          [
            136.86670495396112,
            35.99973176981204,
            1079.3
          ],
          [
            136.86679295330796,
            35.999676916107774,
            1076.7
          ],
          [
            136.8668809526548,
            35.9996220624035,
            1073.4
          ],
          [
            136.86696895200166,
            35.99956720869923,
            1070.3
          ],
          [
            136.8670569513485,
            35.99951235499497,
            1068.0
          ],
          [
            136.86715161571996,
            35.99946540094653,
            1065.3
          ],
          [
            136.8672462989775,
            35.999418469282645,
            1063.3
          ],
          [
            136.86734098223508,
            35.99937153761877,
            1060.6
          ],
          [
            136.86743566549262,
            35.9993246059549,
            1058.1
          ],
          [
            136.8675303487502,
            35.999277674291015,
            1056.2
          ],
          [
            136.86762503200774,
            35.99923074262714,
            1054.1
          ],
          [
            136.8677197152653,
            35.99918381096326,
            1050.8
          ],
          [
            136.86781439852285,
            35.999136879299385,
            1048.9
          ],
          [
            136.86790908178043,
            35.99908994763551,
            1047.1
          ],
          [
            136.86800376503797,
            35.99904301597163,
            1044.9
          ],
          [
            136.86809844829554,
            35.998996084307755,
            1043.3
          ],
          [
            136.86819313155308,
            35.998949152643874,
            1040.8
          ],
          [
            136.86828781481066,
            35.99890222098,
            1037.9
          ],
          [
            136.8683824980682,
            35.998855289316126,
            1035.6
          ],
          [
            136.86847718132577,
            35.998808357652244,
            1034.2
          ],
          [
            136.86857186458332,
            35.99876142598837,
            1032.0
          ],
          [
            136.8686665478409,
            35.99871449432449,
            1029.3
          ],
          [
            136.86876123109843,
            35.998667562660614,
            1027.3
          ],
          [
            136.868855914356,
            35.99862063099674,
            1024.6
          ],
          [
            136.86895059761355,
            35.99857369933286,
            1022.6
          ],
          [
            136.8690452808711,
            35.998526767668984,
            1020.4
          ],
          [
            136.8691420981307,
            35.998482931553696,
            1017.9
          ],
          [
            136.86924079325686,
            35.99844181944099,
            1016.2
          ],
          [
            136.86933948838302,
            35.99840070732829,
            1014.6
          ],
          [
            136.86943818350917,
            35.99835959521558,
            1012.1
          ],
          [
            136.86953687863533,
            35.99831848310288,
            1010.1
          ],
          [
            136.86963681424277,
            35.99827990830889,
            1008.5
          ],
          [
            136.86974332047782,
            35.99825477327935,
            1006.6
          ],
          [
            136.86984982671288,
            35.99822963824981,
            1005.4
          ],
          [
            136.86995633294794,
            35.99820450322028,
            1003.6
          ],
          [
            136.87006283918296,
            35.99817936819074,
            1002.5
          ],
          [
            136.87016934541802,
            35.9981542331612,
            1000.7
          ],
          [
            136.87027585165308,
            35.99812909813167,
            999.5
          ],
          [
            136.8703823578881,
            35.99810396310213,
            998.0
          ],
          [
            136.87049140943742,
            35.998087779559434,
            997.1
          ],
          [
            136.87060085594473,
            35.99807849916439,
            995.9
          ],
          [
            136.87071086990758,
            35.9980899114012,
            995.1
          ],
          [
            136.87082088387046,
            35.99810132363802,
            994.0
          ],
          [
            136.87093089783332,
            35.99811273587483,
            993.2
          ],
          [
            136.87104091179617,
            35.99812414811164,
            992.2
          ],
          [
            136.87115092575905,
            35.99813556034845,
            991.8
          ],
          [
            136.87125892525606,
            35.998154681946495,
            991.1
          ],
          [
            136.8713651534242,
            35.99818058242057,
            990.6
          ],
          [
            136.87147138159233,
            35.99820648289463,
            990.1
          ],
          [
            136.87157760976044,
            35.9982323833687,
            989.6
          ],
          [
            136.87168383792857,
            35.998258283842766,
            989.1
          ],
          [
            136.8717898756092,
            35.998284491802785,
            988.6
          ],
          [
            136.8718787508973,
            35.9983384033921,
            988.0
          ],
          [
            136.87196762618538,
            35.99839231498141,
            987.2
          ],
          [
            136.87205650147345,
            35.99844622657072,
            986.5
          ],
          [
            136.8721262887054,
            35.99851198858644,
            986.4
          ],
          [
            136.8721669373685,
            35.99859584068238,
            986.3
          ],
          [
            136.87220758603158,
            35.99867969277831,
            986.3
          ],
          [
            136.8722482346947,
            35.998763544874244,
            986.2
          ]
        ]
      }
    },
    {
      "type": "Feature",
      "properties": {
        "name": "エキサイティングA",
        "slope_deg": [
          14.97598451475675,
          14.97598451475675,
          14.97598451475675,
          17.874511367250427,
          20.806791012711287,
          22.04794746356044,
          21.181349500266236,
          21.305783617828656,
          22.782405730481635,
          21.80140948635181,
          21.554019920478787,
          23.26770481005701,
          21.43000730175244,
          23.025492008528037,
          23.629377730656817,
          23.629377730656817,
          23.509040224192297,
          23.869390064731867,
          23.38848242899485,
          22.04794746356044,
          23.025492008528037,
          27.36156482027085,
          24.702430227771423,
          25.173524524530112,
          25.98923358383301,
          18.133621430820558,
          22.782405730481635,
          21.181349500266236,
          19.6719699892005,
          20.178380074508503,
          19.290046219188735,
          20.17838007450879,
          18.26288994219419,
          19.162339354972016,
          17.223436191131285,
          17.223436191131285,
          17.6146433000071,
          17.223436191131583,
          17.35402463626132,
          15.907551930525962,
          17.744671625056874,
          16.567741642974738,
          16.039943306049665,
          15.509334522674754,
          13.901350769509243,
          13.360218444764483,
          12.68038349181982,
          13.224551192213651,
          11.7225209701022,
          11.034209003250188,
          11.996899307923577,
          10.48121814413073,
          11.44759626368548,
          11.44759626368579,
          11.58512622485511,
          13.495733280795996,
          12.407418527400994,
          13.766300685466197,
          12.816647648997623,
          12.407418527400683,
          11.85977912094779,
          11.58512622485511,
          12.133880170633224,
          10.619655276155134,
          12.270720357815385,
          11.309932474020215,
          11.172136252167274,
          11.172136252167116,
          11.034209003250188,
          11.034209003250188,
          12.27072035781523,
          13.90135076950909,
          12.816647648997467,
          14.439965121002654,
          12.68038349181982,
          11.722520970102357,
          11.309932474020215,
          8.810732985984973,
          7.547725773843047,
          5.4268124985727555,
          5.4268124985727555,
          5.4268124985727555
        ],
        "horizontal_dist_map": 817,
        "slope_dist_map": 857,
        "elevation_diff_map": 237.8,
        "avg_slope_deg_map": 15.5,
        "max_slope_deg_map": 27.4
      },
      "geometry": {
        "type": "LineString",
        "coordinates": [
          [
            136.8629119,
            36.0013742,
            1237.8
          ],
          [
            136.86299270654126,
            36.001312468124084,
            1236.5
          ],
          [
            136.86307351308253,
            36.00125073624816,
            1234.8
          ],
          [
            136.8631543196238,
            36.00118900437224,
            1231.3
          ],
          [
            136.86323512616505,
            36.001127272496326,
            1227.1
          ],
          [
            136.86331593270629,
            36.0010655406204,
            1223.6
          ],
          [
            136.86341055573578,
            36.00102128208999,
            1219.6
          ],
          [
            136.86351323686728,
            36.00098721442704,
            1215.1
          ],
          [
            136.86361591799877,
            36.00095314676409,
            1211.6
          ],
          [
            136.86371859913024,
            36.00091907910114,
            1208.0
          ],
          [
            136.86382128026173,
            36.00088501143819,
            1202.8
          ],
          [
            136.86392396139323,
            36.00085094377524,
            1199.1
          ],
          [
            136.86402664252472,
            36.00081687611229,
            1195.8
          ],
          [
            136.8641293236562,
            36.000782808449344,
            1190.8
          ],
          [
            136.86423200478768,
            36.00074874078639,
            1187.1
          ],
          [
            136.86433468591918,
            36.00071467312344,
            1182.1
          ],
          [
            136.86443736705067,
            36.000680605460495,
            1178.3
          ],
          [
            136.86454527891843,
            36.00066184801029,
            1173.3
          ],
          [
            136.86465487712002,
            36.00064802641009,
            1169.7
          ],
          [
            136.8647644753216,
            36.00063420480989,
            1164.4
          ],
          [
            136.8648740735232,
            36.00062038320969,
            1161.0
          ],
          [
            136.8649836717248,
            36.00060656160949,
            1157.1
          ],
          [
            136.86509332067658,
            36.00059556604956,
            1152.7
          ],
          [
            136.86520336852777,
            36.00060678331558,
            1143.7
          ],
          [
            136.86531341637897,
            36.00061800058161,
            1142.6
          ],
          [
            136.8654234642302,
            36.00062921784763,
            1138.3
          ],
          [
            136.86553351208138,
            36.00064043511366,
            1133.2
          ],
          [
            136.86564355993258,
            36.00065165237968,
            1130.6
          ],
          [
            136.86575360778377,
            36.00066286964571,
            1125.8
          ],
          [
            136.86586365563497,
            36.00067408691173,
            1122.8
          ],
          [
            136.86597370348616,
            36.00068530417776,
            1118.9
          ],
          [
            136.86608375133738,
            36.00069652144378,
            1115.9
          ],
          [
            136.8661945084843,
            36.00069687561027,
            1111.8
          ],
          [
            136.86630539928535,
            36.00069518281974,
            1108.1
          ],
          [
            136.8664162900864,
            36.000693490029214,
            1105.7
          ],
          [
            136.86652717194897,
            36.00069175428352,
            1102.0
          ],
          [
            136.86663258314422,
            36.00066372836553,
            1099.4
          ],
          [
            136.86673799433945,
            36.00063570244754,
            1095.7
          ],
          [
            136.8668434055347,
            36.00060767652954,
            1093.0
          ],
          [
            136.86694881672994,
            36.00057965061155,
            1089.6
          ],
          [
            136.8670542279252,
            36.00055162469355,
            1086.9
          ],
          [
            136.8671544230158,
            36.00051372968116,
            1084.3
          ],
          [
            136.86725201728322,
            36.00047091379948,
            1080.2
          ],
          [
            136.86734961155065,
            36.000428097917805,
            1077.7
          ],
          [
            136.8674472058181,
            36.00038528203613,
            1075.4
          ],
          [
            136.86754480008554,
            36.00034246615445,
            1073.2
          ],
          [
            136.867642394353,
            36.00029965027277,
            1070.3
          ],
          [
            136.86773998862043,
            36.000256834391095,
            1068.2
          ],
          [
            136.8678375828879,
            36.00021401850942,
            1066.4
          ],
          [
            136.86793517715532,
            36.00017120262774,
            1063.8
          ],
          [
            136.86803277142278,
            36.00012838674607,
            1062.0
          ],
          [
            136.86813886638083,
            36.00010243075556,
            1060.4
          ],
          [
            136.86824587245874,
            36.00007922799863,
            1057.9
          ],
          [
            136.86835584983635,
            36.00006756955471,
            1056.4
          ],
          [
            136.86846582721395,
            36.000055911110785,
            1053.9
          ],
          [
            136.86857580459156,
            36.00004425266687,
            1052.3
          ],
          [
            136.86868578196913,
            36.000032594222944,
            1049.7
          ],
          [
            136.86879575934674,
            36.00002093577902,
            1046.8
          ],
          [
            136.86890573672434,
            36.000009277335096,
            1045.1
          ],
          [
            136.86901571410192,
            35.99999761889118,
            1042.5
          ],
          [
            136.86912569147952,
            35.999985960447255,
            1040.6
          ],
          [
            136.86923566885713,
            35.99997430200333,
            1038.0
          ],
          [
            136.86934564623473,
            35.99996264355941,
            1036.7
          ],
          [
            136.8694556236123,
            35.99995098511549,
            1034.3
          ],
          [
            136.86956560098992,
            35.999939326671566,
            1032.0
          ],
          [
            136.86967557836752,
            35.99992766822764,
            1030.5
          ],
          [
            136.86978555574512,
            35.99991600978372,
            1028.0
          ],
          [
            136.8698955331227,
            35.9999043513398,
            1026.3
          ],
          [
            136.8700055105003,
            35.99989269289588,
            1024.1
          ],
          [
            136.8701154878779,
            35.99988103445195,
            1022.6
          ],
          [
            136.8702254652555,
            35.99986937600803,
            1020.2
          ],
          [
            136.8703354426331,
            35.99985771756411,
            1018.5
          ],
          [
            136.8704454200107,
            35.99984605912019,
            1015.4
          ],
          [
            136.8705553973883,
            35.999834400676264,
            1012.7
          ],
          [
            136.87066537476588,
            35.99982274223234,
            1011.1
          ],
          [
            136.87077535214348,
            35.99981108378842,
            1008.2
          ],
          [
            136.8708853295211,
            35.9997994253445,
            1006.4
          ],
          [
            136.87099530689866,
            35.999787766900575,
            1004.4
          ],
          [
            136.87110528427627,
            35.99977610845665,
            1003.1
          ],
          [
            136.87121526165387,
            35.999764450012734,
            1002.0
          ],
          [
            136.87132599787964,
            35.99976344292186,
            1001.1
          ],
          [
            136.8714368960099,
            35.999764708356956,
            1000.6
          ]
        ]
      }
    },
    {
      "type": "Feature",
      "properties": {
        "name": "スーパー",
        "slope_deg": [
          16.69924423399362,
          16.69924423399362,
          16.69924423399362,
          21.056705590704606,
          27.021581591177142,
          27.8116468696437,
          26.335410003881297,
          26.335410003881556,
          20.931852540892464,
          20.681521678200784,
          21.80140948635181,
          19.925580658184323,
          22.04794746356044,
          20.68152167820107,
          20.052082146098712,
          19.925580658184323,
          18.26288994219419,
          18.00416160591338,
          14.97598451475675,
          15.509334522674754,
          18.26288994219419,
          21.43000730175244,
          22.90405780363674,
          24.10851589997543,
          20.178380074508503,
          14.439965121002654,
          11.034209003250188,
          11.034209003250188,
          11.034209003250188
        ],
        "horizontal_dist_map": 286,
        "slope_dist_map": 305,
        "elevation_diff_map": 97.2,
        "avg_slope_deg_map": 17.7,
        "max_slope_deg_map": 27.8
      },
      "geometry": {
        "type": "LineString",
        "coordinates": [
          [
            136.8548222,
            35.9958254,
            1426.2
          ],
          [
            136.85484573127997,
            35.99591347142952,
            1425.3
          ],
          [
            136.8548692625599,
            35.996001542859034,
            1423.4
          ],
          [
            136.85487465497866,
            35.996091497379936,
            1419.6
          ],
          [
            136.8548791260785,
            35.996181547547835,
            1414.2
          ],
          [
            136.85489751458218,
            35.996267945454115,
            1409.9
          ],
          [
            136.85495870034742,
            35.99634311232929,
            1403.0
          ],
          [
            136.85501988611264,
            35.99641827920447,
            1398.5
          ],
          [
            136.85508107187786,
            35.99649344607965,
            1394.4
          ],
          [
            136.85514236819867,
            35.996568553147,
            1390.1
          ],
          [
            136.85520412354356,
            35.99664341189383,
            1387.7
          ],
          [
            136.85526275106392,
            35.99671959560136,
            1383.4
          ],
          [
            136.85530290599945,
            35.99680360437998,
            1378.4
          ],
          [
            136.85534306093498,
            35.99688761315859,
            1375.6
          ],
          [
            136.85538321587052,
            35.996971621937206,
            1371.5
          ],
          [
            136.85542337080608,
            35.99705563071582,
            1368.3
          ],
          [
            136.8554603481977,
            35.99714047820957,
            1363.8
          ],
          [
            136.85548860707277,
            35.997227626962434,
            1361.1
          ],
          [
            136.855525817782,
            35.99730976162403,
            1358.3
          ],
          [
            136.85561598828278,
            35.99736223250696,
            1355.3
          ],
          [
            136.85570615878353,
            35.99741470338989,
            1353.1
          ],
          [
            136.85576571078718,
            35.997481054142284,
            1350.0
          ],
          [
            136.85577328536266,
            35.99757096711965,
            1345.1
          ],
          [
            136.85578085993816,
            35.99766088009701,
            1339.6
          ],
          [
            136.85578843451367,
            35.99775079307437,
            1336.2
          ],
          [
            136.85579600908918,
            35.99784070605173,
            1332.1
          ],
          [
            136.85578642914487,
            35.99793002132549,
            1330.4
          ],
          [
            136.85576941128053,
            35.99801907744471,
            1329.3
          ],
          [
            136.8557523934162,
            35.99810813356393,
            1328.4
          ]
        ]
      }
    },
    {
      "type": "Feature",
      "properties": {
        "name": "エキスパート",
        "slope_deg": [
          7.266008446996189,
          7.266008446996189,
          7.266008446996189,
          8.670801453590833,
          8.250387228905435,
          10.342657140474863,
          14.84222705791098,
          18.64953875405141,
          23.14670784188283,
          24.584094695437884,
          25.407718108948472,
          27.24846742664491,
          24.10851589997543,
          24.346751854704813,
          21.05670559070489,
          19.417554141579338,
          19.290046219188735,
          19.544862326628827,
          20.17838007450879,
          17.223436191131583,
          17.092662950267425,
          14.305551846622015,
          14.975984514756448,
          14.574216198038554,
          10.481218144131045,
          10.481218144131045,
          10.481218144131045
        ],
        "horizontal_dist_map": 268,
        "slope_dist_map": 282,
        "elevation_diff_map": 78.0,
        "avg_slope_deg_map": 15.4,
        "max_slope_deg_map": 27.2
      },
      "geometry": {
        "type": "LineString",
        "coordinates": [
          [
            136.8573617,
            35.99674,
            1358.9
          ],
          [
            136.85741415588464,
            35.99681940530756,
            1359.0
          ],
          [
            136.85746661176927,
            35.99689881061512,
            1356.3
          ],
          [
            136.85749972525485,
            35.99698391895567,
            1355.4
          ],
          [
            136.8575221339631,
            35.997072183559204,
            1353.8
          ],
          [
            136.85754454267135,
            35.997160448162745,
            1352.9
          ],
          [
            136.8575669513796,
            35.99724871276628,
            1350.5
          ],
          [
            136.85758936008784,
            35.99733697736982,
            1348.1
          ],
          [
            136.8576117687961,
            35.99742524197335,
            1343.2
          ],
          [
            136.85763417750434,
            35.997513506576894,
            1339.4
          ],
          [
            136.85765658621258,
            35.99760177118043,
            1333.4
          ],
          [
            136.8576740036815,
            35.99769063269855,
            1329.8
          ],
          [
            136.8576838381096,
            35.997780401091156,
            1324.2
          ],
          [
            136.85769367253775,
            35.99787016948377,
            1318.8
          ],
          [
            136.85770350696586,
            35.997959937876374,
            1315.5
          ],
          [
            136.85771334139397,
            35.998049706268986,
            1311.7
          ],
          [
            136.85772317582212,
            35.99813947466159,
            1308.8
          ],
          [
            136.85773301025023,
            35.998229243054205,
            1304.7
          ],
          [
            136.85774284467834,
            35.99831901144681,
            1301.5
          ],
          [
            136.85775267910648,
            35.99840877983942,
            1297.5
          ],
          [
            136.8577592663579,
            35.998498690148814,
            1294.1
          ],
          [
            136.85776133760206,
            35.99858879782881,
            1292.3
          ],
          [
            136.8577634088462,
            35.99867890550881,
            1289.2
          ],
          [
            136.8577654800904,
            35.998769013188806,
            1287.3
          ],
          [
            136.85776755133455,
            35.9988591208688,
            1283.4
          ],
          [
            136.8577696225787,
            35.9989492285488,
            1281.9
          ],
          [
            136.85775306557875,
            35.9990373760446,
            1281.8
          ]
        ]
      }
    },
    {
      "type": "Feature",
      "properties": {
        "name": "ダイナミック",
        "slope_deg": [
          17.484427323220586,
          17.484427323220586,
          17.484427323220586,
          17.484427323220586,
          19.6719699892005,
          18.906332035086663,
          16.567741642975037,
          15.509334522675056,
          13.49573328079569,
          14.036243467926479,
          11.7225209701022,
          12.133880170633224,
          9.926245506651705,
          9.09027692082245,
          9.648045316098093,
          8.670801453591151,
          10.065169352760034,
          9.22988624372772,
          7.688447769903003,
          7.125016348901798,
          6.701525844729227,
          12.952764513375273,
          15.642246457208788,
          18.133621430820266,
          20.93185254089275,
          19.544862326628827,
          20.178380074508503,
          20.052082146098424,
          20.556045219583467,
          20.556045219583467,
          20.68152167820107,
          20.17838007450879,
          18.778033222445426,
          18.00416160591338,
          16.69924423399362,
          17.744671625056874,
          15.37625124882619,
          9.50877195829791,
          7.266008446995867,
          6.98393746008542,
          7.688447769903003,
          10.203973721731748,
          11.172136252167274,
          9.50877195829791,
          10.065169352759717,
          10.757967088389877,
          13.49573328079569,
          15.642246457208788,
          17.6146433000071,
          18.778033222445714,
          17.48442732322088,
          16.69924423399362,
          14.17097756293297,
          12.816647648997312,
          11.034209003250188,
          8.390627013252388,
          7.125016348901798,
          5.568737077976766,
          5.2848210925090795,
          5.142764557884436,
          5.000644597558433,
          5.284821092508756,
          5.568737077976444,
          5.4268124985727555,
          5.2848210925090795,
          5.852378988915814,
          5.568737077976766,
          5.568737077976444,
          6.277298489597683,
          7.125016348901798,
          8.390627013252388,
          10.619655276155134,
          11.85977912094779,
          12.270720357815385,
          14.43996512100296,
          14.036243467926479,
          14.708303899682749,
          16.17215901578243,
          14.708303899682749,
          14.708303899682749,
          15.37625124882619,
          14.036243467926479,
          13.631094443421295,
          14.305551846622015,
          12.407418527400683,
          13.088732789694,
          11.996899307923577,
          9.78720366465624,
          8.950558656231918,
          6.842773412630876,
          6.13573334018705,
          5.568737077976444,
          4.7162212343382155,
          3.718993973158237,
          3.7189939731579127,
          3.433630362450652,
          3.7189939731579127,
          4.0041729407093225,
          4.0041729407093225,
          4.289153328819018,
          4.431564716436037,
          4.7162212343382155,
          5.568737077976766,
          6.418786730238786,
          8.810732985984655,
          9.09027692082245,
          9.787203664655925,
          9.926245506651705,
          8.11004782941916,
          9.369385096487358,
          9.369385096487674,
          10.065169352759717,
          13.901350769509243,
          14.708303899682749,
          14.574216198038554,
          18.52084947747122,
          18.39196625070533,
          24.938427655457385,
          27.587067675863988,
          28.810793742973065,
          30.22079992383123,
          27.248467426644652,
          26.220246235243597,
          23.989064009552337,
          23.38848242899485,
          23.26770481005701,
          23.629377730656817,
          23.26770481005701,
          20.556045219583467,
          18.64953875405141,
          15.642246457208788,
          12.407418527400683,
          10.342657140474863,
          7.266008446995867,
          6.842773412630876,
          6.701525844729548,
          6.277298489597361,
          6.560196400571501,
          8.390627013252388,
          9.09027692082245,
          11.7225209701022,
          12.133880170633224,
          12.407418527400994,
          12.68038349181982,
          11.172136252167274,
          11.58512622485511,
          9.926245506651705,
          9.369385096487358,
          8.670801453590833,
          8.11004782941916,
          9.369385096487358,
          9.22988624372772,
          9.78720366465624,
          10.342657140474548,
          9.648045316098093,
          9.926245506651705,
          11.44759626368548,
          10.48121814413073,
          10.619655276155134,
          11.44759626368548,
          10.342657140474863,
          11.722520970102511,
          11.996899307923577,
          11.309932474020215,
          12.816647648997312,
          13.49573328079569,
          15.642246457208788,
          16.961705886532968,
          18.26288994219419,
          18.778033222445426,
          18.39196625070533,
          18.52084947747122,
          18.00416160591338,
          18.906332035086663,
          18.64953875405141,
          19.290046219188735,
          18.52084947747093,
          18.39196625070533,
          18.39196625070533,
          18.00416160591338,
          17.74467162505717,
          16.567741642975037,
          17.09266295026772,
          17.6146433000071,
          18.00416160591338,
          15.907551930525962,
          15.642246457208486,
          14.9759845147566,
          14.574216198038554,
          16.17215901578243,
          14.305551846622015,
          13.224551192213497,
          12.407418527400838,
          10.757967088390036,
          11.309932474020215,
          10.203973721731748,
          9.787203664656081,
          9.369385096487514,
          8.11004782941916,
          8.110047829419,
          7.125016348901798,
          7.406912128495133,
          7.406912128495294,
          7.829076510059608,
          8.39062701325255,
          7.68844776990284,
          7.266008446995867,
          6.418786730238786,
          5.568737077976604,
          5.426812498572917,
          5.000644597558433,
          4.716221234338378,
          4.858462919034416,
          4.573921259900764,
          5.000644597558433,
          4.7162212343382155,
          4.431564716435714,
          4.858462919034416,
          4.289153328819018,
          4.573921259900927,
          4.431564716435877,
          4.146688825965976,
          3.8616074096751394,
          3.290883686067228,
          2.862405226111748,
          2.5765718302687652,
          2.5765718302687652,
          3.148096099562824,
          3.2908836860673905,
          3.718993973158075,
          4.289153328819018,
          4.146688825965976,
          4.0041729407093225,
          4.146688825965976,
          3.576334374997351,
          3.4336303624504896,
          3.576334374997351,
          3.4336303624504896,
          3.0052693596899664,
          3.8616074096751394,
          4.431564716435877,
          4.146688825966138,
          5.142764557884274,
          4.146688825965976,
          3.1480960995626615,
          2.4336061007200236,
          1.0025738037601275,
          -0.5729386976834533,
          -1.288937560186863,
          -2.4336061007200236,
          -2.719505461272635,
          -2.862405226111748,
          -2.862405226111748,
          -2.719505461272635,
          -2.862405226111748,
          -2.433606100720186,
          -2.433606100720186,
          -2.433606100720186
        ],
        "horizontal_dist_map": 2573,
        "slope_dist_map": 2640,
        "elevation_diff_map": 491.2,
        "avg_slope_deg_map": 10.5,
        "max_slope_deg_map": 30.2
      },
      "geometry": {
        "type": "LineString",
        "coordinates": [
          [
            136.8533762,
            35.9959148,
            1461.3
          ],
          [
            136.85348640322323,
            35.995904687271164,
            1458.5
          ],
          [
            136.85359660644644,
            35.99589457454233,
            1456.1
          ],
          [
            136.85370680966966,
            35.995884461813496,
            1453.7
          ],
          [
            136.85381701289288,
            35.99587434908466,
            1448.7
          ],
          [
            136.8539272161161,
            35.99586423635583,
            1445.9
          ],
          [
            136.85403741933933,
            35.99585412362699,
            1441.8
          ],
          [
            136.85414806164027,
            35.99584861228626,
            1440.0
          ],
          [
            136.85425886578554,
            35.9958447970197,
            1436.8
          ],
          [
            136.8543696699308,
            35.99584098175315,
            1434.8
          ],
          [
            136.85448047407607,
            35.99583716648659,
            1432.2
          ],
          [
            136.8545912782213,
            35.995833351220035,
            1430.0
          ],
          [
            136.85470208236657,
            35.995829535953476,
            1428.5
          ],
          [
            136.85481288651184,
            35.995825720686916,
            1426.2
          ],
          [
            136.85492261517368,
            35.99583787454955,
            1425.2
          ],
          [
            136.85503224514164,
            35.99585149385048,
            1423.6
          ],
          [
            136.85514187510964,
            35.99586511315141,
            1421.7
          ],
          [
            136.85525150507763,
            35.99587873245234,
            1420.1
          ],
          [
            136.85536113504563,
            35.99589235175326,
            1418.1
          ],
          [
            136.85547076501362,
            35.99590597105419,
            1417.1
          ],
          [
            136.85558039498162,
            35.99591959035512,
            1416.3
          ],
          [
            136.85568334870226,
            35.995948943031074,
            1415.1
          ],
          [
            136.85578000716055,
            35.995993131245434,
            1413.4
          ],
          [
            136.8558766656188,
            35.996037319459795,
            1407.9
          ],
          [
            136.8559733240771,
            35.996081507674155,
            1405.1
          ],
          [
            136.85606998253536,
            35.996125695888516,
            1402.0
          ],
          [
            136.85616664099365,
            35.996169884102876,
            1398.1
          ],
          [
            136.8562632994519,
            35.996214072317244,
            1393.7
          ],
          [
            136.8563599579102,
            35.996258260531604,
            1390.4
          ],
          [
            136.85645661636846,
            35.996302448745965,
            1387.4
          ],
          [
            136.85655327482672,
            35.996346636960325,
            1383.1
          ],
          [
            136.856649933285,
            35.996390825174686,
            1378.7
          ],
          [
            136.85674659174327,
            35.99643501338905,
            1375.3
          ],
          [
            136.85684325020156,
            35.996479201603414,
            1372.7
          ],
          [
            136.85693990865983,
            35.996523389817774,
            1369.5
          ],
          [
            136.85703656711812,
            35.996567578032135,
            1365.7
          ],
          [
            136.85713232116245,
            35.996612950802465,
            1363.3
          ],
          [
            136.85722396289964,
            35.99666370966625,
            1359.9
          ],
          [
            136.85731560463682,
            35.99671446853003,
            1358.5
          ],
          [
            136.85740378831386,
            35.99676892315593,
            1359.0
          ],
          [
            136.8574884722493,
            35.996827118090486,
            1358.2
          ],
          [
            136.85757315618474,
            35.99688531302505,
            1355.0
          ],
          [
            136.85765784012017,
            35.9969435079596,
            1353.1
          ],
          [
            136.8577425240556,
            35.99700170289416,
            1351.8
          ],
          [
            136.85782720799105,
            35.99705989782871,
            1350.3
          ],
          [
            136.85791189192648,
            35.99711809276327,
            1348.3
          ],
          [
            136.85799657586193,
            35.997176287697826,
            1346.0
          ],
          [
            136.85808125979736,
            35.997234482632386,
            1344.2
          ],
          [
            136.8581659437328,
            35.99729267756694,
            1340.7
          ],
          [
            136.85824703498108,
            35.997353899261235,
            1337.1
          ],
          [
            136.85832165386992,
            35.997420573775635,
            1333.3
          ],
          [
            136.85839627275877,
            35.99748724829004,
            1330.6
          ],
          [
            136.85847089164764,
            35.99755392280444,
            1328.1
          ],
          [
            136.8585455105365,
            35.99762059731884,
            1325.1
          ],
          [
            136.85862012942533,
            35.99768727183325,
            1323.2
          ],
          [
            136.8586947483142,
            35.99775394634765,
            1321.5
          ],
          [
            136.85877047693234,
            35.99781971601567,
            1320.3
          ],
          [
            136.85885278646882,
            35.997880119762186,
            1319.2
          ],
          [
            136.85893509600533,
            35.997940523508696,
            1318.2
          ],
          [
            136.85901740554183,
            35.998000927255205,
            1317.6
          ],
          [
            136.85909971507834,
            35.998061331001715,
            1316.6
          ],
          [
            136.85918202461482,
            35.998121734748224,
            1315.6
          ],
          [
            136.85926433415133,
            35.998182138494734,
            1314.7
          ],
          [
            136.85934664368784,
            35.99824254224124,
            1313.9
          ],
          [
            136.85942895322432,
            35.99830294598775,
            1312.7
          ],
          [
            136.85951126276083,
            35.99836334973427,
            1311.8
          ],
          [
            136.85959357229734,
            35.99842375348078,
            1311.0
          ],
          [
            136.85967588183385,
            35.99848415722729,
            1309.8
          ],
          [
            136.85975819137033,
            35.9985445609738,
            1308.8
          ],
          [
            136.85982004803472,
            35.99861705656432,
            1307.9
          ],
          [
            136.8598654401821,
            35.99869928606266,
            1306.6
          ],
          [
            136.85991083232943,
            35.99878151556099,
            1304.8
          ],
          [
            136.85995622447678,
            35.99886374505933,
            1302.9
          ],
          [
            136.86000161662412,
            35.99894597455767,
            1300.4
          ],
          [
            136.86004700877146,
            35.99902820405601,
            1298.2
          ],
          [
            136.8600924009188,
            35.99911043355435,
            1296.1
          ],
          [
            136.86013779306614,
            35.99919266305269,
            1292.6
          ],
          [
            136.86018318521351,
            35.99927489255103,
            1290.4
          ],
          [
            136.86022857736086,
            35.99935712204937,
            1287.7
          ],
          [
            136.8602739695082,
            35.9994393515477,
            1284.5
          ],
          [
            136.86031936165554,
            35.99952158104604,
            1282.1
          ],
          [
            136.86036475380288,
            35.99960381054438,
            1279.9
          ],
          [
            136.86042441786998,
            35.999679768313364,
            1276.7
          ],
          [
            136.8604842557606,
            35.999755649696404,
            1274.5
          ],
          [
            136.8605440936512,
            35.99983153107944,
            1272.4
          ],
          [
            136.86060393154185,
            35.99990741246248,
            1269.7
          ],
          [
            136.86066376943248,
            35.99998329384551,
            1267.9
          ],
          [
            136.86072360732308,
            36.00005917522855,
            1265.2
          ],
          [
            136.8607834452137,
            36.00013505661158,
            1263.9
          ],
          [
            136.86084328310434,
            36.00021093799462,
            1262.8
          ],
          [
            136.86090312099495,
            36.000286819377656,
            1261.6
          ],
          [
            136.86099109802592,
            36.000341641719025,
            1260.4
          ],
          [
            136.86107925442246,
            36.00039632982506,
            1259.6
          ],
          [
            136.86116741081898,
            36.0004510179311,
            1258.9
          ],
          [
            136.86125556721552,
            36.00050570603714,
            1258.3
          ],
          [
            136.86134372361204,
            36.00056039414318,
            1257.8
          ],
          [
            136.86143188000855,
            36.00061508224921,
            1257.0
          ],
          [
            136.8615200364051,
            36.00066977035525,
            1256.5
          ],
          [
            136.8616081928016,
            36.00072445846129,
            1255.7
          ],
          [
            136.86169634919816,
            36.000779146567325,
            1255.0
          ],
          [
            136.86178450559467,
            36.000833834673365,
            1254.2
          ],
          [
            136.86187266199119,
            36.000888522779405,
            1253.5
          ],
          [
            136.86196081838773,
            36.00094321088544,
            1252.6
          ],
          [
            136.86204897478424,
            36.00099789899148,
            1251.7
          ],
          [
            136.86214222409234,
            36.00104609676038,
            1250.3
          ],
          [
            136.86224044010916,
            36.00108796502335,
            1249.0
          ],
          [
            136.86233865612598,
            36.00112983328632,
            1246.4
          ],
          [
            136.8624368721428,
            36.00117170154928,
            1245.3
          ],
          [
            136.86253508815963,
            36.00121356981225,
            1243.4
          ],
          [
            136.86263330417646,
            36.00125543807522,
            1242.0
          ],
          [
            136.86273152019325,
            36.00129730633818,
            1240.7
          ],
          [
            136.86282973621007,
            36.00133917460115,
            1238.7
          ],
          [
            136.86292713301265,
            36.00138218425917,
            1236.8
          ],
          [
            136.8630203366432,
            36.00143103618095,
            1234.9
          ],
          [
            136.86311354027373,
            36.00147988810273,
            1230.8
          ],
          [
            136.86320674390427,
            36.00152874002451,
            1228.2
          ],
          [
            136.8632999475348,
            36.001577591946294,
            1226.4
          ],
          [
            136.86339315116535,
            36.001626443868076,
            1221.5
          ],
          [
            136.86348340127577,
            36.00167864987852,
            1217.5
          ],
          [
            136.86357038459067,
            36.00173456574072,
            1209.6
          ],
          [
            136.8636573679056,
            36.00179048160291,
            1205.5
          ],
          [
            136.86374435122053,
            36.0018463974651,
            1199.5
          ],
          [
            136.86382391711254,
            36.001909089630885,
            1194.2
          ],
          [
            136.86390240373973,
            36.001972767776024,
            1189.0
          ],
          [
            136.86398089036695,
            36.002036445921156,
            1185.8
          ],
          [
            136.86405937699416,
            36.00210012406629,
            1181.7
          ],
          [
            136.8641514452971,
            36.0021465092651,
            1176.9
          ],
          [
            136.86425558034296,
            36.00217753041448,
            1171.8
          ],
          [
            136.86435971538884,
            36.002208551563854,
            1168.3
          ],
          [
            136.8644638504347,
            36.00223957271323,
            1164.5
          ],
          [
            136.86456798548056,
            36.0022705938626,
            1161.9
          ],
          [
            136.86467212052642,
            36.00230161501197,
            1158.3
          ],
          [
            136.86477635280565,
            36.00233216166821,
            1157.1
          ],
          [
            136.86488724002785,
            36.00233023258772,
            1155.7
          ],
          [
            136.86499812725003,
            36.002328303507234,
            1154.6
          ],
          [
            136.86510901447224,
            36.002326374426744,
            1153.2
          ],
          [
            136.86521990169445,
            36.002324445346254,
            1152.3
          ],
          [
            136.86533078891662,
            36.002322516265764,
            1151.0
          ],
          [
            136.86544167613883,
            36.00232058718528,
            1150.2
          ],
          [
            136.86555256336104,
            36.00231865810479,
            1148.6
          ],
          [
            136.8656634505832,
            36.0023167290243,
            1146.4
          ],
          [
            136.86577433780542,
            36.00231479994381,
            1144.6
          ],
          [
            136.86588522502763,
            36.00231287086332,
            1141.9
          ],
          [
            136.86599611224983,
            36.00231094178284,
            1140.0
          ],
          [
            136.866106999472,
            36.00230901270235,
            1137.6
          ],
          [
            136.86621788669422,
            36.00230708362186,
            1135.6
          ],
          [
            136.86632877391642,
            36.00230515454137,
            1134.0
          ],
          [
            136.8664396611386,
            36.002303225460885,
            1131.8
          ],
          [
            136.8665505483608,
            36.002301296380395,
            1130.6
          ],
          [
            136.866661435583,
            36.002299367299905,
            1129.0
          ],
          [
            136.8667723228052,
            36.002297438219415,
            1127.9
          ],
          [
            136.8668832100274,
            36.002295509138925,
            1126.1
          ],
          [
            136.86699046160902,
            36.00228034573018,
            1124.0
          ],
          [
            136.86709183276764,
            36.002243776616744,
            1122.5
          ],
          [
            136.86719320392626,
            36.00220720750331,
            1121.0
          ],
          [
            136.86729457508486,
            36.00217063838988,
            1118.8
          ],
          [
            136.86739594624348,
            36.00213406927645,
            1117.2
          ],
          [
            136.8674973174021,
            36.00209750016302,
            1115.5
          ],
          [
            136.8675986885607,
            36.002060931049584,
            1112.9
          ],
          [
            136.8677000597193,
            36.00202436193615,
            1111.4
          ],
          [
            136.86780143087793,
            36.00198779282272,
            1109.7
          ],
          [
            136.86790280203653,
            36.001951223709284,
            1107.4
          ],
          [
            136.86800417319515,
            36.00191465459585,
            1105.6
          ],
          [
            136.86810554435377,
            36.001878085482424,
            1103.1
          ],
          [
            136.8682069155124,
            36.00184151636899,
            1101.2
          ],
          [
            136.86830828667098,
            36.00180494725556,
            1099.4
          ],
          [
            136.8684096578296,
            36.001768378142124,
            1096.5
          ],
          [
            136.86850752625003,
            36.001726270524166,
            1093.5
          ],
          [
            136.86860313834825,
            36.001680595225785,
            1090.0
          ],
          [
            136.8686987504465,
            36.0016349199274,
            1087.2
          ],
          [
            136.86879436254475,
            36.00158924462901,
            1083.3
          ],
          [
            136.868889974643,
            36.00154356933062,
            1079.9
          ],
          [
            136.86898558674125,
            36.00149789403224,
            1076.7
          ],
          [
            136.8690811988395,
            36.00145221873385,
            1073.8
          ],
          [
            136.86917681093774,
            36.001406543435465,
            1070.3
          ],
          [
            136.869272423036,
            36.001360868137084,
            1066.2
          ],
          [
            136.86936803513422,
            36.001315192838696,
            1063.2
          ],
          [
            136.86946364723246,
            36.00126951754031,
            1059.8
          ],
          [
            136.8695592593307,
            36.00122384224192,
            1056.9
          ],
          [
            136.86965487142896,
            36.00117816694354,
            1052.9
          ],
          [
            136.8697504835272,
            36.00113249164515,
            1049.9
          ],
          [
            136.86984609562546,
            36.00108681634676,
            1046.8
          ],
          [
            136.86993205619513,
            36.00103072956896,
            1044.1
          ],
          [
            136.87001247546212,
            36.000968665172365,
            1041.0
          ],
          [
            136.87009289472914,
            36.000906600775764,
            1037.6
          ],
          [
            136.87017331399613,
            36.00084453637917,
            1034.1
          ],
          [
            136.87025373326313,
            36.000782471982575,
            1031.1
          ],
          [
            136.87033415253015,
            36.00072040758597,
            1029.6
          ],
          [
            136.87041457179714,
            36.00065834318938,
            1026.4
          ],
          [
            136.87049499106416,
            36.000596278792784,
            1023.4
          ],
          [
            136.87057541033116,
            36.00053421439619,
            1020.7
          ],
          [
            136.87065582959815,
            36.00047214999959,
            1018.0
          ],
          [
            136.87073624886517,
            36.000410085602994,
            1016.2
          ],
          [
            136.87081666813216,
            36.0003480212064,
            1014.0
          ],
          [
            136.8708970873992,
            36.0002859568098,
            1011.9
          ],
          [
            136.87097750666618,
            36.0002238924132,
            1010.4
          ],
          [
            136.87104920365834,
            36.00015607660139,
            1008.2
          ],
          [
            136.87110739002165,
            36.00007935196268,
            1006.8
          ],
          [
            136.87116557638495,
            36.00000262732398,
            1005.0
          ],
          [
            136.87122376274826,
            35.99992590268528,
            1003.8
          ],
          [
            136.87128194911153,
            35.99984917804657,
            1002.5
          ],
          [
            136.87134013547484,
            35.999772453407864,
            1001.1
          ],
          [
            136.87139832183814,
            35.99969572876916,
            1000.0
          ],
          [
            136.87145650820145,
            35.99961900413045,
            998.6
          ],
          [
            136.87151469456472,
            35.99954227949175,
            997.3
          ],
          [
            136.87157288092803,
            35.999465554853046,
            995.6
          ],
          [
            136.87163106729133,
            35.999388830214336,
            994.1
          ],
          [
            136.87168925365464,
            35.99931210557563,
            993.2
          ],
          [
            136.87174744001794,
            35.99923538093692,
            992.2
          ],
          [
            136.87180562638122,
            35.99915865629822,
            991.1
          ],
          [
            136.87186381274452,
            35.99908193165952,
            990.2
          ],
          [
            136.87192199910783,
            35.99900520702081,
            989.4
          ],
          [
            136.87200755324457,
            35.9989484995566,
            988.7
          ],
          [
            136.8720953482023,
            35.99889343106037,
            987.8
          ],
          [
            136.87218314316002,
            35.99883836256414,
            986.8
          ],
          [
            136.87227093811774,
            35.99878329406791,
            986.2
          ],
          [
            136.8723587330755,
            35.99872822557168,
            985.2
          ],
          [
            136.8724465280332,
            35.99867315707546,
            984.5
          ],
          [
            136.87253432299093,
            35.99861808857923,
            983.7
          ],
          [
            136.87262211794865,
            35.998563020083004,
            982.8
          ],
          [
            136.87271322642883,
            35.998511869249285,
            982.2
          ],
          [
            136.87280795187695,
            35.99846499484941,
            981.3
          ],
          [
            136.87290267732504,
            35.998418120449536,
            980.6
          ],
          [
            136.87299740277314,
            35.99837124604966,
            979.9
          ],
          [
            136.87309212822123,
            35.99832437164978,
            979.5
          ],
          [
            136.87318685366932,
            35.9982774972499,
            979.0
          ],
          [
            136.87328157911742,
            35.99823062285002,
            978.6
          ],
          [
            136.87336047583008,
            35.998170250042634,
            978.1
          ],
          [
            136.87342266133285,
            35.99809562627235,
            977.7
          ],
          [
            136.87348484683562,
            35.99802100250207,
            976.8
          ],
          [
            136.8735470323384,
            35.9979463787318,
            976.3
          ],
          [
            136.87360921784116,
            35.997871754961515,
            975.5
          ],
          [
            136.87367140334393,
            35.997797131191234,
            974.7
          ],
          [
            136.8737335888467,
            35.99772250742096,
            973.9
          ],
          [
            136.87379678532952,
            35.99764900049795,
            973.5
          ],
          [
            136.87390296892414,
            35.99762298218644,
            972.6
          ],
          [
            136.87400915251877,
            35.997596963874926,
            972.2
          ],
          [
            136.8741153361134,
            35.99757094556341,
            971.5
          ],
          [
            136.87422151970802,
            35.997544927251894,
            971.0
          ],
          [
            136.87432770330264,
            35.99751890894038,
            970.2
          ],
          [
            136.87443388689726,
            35.99749289062886,
            970.1
          ],
          [
            136.8745400704919,
            35.99746687231735,
            968.8
          ],
          [
            136.8746462540865,
            35.99744085400583,
            967.9
          ],
          [
            136.87475243768114,
            35.99741483569432,
            967.3
          ],
          [
            136.8748586212758,
            35.997388817382806,
            966.5
          ],
          [
            136.87496480487042,
            35.99736279907129,
            965.9
          ],
          [
            136.87507297926925,
            35.99735105896836,
            965.7
          ],
          [
            136.87518363456599,
            35.99735711206523,
            965.6
          ],
          [
            136.8752942898627,
            35.99736316516209,
            965.8
          ],
          [
            136.87540494515943,
            35.99736921825895,
            966.3
          ],
          [
            136.87551560045614,
            35.997375271355814,
            966.6
          ],
          [
            136.87562625575288,
            35.997381324452675,
            967.3
          ],
          [
            136.87573691104961,
            35.997387377549536,
            967.7
          ],
          [
            136.87584756634632,
            35.9973934306464,
            968.3
          ],
          [
            136.87595822164306,
            35.997399483743266,
            968.6
          ],
          [
            136.87606887693977,
            35.99740553684013,
            969.2
          ],
          [
            136.8761795322365,
            35.99741158993699,
            969.7
          ],
          [
            136.87629018753321,
            35.99741764303385,
            970.0
          ]
        ]
      }
    },
    {
      "type": "Feature",
      "properties": {
        "name": "テクニカル",
        "slope_deg": [
          27.92358971513818,
          27.92358971513818,
          27.92358971513818,
          26.45034506503404,
          28.14678121412214,
          28.36904629327848,
          25.873385226286196,
          26.335410003881297,
          25.524475356294268,
          22.538450040828252,
          24.346751854704813,
          25.641005824305335,
          24.22774531795417,
          25.98923358383301,
          27.587067675863988,
          25.056088833535423,
          25.173524524530112,
          22.782405730481635,
          21.05670559070489,
          21.924785220541064,
          19.798876354525046,
          18.778033222445426,
          18.133621430820266,
          15.2429977429017,
          14.84222705791098,
          14.84222705791098,
          14.84222705791098
        ],
        "horizontal_dist_map": 260,
        "slope_dist_map": 285,
        "elevation_diff_map": 112.9,
        "avg_slope_deg_map": 21.5,
        "max_slope_deg_map": 28.4
      },
      "geometry": {
        "type": "LineString",
        "coordinates": [
          [
            136.8521431,
            35.9991645,
            1471.6
          ],
          [
            136.85222859630795,
            35.99910709282813,
            1466.1
          ],
          [
            136.8523140926159,
            35.999049685656274,
            1461.0
          ],
          [
            136.85239958892382,
            35.99899227848441,
            1455.0
          ],
          [
            136.85248508523176,
            35.99893487131255,
            1450.4
          ],
          [
            136.8525705815397,
            35.99887746414068,
            1446.2
          ],
          [
            136.85265607784766,
            35.998820056968825,
            1439.6
          ],
          [
            136.8527415741556,
            35.99876264979696,
            1433.4
          ],
          [
            136.85282707046355,
            35.9987052426251,
            1431.0
          ],
          [
            136.85291256677147,
            35.998647835453234,
            1426.4
          ],
          [
            136.85300450816214,
            35.998597532615875,
            1420.5
          ],
          [
            136.853097277548,
            35.99854814246727,
            1416.8
          ],
          [
            136.8531900469338,
            35.998498752318675,
            1412.9
          ],
          [
            136.85328281631965,
            35.99844936217007,
            1407.2
          ],
          [
            136.85337558570546,
            35.998399972021474,
            1402.5
          ],
          [
            136.8534683550913,
            35.99835058187287,
            1397.3
          ],
          [
            136.85356112447712,
            35.99830119172427,
            1392.0
          ],
          [
            136.85365389386297,
            35.99825180157567,
            1388.5
          ],
          [
            136.8537466632488,
            35.99820241142707,
            1383.7
          ],
          [
            136.85383943263463,
            35.998153021278476,
            1380.5
          ],
          [
            136.8539344675586,
            35.99810660564801,
            1376.6
          ],
          [
            136.85403024939154,
            35.99806117138372,
            1372.4
          ],
          [
            136.85412603122452,
            35.99801573711943,
            1369.3
          ],
          [
            136.85422299074384,
            35.99797257661466,
            1366.9
          ],
          [
            136.85432992656823,
            35.99794867736627,
            1363.5
          ],
          [
            136.85443686239262,
            35.997924778117884,
            1361.5
          ],
          [
            136.85454379821698,
            35.997900878869494,
            1358.7
          ]
        ]
      }
    },
    {
      "type": "Feature",
      "properties": {
        "name": "ゴールド",
        "slope_deg": [
          8.390627013252388,
          8.390627013252388,
          8.390627013252388,
          8.530765609948133,
          12.133880170633224,
          16.17215901578243,
          18.906332035086663,
          21.181349500266236,
          21.181349500266236,
          20.052082146098712,
          21.305783617828656,
          20.556045219583467,
          21.554019920478787,
          20.681521678200784,
          16.961705886532968,
          15.509334522674754,
          12.270720357815385,
          13.224551192213651,
          16.961705886532968,
          18.26288994219419,
          21.05670559070489,
          21.677820852504254,
          18.133621430820266,
          19.034434354835135,
          16.96170588653267,
          17.223436191131583,
          20.052082146098712,
          18.778033222445714,
          20.43036232928569,
          18.39196625070533,
          16.304198003832376,
          14.036243467926479,
          11.172136252167274,
          11.172136252167274,
          9.090276920822133,
          9.508771958297594,
          10.065169352759717,
          11.034209003250188,
          12.407418527400683,
          14.036243467926479,
          14.305551846622015,
          15.242997742901395,
          14.43996512100296,
          14.43996512100296,
          14.43996512100296
        ],
        "horizontal_dist_map": 442,
        "slope_dist_map": 462,
        "elevation_diff_map": 125.5,
        "avg_slope_deg_map": 15.2,
        "max_slope_deg_map": 21.7
      },
      "geometry": {
        "type": "LineString",
        "coordinates": [
          [
            136.8534686,
            36.0009209,
            1408.6
          ],
          [
            136.85352336013992,
            36.000999272718154,
            1406.3
          ],
          [
            136.85357812027982,
            36.00107764543632,
            1405.6
          ],
          [
            136.85363288041972,
            36.001156018154475,
            1404.8
          ],
          [
            136.85368764055963,
            36.00123439087264,
            1402.7
          ],
          [
            136.85374240069953,
            36.001312763590796,
            1400.3
          ],
          [
            136.85379716083943,
            36.00139113630896,
            1397.0
          ],
          [
            136.85385192097934,
            36.00146950902712,
            1393.2
          ],
          [
            136.85390668111924,
            36.001547881745275,
            1389.0
          ],
          [
            136.85396144125914,
            36.00162625446344,
            1384.8
          ],
          [
            136.85401620139905,
            36.001704627181596,
            1381.5
          ],
          [
            136.85407096153895,
            36.00178299989976,
            1378.6
          ],
          [
            136.85412572167886,
            36.00186137261792,
            1373.4
          ],
          [
            136.85418048181876,
            36.001939745336074,
            1369.8
          ],
          [
            136.8542507014004,
            36.00200757458656,
            1365.7
          ],
          [
            136.85433619868584,
            36.00206498431613,
            1363.5
          ],
          [
            136.85442169597127,
            36.002122394045706,
            1361.2
          ],
          [
            136.85450719325672,
            36.00217980377528,
            1358.7
          ],
          [
            136.85459269054215,
            36.002237213504856,
            1357.0
          ],
          [
            136.8546781878276,
            36.00229462323443,
            1354.1
          ],
          [
            136.85476368511303,
            36.002352032964,
            1349.0
          ],
          [
            136.85484918239848,
            36.002409442693576,
            1345.5
          ],
          [
            136.85493467968394,
            36.00246685242315,
            1341.6
          ],
          [
            136.85502290139587,
            36.00251833777186,
            1338.2
          ],
          [
            136.85513378081563,
            36.00252055297465,
            1335.9
          ],
          [
            136.85524466023543,
            36.00252276817744,
            1331.7
          ],
          [
            136.85535553965522,
            36.00252498338023,
            1329.4
          ],
          [
            136.85546641907501,
            36.002527198583024,
            1325.8
          ],
          [
            136.8555772984948,
            36.002529413785815,
            1321.3
          ],
          [
            136.85568701810627,
            36.00252478008168,
            1318.1
          ],
          [
            136.85579304069066,
            36.00249831467125,
            1314.5
          ],
          [
            136.85589906327502,
            36.002471849260814,
            1312.5
          ],
          [
            136.8560050858594,
            36.002445383850386,
            1309.6
          ],
          [
            136.8561111084438,
            36.00241891843995,
            1308.1
          ],
          [
            136.8562171310282,
            36.00239245302952,
            1306.6
          ],
          [
            136.85632315361255,
            36.00236598761909,
            1304.6
          ],
          [
            136.85642917619694,
            36.00233952220866,
            1303.2
          ],
          [
            136.85653519878133,
            36.00231305679823,
            1301.4
          ],
          [
            136.8566412213657,
            36.002286591387794,
            1299.5
          ],
          [
            136.85674724395008,
            36.002260125977365,
            1296.8
          ],
          [
            136.85685326653447,
            36.00223366056693,
            1294.4
          ],
          [
            136.85695928911886,
            36.0022071951565,
            1291.4
          ],
          [
            136.85706531170322,
            36.00218072974607,
            1289.3
          ],
          [
            136.8571713342876,
            36.00215426433564,
            1285.9
          ],
          [
            136.857277356872,
            36.00212779892521,
            1284.1
          ]
        ]
      }
    },
    {
      "type": "Feature",
      "properties": {
        "name": "パノラマパーク",
        "slope_deg": [
          4.289153328819018,
          4.289153328819018,
          4.289153328819018,
          4.7162212343382155,
          1.7183580016555222,
          3.433630362450652,
          4.7162212343382155,
          4.7162212343382155,
          5.4268124985727555,
          6.135733340186728,
          6.277298489597683,
          6.701525844729548,
          7.688447769903003,
          7.688447769903003,
          8.250387228905435,
          7.547725773843047,
          6.135733340186728,
          5.568737077976444,
          4.146688825966138,
          4.146688825966138,
          4.858462919034416,
          5.4268124985727555,
          6.983937460085098,
          7.969610394321233,
          7.829076510059608,
          8.530765609948133,
          7.829076510059608,
          7.406912128495294,
          7.125016348901798,
          6.418786730238786,
          6.135733340186728,
          5.000644597558433,
          5.994092949108213,
          5.852378988915814,
          6.701525844729548,
          7.688447769903003,
          7.829076510059608,
          8.390627013252388,
          7.547725773843047,
          8.110047829418843,
          7.266008446996189,
          7.266008446996189,
          7.688447769903003,
          6.418786730238786,
          6.56019640057118,
          5.568737077976444,
          5.568737077976766,
          5.852378988915814,
          5.710593137499643,
          6.560196400571501,
          6.135733340186728,
          6.56019640057118,
          5.994092949108534,
          5.2848210925090795,
          5.2848210925090795,
          4.7162212343382155,
          5.000644597558433,
          5.000644597558433,
          4.7162212343382155,
          5.000644597558433,
          4.858462919034416,
          4.146688825965815,
          4.146688825965815,
          4.146688825966138,
          4.431564716435714,
          4.858462919034416,
          4.716221234338539,
          4.573921259900927,
          4.146688825966138,
          4.0041729407093225,
          3.576334374997351,
          3.290883686067228,
          3.4336303624503275,
          3.8616074096751394,
          4.573921259900602,
          5.142764557884112,
          4.573921259900927,
          4.431564716435714,
          4.146688825966138,
          3.433630362450652,
          3.8616074096751394,
          3.576334374997351,
          3.7189939731579127,
          4.0041729407093225,
          4.146688825965815,
          4.146688825966138,
          4.573921259900927,
          4.573921259900927,
          4.573921259900927,
          5.710593137499643,
          5.4268124985727555,
          5.710593137499643,
          5.710593137499643,
          5.4268124985727555,
          5.426812498573079,
          5.568737077976766,
          6.418786730238786,
          6.418786730238786,
          7.547725773843047,
          8.110047829418843,
          9.22988624372772,
          9.78720366465624,
          10.342657140474548,
          11.034209003250501,
          9.926245506651705,
          10.065169352759717,
          9.926245506651705,
          10.342657140474548,
          10.342657140474548,
          10.481218144131045,
          10.757967088389877,
          10.065169352759717,
          10.896152141141194,
          10.89615214114088,
          10.757967088390194,
          11.172136252167274,
          11.309932474020215,
          11.172136252167274,
          11.7225209701022,
          11.309932474020215,
          10.065169352759877,
          10.757967088390036,
          9.22988624372772,
          10.20397372173159,
          10.619655276155134,
          10.065169352759877,
          9.926245506651705,
          9.369385096487514,
          9.648045316098251,
          9.787203664656081,
          10.065169352759877,
          11.447596263685636,
          11.585126224854955,
          11.447596263685636,
          11.996899307923577,
          11.309932474020215,
          11.034209003250343,
          12.68038349181982,
          15.109575122340402,
          16.039943306049665,
          17.092662950267425,
          16.17215901578243,
          11.996899307923577,
          11.996899307923577,
          11.996899307923577
        ],
        "horizontal_dist_map": 1446,
        "slope_dist_map": 1460,
        "elevation_diff_map": 184.3,
        "avg_slope_deg_map": 7.2,
        "max_slope_deg_map": 17.1
      },
      "geometry": {
        "type": "LineString",
        "coordinates": [
          [
            136.8652907,
            36.0040562,
            1154.5
          ],
          [
            136.8653442731914,
            36.00413511331093,
            1153.8
          ],
          [
            136.8653978463828,
            36.00421402662186,
            1151.2
          ],
          [
            136.8654514195742,
            36.00429293993279,
            1151.7
          ],
          [
            136.86551293955316,
            36.00436666093603,
            1151.5
          ],
          [
            136.86559629947607,
            36.00442611205877,
            1150.5
          ],
          [
            136.865679659399,
            36.00448556318152,
            1150.0
          ],
          [
            136.86576301932192,
            36.00454501430426,
            1149.3
          ],
          [
            136.86584637924483,
            36.004604465427015,
            1148.2
          ],
          [
            136.86592973916774,
            36.00466391654976,
            1147.2
          ],
          [
            136.86601309909065,
            36.004723367672504,
            1146.2
          ],
          [
            136.86609645901356,
            36.004782818795256,
            1145.0
          ],
          [
            136.8661974521452,
            36.00481948799609,
            1143.8
          ],
          [
            136.86629950861865,
            36.00485478337037,
            1142.5
          ],
          [
            136.8664015650921,
            36.004890078744644,
            1140.8
          ],
          [
            136.86650362156558,
            36.004925374118926,
            1139.6
          ],
          [
            136.86660567803904,
            36.0049606694932,
            1138.0
          ],
          [
            136.8667077345125,
            36.004995964867476,
            1137.2
          ],
          [
            136.86680979098594,
            36.00503126024176,
            1136.5
          ],
          [
            136.86691184745942,
            36.00506655561603,
            1135.7
          ],
          [
            136.86701390393287,
            36.005101850990314,
            1135.1
          ],
          [
            136.86711596040632,
            36.00513714636459,
            1134.3
          ],
          [
            136.86721868798716,
            36.00517030505146,
            1133.1
          ],
          [
            136.86732907984498,
            36.0051790620331,
            1131.9
          ],
          [
            136.86743947170282,
            36.00518781901474,
            1130.2
          ],
          [
            136.86754986356064,
            36.005196575996386,
            1128.7
          ],
          [
            136.86766025541849,
            36.005205332978036,
            1127.6
          ],
          [
            136.8677706472763,
            36.00521408995968,
            1125.9
          ],
          [
            136.86788103913412,
            36.00522284694132,
            1124.7
          ],
          [
            136.86799143099196,
            36.005231603922965,
            1123.5
          ],
          [
            136.86810182284978,
            36.00524036090461,
            1122.6
          ],
          [
            136.86821221470763,
            36.00524911788625,
            1121.4
          ],
          [
            136.86832260656544,
            36.005257874867894,
            1120.4
          ],
          [
            136.8684329984233,
            36.00526663184954,
            1120.0
          ],
          [
            136.86854377568162,
            36.005263171543675,
            1118.4
          ],
          [
            136.86865457470722,
            36.00525902120943,
            1117.3
          ],
          [
            136.86876537373286,
            36.00525487087519,
            1115.7
          ],
          [
            136.86887617275846,
            36.00525072054095,
            1114.6
          ],
          [
            136.8689869717841,
            36.00524657020671,
            1112.9
          ],
          [
            136.8690977708097,
            36.00524241987247,
            1111.4
          ],
          [
            136.86920856983534,
            36.005238269538225,
            1110.4
          ],
          [
            136.86931936886094,
            36.00523411920398,
            1108.9
          ],
          [
            136.86943016788658,
            36.00522996886974,
            1107.8
          ],
          [
            136.86954096691218,
            36.0052258185355,
            1106.3
          ],
          [
            136.86965176593782,
            36.00522166820126,
            1105.0
          ],
          [
            136.86976256496345,
            36.00521751786702,
            1104.4
          ],
          [
            136.86987336398906,
            36.005213367532775,
            1103.2
          ],
          [
            136.8699841630147,
            36.005209217198534,
            1102.4
          ],
          [
            136.8700949620403,
            36.00520506686429,
            1101.1
          ],
          [
            136.87020576106593,
            36.00520091653005,
            1100.3
          ],
          [
            136.87031656009154,
            36.00519676619581,
            1099.2
          ],
          [
            136.87042735911717,
            36.00519261586157,
            1097.8
          ],
          [
            136.87053815814278,
            36.005188465527326,
            1096.8
          ],
          [
            136.8706489571684,
            36.005184315193084,
            1095.7
          ],
          [
            136.87075975619402,
            36.00518016485884,
            1095.0
          ],
          [
            136.87087055521965,
            36.0051760145246,
            1094.1
          ],
          [
            136.8709813542453,
            36.00517186419036,
            1093.1
          ],
          [
            136.87108982647652,
            36.00515716286465,
            1092.4
          ],
          [
            136.87119550554578,
            36.00512979577499,
            1091.5
          ],
          [
            136.87128372181178,
            36.005080456089395,
            1090.6
          ],
          [
            136.87135790024226,
            36.00501345327823,
            1089.8
          ],
          [
            136.87143207867274,
            36.00494645046706,
            1088.9
          ],
          [
            136.87150625710322,
            36.004879447655895,
            1088.1
          ],
          [
            136.87158043553373,
            36.004812444844724,
            1087.7
          ],
          [
            136.8716546139642,
            36.00474544203356,
            1086.9
          ],
          [
            136.8717287923947,
            36.00467843922239,
            1086.0
          ],
          [
            136.87180297082517,
            36.004611436411224,
            1085.0
          ],
          [
            136.87187714925565,
            36.00454443360005,
            1084.3
          ],
          [
            136.87195132768613,
            36.00447743078888,
            1083.6
          ],
          [
            136.87202550611661,
            36.00441042797772,
            1082.8
          ],
          [
            136.8720996845471,
            36.004343425166546,
            1082.1
          ],
          [
            136.8721738629776,
            36.00427642235538,
            1081.5
          ],
          [
            136.87224804140808,
            36.00420941954421,
            1081.1
          ],
          [
            136.87232221983857,
            36.004142416733046,
            1080.5
          ],
          [
            136.87239639826905,
            36.004075413921875,
            1079.7
          ],
          [
            136.87247057669953,
            36.00400841111071,
            1078.8
          ],
          [
            136.87254475513,
            36.00394140829954,
            1077.9
          ],
          [
            136.8726189335605,
            36.003874405488375,
            1076.9
          ],
          [
            136.87269311199097,
            36.003807402677204,
            1076.5
          ],
          [
            136.87276729042148,
            36.00374039986603,
            1075.7
          ],
          [
            136.87284146885196,
            36.00367339705487,
            1075.0
          ],
          [
            136.87291564728244,
            36.0036063942437,
            1074.5
          ],
          [
            136.87298982571292,
            36.00353939143253,
            1073.8
          ],
          [
            136.87305531789673,
            36.003467419083066,
            1073.2
          ],
          [
            136.87310794974294,
            36.003388089132265,
            1072.4
          ],
          [
            136.8731605815892,
            36.003308759181465,
            1071.7
          ],
          [
            136.8732132134354,
            36.003229429230664,
            1070.9
          ],
          [
            136.87326584528165,
            36.003150099279864,
            1070.3
          ],
          [
            136.87331847712787,
            36.003070769329064,
            1069.2
          ],
          [
            136.8733711089741,
            36.00299143937826,
            1068.5
          ],
          [
            136.87342374082033,
            36.00291210942746,
            1067.7
          ],
          [
            136.87347637266657,
            36.00283277947666,
            1066.3
          ],
          [
            136.8735290045128,
            36.00275344952586,
            1065.4
          ],
          [
            136.87358163635903,
            36.00267411957506,
            1064.5
          ],
          [
            136.87363426820525,
            36.00259478962426,
            1063.7
          ],
          [
            136.87368690005147,
            36.00251545967346,
            1062.5
          ],
          [
            136.8737395318977,
            36.00243612972266,
            1061.6
          ],
          [
            136.87379216374393,
            36.00235679977186,
            1060.6
          ],
          [
            136.87384479559017,
            36.00227746982106,
            1059.2
          ],
          [
            136.8738974274364,
            36.00219813987026,
            1058.0
          ],
          [
            136.87395005928263,
            36.00211880991946,
            1056.3
          ],
          [
            136.87400269112885,
            36.00203947996866,
            1054.9
          ],
          [
            136.8740553229751,
            36.00196015001786,
            1052.7
          ],
          [
            136.8741079548213,
            36.00188082006706,
            1051.1
          ],
          [
            136.87416058666756,
            36.00180149011626,
            1049.0
          ],
          [
            136.87421321851377,
            36.00172216016546,
            1047.1
          ],
          [
            136.87426585036002,
            36.00164283021466,
            1045.7
          ],
          [
            136.87431848220623,
            36.001563500263856,
            1044.0
          ],
          [
            136.87437111405245,
            36.001484170313056,
            1042.0
          ],
          [
            136.87443350854377,
            36.00140984622865,
            1039.8
          ],
          [
            136.8744989713178,
            36.00133709542825,
            1038.4
          ],
          [
            136.8745644340918,
            36.00126434462784,
            1036.6
          ],
          [
            136.87462989686583,
            36.00119159382744,
            1034.4
          ],
          [
            136.87469535963987,
            36.00111884302704,
            1032.7
          ],
          [
            136.8747608224139,
            36.00104609222664,
            1030.7
          ],
          [
            136.8748262851879,
            36.00097334142624,
            1028.9
          ],
          [
            136.87489174796193,
            36.00090059062583,
            1026.8
          ],
          [
            136.87495721073594,
            36.00082783982543,
            1024.8
          ],
          [
            136.87502267351,
            36.00075508902503,
            1022.7
          ],
          [
            136.875088136284,
            36.00068233822463,
            1021.0
          ],
          [
            136.87515359905802,
            36.00060958742423,
            1018.5
          ],
          [
            136.87521906183204,
            36.00053683662382,
            1016.8
          ],
          [
            136.875300747432,
            36.00047762058195,
            1015.6
          ],
          [
            136.87539197130573,
            36.00042636235414,
            1013.4
          ],
          [
            136.87548319517947,
            36.000375104126334,
            1012.0
          ],
          [
            136.8755744190532,
            36.00032384589853,
            1009.6
          ],
          [
            136.87566564292695,
            36.00027258767072,
            1008.1
          ],
          [
            136.87575686680066,
            36.000221329442915,
            1006.3
          ],
          [
            136.8758480906744,
            36.00017007121511,
            1005.0
          ],
          [
            136.87593931454813,
            36.0001188129873,
            1003.0
          ],
          [
            136.87603053842187,
            36.00006755475949,
            1001.3
          ],
          [
            136.8761217622956,
            36.00001629653168,
            999.4
          ],
          [
            136.87621298616935,
            35.99996503830388,
            997.9
          ],
          [
            136.8763042100431,
            35.99991378007607,
            994.9
          ],
          [
            136.87639543391683,
            35.999862521848264,
            993.1
          ],
          [
            136.87648566599592,
            35.999810118865895,
            991.3
          ],
          [
            136.87657584461016,
            35.99975765417308,
            989.4
          ],
          [
            136.87666602322443,
            35.99970518948026,
            986.9
          ],
          [
            136.8767562018387,
            35.999652724787445,
            985.3
          ],
          [
            136.87684638045297,
            35.999600260094624,
            982.3
          ],
          [
            136.8769121489234,
            35.9995284777988,
            978.6
          ],
          [
            136.8769743069282,
            35.999453838266945,
            975.4
          ],
          [
            136.87703646493298,
            35.9993791987351,
            973.0
          ],
          [
            136.87709862293775,
            35.999304559203246,
            970.7
          ],
          [
            136.87710607586604,
            35.999216526195774,
            970.1
          ]
        ]
      }
    },
    {
      "type": "Feature",
      "properties": {
        "name": "ビギナーズ",
        "slope_deg": [
          7.969610394321233,
          7.969610394321233,
          7.969610394321233,
          7.266008446995867,
          4.146688825966138,
          5.4268124985727555,
          6.560196400571501,
          5.710593137499643,
          6.842773412630876,
          7.266008446995867,
          7.266008446995867,
          7.969610394321551,
          7.406912128495294,
          7.266008446996189,
          7.266008446996189,
          7.547725773843047,
          8.810732985984655,
          8.250387228905435,
          8.390627013252388,
          7.829076510059608,
          6.701525844729548,
          6.983937460085098,
          7.406912128495294,
          6.842773412630876,
          6.842773412630876,
          6.98393746008542,
          6.418786730238786,
          6.56019640057118,
          7.125016348901798,
          5.994092949108534,
          6.701525844729548,
          6.13573334018705,
          6.13573334018705,
          7.266008446995867,
          6.418786730238786,
          7.547725773843047,
          6.842773412630876,
          6.842773412630876,
          6.842773412630876,
          6.418786730238786,
          6.701525844729548,
          5.994092949108534,
          6.135733340186728,
          6.701525844729548,
          6.701525844729227,
          7.266008446996189,
          7.125016348901798,
          6.56019640057118,
          6.418786730238786,
          5.994092949108213,
          6.418786730238786,
          5.994092949108534,
          6.277298489597683,
          5.994092949108534,
          5.852378988915814,
          5.4268124985727555,
          5.142764557884112,
          5.142764557884436,
          5.4268124985727555,
          5.568737077976766,
          5.710593137499643,
          5.852378988915493,
          5.852378988915493,
          5.852378988915493,
          4.858462919034416,
          4.858462919034416,
          4.289153328819018,
          6.418786730238786,
          7.406912128495294,
          7.688447769902681,
          8.11004782941916,
          6.418786730238786,
          8.11004782941916,
          8.250387228905435,
          8.250387228905435,
          8.530765609948133,
          6.56019640057118,
          7.688447769903003,
          7.547725773843047,
          7.688447769903003,
          7.547725773843047,
          6.56019640057118,
          6.418786730238786,
          6.56019640057118,
          6.560196400571501,
          6.13573334018705,
          6.842773412631197,
          6.277298489597683,
          6.701525844729227,
          6.135733340186728,
          5.142764557884112,
          5.284821092508756,
          4.146688825966138,
          4.289153328819018,
          3.8616074096751394,
          3.005269359690129,
          3.005269359689804,
          3.7189939731579127,
          5.142764557884112,
          6.56019640057118,
          7.688447769903003,
          7.829076510059608,
          9.50877195829791,
          9.648045316098093,
          10.065169352759717,
          10.896152141141194,
          9.22988624372772,
          9.78720366465624,
          9.648045316098251,
          9.090276920822289,
          9.369385096487514,
          8.810732985984973,
          9.369385096487514,
          9.50877195829791,
          9.090276920822289,
          9.090276920822289,
          9.22988624372772,
          8.810732985984814,
          8.810732985984973,
          8.810732985984814,
          8.530765609948133,
          9.22988624372772,
          8.530765609948133,
          8.530765609948133,
          8.670801453590993,
          8.670801453590993,
          9.508771958297752,
          9.926245506651705,
          9.508771958297752,
          9.926245506651705,
          11.172136252167116,
          11.172136252167274,
          11.172136252167274,
          11.722520970102357,
          10.203973721731748,
          10.619655276155134,
          11.172136252167116,
          8.530765609948133,
          7.68844776990284,
          4.573921259900764,
          2.004534032105872,
          2.147585428298503,
          4.431564716435877,
          5.2848210925090795,
          5.2848210925090795,
          5.2848210925090795
        ],
        "horizontal_dist_map": 1453,
        "slope_dist_map": 1467,
        "elevation_diff_map": 184.3,
        "avg_slope_deg_map": 7.2,
        "max_slope_deg_map": 11.7
      },
      "geometry": {
        "type": "LineString",
        "coordinates": [
          [
            136.8652907,
            36.0040562,
            1154.5
          ],
          [
            136.86539298218628,
            36.004091059439,
            1152.3
          ],
          [
            136.86549526437258,
            36.004125918877996,
            1149.5
          ],
          [
            136.86559754655886,
            36.004160778316994,
            1149.1
          ],
          [
            136.86569982874514,
            36.00419563775599,
            1148.9
          ],
          [
            136.8658021109314,
            36.004230497194996,
            1147.2
          ],
          [
            136.86590439311772,
            36.004265356633994,
            1146.6
          ],
          [
            136.866006675304,
            36.00430021607299,
            1145.3
          ],
          [
            136.86610895749027,
            36.00433507551199,
            1144.3
          ],
          [
            136.86621123967655,
            36.00436993495099,
            1143.2
          ],
          [
            136.86632102137665,
            36.00437924026925,
            1141.8
          ],
          [
            136.86643165741947,
            36.00438563446852,
            1140.2
          ],
          [
            136.86654229346226,
            36.004392028667795,
            1139.2
          ],
          [
            136.86665292950508,
            36.00439842286707,
            1137.6
          ],
          [
            136.8667635655479,
            36.004404817066344,
            1136.6
          ],
          [
            136.8668742015907,
            36.00441121126562,
            1135.1
          ],
          [
            136.8669848376335,
            36.00441760546489,
            1134.1
          ],
          [
            136.86709547367633,
            36.00442399966416,
            1132.3
          ],
          [
            136.86720610971912,
            36.00443039386344,
            1130.4
          ],
          [
            136.86730932196275,
            36.004460260801345,
            1129.3
          ],
          [
            136.8674100439225,
            36.00449800157594,
            1128.2
          ],
          [
            136.86751076588226,
            36.004535742350534,
            1126.8
          ],
          [
            136.867611487842,
            36.00457348312513,
            1125.7
          ],
          [
            136.86771220980174,
            36.00461122389972,
            1124.4
          ],
          [
            136.8678129317615,
            36.00464896467432,
            1123.0
          ],
          [
            136.86791365372125,
            36.00468670544891,
            1122.0
          ],
          [
            136.86801437568099,
            36.0047244462235,
            1120.9
          ],
          [
            136.86811509764075,
            36.00476218699809,
            1119.5
          ],
          [
            136.8682158196005,
            36.00479992777269,
            1118.5
          ],
          [
            136.86831654156023,
            36.00483766854728,
            1117.4
          ],
          [
            136.868422483373,
            36.00486405167776,
            1115.9
          ],
          [
            136.86852899790034,
            36.00488918866424,
            1115.3
          ],
          [
            136.86863551242766,
            36.00491432565072,
            1113.8
          ],
          [
            136.8687432292631,
            36.004931209996805,
            1113.1
          ],
          [
            136.86885402298543,
            36.004926974596714,
            1111.6
          ],
          [
            136.86896481670777,
            36.00492273919663,
            1110.2
          ],
          [
            136.86907561043012,
            36.00491850379654,
            1109.3
          ],
          [
            136.86918640415246,
            36.00491426839645,
            1107.8
          ],
          [
            136.8692971978748,
            36.00491003299636,
            1106.8
          ],
          [
            136.86940799159714,
            36.004905797596265,
            1105.4
          ],
          [
            136.86951878531949,
            36.004901562196174,
            1104.5
          ],
          [
            136.86962957904186,
            36.00489732679609,
            1103.3
          ],
          [
            136.86973989368622,
            36.00489115272998,
            1102.1
          ],
          [
            136.86984411235807,
            36.00486031033138,
            1101.2
          ],
          [
            136.86994833102992,
            36.00482946793279,
            1100.2
          ],
          [
            136.87005254970177,
            36.004798625534185,
            1098.6
          ],
          [
            136.8701567683736,
            36.004767783135584,
            1097.4
          ],
          [
            136.87026098704544,
            36.00473694073699,
            1096.1
          ],
          [
            136.8703652057173,
            36.00470609833839,
            1095.2
          ],
          [
            136.87046942438914,
            36.004675255939794,
            1094.0
          ],
          [
            136.870573643061,
            36.00464441354119,
            1092.9
          ],
          [
            136.87067786173284,
            36.00461357114259,
            1091.9
          ],
          [
            136.8707820804047,
            36.004582728744,
            1090.7
          ],
          [
            136.87088629907655,
            36.004551886345396,
            1089.8
          ],
          [
            136.8709905177484,
            36.004521043946795,
            1088.5
          ],
          [
            136.8710888754898,
            36.00448109639085,
            1087.7
          ],
          [
            136.87117950121444,
            36.00442913688052,
            1086.6
          ],
          [
            136.8712701269391,
            36.004377177370195,
            1086.0
          ],
          [
            136.87136075266375,
            36.004325217859865,
            1084.9
          ],
          [
            136.87145137838843,
            36.00427325834954,
            1084.1
          ],
          [
            136.87154200411308,
            36.00422129883921,
            1082.8
          ],
          [
            136.87163262983773,
            36.00416933932889,
            1082.1
          ],
          [
            136.87171233015724,
            36.00410839059675,
            1080.9
          ],
          [
            136.8717774079941,
            36.00403541075566,
            1080.0
          ],
          [
            136.871842485831,
            36.00396243091457,
            1078.7
          ],
          [
            136.87190756366786,
            36.00388945107348,
            1078.0
          ],
          [
            136.87197264150475,
            36.00381647123239,
            1077.5
          ],
          [
            136.87203771934162,
            36.003743491391305,
            1076.6
          ],
          [
            136.87210279717848,
            36.00367051155021,
            1075.7
          ],
          [
            136.87216522761508,
            36.00359609051817,
            1073.5
          ],
          [
            136.87222354246947,
            36.00351942904673,
            1072.3
          ],
          [
            136.87228185732383,
            36.003442767575294,
            1071.2
          ],
          [
            136.87234017217818,
            36.003366106103854,
            1070.0
          ],
          [
            136.87239848703254,
            36.003289444632415,
            1069.0
          ],
          [
            136.87245680188693,
            36.003212783160976,
            1066.6
          ],
          [
            136.87251511674128,
            36.003136121689536,
            1065.4
          ],
          [
            136.87257343159564,
            36.0030594602181,
            1064.2
          ],
          [
            136.87263174645,
            36.00298279874666,
            1063.0
          ],
          [
            136.87269006130438,
            36.002906137275225,
            1062.0
          ],
          [
            136.87274837615874,
            36.002829475803786,
            1060.0
          ],
          [
            136.8728066910131,
            36.00275281433235,
            1058.9
          ],
          [
            136.87286102248893,
            36.00267447426404,
            1057.6
          ],
          [
            136.87290454732045,
            36.00259158027268,
            1056.7
          ],
          [
            136.87294807215193,
            36.00250868628132,
            1055.4
          ],
          [
            136.87299159698344,
            36.002425792289955,
            1054.4
          ],
          [
            136.87303512181492,
            36.00234289829859,
            1053.0
          ],
          [
            136.87307864664643,
            36.00226000430724,
            1052.1
          ],
          [
            136.87312217147792,
            36.00217711031588,
            1051.1
          ],
          [
            136.87316569630943,
            36.002094216324515,
            1049.6
          ],
          [
            136.8732092211409,
            36.00201132233315,
            1048.6
          ],
          [
            136.87325274597242,
            36.00192842834179,
            1047.4
          ],
          [
            136.87329627080393,
            36.00184553435043,
            1046.8
          ],
          [
            136.87333979563542,
            36.00176264035907,
            1046.0
          ],
          [
            136.87338332046693,
            36.00167974636771,
            1044.9
          ],
          [
            136.8734268452984,
            36.00159685237635,
            1044.5
          ],
          [
            136.87347037012992,
            36.00151395838499,
            1043.8
          ],
          [
            136.8735220212465,
            36.00143436006721,
            1043.3
          ],
          [
            136.87357737734223,
            36.00135626433048,
            1042.8
          ],
          [
            136.87363273343794,
            36.00127816859375,
            1042.4
          ],
          [
            136.8736880895337,
            36.001200072857024,
            1041.2
          ],
          [
            136.87374344562943,
            36.0011219771203,
            1039.7
          ],
          [
            136.87379898050318,
            36.00104397197772,
            1038.2
          ],
          [
            136.8738609266538,
            36.00096921569254,
            1037.0
          ],
          [
            136.87392287280443,
            36.000894459407355,
            1035.7
          ],
          [
            136.87398481895508,
            36.00081970312217,
            1033.0
          ],
          [
            136.8740467651057,
            36.00074494683699,
            1031.4
          ],
          [
            136.87410871125635,
            36.0006701905518,
            1029.9
          ],
          [
            136.87417065740698,
            36.00059543426662,
            1028.0
          ],
          [
            136.87423260355763,
            36.000520677981434,
            1026.5
          ],
          [
            136.8742975948863,
            36.000447756316206,
            1024.5
          ],
          [
            136.87436761981274,
            36.00037786722862,
            1023.1
          ],
          [
            136.87443764473917,
            36.00030797814104,
            1021.6
          ],
          [
            136.8745076696656,
            36.00023808905345,
            1019.9
          ],
          [
            136.87457769459203,
            36.00016819996586,
            1018.3
          ],
          [
            136.87464771951846,
            36.00009831087828,
            1016.5
          ],
          [
            136.8747177444449,
            36.000028421790695,
            1014.9
          ],
          [
            136.87478776937132,
            35.99995853270311,
            1013.5
          ],
          [
            136.87485779429775,
            35.99988864361553,
            1011.9
          ],
          [
            136.87493150863781,
            35.99982140669854,
            1010.0
          ],
          [
            136.87500832883484,
            35.99975640245683,
            1008.7
          ],
          [
            136.8750851490319,
            35.99969139821512,
            1007.3
          ],
          [
            136.8751619692289,
            35.999626393973415,
            1005.7
          ],
          [
            136.87523878942596,
            35.99956138973171,
            1004.0
          ],
          [
            136.875315609623,
            35.999496385490005,
            1002.2
          ],
          [
            136.87539242982004,
            35.9994313812483,
            1001.3
          ],
          [
            136.87546925001706,
            35.999366377006595,
            999.7
          ],
          [
            136.8755460702141,
            35.99930137276489,
            997.9
          ],
          [
            136.87562949559438,
            35.99924271744039,
            996.1
          ],
          [
            136.87572115654532,
            35.999191978165214,
            994.6
          ],
          [
            136.87581281749627,
            35.99914123889004,
            992.7
          ],
          [
            136.87590447844724,
            35.999090499614866,
            991.2
          ],
          [
            136.87599613939818,
            35.99903976033969,
            989.1
          ],
          [
            136.87608780034913,
            35.99898902106452,
            986.7
          ],
          [
            136.87617946130007,
            35.99893828178934,
            984.8
          ],
          [
            136.8762643040862,
            35.99888043164503,
            983.3
          ],
          [
            136.8763472635628,
            35.99882061734063,
            980.8
          ],
          [
            136.87643022303942,
            35.99876080303623,
            979.5
          ],
          [
            136.87651318251605,
            35.99870098873183,
            977.3
          ],
          [
            136.87659614199265,
            35.998641174427426,
            975.4
          ],
          [
            136.8766653565809,
            35.99871063148679,
            974.8
          ],
          [
            136.87673446127758,
            35.99878112208183,
            974.1
          ],
          [
            136.87680356597426,
            35.998851612676866,
            974.1
          ],
          [
            136.87687267067096,
            35.99892210327191,
            974.0
          ],
          [
            136.87694177536764,
            35.998992593866944,
            973.3
          ],
          [
            136.87701088006432,
            35.99906308446198,
            971.0
          ],
          [
            136.877079984761,
            35.99913357505702,
            970.4
          ]
        ]
      }
    }
  ]
}