{
  "type": "FeatureCollection",
  "features": [
    {
      "type": "Feature",
      "properties": {
        "name": "駒ケ岳第3",
        "slope_deg": [
          24.346751854705083,
          24.346751854705083,
          24.346751854705083,
          25.056088833535423,
          25.98923358383301,
          23.869390064732137,
          24.70243022777115,
          22.782405730481635,
          21.924785220541064,
          22.660536301999084,
          21.80140948635181,
          24.584094695437884,
          22.904057803637016,
          23.388482428995122,
          25.641005824305335,
          24.10851589997543,
          24.820541335489082,
          23.869390064731867,
          23.749494492866653,
          23.509040224192297,
          22.90405780363674,
          22.660536301999365,
          22.04794746356044,
          21.67782085250454,
          21.05670559070489,
          20.43036232928569,
          19.925580658184323,
          18.906332035086663,
          20.30447370996038,
          20.931852540892464,
          21.554019920478787,
          22.293629159693914,
          22.293629159694053,
          21.554019920478787,
          20.43036232928569,
          20.43036232928569,
          21.181349500266236,
          21.924785220541203,
          22.782405730481635,
          23.869390064732,
          23.629377730656817,
          23.025492008528037,
          22.660536301999365,
          21.056705590704752,
          19.290046219188735,
          18.520849477471074,
          16.961705886532968,
          15.509334522674907,
          13.766300685466351,
          14.439965121002807,
          12.816647648997312,
          14.842227057911131,
          14.842227057911131,
          14.842227057911131,
          14.842227057911131
        ],
        "horizontal_dist_map": 532,
        "slope_dist_map": 574,
        "elevation_diff_map": 208.7,
        "avg_slope_deg_map": 20.0,
        "max_slope_deg_map": 26.0
      },
      "geometry": {
        "type": "LineString",
        "coordinates": [
          [
            140.78303166709318,
            39.759494886293005,
            1165.7
          ],
          [
            140.78293451844624,
            39.75954478621169,
            1161.8
          ],
          [
            140.78283736979932,
            39.75959468613037,
            1156.6
          ],
          [
            140.78274022115238,
            39.759644586049056,
            1151.3
          ],
          [
            140.78264307250546,
            39.75969448596774,
            1147.6
          ],
          [
            140.78254592385852,
            39.75974438588643,
            1143.1
          ],
          [
            140.7824487752116,
            39.75979428580511,
            1137.1
          ],
          [
            140.78235162656466,
            39.75984418572379,
            1133.6
          ],
          [
            140.782257619481,
            39.75989754803709,
            1129.2
          ],
          [
            140.78216365685802,
            39.759950959351634,
            1126.3
          ],
          [
            140.78206969423505,
            39.76000437066618,
            1121.0
          ],
          [
            140.78197573161205,
            39.76005778198073,
            1116.9
          ],
          [
            140.78188176898908,
            39.76011119329527,
            1113.2
          ],
          [
            140.7817878063661,
            39.76016460460981,
            1108.0
          ],
          [
            140.78169384374314,
            39.76021801592436,
            1104.1
          ],
          [
            140.78159988112017,
            39.760271427238905,
            1099.6
          ],
          [
            140.7815059184972,
            39.76032483855345,
            1094.0
          ],
          [
            140.78141195587423,
            39.760378249868,
            1090.1
          ],
          [
            140.78131799325124,
            39.760431661182544,
            1085.6
          ],
          [
            140.78122232436988,
            39.76048317144232,
            1081.9
          ],
          [
            140.78112449565228,
            39.76053227528643,
            1076.4
          ],
          [
            140.78102666693468,
            39.76058137913054,
            1072.7
          ],
          [
            140.78092883821708,
            39.76063048297466,
            1068.7
          ],
          [
            140.78083100949948,
            39.760679586818775,
            1065.2
          ],
          [
            140.78073318078188,
            39.76072869066289,
            1060.2
          ],
          [
            140.78063535206428,
            39.760777794507,
            1056.8
          ],
          [
            140.78053752334668,
            39.76082689835111,
            1053.3
          ],
          [
            140.78043969462908,
            39.760876002195225,
            1050.3
          ],
          [
            140.78034186591148,
            39.76092510603934,
            1045.7
          ],
          [
            140.780239869836,
            39.760968075545435,
            1043.1
          ],
          [
            140.7801318938008,
            39.7610022425692,
            1038.5
          ],
          [
            140.78002391776565,
            39.76103640959297,
            1035.0
          ],
          [
            140.77991594173045,
            39.76107057661673,
            1029.9
          ],
          [
            140.77980796569526,
            39.7611047436405,
            1026.7
          ],
          [
            140.7796999896601,
            39.761138910664265,
            1022.1
          ],
          [
            140.7795920136249,
            39.76117307768803,
            1019.2
          ],
          [
            140.7794840375897,
            39.7612072447118,
            1015.0
          ],
          [
            140.77937606155453,
            39.76124141173556,
            1011.8
          ],
          [
            140.77926808551933,
            39.76127557875933,
            1006.6
          ],
          [
            140.77916010948414,
            39.761309745783095,
            1003.1
          ],
          [
            140.77905213344894,
            39.761343912806865,
            998.2
          ],
          [
            140.77894415741378,
            39.76137807983063,
            994.1
          ],
          [
            140.77883618137858,
            39.7614122468544,
            989.1
          ],
          [
            140.77872820534338,
            39.76144641387816,
            986.1
          ],
          [
            140.77862022930822,
            39.76148058090193,
            981.5
          ],
          [
            140.77851225327302,
            39.761514747925695,
            978.7
          ],
          [
            140.77840427723783,
            39.761548914949465,
            975.1
          ],
          [
            140.77829630120266,
            39.76158308197323,
            972.7
          ],
          [
            140.77818832516746,
            39.761617248997,
            969.3
          ],
          [
            140.77808034913227,
            39.76165141602076,
            967.6
          ],
          [
            140.77797237309707,
            39.761685583044525,
            965.3
          ],
          [
            140.7778643970619,
            39.761719750068295,
            962.4
          ],
          [
            140.7777564210267,
            39.76175391709206,
            960.2
          ],
          [
            140.7776484449915,
            39.76178808411583,
            957.0
          ],
          [
            140.77761928033428,
            39.761797312733414,
            957.0
          ]
        ]
      }
    },
    {
      "type": "Feature",
      "properties": {
        "name": "駒ケ岳第2",
        "slope_deg": [
          17.484427323220732,
          17.484427323220732,
          17.484427323220732,
          19.6719699892005,
          18.906332035086663,
          18.520849477471074,
          18.906332035086663,
          19.03443435483528,
          20.68152167820093,
          19.544862326628827,
          21.056705590704752,
          20.052082146098424,
          22.170895633834377,
          22.782405730481635,
          22.0479474635603,
          21.67782085250454,
          20.556045219583467,
          21.554019920478925,
          20.556045219583467,
          19.417554141579338,
          17.092662950267425,
          15.774985955414008,
          12.816647648997467,
          11.172136252167274,
          8.950558656231758,
          6.418786730238786,
          7.125016348901798,
          6.983937460085259,
          8.810732985984814,
          9.22988624372772,
          10.342657140474707,
          10.757967088390036,
          10.342657140474707,
          10.065169352759877,
          11.172136252167116,
          11.996899307923577,
          13.90135076950909,
          14.9759845147566,
          15.37625124882619,
          16.96170588653282,
          15.509334522674907,
          16.567741642975037,
          15.109575122340402,
          15.242997742901547,
          14.842227057911131,
          14.17097756293297,
          12.816647648997467,
          11.309932474020215,
          11.034209003250188,
          11.58512622485511,
          15.509334522674907,
          17.092662950267574,
          20.68152167820093,
          20.17838007450879,
          19.290046219188735,
          19.417554141579483,
          17.092662950267425,
          18.778033222445426,
          16.96170588653282,
          15.774985955414008,
          14.97598451475675,
          14.439965121002807,
          16.961705886532968,
          15.907551930525813,
          15.642246457208639,
          11.996899307923577,
          8.39062701325255,
          8.39062701325255,
          8.39062701325255,
          8.39062701325255
        ],
        "horizontal_dist_map": 688,
        "slope_dist_map": 717,
        "elevation_diff_map": 189.2,
        "avg_slope_deg_map": 14.8,
        "max_slope_deg_map": 22.8
      },
      "geometry": {
        "type": "LineString",
        "coordinates": [
          [
            140.777505,
            39.7618306,
            953.1
          ],
          [
            140.77739444017388,
            39.76185943016506,
            950.4
          ],
          [
            140.77728388034777,
            39.76188826033012,
            947.6
          ],
          [
            140.77717332052163,
            39.761917090495174,
            943.5
          ],
          [
            140.77706276069551,
            39.76194592066023,
            940.5
          ],
          [
            140.7769522008694,
            39.76197475082529,
            936.1
          ],
          [
            140.7768416410433,
            39.762003580990346,
            933.9
          ],
          [
            140.77673108121715,
            39.7620324111554,
            930.1
          ],
          [
            140.77662052139104,
            39.76206124132046,
            926.8
          ],
          [
            140.7765107055729,
            39.76209169880328,
            922.3
          ],
          [
            140.77640120387704,
            39.76212284334435,
            918.8
          ],
          [
            140.7762917021812,
            39.76215398788541,
            915.9
          ],
          [
            140.77618220048535,
            39.76218513242648,
            911.4
          ],
          [
            140.7760726987895,
            39.76221627696755,
            907.7
          ],
          [
            140.77596319709366,
            39.76224742150861,
            902.5
          ],
          [
            140.77585369539779,
            39.76227856604968,
            899.1
          ],
          [
            140.77574419370194,
            39.76230971059074,
            895.2
          ],
          [
            140.7756346920061,
            39.76234085513181,
            891.8
          ],
          [
            140.77552519031025,
            39.76237199967288,
            887.5
          ],
          [
            140.7754156886144,
            39.76240314421394,
            883.3
          ],
          [
            140.77530618691856,
            39.76243428875501,
            880.2
          ],
          [
            140.7751966852227,
            39.76246543329607,
            877.7
          ],
          [
            140.77508718352686,
            39.76249657783714,
            875.2
          ],
          [
            140.77497768183102,
            39.76252772237821,
            872.0
          ],
          [
            140.77486818013514,
            39.76255886691927,
            871.1
          ],
          [
            140.7747586784393,
            39.76259001146034,
            869.8
          ],
          [
            140.77464917674345,
            39.7626211560014,
            868.9
          ],
          [
            140.7745396750476,
            39.76265230054247,
            867.5
          ],
          [
            140.77443017335176,
            39.76268344508354,
            866.1
          ],
          [
            140.77432067165591,
            39.7627145896246,
            864.9
          ],
          [
            140.77421116996007,
            39.76274573416567,
            862.7
          ],
          [
            140.77410166826422,
            39.76277687870673,
            861.0
          ],
          [
            140.77399216656838,
            39.7628080232478,
            858.8
          ],
          [
            140.7738826648725,
            39.76283916778887,
            857.3
          ],
          [
            140.77377316317666,
            39.76287031232993,
            855.4
          ],
          [
            140.7736639630926,
            39.76290206137306,
            853.9
          ],
          [
            140.77355569606866,
            39.7629356804917,
            850.9
          ],
          [
            140.77344742904472,
            39.76296929961035,
            848.8
          ],
          [
            140.77333916202076,
            39.76300291872899,
            845.5
          ],
          [
            140.77323089499683,
            39.76303653784764,
            843.2
          ],
          [
            140.7731226279729,
            39.763070156966286,
            839.9
          ],
          [
            140.77301436094896,
            39.763103776084925,
            836.6
          ],
          [
            140.77290609392503,
            39.76313739520357,
            834.4
          ],
          [
            140.7727978269011,
            39.76317101432222,
            831.3
          ],
          [
            140.77268955987714,
            39.763204633440864,
            829.1
          ],
          [
            140.77258066385212,
            39.76323694708627,
            825.7
          ],
          [
            140.77247022852953,
            39.76326606596479,
            823.8
          ],
          [
            140.7723597932069,
            39.76329518484331,
            821.2
          ],
          [
            140.7722493578843,
            39.763324303721824,
            820.0
          ],
          [
            140.77213892256168,
            39.763353422600346,
            817.7
          ],
          [
            140.77202848723906,
            39.76338254147886,
            816.0
          ],
          [
            140.77191805191646,
            39.763411660357384,
            813.0
          ],
          [
            140.77180761659383,
            39.7634407792359,
            808.9
          ],
          [
            140.77169718127124,
            39.76346989811442,
            805.4
          ],
          [
            140.7715867459486,
            39.76349901699294,
            800.9
          ],
          [
            140.771476310626,
            39.763528135871454,
            798.3
          ],
          [
            140.7713658753034,
            39.763557254749976,
            794.9
          ],
          [
            140.77125543998076,
            39.76358637362849,
            791.3
          ],
          [
            140.77114500465817,
            39.763615492507014,
            788.6
          ],
          [
            140.77103456933554,
            39.76364461138553,
            784.7
          ],
          [
            140.77092413401294,
            39.76367373026405,
            782.7
          ],
          [
            140.77081369869032,
            39.76370284914257,
            780.0
          ],
          [
            140.77070326336772,
            39.763731968021084,
            777.9
          ],
          [
            140.7705928280451,
            39.763761086899606,
            774.4
          ],
          [
            140.7704823927225,
            39.76379020577812,
            770.5
          ],
          [
            140.77037195739987,
            39.763819324656644,
            768.6
          ],
          [
            140.77026152207725,
            39.76384844353516,
            766.7
          ],
          [
            140.77015108675465,
            39.76387756241368,
            765.9
          ],
          [
            140.77004065143203,
            39.7639066812922,
            764.6
          ],
          [
            140.76994202415705,
            39.76393268670035,
            763.9
          ]
        ]
      }
    },
    {
      "type": "Feature",
      "properties": {
        "name": "水沢チャンピオン",
        "slope_deg": [
          20.681521678200784,
          20.681521678200784,
          20.681521678200784,
          22.293629159694188,
          22.170895633834377,
          20.556045219583467,
          22.78240573048191,
          24.584094695437884,
          23.26770481005701,
          25.407718108948472,
          24.584094695437884,
          20.43036232928569,
          20.30447370996038,
          19.6719699892005,
          17.874511367250133,
          19.544862326628827,
          19.798876354524758,
          17.6146433000071,
          19.034434354835426,
          19.6719699892005,
          18.64953875405155,
          20.806791012711287,
          22.293629159693914,
          23.26770481005687,
          23.509040224192432,
          23.509040224192432,
          22.416147479343643,
          19.290046219188735,
          20.806791012711287,
          20.430362329285547,
          20.052082146098567,
          19.544862326628827,
          18.64953875405141,
          18.52084947747122,
          17.484427323220732,
          19.798876354524904,
          21.924785220541064,
          21.554019920478787,
          27.24846742664478,
          30.22079992383123,
          31.06896350070944,
          31.487469364213986,
          30.327634119133833,
          29.030274682487207,
          26.565051177077994,
          28.25802961470689,
          27.135139622076878,
          27.021581591177014,
          26.450345065034167,
          24.1085158999753,
          23.629377730656817,
          20.931852540892606,
          22.293629159694188,
          23.388482428994987,
          22.660536301999365,
          21.677820852504393,
          21.4300073017523,
          20.931852540892464,
          18.64953875405141,
          21.056705590704752,
          21.056705590704752,
          21.554019920478787,
          21.80140948635181,
          22.660536301999365,
          23.025492008528037,
          21.305783617828798,
          23.025492008528037,
          21.4300073017523,
          20.17838007450879,
          19.417554141579483,
          18.133621430820266,
          17.6146433000071,
          16.039943306049665,
          17.35402463626132,
          17.484427323220732,
          17.484427323220732,
          17.35402463626132,
          16.039943306049665,
          14.439965121002807,
          11.859779120947948,
          12.13388017063338,
          11.034209003250188,
          11.309932474020215,
          11.859779120947948,
          12.68038349181982,
          14.842227057911131,
          13.49573328079569,
          14.97598451475675,
          13.63109444342145,
          11.859779120947948,
          12.95276451337558,
          11.034209003250188,
          10.481218144131045,
          9.369385096487514,
          8.11004782941916,
          7.829076510059608,
          8.530765609948133,
          8.530765609948133,
          8.530765609948133,
          8.530765609948133
        ],
        "horizontal_dist_map": 989,
        "slope_dist_map": 1057,
        "elevation_diff_map": 355.5,
        "avg_slope_deg_map": 18.6,
        "max_slope_deg_map": 31.5
      },
      "geometry": {
        "type": "LineString",
        "coordinates": [
          [
            140.7809114,
            39.7589605,
            1104.0
          ],
          [
            140.78079687980434,
            39.75894319235392,
            1100.9
          ],
          [
            140.78068235960868,
            39.758925884707836,
            1096.1
          ],
          [
            140.78056762702974,
            39.758909478660414,
            1091.7
          ],
          [
            140.7804525433067,
            39.75889456327223,
            1088.9
          ],
          [
            140.78033745958362,
            39.758879647884044,
            1084.5
          ],
          [
            140.78022237586057,
            39.75886473249585,
            1079.8
          ],
          [
            140.78010736953573,
            39.75884947007051,
            1076.7
          ],
          [
            140.77999243805328,
            39.758833872067605,
            1072.1
          ],
          [
            140.77987750657084,
            39.7588182740647,
            1066.2
          ],
          [
            140.7797625750884,
            39.75880267606179,
            1062.6
          ],
          [
            140.77964764360595,
            39.75878707805889,
            1057.7
          ],
          [
            140.7795327121235,
            39.758771480055984,
            1053.8
          ],
          [
            140.77941778064107,
            39.75875588205307,
            1051.3
          ],
          [
            140.77930284915863,
            39.75874028405017,
            1047.8
          ],
          [
            140.77918791767618,
            39.758724686047266,
            1043.4
          ],
          [
            140.77907298619374,
            39.758709088044355,
            1040.9
          ],
          [
            140.7789580547113,
            39.75869349004145,
            1037.1
          ],
          [
            140.77884312322885,
            39.75867789203855,
            1033.4
          ],
          [
            140.7787281917464,
            39.75866229403564,
            1030.7
          ],
          [
            140.77861323709558,
            39.758646826110706,
            1027.1
          ],
          [
            140.77849711673326,
            39.758637903025694,
            1022.8
          ],
          [
            140.7783809963709,
            39.75862897994069,
            1019.9
          ],
          [
            140.7782648760086,
            39.758620056855676,
            1015.5
          ],
          [
            140.77814875564627,
            39.758611133770664,
            1010.7
          ],
          [
            140.77803263528392,
            39.75860221068566,
            1005.6
          ],
          [
            140.7779165149216,
            39.75859328760065,
            1002.5
          ],
          [
            140.77780039455925,
            39.758584364515634,
            998.1
          ],
          [
            140.77768427419693,
            39.75857544143063,
            994.2
          ],
          [
            140.77756815383458,
            39.75856651834562,
            991.6
          ],
          [
            140.77745203347226,
            39.75855759526061,
            987.3
          ],
          [
            140.77733591310994,
            39.7585486721756,
            983.2
          ],
          [
            140.7772197927476,
            39.75853974909059,
            979.6
          ],
          [
            140.77710367238527,
            39.75853082600558,
            977.4
          ],
          [
            140.77698755202292,
            39.75852190292057,
            973.8
          ],
          [
            140.7768714316606,
            39.75851297983556,
            969.8
          ],
          [
            140.77675531129825,
            39.75850405675055,
            967.0
          ],
          [
            140.77663919093592,
            39.75849513366554,
            963.0
          ],
          [
            140.7765230705736,
            39.758486210580536,
            957.7
          ],
          [
            140.77640695021125,
            39.75847728749552,
            954.0
          ],
          [
            140.77629082984893,
            39.75846836441051,
            946.4
          ],
          [
            140.77617464709286,
            39.75846000234087,
            939.7
          ],
          [
            140.77605825629215,
            39.758453510911664,
            933.6
          ],
          [
            140.77594186549146,
            39.75844701948246,
            929.5
          ],
          [
            140.77582547469075,
            39.75844052805326,
            923.0
          ],
          [
            140.77570908389004,
            39.75843403662406,
            917.5
          ],
          [
            140.77559269308932,
            39.758427545194856,
            913.6
          ],
          [
            140.7754762240423,
            39.75842676676028,
            908.0
          ],
          [
            140.7753596814499,
            39.75843135808746,
            902.5
          ],
          [
            140.77524313885752,
            39.758435949414654,
            897.1
          ],
          [
            140.77512659626512,
            39.758440540741844,
            893.7
          ],
          [
            140.77501005367276,
            39.75844513206903,
            890.1
          ],
          [
            140.77489351108036,
            39.75844972339622,
            885.0
          ],
          [
            140.77477696848797,
            39.75845431472341,
            881.8
          ],
          [
            140.77466042589558,
            39.75845890605059,
            877.3
          ],
          [
            140.7745438833032,
            39.75846349737778,
            872.8
          ],
          [
            140.77442734071082,
            39.75846808870497,
            868.3
          ],
          [
            140.77431079811842,
            39.758472680032156,
            865.9
          ],
          [
            140.77419425552603,
            39.75847727135935,
            861.6
          ],
          [
            140.77407771293363,
            39.75848186268654,
            857.5
          ],
          [
            140.77396117034127,
            39.75848645401373,
            854.8
          ],
          [
            140.77384462774887,
            39.75849104534091,
            850.5
          ],
          [
            140.77372810324474,
            39.75849589986535,
            846.2
          ],
          [
            140.77361158844892,
            39.758500895653015,
            841.7
          ],
          [
            140.77349507365312,
            39.75850589144067,
            838.8
          ],
          [
            140.7733785588573,
            39.758510887228326,
            833.8
          ],
          [
            140.7732620440615,
            39.75851588301598,
            829.2
          ],
          [
            140.7731455292657,
            39.75852087880364,
            826.1
          ],
          [
            140.7730290144699,
            39.7585258745913,
            821.8
          ],
          [
            140.77291249967408,
            39.758530870378955,
            818.1
          ],
          [
            140.77279598487826,
            39.75853586616661,
            814.5
          ],
          [
            140.77267947008247,
            39.758540861954266,
            812.0
          ],
          [
            140.77256295528665,
            39.75854585774193,
            808.7
          ],
          [
            140.77244644049085,
            39.758550853529584,
            805.4
          ],
          [
            140.77232992569503,
            39.75855584931724,
            803.0
          ],
          [
            140.7722134108992,
            39.758560845104896,
            799.5
          ],
          [
            140.77209689610342,
            39.75856584089256,
            796.1
          ],
          [
            140.7719803813076,
            39.758570836680214,
            792.8
          ],
          [
            140.7718638665118,
            39.75857583246787,
            790.5
          ],
          [
            140.771747351716,
            39.758580828255525,
            788.0
          ],
          [
            140.7716313303419,
            39.758589561939445,
            785.8
          ],
          [
            140.77151590455443,
            39.758602807465806,
            784.4
          ],
          [
            140.77140047876696,
            39.75861605299217,
            781.9
          ],
          [
            140.7712850529795,
            39.75862929851853,
            780.2
          ],
          [
            140.77116962719202,
            39.75864254404489,
            777.8
          ],
          [
            140.77105420140458,
            39.75865578957126,
            776.0
          ],
          [
            140.7709387756171,
            39.75866903509762,
            772.9
          ],
          [
            140.77082334982964,
            39.75868228062398,
            769.6
          ],
          [
            140.77070792404217,
            39.75869552615034,
            768.2
          ],
          [
            140.770594497059,
            39.75871548615956,
            765.3
          ],
          [
            140.7704831562842,
            39.75874245426391,
            763.2
          ],
          [
            140.7703718155094,
            39.75876942236826,
            761.2
          ],
          [
            140.77026047473464,
            39.75879639047262,
            759.0
          ],
          [
            140.7701511579001,
            39.758827599122164,
            757.5
          ],
          [
            140.77004375845146,
            39.75886282506496,
            755.8
          ],
          [
            140.7699363590028,
            39.75889805100775,
            754.6
          ],
          [
            140.76982895955416,
            39.75893327695054,
            753.3
          ],
          [
            140.7697215601055,
            39.75896850289333,
            752.0
          ],
          [
            140.76961416065686,
            39.75900372883612,
            749.8
          ],
          [
            140.76951461114183,
            39.75903638007936,
            748.5
          ]
        ]
      }
    },
    {
      "type": "Feature",
      "properties": {
        "name": "ぎんれいパラダイス",
        "slope_deg": [
          10.619655276155134,
          10.619655276155134,
          10.619655276155134,
          13.901350769509243,
          16.961705886532968,
          18.64953875405141,
          19.798876354524904,
          19.798876354524904,
          17.35402463626132,
          19.290046219188735,
          19.417554141579483,
          17.61464330000695,
          20.68152167820093,
          21.05670559070489,
          21.4300073017523,
          22.904057803637016,
          24.584094695437884,
          25.75730921180767,
          25.056088833535423,
          28.810793742973065,
          30.858317233519234,
          30.22079992383123,
          32.517510615045516,
          31.383191056359014,
          27.474431626277205,
          27.021581591177142,
          23.629377730656817,
          19.417554141579483,
          16.43605922463559,
          13.766300685466197,
          12.816647648997467,
          12.133880170633224,
          13.224551192213497,
          12.816647648997467,
          11.859779120947948,
          11.859779120947948,
          11.859779120947948,
          11.859779120947948
        ],
        "horizontal_dist_map": 369,
        "slope_dist_map": 396,
        "elevation_diff_map": 131.8,
        "avg_slope_deg_map": 18.4,
        "max_slope_deg_map": 32.5
      },
      "geometry": {
        "type": "LineString",
        "coordinates": [
          [
            140.77324280590875,
            39.761999121398155,
            856.8
          ],
          [
            140.77312610591753,
            39.76199932694449,
            855.7
          ],
          [
            140.77300940592627,
            39.761999532490826,
            854.1
          ],
          [
            140.77289270593505,
            39.76199973803716,
            852.7
          ],
          [
            140.7727760059438,
            39.7619999435835,
            849.3
          ],
          [
            140.77265930595257,
            39.76200014912983,
            845.8
          ],
          [
            140.77254260596135,
            39.76200035467617,
            841.9
          ],
          [
            140.7724266014427,
            39.76199082201328,
            839.2
          ],
          [
            140.77231063758552,
            39.76198071999687,
            834.9
          ],
          [
            140.77219467372834,
            39.76197061798045,
            831.4
          ],
          [
            140.77207870987118,
            39.761960515964034,
            829.4
          ],
          [
            140.771962746014,
            39.761950413947616,
            825.2
          ],
          [
            140.77184648155645,
            39.76194267137657,
            820.8
          ],
          [
            140.77173018956506,
            39.761935144921935,
            818.7
          ],
          [
            140.77161389757367,
            39.7619276184673,
            814.3
          ],
          [
            140.77149760558228,
            39.76192009201266,
            809.8
          ],
          [
            140.77138144450007,
            39.76192199015973,
            805.1
          ],
          [
            140.77126538829845,
            39.761931439021836,
            801.8
          ],
          [
            140.77114933209683,
            39.76194088788394,
            796.0
          ],
          [
            140.7710332758952,
            39.76195033674605,
            790.5
          ],
          [
            140.7709172196936,
            39.761959785608155,
            786.4
          ],
          [
            140.77080175114966,
            39.76197241200221,
            779.8
          ],
          [
            140.77068690449605,
            39.76198840102811,
            772.1
          ],
          [
            140.77057205784246,
            39.762004390054024,
            767.2
          ],
          [
            140.77045721118884,
            39.762020379079935,
            760.9
          ],
          [
            140.77034236453525,
            39.762036368105846,
            755.4
          ],
          [
            140.77022751788166,
            39.76205235713175,
            751.3
          ],
          [
            140.77011147643393,
            39.762060463040314,
            746.8
          ],
          [
            140.7699949486431,
            39.76206536011191,
            743.4
          ],
          [
            140.76987842085228,
            39.76207025718352,
            741.3
          ],
          [
            140.76976189306146,
            39.76207515425512,
            739.5
          ],
          [
            140.76964536527066,
            39.76208005132673,
            737.0
          ],
          [
            140.76952883747984,
            39.76208494839833,
            734.3
          ],
          [
            140.76941230968902,
            39.76208984546994,
            732.7
          ],
          [
            140.76929569063665,
            39.76209226338247,
            730.1
          ],
          [
            140.76917899051978,
            39.76209247914156,
            727.9
          ],
          [
            140.76906229040287,
            39.76209269490064,
            725.9
          ],
          [
            140.76895168026908,
            39.76209289940036,
            725.0
          ]
        ]
      }
    },
    {
      "type": "Feature",
      "properties": {
        "name": "ぎんれい第2",
        "slope_deg": [
          11.034209003250188,
          11.034209003250188,
          11.034209003250188,
          10.203973721731748,
          11.172136252167274,
          11.996899307923577,
          9.926245506651705,
          9.787203664656081,
          10.20397372173159,
          11.58512622485511,
          12.816647648997467,
          14.97598451475675,
          16.961705886532968,
          18.64953875405141,
          19.417554141579483,
          20.30447370996038,
          20.68152167820093,
          18.64953875405141,
          20.806791012711145,
          20.556045219583467,
          20.556045219583467,
          20.178380074508645,
          19.798876354524904,
          20.430362329285547,
          18.39196625070533,
          20.052082146098567,
          20.68152167820093,
          21.677820852504393,
          22.04794746356044,
          23.26770481005701,
          24.820541335489082,
          23.146707841882964,
          26.565051177077994,
          27.47443162627708,
          27.587067675863857,
          27.923589715138434,
          27.8116468696437,
          28.59038406079068,
          26.335410003881428,
          29.03027468248708,
          29.139666699697486,
          27.361564820270722,
          25.056088833535288,
          21.924785220541203,
          18.39196625070533,
          14.439965121002807,
          15.509334522674907,
          14.036243467926479,
          12.270720357815385,
          11.44759626368548,
          9.787203664656081,
          7.68844776990284,
          5.9940929491083725,
          5.000644597558433,
          3.433630362450652,
          2.576571830268928,
          2.147585428298503,
          2.147585428298503,
          2.147585428298503,
          2.147585428298503
        ],
        "horizontal_dist_map": 580,
        "slope_dist_map": 614,
        "elevation_diff_map": 181.6,
        "avg_slope_deg_map": 16.5,
        "max_slope_deg_map": 29.1
      },
      "geometry": {
        "type": "LineString",
        "coordinates": [
          [
            140.77484306225665,
            39.761178062960944,
            894.8
          ],
          [
            140.77472654730153,
            39.76118311972667,
            892.6
          ],
          [
            140.7746100323464,
            39.76118817649239,
            891.2
          ],
          [
            140.77449351739128,
            39.76119323325812,
            889.6
          ],
          [
            140.77437700243615,
            39.76119829002384,
            887.0
          ],
          [
            140.77426048748103,
            39.761203346789564,
            885.4
          ],
          [
            140.7741439725259,
            39.76120840355529,
            883.3
          ],
          [
            140.77402745757078,
            39.76121346032102,
            881.1
          ],
          [
            140.77391094261566,
            39.76121851708674,
            880.0
          ],
          [
            140.77379442766053,
            39.76122357385246,
            878.5
          ],
          [
            140.7736779127054,
            39.761228630618184,
            876.1
          ],
          [
            140.77356139775029,
            39.761233687383914,
            872.9
          ],
          [
            140.77344488279516,
            39.76123874414964,
            870.9
          ],
          [
            140.77332836784004,
            39.76124380091536,
            867.8
          ],
          [
            140.7732118528849,
            39.76124885768108,
            863.9
          ],
          [
            140.7730953379298,
            39.761253914446804,
            859.4
          ],
          [
            140.77297882297466,
            39.761258971212534,
            856.8
          ],
          [
            140.77286230801954,
            39.76126402797826,
            853.0
          ],
          [
            140.77274579306442,
            39.76126908474398,
            848.8
          ],
          [
            140.7726292781093,
            39.7612741415097,
            845.9
          ],
          [
            140.77251276315417,
            39.76127919827543,
            841.6
          ],
          [
            140.77239624819904,
            39.761284255041154,
            838.0
          ],
          [
            140.77227973324392,
            39.76128931180688,
            833.8
          ],
          [
            140.7721632182888,
            39.7612943685726,
            831.2
          ],
          [
            140.77204670333367,
            39.76129942533833,
            827.2
          ],
          [
            140.77193018837855,
            39.76130448210405,
            823.1
          ],
          [
            140.77181367342345,
            39.761309538869774,
            820.5
          ],
          [
            140.77169715846833,
            39.7613145956355,
            816.6
          ],
          [
            140.7715806435132,
            39.76131965240123,
            812.1
          ],
          [
            140.77146412855808,
            39.76132470916695,
            807.2
          ],
          [
            140.77134767174178,
            39.76133040438906,
            804.3
          ],
          [
            140.77123138705792,
            39.76133798989723,
            799.4
          ],
          [
            140.77111510237404,
            39.7613455754054,
            793.6
          ],
          [
            140.77099881769018,
            39.76135316091357,
            790.1
          ],
          [
            140.7708825330063,
            39.761360746421744,
            784.3
          ],
          [
            140.77076624832245,
            39.761368331929916,
            778.6
          ],
          [
            140.7706499636386,
            39.76137591743809,
            772.7
          ],
          [
            140.7705336789547,
            39.76138350294626,
            768.9
          ],
          [
            140.77041739427085,
            39.76139108845443,
            763.2
          ],
          [
            140.77030110958697,
            39.7613986739626,
            756.8
          ],
          [
            140.7701848249031,
            39.761406259470775,
            752.9
          ],
          [
            140.77006854021923,
            39.76141384497895,
            746.7
          ],
          [
            140.76995225553537,
            39.76142143048711,
            740.9
          ],
          [
            140.7698359708515,
            39.76142901599528,
            736.1
          ],
          [
            140.76971968616763,
            39.761436601503455,
            734.2
          ],
          [
            140.76960340148378,
            39.76144418701163,
            730.6
          ],
          [
            140.7694871167999,
            39.7614517725198,
            727.6
          ],
          [
            140.76937083211604,
            39.76145935802797,
            725.8
          ],
          [
            140.76925454743215,
            39.76146694353614,
            723.1
          ],
          [
            140.7691382627483,
            39.761474529044314,
            720.6
          ],
          [
            140.76902197806442,
            39.761482114552486,
            718.9
          ],
          [
            140.76890569338056,
            39.76148970006066,
            717.7
          ],
          [
            140.76878940869668,
            39.76149728556883,
            716.2
          ],
          [
            140.76867312401282,
            39.761504871077,
            715.2
          ],
          [
            140.76855668936474,
            39.76151067770616,
            714.7
          ],
          [
            140.76844011090824,
            39.76151477847637,
            714.2
          ],
          [
            140.76832353245172,
            39.76151887924658,
            713.8
          ],
          [
            140.76820695399522,
            39.76152298001679,
            713.4
          ],
          [
            140.76809037553872,
            39.761527080787005,
            713.2
          ],
          [
            140.76808670950626,
            39.76152720974356,
            713.2
          ]
        ]
      }
    },
    {
      "type": "Feature",
      "properties": {
        "name": "ユートピア",
        "slope_deg": [
          14.305551846621862,
          14.305551846621862,
          14.305551846621862,
          13.766300685466197,
          13.088732789694,
          15.109575122340555,
          16.172159015782583,
          18.26288994219419,
          18.39196625070548,
          19.417554141579483,
          18.520849477471074,
          17.484427323220586,
          19.417554141579483,
          17.223436191131434,
          18.64953875405141,
          18.52084947747122,
          16.830565983210477,
          18.133621430820412,
          15.242997742901547,
          14.17097756293297,
          14.439965121002807,
          11.996899307923577,
          12.816647648997467,
          11.309932474020215,
          10.342657140474548,
          10.481218144130889,
          11.034209003250343,
          11.447596263685636,
          12.543973346572077,
          13.360218444764483,
          13.088732789694,
          14.97598451475675,
          14.305551846622015,
          13.224551192213497,
          13.360218444764483,
          12.68038349181982,
          13.088732789694,
          14.439965121002654,
          14.439965121002654,
          14.170977562933123,
          13.631094443421603,
          15.774985955414158,
          16.830565983210626,
          18.133621430820266,
          20.806791012711287,
          19.290046219188735,
          20.052082146098567,
          19.671969989200644,
          15.907551930525813,
          15.907551930525813,
          14.305551846622015,
          12.407418527400683,
          14.57421619803871,
          15.109575122340402,
          14.305551846621862,
          16.69924423399362,
          18.00416160591338,
          17.35402463626132,
          20.17838007450879,
          22.416147479343643,
          22.04794746356044,
          25.29073439214831,
          23.749494492866788,
          24.1085158999753,
          25.873385226286064,
          23.025492008528037,
          24.93842765545712,
          22.538450040828117,
          20.931852540892464,
          19.544862326628685,
          17.484427323220732,
          15.907551930525813,
          13.224551192213497,
          13.631094443421603,
          11.58512622485511,
          11.034209003250343,
          11.034209003250343,
          11.034209003250343,
          11.034209003250343
        ],
        "horizontal_dist_map": 775,
        "slope_dist_map": 811,
        "elevation_diff_map": 226.9,
        "avg_slope_deg_map": 15.6,
        "max_slope_deg_map": 25.9
      },
      "geometry": {
        "type": "LineString",
        "coordinates": [
          [
            140.77714551480798,
            39.76111782940262,
            950.8
          ],
          [
            140.77702958984855,
            39.76112818475749,
            947.8
          ],
          [
            140.77691366488912,
            39.761138540112356,
            945.0
          ],
          [
            140.77679773992972,
            39.76114889546722,
            943.2
          ],
          [
            140.7766818149703,
            39.76115925082209,
            940.6
          ],
          [
            140.77656589001086,
            39.761169606176956,
            938.0
          ],
          [
            140.77644996505143,
            39.76117996153182,
            935.7
          ],
          [
            140.77633404009202,
            39.76119031688669,
            932.4
          ],
          [
            140.7762190830185,
            39.761205698629766,
            929.0
          ],
          [
            140.77610426661715,
            39.761221810905994,
            924.8
          ],
          [
            140.77599013864054,
            39.761240482961526,
            922.4
          ],
          [
            140.7758764993457,
            39.76126097208946,
            918.3
          ],
          [
            140.77576286005092,
            39.76128146121739,
            915.6
          ],
          [
            140.7756492207561,
            39.76130195034533,
            912.2
          ],
          [
            140.7755355814613,
            39.76132243947326,
            908.3
          ],
          [
            140.77542194216647,
            39.761342928601195,
            905.9
          ],
          [
            140.77530830287168,
            39.76136341772913,
            902.1
          ],
          [
            140.77519527985947,
            39.76138554815452,
            898.8
          ],
          [
            140.77508505517503,
            39.761415131147956,
            896.2
          ],
          [
            140.77497483049055,
            39.76144471414139,
            892.8
          ],
          [
            140.7748646058061,
            39.76147429713482,
            891.2
          ],
          [
            140.77475438112162,
            39.76150388012825,
            888.7
          ],
          [
            140.77464415643715,
            39.76153346312169,
            885.9
          ],
          [
            140.7745339317527,
            39.76156304611512,
            884.3
          ],
          [
            140.77442428879547,
            39.761593830947795,
            882.1
          ],
          [
            140.77431593390452,
            39.76162727690493,
            880.7
          ],
          [
            140.7742075790136,
            39.76166072286207,
            878.6
          ],
          [
            140.77409922412264,
            39.761694168819204,
            876.9
          ],
          [
            140.7739908692317,
            39.76172761477634,
            874.3
          ],
          [
            140.77388251434078,
            39.76176106073348,
            872.6
          ],
          [
            140.77377415944983,
            39.761794506690606,
            869.7
          ],
          [
            140.77367620488116,
            39.76184262778187,
            867.4
          ],
          [
            140.77358126334806,
            39.76189500034727,
            865.0
          ],
          [
            140.77348632181497,
            39.76194737291268,
            861.9
          ],
          [
            140.7733997952151,
            39.7620075655594,
            859.5
          ],
          [
            140.77331565522124,
            39.76206997610287,
            858.0
          ],
          [
            140.77323151522737,
            39.76213238664635,
            855.5
          ],
          [
            140.7731473752335,
            39.76219479718982,
            852.9
          ],
          [
            140.77306323523962,
            39.76225720773329,
            850.2
          ],
          [
            140.77297884760674,
            39.76231941740544,
            847.7
          ],
          [
            140.772893866719,
            39.762381145861426,
            845.2
          ],
          [
            140.77280888583124,
            39.762442874317415,
            842.8
          ],
          [
            140.77272111036467,
            39.76250211905031,
            840.5
          ],
          [
            140.7726284562305,
            39.76255651285844,
            836.4
          ],
          [
            140.77252343301635,
            39.762595784332646,
            833.1
          ],
          [
            140.77241840980216,
            39.762635055806854,
            829.7
          ],
          [
            140.772313386588,
            39.76267432728106,
            825.3
          ],
          [
            140.77220586009898,
            39.76270841181476,
            822.4
          ],
          [
            140.7720931376485,
            39.76273172999452,
            818.5
          ],
          [
            140.77198041519802,
            39.762755048174284,
            815.4
          ],
          [
            140.77186769274755,
            39.76277836635405,
            813.9
          ],
          [
            140.77175253422536,
            39.76278799746883,
            811.0
          ],
          [
            140.77163583981564,
            39.76278899920188,
            808.3
          ],
          [
            140.7715191454059,
            39.762790000934935,
            806.6
          ],
          [
            140.7714024509962,
            39.76279100266799,
            803.5
          ],
          [
            140.771287435995,
            39.76278112252206,
            800.2
          ],
          [
            140.77117431101266,
            39.7627589958286,
            798.1
          ],
          [
            140.7710611860303,
            39.762736869135146,
            794.6
          ],
          [
            140.77094806104796,
            39.762714742441695,
            790.5
          ],
          [
            140.77083520232048,
            39.76269183284198,
            787.7
          ],
          [
            140.77072257189292,
            39.76266825194042,
            783.4
          ],
          [
            140.77060994146532,
            39.76264467103886,
            778.1
          ],
          [
            140.77049731103773,
            39.7626210901373,
            774.3
          ],
          [
            140.77038468061014,
            39.76259750923574,
            768.8
          ],
          [
            140.77027205018254,
            39.76257392833418,
            765.8
          ],
          [
            140.77015941975495,
            39.762550347432615,
            760.2
          ],
          [
            140.77004678932735,
            39.76252676653105,
            754.9
          ],
          [
            140.76993500995457,
            39.76250130085116,
            751.8
          ],
          [
            140.76982778249874,
            39.7624657543225,
            747.2
          ],
          [
            140.76972055504294,
            39.76243020779384,
            743.6
          ],
          [
            140.76961138647812,
            39.76239855282362,
            739.6
          ],
          [
            140.76950095550603,
            39.76236942874246,
            737.6
          ],
          [
            140.76939052453395,
            39.7623403046613,
            734.6
          ],
          [
            140.76928009356186,
            39.76231118058014,
            732.2
          ],
          [
            140.76916966258977,
            39.76228205649898,
            730.2
          ],
          [
            140.76905923161772,
            39.76225293241782,
            727.9
          ],
          [
            140.76894880064563,
            39.762223808336664,
            726.4
          ],
          [
            140.76883836967355,
            39.762194684255505,
            724.4
          ],
          [
            140.76877648217504,
            39.76217836259777,
            723.9
          ]
        ]
      }
    },
    {
      "type": "Feature",
      "properties": {
        "name": "無名_連絡",
        "slope_deg": [
          4.7162212343382155,
          4.7162212343382155,
          4.7162212343382155,
          7.406912128495133,
          9.508771958297752,
          7.829076510059608,
          7.266008446996026,
          6.98393746008542,
          5.852378988915653,
          6.842773412630876,
          6.277298489597523,
          6.842773412630876,
          6.983937460085259,
          10.481218144131045,
          15.37625124882619,
          15.774985955414008,
          17.484427323220732,
          16.69924423399362,
          14.036243467926479,
          11.309932474020215,
          7.547725773843047,
          4.146688825965976,
          0.7161599454704085,
          -0.8593722436445507,
          -2.2906100426383995,
          -2.2906100426385625,
          -3.576334374997351,
          -3.576334374997351,
          -3.576334374997351,
          -3.576334374997351
        ],
        "horizontal_dist_map": 283,
        "slope_dist_map": 287,
        "elevation_diff_map": 31.7,
        "avg_slope_deg_map": 6.3,
        "max_slope_deg_map": 17.5
      },
      "geometry": {
        "type": "LineString",
        "coordinates": [
          [
            140.76498653918418,
            39.76603831637616,
            747.5
          ],
          [
            140.76510324373209,
            39.76603891363632,
            747.4
          ],
          [
            140.76521994828,
            39.76603951089648,
            746.3
          ],
          [
            140.76533549082077,
            39.76605064185301,
            745.5
          ],
          [
            140.76545064673368,
            39.76606527762515,
            744.2
          ],
          [
            140.76556403543162,
            39.766085608367746,
            742.2
          ],
          [
            140.7656752900456,
            39.76611281634114,
            739.6
          ],
          [
            140.76578654465956,
            39.76614002431454,
            740.0
          ],
          [
            140.76589779927355,
            39.766167232287934,
            739.1
          ],
          [
            140.76600750906184,
            39.766197644744125,
            737.3
          ],
          [
            140.76611475309483,
            39.76623317199769,
            735.5
          ],
          [
            140.76622199712784,
            39.766268699251256,
            735.2
          ],
          [
            140.7663283065986,
            39.76629701817641,
            734.7
          ],
          [
            140.76642430382262,
            39.76624579819463,
            732.5
          ],
          [
            140.76652030104663,
            39.76619457821285,
            730.6
          ],
          [
            140.76661629827063,
            39.76614335823107,
            727.8
          ],
          [
            140.76671229549464,
            39.766092138249284,
            723.7
          ],
          [
            140.76680829271865,
            39.7660409182675,
            721.2
          ],
          [
            140.76690428994263,
            39.76598969828572,
            718.0
          ],
          [
            140.76700028716664,
            39.76593847830394,
            715.8
          ],
          [
            140.76709628439065,
            39.76588725832215,
            713.7
          ],
          [
            140.76719197129808,
            39.765835695436756,
            713.2
          ],
          [
            140.7672873876213,
            39.765783833552504,
            712.7
          ],
          [
            140.76738280394454,
            39.765731971668245,
            712.9
          ],
          [
            140.76747822026778,
            39.76568010978399,
            713.2
          ],
          [
            140.767573636591,
            39.76562824789974,
            713.8
          ],
          [
            140.76767478216314,
            39.76558337819423,
            714.3
          ],
          [
            140.76777639979997,
            39.76553908461323,
            714.5
          ],
          [
            140.76787801743683,
            39.76549479103223,
            715.7
          ],
          [
            140.76791719199437,
            39.76547771543894,
            715.8
          ]
        ]
      }
    },
    {
      "type": "Feature",
      "properties": {
        "name": "無名_連絡",
        "slope_deg": [
          9.22988624372772,
          9.22988624372772,
          9.22988624372772,
          9.78720366465624,
          9.508771958297752,
          9.22988624372772,
          8.250387228905435,
          8.250387228905435,
          8.530765609948133,
          8.530765609948133,
          8.670801453590993,
          8.250387228905435,
          7.266008446996026,
          5.852378988915653,
          6.277298489597523,
          6.98393746008542,
          9.50877195829791,
          9.926245506651705,
          9.090276920822289,
          7.68844776990284,
          5.710593137499643,
          4.289153328819018,
          4.289153328819018,
          4.289153328819018,
          4.289153328819018
        ],
        "horizontal_dist_map": 232,
        "slope_dist_map": 235,
        "elevation_diff_map": 31.3,
        "avg_slope_deg_map": 7.6,
        "max_slope_deg_map": 9.9
      },
      "geometry": {
        "type": "LineString",
        "coordinates": [
          [
            140.76931792494065,
            39.759238938499436,
            743.4
          ],
          [
            140.76921439946,
            39.759280503884405,
            742.2
          ],
          [
            140.76911087397934,
            39.75932206926937,
            740.8
          ],
          [
            140.7690073484987,
            39.75936363465434,
            738.7
          ],
          [
            140.76890738360632,
            39.75940822137578,
            736.9
          ],
          [
            140.76884398450002,
            39.7594838359876,
            735.3
          ],
          [
            140.76878058539373,
            39.759559450599426,
            734.1
          ],
          [
            140.76871718628743,
            39.75963506521125,
            732.2
          ],
          [
            140.7686665734956,
            39.759715970930095,
            731.1
          ],
          [
            140.7686200613101,
            39.759798573521564,
            729.5
          ],
          [
            140.76857354912457,
            39.759881176113026,
            728.1
          ],
          [
            140.76852703693905,
            39.75996377870449,
            726.2
          ],
          [
            140.76848052475356,
            39.76004638129595,
            725.0
          ],
          [
            140.76843401256804,
            39.76012898388741,
            723.7
          ],
          [
            140.76838750038252,
            39.760211586478874,
            723.0
          ],
          [
            140.768340988197,
            39.760294189070336,
            722.1
          ],
          [
            140.76828555342226,
            39.76037338234065,
            720.6
          ],
          [
            140.76822863616368,
            39.7604520091539,
            718.8
          ],
          [
            140.76817171890508,
            39.76053063596715,
            716.3
          ],
          [
            140.7681148016465,
            39.760609262780406,
            715.1
          ],
          [
            140.7680578843879,
            39.760687889593655,
            714.2
          ],
          [
            140.76800096712932,
            39.7607665164069,
            713.4
          ],
          [
            140.76794404987072,
            39.76084514322015,
            712.3
          ],
          [
            140.76788713261215,
            39.76092377003341,
            712.1
          ],
          [
            140.76787008250028,
            39.76094732345101,
            712.1
          ]
        ]
      }
    },
    {
      "type": "Feature",
      "properties": {
        "name": "国体_#上部",
        "slope_deg": [
          13.631094443421295,
          13.631094443421295,
          13.631094443421295,
          13.224551192213651,
          13.901350769509243,
          12.543973346572233,
          12.543973346572233,
          14.036243467926479,
          12.270720357815076,
          12.270720357815076,
          14.439965121002654,
          14.036243467926479,
          16.83056598321078,
          19.290046219188735,
          19.034434354835135,
          19.162339354972016,
          19.925580658184323,
          20.17838007450879,
          19.290046219188735,
          21.677820852504254,
          22.660536301999365,
          23.749494492866926,
          23.869390064732137,
          23.50904022419257,
          22.782405730481635,
          20.681521678200784,
          22.416147479343643,
          20.052082146098424,
          20.30447370996038,
          22.170895633834377,
          20.30447370996038,
          23.146707841883106,
          23.14670784188283,
          21.05670559070489,
          23.26770481005701,
          21.43000730175216,
          21.43000730175244,
          24.22774531795417,
          22.293629159694188,
          24.702430227771423,
          24.93842765545725,
          22.538450040827975,
          24.584094695437884,
          21.924785220541203,
          20.931852540892606,
          20.556045219583467,
          18.00416160591338,
          19.544862326628685,
          18.00416160591338,
          20.43036232928569,
          23.26770481005701,
          21.554019920478925,
          23.38848242899485,
          22.293629159694053,
          19.290046219188735,
          19.925580658184323,
          17.484427323220732,
          17.223436191131434,
          18.133621430820266,
          18.133621430820266,
          18.133621430820266,
          18.133621430820266
        ],
        "horizontal_dist_map": 605,
        "slope_dist_map": 645,
        "elevation_diff_map": 216.4,
        "avg_slope_deg_map": 18.5,
        "max_slope_deg_map": 24.9
      },
      "geometry": {
        "type": "LineString",
        "coordinates": [
          [
            140.78333345090456,
            39.75955067839029,
            1172.6
          ],
          [
            140.7832253763556,
            39.759516702986865,
            1170.4
          ],
          [
            140.78311730180664,
            39.759482727583446,
            1168.0
          ],
          [
            140.78300922725768,
            39.75944875218002,
            1165.0
          ],
          [
            140.7829020920461,
            39.759413418003525,
            1162.9
          ],
          [
            140.78280534859348,
            39.75936305190943,
            1161.0
          ],
          [
            140.78270860514084,
            39.759312685815345,
            1158.1
          ],
          [
            140.78261186168822,
            39.75926231972126,
            1156.1
          ],
          [
            140.78251450844473,
            39.7592127279651,
            1154.0
          ],
          [
            140.78241203489708,
            39.759169638185305,
            1151.0
          ],
          [
            140.7823095613494,
            39.75912654840551,
            1149.4
          ],
          [
            140.78220708780174,
            39.75908345862572,
            1147.4
          ],
          [
            140.78209988756916,
            39.75905118044771,
            1143.7
          ],
          [
            140.78198453768,
            39.75903754341962,
            1141.0
          ],
          [
            140.78186918779082,
            39.75902390639153,
            1137.3
          ],
          [
            140.78175271095253,
            39.759019588913276,
            1133.4
          ],
          [
            140.78163608363826,
            39.75901651582851,
            1129.9
          ],
          [
            140.78151949195754,
            39.75901532077312,
            1127.1
          ],
          [
            140.7814030312523,
            39.759021028652384,
            1122.8
          ],
          [
            140.78128657054705,
            39.75902673653164,
            1118.7
          ],
          [
            140.7811701098418,
            39.7590324444109,
            1115.9
          ],
          [
            140.78105364913657,
            39.75903815229015,
            1111.2
          ],
          [
            140.78093718843135,
            39.75904386016941,
            1106.1
          ],
          [
            140.78082107306736,
            39.75905161136133,
            1101.1
          ],
          [
            140.7807066123241,
            39.759069152601,
            1098.2
          ],
          [
            140.78059215158083,
            39.75908669384067,
            1093.8
          ],
          [
            140.78047777786836,
            39.759104517381424,
            1089.3
          ],
          [
            140.78036535131355,
            39.75912865690278,
            1086.0
          ],
          [
            140.7802529247587,
            39.75915279642414,
            1081.7
          ],
          [
            140.7801404982039,
            39.7591769359455,
            1079.2
          ],
          [
            140.78002807164907,
            39.759201075466855,
            1074.5
          ],
          [
            140.77991564509423,
            39.75922521498821,
            1069.7
          ],
          [
            140.77980321853943,
            39.75924935450957,
            1066.9
          ],
          [
            140.7796907919846,
            39.75927349403093,
            1062.1
          ],
          [
            140.77957836542978,
            39.759297633552286,
            1057.4
          ],
          [
            140.77946593887495,
            39.759321773073644,
            1054.3
          ],
          [
            140.77935351232014,
            39.759345912594995,
            1049.7
          ],
          [
            140.7792410857653,
            39.75937005211635,
            1046.4
          ],
          [
            140.7791286592105,
            39.75939419163771,
            1041.7
          ],
          [
            140.77901623265566,
            39.75941833115907,
            1036.3
          ],
          [
            140.77890380610086,
            39.759442470680426,
            1033.3
          ],
          [
            140.77879137954602,
            39.759466610201784,
            1028.0
          ],
          [
            140.77867895299119,
            39.75949074972314,
            1023.1
          ],
          [
            140.77856652643638,
            39.7595148892445,
            1019.7
          ],
          [
            140.77845409988154,
            39.75953902876586,
            1015.0
          ],
          [
            140.77834167332674,
            39.759563168287215,
            1011.9
          ],
          [
            140.7782292467719,
            39.75958730780857,
            1007.8
          ],
          [
            140.7781168202171,
            39.75961144732993,
            1004.7
          ],
          [
            140.77800439366226,
            39.75963558685128,
            1002.0
          ],
          [
            140.77789196710745,
            39.75965972637264,
            997.7
          ],
          [
            140.77777954055261,
            39.759683865894,
            994.8
          ],
          [
            140.77766711399778,
            39.759708005415355,
            989.8
          ],
          [
            140.77755468744297,
            39.75973214493671,
            984.8
          ],
          [
            140.77744226088814,
            39.75975628445807,
            981.9
          ],
          [
            140.77732983433333,
            39.75978042397943,
            977.5
          ],
          [
            140.7772174077785,
            39.759804563500786,
            973.4
          ],
          [
            140.7771049812237,
            39.759828703022144,
            970.8
          ],
          [
            140.77699255466885,
            39.7598528425435,
            967.4
          ],
          [
            140.77688012811404,
            39.75987698206486,
            964.9
          ],
          [
            140.7767677015592,
            39.75990112158622,
            961.0
          ],
          [
            140.7766552750044,
            39.759925261107576,
            957.7
          ],
          [
            140.77659039985897,
            39.75993919068996,
            956.2
          ]
        ]
      }
    },
    {
      "type": "Feature",
      "properties": {
        "name": "国体_#下部",
        "slope_deg": [
          20.304473709960526,
          20.304473709960526,
          20.304473709960526,
          18.77803322244557,
          20.17838007450879,
          19.798876354524904,
          18.133621430820412,
          19.162339354971866,
          18.133621430820266,
          15.37625124882619,
          15.109575122340402,
          13.766300685466351,
          11.996899307923577,
          13.495733280795843,
          14.439965121002654,
          14.9759845147566,
          15.907551930525962,
          16.17215901578243,
          16.172159015782583,
          15.37625124882619,
          16.17215901578243,
          15.907551930525962,
          16.039943306049665,
          15.509334522674907,
          15.109575122340555,
          14.708303899682749,
          13.766300685466351,
          17.092662950267574,
          20.178380074508645,
          21.677820852504393,
          25.056088833535288,
          25.75730921180767,
          25.641005824305335,
          25.5244753562944,
          25.173524524530244,
          25.407718108948472,
          23.869390064732137,
          25.75730921180767,
          25.641005824305207,
          25.5244753562944,
          25.407718108948472,
          25.407718108948472,
          25.5244753562944,
          23.146707841882964,
          24.346751854704813,
          23.509040224192432,
          22.660536301999365,
          22.170895633834377,
          21.43000730175244,
          20.931852540892606,
          18.778033222445426,
          20.68152167820093,
          21.056705590704752,
          20.681521678200784,
          20.806791012711287,
          19.798876354524904,
          17.223436191131434,
          16.436059224635738,
          15.907551930525813,
          15.642246457208788,
          15.642246457208788,
          15.37625124882619,
          16.039943306049665,
          14.57421619803871,
          15.509334522674907,
          14.036243467926479,
          14.170977562933123,
          13.63109444342145,
          12.13388017063338,
          10.481218144130889,
          7.406912128495294,
          5.852378988915653,
          3.7189939731579127,
          3.0052693596899664,
          2.719505461272472,
          3.718993973158075,
          4.858462919034416,
          4.858462919034416,
          4.858462919034416,
          4.858462919034416
        ],
        "horizontal_dist_map": 789,
        "slope_dist_map": 833,
        "elevation_diff_map": 247.4,
        "avg_slope_deg_map": 16.5,
        "max_slope_deg_map": 25.8
      },
      "geometry": {
        "type": "LineString",
        "coordinates": [
          [
            140.77659039985897,
            39.75993919068996,
            956.2
          ],
          [
            140.77647645010614,
            39.75995861843716,
            952.2
          ],
          [
            140.77636250035331,
            39.75997804618436,
            949.5
          ],
          [
            140.77624855060049,
            39.75999747393156,
            945.3
          ],
          [
            140.77613460084766,
            39.76001690167876,
            941.4
          ],
          [
            140.77602065109483,
            39.76003632942596,
            938.6
          ],
          [
            140.775906701342,
            39.760055757173156,
            934.8
          ],
          [
            140.77579275158914,
            39.76007518492035,
            930.9
          ],
          [
            140.7756788018363,
            39.76009461266756,
            928.3
          ],
          [
            140.77556485208348,
            39.760114040414756,
            924.7
          ],
          [
            140.77545090233065,
            39.76013346816195,
            921.7
          ],
          [
            140.77533695257782,
            39.76015289590915,
            919.9
          ],
          [
            140.77522141008552,
            39.76016505205401,
            917.5
          ],
          [
            140.77510551710188,
            39.760175608041564,
            914.9
          ],
          [
            140.77498962411823,
            39.760186164029115,
            913.2
          ],
          [
            140.7748737311346,
            39.760196720016665,
            910.3
          ],
          [
            140.77475783815095,
            39.760207276004216,
            907.2
          ],
          [
            140.7746419451673,
            39.76021783199177,
            904.2
          ],
          [
            140.77452605218366,
            39.76022838797932,
            901.8
          ],
          [
            140.77441015920002,
            39.76023894396687,
            898.7
          ],
          [
            140.77429426621637,
            39.76024949995442,
            895.6
          ],
          [
            140.7741783115905,
            39.76025963935132,
            893.2
          ],
          [
            140.77406231505006,
            39.76026949548074,
            890.2
          ],
          [
            140.7739463185096,
            39.76027935161016,
            887.3
          ],
          [
            140.77383032196911,
            39.760289207739575,
            884.1
          ],
          [
            140.77371432542867,
            39.76029906386899,
            882.1
          ],
          [
            140.7735983288882,
            39.76030891999841,
            879.4
          ],
          [
            140.77348208518362,
            39.76031547498043,
            876.8
          ],
          [
            140.77336538968046,
            39.76031599569885,
            874.3
          ],
          [
            140.7732486941773,
            39.76031651641728,
            869.8
          ],
          [
            140.7731319986742,
            39.7603170371357,
            864.7
          ],
          [
            140.77301568581103,
            39.760311150590645,
            860.9
          ],
          [
            140.77289954709258,
            39.76030234801231,
            855.6
          ],
          [
            140.7727834083741,
            39.76029354543398,
            850.5
          ],
          [
            140.77266726965564,
            39.76028474285565,
            845.5
          ],
          [
            140.7725511309372,
            39.76027594027732,
            841.8
          ],
          [
            140.77243499221873,
            39.76026713769899,
            836.8
          ],
          [
            140.77231849124334,
            39.76026262177399,
            831.5
          ],
          [
            140.77220185511635,
            39.7602597051226,
            827.8
          ],
          [
            140.77208521898936,
            39.76025678847121,
            822.5
          ],
          [
            140.77196858286237,
            39.76025387181982,
            817.6
          ],
          [
            140.77185194673535,
            39.76025095516843,
            812.4
          ],
          [
            140.77173531060836,
            39.76024803851704,
            808.8
          ],
          [
            140.77161867448137,
            39.76024512186565,
            803.5
          ],
          [
            140.77150203835438,
            39.76024220521426,
            798.5
          ],
          [
            140.7713854022274,
            39.76023928856287,
            795.3
          ],
          [
            140.7712687661004,
            39.76023637191149,
            790.7
          ],
          [
            140.77115212997342,
            39.7602334552601,
            786.1
          ],
          [
            140.77103549384643,
            39.76023053860871,
            781.8
          ],
          [
            140.77091885771944,
            39.76022762195732,
            779.0
          ],
          [
            140.77080227220029,
            39.760225997443584,
            775.0
          ],
          [
            140.77068607728427,
            39.76023434595446,
            770.8
          ],
          [
            140.77056988236825,
            39.76024269446534,
            768.2
          ],
          [
            140.77045368745226,
            39.760251042976215,
            763.9
          ],
          [
            140.77033749253624,
            39.76025939148709,
            759.6
          ],
          [
            140.7702221153788,
            39.76027062391833,
            755.7
          ],
          [
            140.7701120238929,
            39.760300496883296,
            753.0
          ],
          [
            140.77000193240698,
            39.76033036984827,
            749.5
          ],
          [
            140.76989184092108,
            39.760360242813235,
            747.2
          ],
          [
            140.7697817494352,
            39.76039011577821,
            743.9
          ],
          [
            140.76967454301607,
            39.76042519844969,
            741.6
          ],
          [
            140.7695704870938,
            39.76046597012775,
            738.3
          ],
          [
            140.76946643117154,
            39.7605067418058,
            736.0
          ],
          [
            140.76936237524924,
            39.76054751348386,
            732.9
          ],
          [
            140.76925831932698,
            39.760588285161916,
            730.1
          ],
          [
            140.7691542634047,
            39.760629056839974,
            727.9
          ],
          [
            140.76905020748242,
            39.760669828518026,
            724.9
          ],
          [
            140.76894615156016,
            39.760710600196084,
            722.9
          ],
          [
            140.76884209563786,
            39.76075137187414,
            720.0
          ],
          [
            140.7687380397156,
            39.7607921435522,
            718.2
          ],
          [
            140.76863365103466,
            39.760832405895684,
            716.3
          ],
          [
            140.76852923552994,
            39.76087262718156,
            715.5
          ],
          [
            140.76842482002522,
            39.76091284846744,
            714.8
          ],
          [
            140.7683204045205,
            39.76095306975331,
            714.1
          ],
          [
            140.76821598901577,
            39.76099329103919,
            713.7
          ],
          [
            140.76811157351105,
            39.761033512325064,
            713.4
          ],
          [
            140.76800715800633,
            39.76107373361094,
            712.9
          ],
          [
            140.7679027425016,
            39.76111395489682,
            711.5
          ],
          [
            140.76779832699688,
            39.76115417618269,
            710.3
          ],
          [
            140.76769617308446,
            39.76119352629383,
            708.8
          ]
        ]
      }
    },
    {
      "type": "Feature",
      "properties": {
        "name": "白樺",
        "slope_deg": [
          13.360218444764483,
          13.360218444764483,
          13.360218444764483,
          14.170977562933123,
          14.170977562933123,
          13.63109444342145,
          13.766300685466197,
          13.360218444764483,
          11.996899307923577,
          11.996899307923577,
          12.543973346572077,
          12.816647648997312,
          13.224551192213497,
          13.088732789694154,
          12.270720357815385,
          10.342657140474707,
          11.034209003250343,
          10.757967088389877,
          9.22988624372772,
          10.20397372173159,
          9.648045316098093,
          8.11004782941916,
          8.810732985984973,
          8.11004782941916,
          7.266008446996026,
          7.406912128495294,
          6.418786730238786,
          6.560196400571341,
          7.125016348901798,
          7.68844776990284,
          7.969610394321233,
          8.39062701325255,
          9.090276920822289,
          9.508771958297752,
          9.78720366465624,
          9.22988624372772,
          8.670801453590993,
          8.11004782941916,
          7.68844776990284,
          8.39062701325255,
          8.39062701325255,
          7.406912128495294,
          6.560196400571341,
          5.142764557884274,
          3.290883686067228,
          3.576334374997351,
          3.8616074096749773,
          4.289153328819018,
          5.852378988915653,
          5.852378988915493,
          7.406912128495294,
          8.250387228905435,
          10.065169352759877,
          11.722520970102357,
          12.13388017063338,
          11.996899307923577,
          11.996899307923577,
          12.816647648997467,
          12.952764513375426,
          15.907551930525962,
          16.961705886532968,
          18.00416160591338,
          17.874511367250282,
          15.774985955414008,
          12.543973346572077,
          9.369385096487358,
          9.22988624372772,
          9.369385096487514,
          10.619655276155134,
          10.757967088390036,
          11.172136252167274,
          11.309932474020215,
          10.065169352759877,
          10.619655276155134,
          9.508771958297752,
          7.547725773843047,
          8.250387228905435,
          8.39062701325255,
          8.670801453590993,
          9.090276920822289,
          8.530765609948133,
          8.530765609948133,
          8.530765609948133,
          7.688447769903003,
          8.39062701325255,
          6.701525844729548,
          5.2848210925090795,
          6.701525844729388,
          6.560196400571341,
          7.266008446996026,
          9.22988624372772,
          9.22988624372772,
          9.22988624372772,
          9.22988624372772,
          9.22988624372772
        ],
        "horizontal_dist_map": 939,
        "slope_dist_map": 955,
        "elevation_diff_map": 161.1,
        "avg_slope_deg_map": 9.6,
        "max_slope_deg_map": 18.0
      },
      "geometry": {
        "type": "LineString",
        "coordinates": [
          [
            140.769642,
            39.7640223,
            760.4
          ],
          [
            140.76955893000442,
            39.7639590400282,
            758.4
          ],
          [
            140.76947586000887,
            39.76389578005639,
            756.1
          ],
          [
            140.76939279001328,
            39.763832520084584,
            753.3
          ],
          [
            140.76930972001773,
            39.76376926011278,
            750.9
          ],
          [
            140.76922665002215,
            39.76370600014097,
            748.3
          ],
          [
            140.76914358002657,
            39.76364274016917,
            746.0
          ],
          [
            140.769060510031,
            39.76357948019736,
            743.6
          ],
          [
            140.76897744003543,
            39.763516220225554,
            741.1
          ],
          [
            140.76889437003987,
            39.76345296025375,
            738.8
          ],
          [
            140.7688113000443,
            39.76338970028194,
            737.5
          ],
          [
            140.76873016920473,
            39.76332510943728,
            735.1
          ],
          [
            140.76865845636743,
            39.76325405487157,
            732.2
          ],
          [
            140.76858674353016,
            39.763183000305844,
            729.7
          ],
          [
            140.76851503069287,
            39.76311194574013,
            728.1
          ],
          [
            140.76844331785557,
            39.76304089117441,
            725.8
          ],
          [
            140.76837160501827,
            39.7629698366087,
            723.5
          ],
          [
            140.76829989218098,
            39.762898782042974,
            722.4
          ],
          [
            140.7682281793437,
            39.76282772747726,
            720.3
          ],
          [
            140.7681564665064,
            39.76275667291154,
            718.2
          ],
          [
            140.76808475366911,
            39.76268561834582,
            717.0
          ],
          [
            140.76801304083182,
            39.762614563780105,
            715.2
          ],
          [
            140.76794132799452,
            39.76254350921439,
            713.5
          ],
          [
            140.76786961515725,
            39.762472454648666,
            712.5
          ],
          [
            140.76779790231996,
            39.76240140008295,
            710.8
          ],
          [
            140.7677178545423,
            39.76233604497387,
            709.5
          ],
          [
            140.76763510026075,
            39.76227254058009,
            708.4
          ],
          [
            140.7675523459792,
            39.762209036186306,
            707.3
          ],
          [
            140.76746959169765,
            39.76214553179253,
            706.3
          ],
          [
            140.7673868374161,
            39.76208202739874,
            704.9
          ],
          [
            140.76730408313455,
            39.76201852300496,
            703.4
          ],
          [
            140.767221328853,
            39.761955018611175,
            701.9
          ],
          [
            140.76713857457145,
            39.761891514217396,
            700.7
          ],
          [
            140.7670558202899,
            39.76182800982362,
            699.0
          ],
          [
            140.76697306600835,
            39.76176450542983,
            697.0
          ],
          [
            140.7668903117268,
            39.76170100103605,
            695.2
          ],
          [
            140.76680755744525,
            39.761637496642265,
            693.8
          ],
          [
            140.7667228638548,
            39.761575655453136,
            692.5
          ],
          [
            140.76663234721497,
            39.76151880827126,
            690.9
          ],
          [
            140.76654183057516,
            39.76146196108939,
            689.5
          ],
          [
            140.76645131393533,
            39.761405113907514,
            688.4
          ],
          [
            140.76636079729553,
            39.76134826672563,
            686.6
          ],
          [
            140.7662702806557,
            39.76129141954376,
            685.0
          ],
          [
            140.76617976401587,
            39.761234572361886,
            684.3
          ],
          [
            140.76608924737607,
            39.761177725180005,
            683.8
          ],
          [
            140.76599873073624,
            39.76112087799813,
            683.0
          ],
          [
            140.76590433327274,
            39.76106961600206,
            682.7
          ],
          [
            140.76579289597836,
            39.76104287731057,
            681.8
          ],
          [
            140.76568145868396,
            39.761016138619084,
            681.1
          ],
          [
            140.76557080291758,
            39.760987619420646,
            680.0
          ],
          [
            140.76546125131384,
            39.760956584676656,
            678.6
          ],
          [
            140.7653516997101,
            39.76092554993267,
            677.7
          ],
          [
            140.76523937913402,
            39.760909045874456,
            675.9
          ],
          [
            140.76512288884177,
            39.760914423159804,
            674.2
          ],
          [
            140.76500639854953,
            39.760919800445144,
            671.5
          ],
          [
            140.76488990825726,
            39.760925177730485,
            669.4
          ],
          [
            140.76477333002956,
            39.76092904844181,
            667.3
          ],
          [
            140.7646566849577,
            39.76093177393127,
            665.7
          ],
          [
            140.76454003988587,
            39.76093449942073,
            663.0
          ],
          [
            140.76442339481403,
            39.760937224910194,
            660.3
          ],
          [
            140.76430674974216,
            39.76093995039965,
            658.1
          ],
          [
            140.76419010467032,
            39.76094267588911,
            654.3
          ],
          [
            140.76407345959848,
            39.76094540137857,
            650.8
          ],
          [
            140.76395681452664,
            39.76094812686804,
            647.3
          ],
          [
            140.7638401694548,
            39.760950852357496,
            645.2
          ],
          [
            140.76372352438295,
            39.760953577846955,
            643.0
          ],
          [
            140.7636068793111,
            39.760956303336414,
            641.9
          ],
          [
            140.76349023423927,
            39.76095902882587,
            640.7
          ],
          [
            140.76337358916743,
            39.76096175431534,
            638.7
          ],
          [
            140.76325694409556,
            39.7609644798048,
            636.4
          ],
          [
            140.76314075493292,
            39.76095640097354,
            634.4
          ],
          [
            140.76302458680362,
            39.76094782368514,
            633.1
          ],
          [
            140.76290813247155,
            39.76094477231828,
            630.8
          ],
          [
            140.76279144792474,
            39.76094616587098,
            628.4
          ],
          [
            140.76267476337793,
            39.760947559423684,
            627.3
          ],
          [
            140.76255852244992,
            39.76095429331304,
            625.6
          ],
          [
            140.76244256266662,
            39.760964411656616,
            624.1
          ],
          [
            140.7623266028833,
            39.76097453000019,
            623.1
          ],
          [
            140.7622106431,
            39.76098464834376,
            621.5
          ],
          [
            140.7620945930302,
            39.7609936958423,
            619.7
          ],
          [
            140.76197791203538,
            39.76099526023759,
            618.0
          ],
          [
            140.7618612310405,
            39.760996824632876,
            616.7
          ],
          [
            140.7617450435218,
            39.76100352252154,
            615.5
          ],
          [
            140.76162934093534,
            39.761015265023524,
            613.7
          ],
          [
            140.76151363834887,
            39.7610270075255,
            612.0
          ],
          [
            140.7613979357624,
            39.76103875002748,
            611.3
          ],
          [
            140.76128223317593,
            39.76105049252946,
            609.6
          ],
          [
            140.76116653058946,
            39.76106223503144,
            609.0
          ],
          [
            140.761050828003,
            39.76107397753342,
            608.3
          ],
          [
            140.76093515762867,
            39.76108590784358,
            606.6
          ],
          [
            140.76081949395675,
            39.76109787723135,
            605.0
          ],
          [
            140.76070383028485,
            39.76110984661912,
            603.9
          ],
          [
            140.76058816661293,
            39.761121816006884,
            601.8
          ],
          [
            140.76047250294104,
            39.761133785394655,
            600.1
          ],
          [
            140.76036332880523,
            39.76114508321656,
            599.3
          ]
        ]
      }
    },
    {
      "type": "Feature",
      "properties": {
        "name": "水沢",
        "slope_deg": [
          8.250387228905435,
          8.250387228905435,
          8.250387228905435,
          9.369385096487514,
          9.787203664656081,
          9.22988624372772,
          10.896152141141194,
          10.619655276155134,
          10.619655276155134,
          11.859779120948104,
          10.481218144130889,
          10.896152141141194,
          10.203973721731748,
          9.926245506651705,
          10.896152141141036,
          10.065169352759877,
          10.757967088390036,
          9.648045316098093,
          9.648045316098251,
          10.481218144130889,
          9.090276920822289,
          9.22988624372772,
          7.68844776990284,
          6.983937460085259,
          7.406912128495133,
          8.11004782941916,
          8.39062701325255,
          6.983937460085259,
          6.560196400571341,
          5.4268124985727555,
          6.701525844729548,
          8.530765609948133,
          9.090276920822289,
          11.309932474020215,
          11.859779120947948,
          11.172136252167116,
          12.68038349181982,
          11.309932474020215,
          12.13388017063338,
          15.37625124882619,
          14.97598451475675,
          17.223436191131434,
          17.484427323220732,
          15.509334522674907,
          16.69924423399362,
          16.567741642974887,
          14.9759845147566,
          16.436059224635738,
          15.37625124882619,
          12.68038349181982,
          11.859779120947948,
          10.065169352759717,
          8.810732985984973,
          10.342657140474707,
          10.203973721731748,
          9.78720366465624,
          9.369385096487358,
          8.39062701325255,
          9.926245506651705,
          9.369385096487358,
          10.896152141141194,
          10.481218144130889,
          8.810732985984973,
          9.22988624372772,
          8.39062701325255,
          7.547725773843206,
          8.110047829419,
          8.810732985984973,
          8.11004782941916,
          9.508771958297752,
          8.670801453590993,
          7.406912128495294,
          7.406912128495133,
          6.842773412631036,
          7.829076510059608,
          7.547725773843047,
          8.250387228905595,
          8.39062701325255,
          7.547725773843047,
          8.11004782941916,
          8.250387228905435,
          7.969610394321392,
          8.950558656231758,
          9.508771958297752,
          8.39062701325255,
          8.250387228905435,
          7.547725773843047,
          6.135733340186889,
          6.277298489597683,
          6.418786730238786,
          6.418786730238786,
          6.418786730238786,
          6.418786730238786
        ],
        "horizontal_dist_map": 912,
        "slope_dist_map": 927,
        "elevation_diff_map": 157.8,
        "avg_slope_deg_map": 9.7,
        "max_slope_deg_map": 17.5
      },
      "geometry": {
        "type": "LineString",
        "coordinates": [
          [
            140.76935885966324,
            39.75897564220306,
            747.8
          ],
          [
            140.76924543169565,
            39.75899680561752,
            746.7
          ],
          [
            140.76913200372806,
            39.75901796903199,
            745.0
          ],
          [
            140.76901857576047,
            39.759039132446446,
            743.2
          ],
          [
            140.76890514779285,
            39.75906029586091,
            742.0
          ],
          [
            140.76879171982526,
            39.75908145927537,
            740.1
          ],
          [
            140.76867829185767,
            39.75910262268983,
            738.1
          ],
          [
            140.76856486389008,
            39.7591237861043,
            736.7
          ],
          [
            140.7684514359225,
            39.759144949518756,
            734.3
          ],
          [
            140.7683393034108,
            39.759169740148955,
            732.6
          ],
          [
            140.76822784843813,
            39.759196427856445,
            730.6
          ],
          [
            140.76811639346545,
            39.75922311556394,
            728.3
          ],
          [
            140.76800493849274,
            39.75924980327143,
            726.9
          ],
          [
            140.76789348352006,
            39.75927649097892,
            724.9
          ],
          [
            140.76778202854737,
            39.75930317868641,
            723.4
          ],
          [
            140.76767057357466,
            39.759329866393905,
            721.3
          ],
          [
            140.76755911860198,
            39.759356554101394,
            719.2
          ],
          [
            140.7674476636293,
            39.759383241808884,
            717.8
          ],
          [
            140.76733657648128,
            39.75941081034607,
            715.8
          ],
          [
            140.7672259176791,
            39.75943940464296,
            714.5
          ],
          [
            140.7671152588769,
            39.75946799893985,
            712.4
          ],
          [
            140.76700460007473,
            39.75949659323674,
            710.4
          ],
          [
            140.76689394127257,
            39.759525187533626,
            709.4
          ],
          [
            140.76678328247039,
            39.75955378183051,
            708.0
          ],
          [
            140.7666726236682,
            39.759582376127405,
            707.0
          ],
          [
            140.766561964866,
            39.75961097042429,
            705.5
          ],
          [
            140.76645130606386,
            39.75963956472118,
            704.2
          ],
          [
            140.76634064726167,
            39.75966815901807,
            702.3
          ],
          [
            140.7662299884595,
            39.75969675331496,
            701.1
          ],
          [
            140.7661193296573,
            39.75972534761185,
            700.6
          ],
          [
            140.76600693653216,
            39.75974954559131,
            699.6
          ],
          [
            140.76589440223205,
            39.75977338570775,
            698.5
          ],
          [
            140.76578186793193,
            39.759797225824194,
            696.4
          ],
          [
            140.7656693336318,
            39.759821065940635,
            694.6
          ],
          [
            140.76555679933168,
            39.759844906057076,
            693.2
          ],
          [
            140.76544426503156,
            39.75986874617351,
            690.5
          ],
          [
            140.76533173073142,
            39.75989258628995,
            688.0
          ],
          [
            140.7652191964313,
            39.75991642640639,
            686.7
          ],
          [
            140.7651066621312,
            39.75994026652283,
            684.2
          ],
          [
            140.76499412783105,
            39.75996410663927,
            682.5
          ],
          [
            140.76488117115835,
            39.75998653958301,
            679.4
          ],
          [
            140.76476651553327,
            39.76000331231216,
            675.7
          ],
          [
            140.76465185990816,
            39.7600200850413,
            673.5
          ],
          [
            140.76453720428307,
            39.760036857770444,
            670.1
          ],
          [
            140.764422548658,
            39.76005363049959,
            666.8
          ],
          [
            140.76430789303288,
            39.76007040322873,
            664.6
          ],
          [
            140.7641932374078,
            39.76008717595788,
            661.5
          ],
          [
            140.7640785817827,
            39.760103948687025,
            658.2
          ],
          [
            140.7639639261576,
            39.760120721416165,
            656.1
          ],
          [
            140.76384927053252,
            39.76013749414531,
            652.8
          ],
          [
            140.76373461490743,
            39.76015426687446,
            650.5
          ],
          [
            140.76361995928232,
            39.7601710396036,
            649.2
          ],
          [
            140.76350483957054,
            39.76018578993577,
            647.7
          ],
          [
            140.76338968910065,
            39.760200406230226,
            645.7
          ],
          [
            140.76327453863075,
            39.76021502252468,
            644.3
          ],
          [
            140.76315938816086,
            39.76022963881914,
            641.9
          ],
          [
            140.76304423769096,
            39.7602442551136,
            640.5
          ],
          [
            140.76292908722107,
            39.760258871408055,
            638.8
          ],
          [
            140.76281393675117,
            39.76027348770251,
            637.7
          ],
          [
            140.76269878628128,
            39.76028810399697,
            636.0
          ],
          [
            140.76258363581138,
            39.76030272029143,
            633.5
          ],
          [
            140.7624684853415,
            39.76031733658589,
            632.2
          ],
          [
            140.76235333487156,
            39.76033195288035,
            630.0
          ],
          [
            140.76223818440167,
            39.76034656917481,
            628.6
          ],
          [
            140.76212303393177,
            39.760361185469264,
            627.3
          ],
          [
            140.76200788346188,
            39.76037580176372,
            625.7
          ],
          [
            140.76189273299198,
            39.76039041805818,
            624.1
          ],
          [
            140.7617775825221,
            39.76040503435264,
            623.3
          ],
          [
            140.76166237824862,
            39.76041939237718,
            621.6
          ],
          [
            140.76154707908032,
            39.76043329488426,
            619.5
          ],
          [
            140.76143177991204,
            39.760447197391336,
            618.4
          ],
          [
            140.76131648074374,
            39.76046109989842,
            616.6
          ],
          [
            140.76120118157547,
            39.7604750024055,
            615.5
          ],
          [
            140.76108588240717,
            39.76048890491258,
            614.3
          ],
          [
            140.7609705832389,
            39.76050280741966,
            613.2
          ],
          [
            140.7608552840706,
            39.76051670992674,
            611.8
          ],
          [
            140.76073998490233,
            39.760530612433826,
            610.0
          ],
          [
            140.76062468573403,
            39.760544514940904,
            609.0
          ],
          [
            140.76050938656576,
            39.76055841744798,
            607.4
          ],
          [
            140.76039408739746,
            39.76057231995507,
            605.9
          ],
          [
            140.76027878822916,
            39.760586222462145,
            604.7
          ],
          [
            140.7601634890609,
            39.76060012496922,
            603.3
          ],
          [
            140.7600481898926,
            39.76061402747631,
            601.6
          ],
          [
            140.75993289072431,
            39.760627929983386,
            600.3
          ],
          [
            140.75981759155601,
            39.760641832490464,
            598.4
          ],
          [
            140.75970228126073,
            39.7606556759832,
            596.6
          ],
          [
            140.75958662647312,
            39.760667692393646,
            595.7
          ],
          [
            140.75947097168552,
            39.76067970880409,
            594.5
          ],
          [
            140.75935531689794,
            39.76069172521454,
            593.1
          ],
          [
            140.75923966211033,
            39.76070374162499,
            592.3
          ],
          [
            140.75912400732273,
            39.76071575803543,
            591.3
          ],
          [
            140.75900835253515,
            39.76072777444588,
            590.0
          ],
          [
            140.75898182181078,
            39.76073053096016,
            590.0
          ]
        ]
      }
    },
    {
      "type": "Feature",
      "properties": {
        "name": "黒森山",
        "slope_deg": [
          7.547725773843047,
          7.547725773843047,
          7.547725773843047,
          7.547725773843206,
          5.000644597558433,
          0.0,
          1.8614576304668264,
          2.5765718302687652,
          5.426812498572917,
          9.926245506651705,
          11.7225209701022,
          14.57421619803871,
          13.63109444342145,
          15.37625124882619,
          17.744671625057023,
          18.77803322244557,
          23.26770481005701,
          25.641005824305335,
          25.98923358383301,
          30.11373315098249,
          28.70070495633756,
          27.47443162627708,
          30.113733150982362,
          26.793775628803083,
          29.357753542791276,
          30.327634119133833,
          27.699472808055,
          30.540604849681518,
          27.587067675863857,
          26.67952810669131,
          26.220246235243597,
          25.290734392148174,
          24.93842765545725,
          24.93842765545725,
          26.450345065034167,
          24.58409469543802,
          24.346751854704948,
          23.509040224192432,
          21.43000730175244,
          20.430362329285547,
          19.544862326628685,
          20.30447370996038,
          20.30447370996038,
          19.925580658184323,
          18.906332035086663,
          15.642246457208788,
          11.58512622485511,
          8.250387228905435,
          5.568737077976604,
          2.862405226111748,
          2.004534032105872,
          1.5752369256830872,
          4.289153328819018,
          4.289153328819018,
          4.289153328819018,
          4.289153328819018
        ],
        "horizontal_dist_map": 547,
        "slope_dist_map": 584,
        "elevation_diff_map": 172.8,
        "avg_slope_deg_map": 16.5,
        "max_slope_deg_map": 30.5
      },
      "geometry": {
        "type": "LineString",
        "coordinates": [
          [
            140.76481647262995,
            39.76599401302302,
            747.5
          ],
          [
            140.76469976653846,
            39.76599365043999,
            747.2
          ],
          [
            140.764583060447,
            39.76599328785696,
            744.6
          ],
          [
            140.76446648196622,
            39.76599377422642,
            742.0
          ],
          [
            140.76435298269985,
            39.76601474560292,
            742.2
          ],
          [
            140.76423948343347,
            39.76603571697941,
            741.9
          ],
          [
            140.76412598416707,
            39.7660566883559,
            741.1
          ],
          [
            140.7640124849007,
            39.766077659732396,
            742.0
          ],
          [
            140.76390259483395,
            39.76610797421427,
            740.9
          ],
          [
            140.76379274347616,
            39.76613838890171,
            740.1
          ],
          [
            140.76368732645383,
            39.766176186634524,
            737.3
          ],
          [
            140.7635862547719,
            39.76622121928574,
            735.0
          ],
          [
            140.7634994311937,
            39.76622482263645,
            732.6
          ],
          [
            140.76344059790978,
            39.766147038582446,
            729.7
          ],
          [
            140.76338176462585,
            39.76606925452844,
            727.6
          ],
          [
            140.76332293134192,
            39.76599147047443,
            724.0
          ],
          [
            140.763264098058,
            39.76591368642043,
            719.8
          ],
          [
            140.76320526477406,
            39.765835902366426,
            716.1
          ],
          [
            140.76314643149013,
            39.76575811831242,
            710.4
          ],
          [
            140.7630875982062,
            39.76568033425841,
            704.8
          ],
          [
            140.76302876492227,
            39.765602550204406,
            700.3
          ],
          [
            140.76296993163837,
            39.7655247661504,
            692.9
          ],
          [
            140.76291109835444,
            39.76544698209639,
            688.5
          ],
          [
            140.7628522650705,
            39.765369198042386,
            684.0
          ],
          [
            140.76279343178658,
            39.765291413988386,
            677.1
          ],
          [
            140.76273459850265,
            39.76521362993438,
            672.7
          ],
          [
            140.76267576521872,
            39.76513584588037,
            666.0
          ],
          [
            140.7626169319348,
            39.765058061826366,
            660.6
          ],
          [
            140.7625571994214,
            39.76498070795903,
            656.1
          ],
          [
            140.7624931186867,
            39.764905434258,
            649.1
          ],
          [
            140.76242903795202,
            39.76483016055696,
            645.1
          ],
          [
            140.7623649572173,
            39.764754886855926,
            640.5
          ],
          [
            140.7623008764826,
            39.76467961315488,
            636.4
          ],
          [
            140.76223679574792,
            39.76460433945385,
            630.2
          ],
          [
            140.76217271501324,
            39.76452906575281,
            626.5
          ],
          [
            140.76210863427855,
            39.764453792051775,
            621.9
          ],
          [
            140.76204455354386,
            39.76437851835074,
            616.5
          ],
          [
            140.76198047280917,
            39.7643032446497,
            611.9
          ],
          [
            140.76191639207448,
            39.76422797094866,
            608.4
          ],
          [
            140.76185231133977,
            39.764152697247624,
            604.5
          ],
          [
            140.76178823060508,
            39.76407742354659,
            600.8
          ],
          [
            140.7617241498704,
            39.76400214984555,
            597.0
          ],
          [
            140.7616600691357,
            39.76392687614452,
            594.2
          ],
          [
            140.761595988401,
            39.76385160244348,
            589.7
          ],
          [
            140.76153190766632,
            39.763776328742445,
            586.0
          ],
          [
            140.76146782693164,
            39.7637010550414,
            582.5
          ],
          [
            140.76140374619695,
            39.763625781340366,
            580.5
          ],
          [
            140.76133966546223,
            39.76355050763933,
            578.5
          ],
          [
            140.76127558472754,
            39.763475233938294,
            577.8
          ],
          [
            140.76121150399285,
            39.76339996023726,
            576.7
          ],
          [
            140.76113567918202,
            39.763331747470566,
            576.6
          ],
          [
            140.76105678713412,
            39.76326537883014,
            576.5
          ],
          [
            140.76097789508626,
            39.76319901018972,
            576.4
          ],
          [
            140.7608990030384,
            39.7631326415493,
            575.6
          ],
          [
            140.7608201109905,
            39.76306627290887,
            573.6
          ],
          [
            140.76076309810196,
            39.7630183103068,
            574.7
          ]
        ]
      }
    },
    {
      "type": "Feature",
      "properties": {
        "name": "かもしか林間",
        "slope_deg": [
          11.58512622485511,
          11.58512622485511,
          11.58512622485511,
          13.088732789694,
          14.036243467926479,
          15.37625124882619,
          18.26288994219419,
          19.925580658184323,
          21.80140948635181,
          21.924785220541203,
          20.178380074508645,
          18.64953875405141,
          16.567741642974887,
          16.304198003832376,
          14.842227057911131,
          13.631094443421603,
          12.68038349181982,
          12.27072035781523,
          12.13388017063338,
          13.495733280795843,
          13.631094443421603,
          16.304198003832376,
          17.092662950267425,
          15.242997742901547,
          14.036243467926479,
          9.369385096487514,
          9.50877195829791,
          10.342657140474548,
          11.172136252167116,
          12.407418527400683,
          12.13388017063338,
          13.766300685466351,
          13.088732789694,
          14.97598451475675,
          14.305551846621862,
          10.342657140474548,
          8.11004782941916,
          5.852378988915653,
          5.142764557884274,
          8.810732985984973,
          11.309932474020215,
          13.360218444764483,
          14.842227057911131,
          12.816647648997312,
          12.407418527400683,
          9.090276920822289,
          8.670801453590993,
          10.619655276155134,
          10.203973721731748,
          10.481218144130889,
          9.22988624372772,
          7.829076510059608,
          7.547725773843047,
          9.090276920822289,
          10.619655276155134,
          11.172136252167274,
          14.708303899682749,
          16.436059224635738,
          14.84222705791098,
          13.088732789694,
          10.342657140474707,
          5.9940929491083725,
          5.994092949108534,
          7.547725773843047,
          6.418786730238786,
          10.481218144130889,
          13.224551192213497,
          14.305551846622015,
          13.49573328079569,
          10.896152141141194,
          5.852378988915653,
          2.719505461272472,
          3.8616074096751394,
          2.862405226111748,
          3.576334374997351,
          3.148096099562824,
          3.576334374997351,
          4.7162212343382155,
          5.568737077976604,
          6.135733340186728,
          5.710593137499643,
          6.98393746008542,
          7.829076510059608,
          7.829076510059608,
          7.829076510059608,
          7.829076510059608
        ],
        "horizontal_dist_map": 841,
        "slope_dist_map": 863,
        "elevation_diff_map": 168.7,
        "avg_slope_deg_map": 11.1,
        "max_slope_deg_map": 21.9
      },
      "geometry": {
        "type": "LineString",
        "coordinates": [
          [
            140.7779986,
            39.7643872,
            921.7
          ],
          [
            140.7779505181644,
            39.76446926655189,
            920.4
          ],
          [
            140.77790243632884,
            39.76455133310378,
            917.9
          ],
          [
            140.77785435449326,
            39.76463339965567,
            916.2
          ],
          [
            140.7778062726577,
            39.76471546620756,
            913.5
          ],
          [
            140.7777581908221,
            39.76479753275946,
            911.1
          ],
          [
            140.77771010898655,
            39.76487959931135,
            907.9
          ],
          [
            140.77765798865832,
            39.764960183159666,
            905.2
          ],
          [
            140.77760581210447,
            39.76504074636515,
            900.3
          ],
          [
            140.77756281405468,
            39.765124270761426,
            896.6
          ],
          [
            140.777525169727,
            39.765209522388254,
            891.9
          ],
          [
            140.77748752539932,
            39.765294774015075,
            889.1
          ],
          [
            140.77744988107168,
            39.765380025641896,
            885.6
          ],
          [
            140.77740904359072,
            39.76546424958813,
            883.1
          ],
          [
            140.77735704482325,
            39.76554488139935,
            880.0
          ],
          [
            140.77730504605577,
            39.765625513210566,
            877.4
          ],
          [
            140.7772530472883,
            39.76570614502179,
            875.0
          ],
          [
            140.77719840016186,
            39.76578529481696,
            873.4
          ],
          [
            140.77711525133088,
            39.76584849511867,
            871.0
          ],
          [
            140.77703210249993,
            39.765911695420385,
            868.7
          ],
          [
            140.77694895366895,
            39.765974895722096,
            866.4
          ],
          [
            140.77685829638554,
            39.76603161318402,
            863.8
          ],
          [
            140.776767617702,
            39.766088312168925,
            861.3
          ],
          [
            140.7766598320525,
            39.76611720940095,
            857.0
          ],
          [
            140.77654558537768,
            39.76613560635907,
            854.1
          ],
          [
            140.77643133870288,
            39.76615400331718,
            852.9
          ],
          [
            140.77631709202805,
            39.7661724002753,
            851.3
          ],
          [
            140.77620365251332,
            39.76619302853614,
            850.4
          ],
          [
            140.77609357861581,
            39.76622296066531,
            847.4
          ],
          [
            140.7759835047183,
            39.76625289279448,
            845.6
          ],
          [
            140.77587343082078,
            39.76628282492366,
            843.4
          ],
          [
            140.7757624876626,
            39.766310613381364,
            841.6
          ],
          [
            140.77564993811987,
            39.766334440356864,
            838.8
          ],
          [
            140.77553738857713,
            39.766358267332365,
            835.8
          ],
          [
            140.77542483903437,
            39.76638209430786,
            834.1
          ],
          [
            140.77531228949164,
            39.76640592128336,
            830.9
          ],
          [
            140.77520090748519,
            39.766432814516705,
            828.6
          ],
          [
            140.77508954977566,
            39.766459771560164,
            828.5
          ],
          [
            140.77497819206613,
            39.76648672860362,
            828.4
          ],
          [
            140.7748668343566,
            39.76651368564708,
            826.8
          ],
          [
            140.77475547664707,
            39.766540642690536,
            825.0
          ],
          [
            140.77464411893754,
            39.76656759973399,
            822.3
          ],
          [
            140.7745282778085,
            39.766578101624134,
            820.4
          ],
          [
            140.77441232098525,
            39.76657349742091,
            817.3
          ],
          [
            140.77429808343442,
            39.7665563488307,
            814.4
          ],
          [
            140.77418544993412,
            39.766532758521315,
            813.2
          ],
          [
            140.77407281643383,
            39.766509168211925,
            811.6
          ],
          [
            140.7739601829335,
            39.76648557790254,
            810.9
          ],
          [
            140.7738441635607,
            39.76647911650484,
            808.3
          ],
          [
            140.77372753884737,
            39.766475717486244,
            805.7
          ],
          [
            140.7736110585741,
            39.76647392730331,
            804.4
          ],
          [
            140.7734961556434,
            39.766489706235944,
            803.5
          ],
          [
            140.77338125271268,
            39.76650548516858,
            801.8
          ],
          [
            140.77326634978198,
            39.76652126410121,
            800.2
          ],
          [
            140.7731514468513,
            39.76653704303384,
            799.1
          ],
          [
            140.7730365439206,
            39.76655282196648,
            797.1
          ],
          [
            140.7729216409899,
            39.76656860089911,
            794.3
          ],
          [
            140.77280657463908,
            39.766583556827776,
            792.3
          ],
          [
            140.77269082084305,
            39.76659505069635,
            788.6
          ],
          [
            140.77257507519565,
            39.76660560754717,
            785.3
          ],
          [
            140.7724595317261,
            39.766592915839894,
            783.7
          ],
          [
            140.77234398825655,
            39.76658022413261,
            783.0
          ],
          [
            140.772228444787,
            39.766567532425334,
            781.3
          ],
          [
            140.7721155805555,
            39.766544889368284,
            781.1
          ],
          [
            140.77200304849086,
            39.76652101256163,
            779.5
          ],
          [
            140.77189051642623,
            39.76649713575499,
            777.7
          ],
          [
            140.7717779843616,
            39.76647325894834,
            776.8
          ],
          [
            140.77166422396022,
            39.766457644390066,
            773.7
          ],
          [
            140.77154760876928,
            39.76646123220509,
            770.1
          ],
          [
            140.77143099357832,
            39.766464820020104,
            767.5
          ],
          [
            140.77131511968452,
            39.7664734190279,
            767.2
          ],
          [
            140.77120045715782,
            39.7664902069173,
            766.0
          ],
          [
            140.77108579463112,
            39.76650699480668,
            766.0
          ],
          [
            140.77096940506613,
            39.766512864373865,
            765.6
          ],
          [
            140.7708572326469,
            39.766501260949724,
            764.5
          ],
          [
            140.7707524088714,
            39.76646166459756,
            764.0
          ],
          [
            140.7706475850959,
            39.7664220682454,
            763.5
          ],
          [
            140.7705427613204,
            39.76638247189323,
            763.4
          ],
          [
            140.7704379375449,
            39.76634287554107,
            762.0
          ],
          [
            140.7703331137694,
            39.766303279188904,
            760.7
          ],
          [
            140.7702282899939,
            39.766263682836744,
            759.6
          ],
          [
            140.7701234662184,
            39.76622408648458,
            759.1
          ],
          [
            140.7700186424429,
            39.76618449013242,
            758.0
          ],
          [
            140.7699138186674,
            39.76614489378026,
            755.8
          ],
          [
            140.7698089948919,
            39.76610529742809,
            754.1
          ],
          [
            140.769791,
            39.7660985,
            753.0
          ]
        ]
      }
    },
    {
      "type": "Feature",
      "properties": {
        "name": "かもしか",
        "slope_deg": [
          17.223436191131434,
          17.223436191131434,
          17.223436191131434,
          18.778033222445426,
          19.6719699892005,
          20.30447370996038,
          20.430362329285547,
          20.304473709960526,
          15.774985955414008,
          14.305551846622015,
          12.543973346572077,
          9.508771958297752,
          12.95276451337558,
          14.439965121002654,
          14.036243467926479,
          14.842227057911131,
          13.631094443421603,
          14.97598451475675,
          14.305551846622015,
          14.305551846622015,
          13.90135076950909,
          12.816647648997467,
          13.495733280795843,
          13.360218444764483,
          12.816647648997467,
          13.495733280795843,
          15.642246457208639,
          16.567741642974887,
          19.6719699892005,
          18.778033222445426,
          18.39196625070548,
          17.484427323220732,
          15.907551930525813,
          14.97598451475675,
          14.439965121002654,
          14.036243467926479,
          15.109575122340555,
          14.842227057911131,
          15.109575122340402,
          14.9759845147566,
          13.49573328079569,
          14.305551846621862,
          12.13388017063338,
          12.95276451337558,
          12.270720357815385,
          12.13388017063338,
          11.722520970102357,
          10.757967088390036,
          9.50877195829791,
          9.369385096487514,
          11.44759626368548,
          11.172136252167116,
          13.360218444764483,
          12.95276451337558,
          13.224551192213651,
          14.57421619803871,
          13.63109444342145,
          14.9759845147566,
          12.952764513375426,
          13.360218444764483,
          13.360218444764483,
          12.95276451337558,
          14.170977562933123,
          12.543973346572077,
          13.360218444764483,
          12.13388017063338,
          12.543973346572077,
          13.224551192213651,
          11.58512622485511,
          12.68038349181982,
          12.95276451337558,
          12.543973346572077,
          14.305551846621862,
          12.68038349181982,
          11.859779120947948,
          12.816647648997467,
          11.722520970102357,
          14.17097756293297,
          13.631094443421603,
          14.305551846621862,
          16.304198003832227,
          15.509334522674907,
          17.874511367250282,
          16.69924423399362,
          16.69924423399362,
          17.484427323220732,
          14.9759845147566,
          14.97598451475675,
          13.901350769509243,
          11.859779120947948,
          12.816647648997467,
          12.407418527400683,
          12.407418527400683,
          13.766300685466351,
          12.543973346572077,
          13.631094443421603,
          12.816647648997467,
          13.088732789694,
          14.305551846622015,
          13.766300685466197,
          16.304198003832227,
          16.172159015782583,
          16.039943306049665,
          16.039943306049665,
          16.039943306049665,
          16.039943306049665
        ],
        "horizontal_dist_map": 1045,
        "slope_dist_map": 1080,
        "elevation_diff_map": 264.7,
        "avg_slope_deg_map": 13.8,
        "max_slope_deg_map": 20.4
      },
      "geometry": {
        "type": "LineString",
        "coordinates": [
          [
            140.7797177871949,
            39.76304119449146,
            979.8
          ],
          [
            140.77960108516984,
            39.763041257305346,
            976.8
          ],
          [
            140.7794843831448,
            39.763041320119235,
            973.3
          ],
          [
            140.77936768111977,
            39.76304138293313,
            971.0
          ],
          [
            140.7792509790947,
            39.76304144574702,
            967.4
          ],
          [
            140.77913427706966,
            39.76304150856091,
            963.2
          ],
          [
            140.77901946995465,
            39.76302746030266,
            959.0
          ],
          [
            140.77890526473357,
            39.76300892984301,
            956.2
          ],
          [
            140.77879105951246,
            39.76299039938336,
            952.5
          ],
          [
            140.77867685429135,
            39.76297186892372,
            948.4
          ],
          [
            140.77856264907027,
            39.76295333846407,
            947.7
          ],
          [
            140.77844844384916,
            39.762934808004424,
            946.0
          ],
          [
            140.7783328801111,
            39.76292773757003,
            943.6
          ],
          [
            140.77821621398988,
            39.762929966495996,
            941.7
          ],
          [
            140.77810142837853,
            39.76293963163528,
            938.5
          ],
          [
            140.77799223795606,
            39.762971422166395,
            935.7
          ],
          [
            140.77788304753355,
            39.76300321269751,
            933.6
          ],
          [
            140.77777385711107,
            39.76303500322863,
            931.1
          ],
          [
            140.77766466668857,
            39.763066793759755,
            928.8
          ],
          [
            140.7775554762661,
            39.76309858429087,
            925.0
          ],
          [
            140.7774465974269,
            39.7631310053636,
            923.4
          ],
          [
            140.7773377683572,
            39.76316352715336,
            920.9
          ],
          [
            140.7772289392875,
            39.76319604894313,
            918.9
          ],
          [
            140.77712011021782,
            39.76322857073289,
            915.9
          ],
          [
            140.77701128114813,
            39.763261092522654,
            913.8
          ],
          [
            140.77690245207845,
            39.763293614312424,
            911.4
          ],
          [
            140.77679362300876,
            39.76332613610219,
            909.8
          ],
          [
            140.77668479393907,
            39.76335865789195,
            906.3
          ],
          [
            140.77657596486938,
            39.76339117968172,
            902.6
          ],
          [
            140.7764671357997,
            39.76342370147148,
            899.5
          ],
          [
            140.77635830673,
            39.763456223261244,
            895.5
          ],
          [
            140.77624947766034,
            39.763488745051006,
            892.7
          ],
          [
            140.77614064859065,
            39.763521266840776,
            889.3
          ],
          [
            140.77603181952097,
            39.76355378863054,
            886.9
          ],
          [
            140.77592299045128,
            39.7635863104203,
            884.1
          ],
          [
            140.7758141613816,
            39.76361883221007,
            882.0
          ],
          [
            140.7757053323119,
            39.76365135399983,
            879.0
          ],
          [
            140.7755965032422,
            39.763683875789596,
            876.9
          ],
          [
            140.77548767417252,
            39.763716397579365,
            873.3
          ],
          [
            140.77537884510284,
            39.76374891936913,
            871.4
          ],
          [
            140.77527001603315,
            39.76378144115889,
            868.2
          ],
          [
            140.77516118696346,
            39.76381396294865,
            866.2
          ],
          [
            140.77505235789377,
            39.76384648473842,
            863.7
          ],
          [
            140.77494352882408,
            39.763879006528185,
            861.2
          ],
          [
            140.7748346997544,
            39.76391152831795,
            859.6
          ],
          [
            140.77472587068473,
            39.76394405010772,
            857.0
          ],
          [
            140.7746165948793,
            39.763975617716405,
            855.0
          ],
          [
            140.7745059493814,
            39.76400425980452,
            852.6
          ],
          [
            140.77439530388352,
            39.764032901892634,
            851.3
          ],
          [
            140.77428465838562,
            39.764061543980745,
            849.4
          ],
          [
            140.77417401288776,
            39.76409018606886,
            848.3
          ],
          [
            140.77406336738986,
            39.764118828156974,
            846.0
          ],
          [
            140.773952721892,
            39.764147470245085,
            843.2
          ],
          [
            140.7738420763941,
            39.7641761123332,
            841.5
          ],
          [
            140.77373143089622,
            39.764204754421314,
            838.8
          ],
          [
            140.77362078539832,
            39.764233396509425,
            836.8
          ],
          [
            140.77351013990045,
            39.764262038597536,
            833.8
          ],
          [
            140.77339949440255,
            39.764290680685654,
            831.1
          ],
          [
            140.77328884890468,
            39.764319322773765,
            829.1
          ],
          [
            140.7731782034068,
            39.76434796486188,
            826.1
          ],
          [
            140.7730675579089,
            39.764376606949995,
            824.6
          ],
          [
            140.77295691241102,
            39.764405249038106,
            821.6
          ],
          [
            140.77284626691312,
            39.76443389112622,
            819.6
          ],
          [
            140.77273562141525,
            39.764462533214335,
            816.9
          ],
          [
            140.7726241358425,
            39.76448909283366,
            814.5
          ],
          [
            140.77251196599326,
            39.76451395619407,
            812.7
          ],
          [
            140.77239979614401,
            39.76453881955449,
            810.1
          ],
          [
            140.77228762629477,
            39.764563682914904,
            808.3
          ],
          [
            140.77217545644552,
            39.76458854627532,
            805.6
          ],
          [
            140.77206328659628,
            39.764613409635736,
            803.3
          ],
          [
            140.77195111674703,
            39.76463827299615,
            801.9
          ],
          [
            140.7718389468978,
            39.76466313635657,
            799.3
          ],
          [
            140.77172677704854,
            39.76468799971698,
            796.4
          ],
          [
            140.7716146071993,
            39.7647128630774,
            794.4
          ],
          [
            140.77150243735005,
            39.764737726437815,
            791.7
          ],
          [
            140.7713902675008,
            39.76476258979823,
            790.3
          ],
          [
            140.77127809765156,
            39.76478745315865,
            788.0
          ],
          [
            140.77116592780231,
            39.76481231651906,
            785.3
          ],
          [
            140.77105375795304,
            39.76483717987948,
            783.4
          ],
          [
            140.7709415881038,
            39.764862043239894,
            780.2
          ],
          [
            140.77082941825455,
            39.76488690660031,
            778.3
          ],
          [
            140.7707172484053,
            39.764911769960726,
            775.1
          ],
          [
            140.77060507855606,
            39.76493663332114,
            771.7
          ],
          [
            140.7704929087068,
            39.76496149668156,
            769.1
          ],
          [
            140.77038096505382,
            39.76498695613852,
            765.4
          ],
          [
            140.77026917479796,
            39.76501281984414,
            763.1
          ],
          [
            140.77015738454213,
            39.76503868354975,
            759.7
          ],
          [
            140.7700455942863,
            39.76506454725536,
            756.5
          ],
          [
            140.76993380403044,
            39.76509041096097,
            754.7
          ],
          [
            140.76982201377461,
            39.76511627466659,
            752.4
          ],
          [
            140.76971022351876,
            39.7651421383722,
            749.8
          ],
          [
            140.76959843326293,
            39.765168002077814,
            748.1
          ],
          [
            140.76948664300707,
            39.76519386578343,
            745.6
          ],
          [
            140.76937485275124,
            39.76521972948904,
            743.6
          ],
          [
            140.7692630624954,
            39.765245593194656,
            741.0
          ],
          [
            140.76915127223955,
            39.765271456900265,
            738.3
          ],
          [
            140.76903948198373,
            39.76529732060588,
            736.7
          ],
          [
            140.76892769172787,
            39.7653231843115,
            733.9
          ],
          [
            140.76881590147204,
            39.76534904801711,
            731.9
          ],
          [
            140.7687041112162,
            39.76537491172272,
            729.0
          ],
          [
            140.76859232096035,
            39.76540077542833,
            726.5
          ],
          [
            140.76848053070452,
            39.76542663913395,
            724.1
          ],
          [
            140.76836874044866,
            39.76545250283956,
            720.2
          ],
          [
            140.76825695019284,
            39.765478366545175,
            717.4
          ],
          [
            140.76814515993698,
            39.76550423025079,
            715.0
          ],
          [
            140.7680891577305,
            39.76551718687721,
            715.1
          ]
        ]
      }
    },
    {
      "type": "Feature",
      "properties": {
        "name": "かもしかジュニア",
        "slope_deg": [
          16.830565983210626,
          16.830565983210626,
          16.830565983210626,
          16.69924423399362,
          16.43605922463559,
          18.64953875405141,
          16.172159015782583,
          16.830565983210626,
          18.520849477471074,
          15.642246457208639,
          17.092662950267425,
          17.484427323220732,
          17.092662950267574,
          17.744671625057023,
          19.03443435483528,
          18.26288994219419,
          16.304198003832227,
          16.43605922463559,
          13.495733280795843,
          12.68038349181982,
          13.360218444764483,
          12.543973346572077,
          14.9759845147566,
          15.37625124882619,
          15.109575122340555,
          15.774985955414158,
          15.774985955414158,
          16.69924423399362,
          15.37625124882619,
          15.37625124882619,
          12.952764513375426,
          11.996899307923577,
          11.996899307923577,
          11.7225209701022,
          12.543973346572077,
          11.309932474020215,
          11.7225209701022,
          10.619655276155134,
          10.619655276155134,
          12.27072035781523,
          11.034209003250343,
          11.034209003250188,
          9.50877195829791,
          8.950558656231758,
          10.342657140474548,
          10.619655276155134,
          12.543973346572077,
          12.407418527400683,
          13.495733280795843,
          15.774985955414158,
          15.242997742901547,
          17.35402463626132,
          16.172159015782583,
          16.567741642974887,
          18.26288994219419,
          15.774985955414008,
          16.17215901578243,
          14.170977562933123,
          13.360218444764483,
          13.224551192213651,
          12.543973346572233,
          12.816647648997467,
          12.68038349181982,
          12.27072035781523,
          11.172136252167116,
          8.530765609948133,
          5.710593137499643,
          8.11004782941916,
          10.20397372173159,
          11.7225209701022,
          14.170977562933123,
          11.447596263685636,
          10.203973721731748,
          10.065169352759877,
          9.22988624372772,
          11.7225209701022,
          12.13388017063338,
          12.952764513375426,
          13.360218444764483,
          12.68038349181982,
          13.088732789694,
          13.495733280795843,
          15.509334522674907,
          16.304198003832376,
          15.907551930525813,
          17.35402463626132,
          15.907551930525813,
          15.109575122340402,
          17.35402463626132,
          16.436059224635738,
          15.642246457208639,
          16.172159015782583,
          14.170977562933123,
          12.816647648997312,
          14.842227057911131,
          15.774985955414008,
          16.436059224635738,
          16.567741642975037,
          15.642246457208788,
          15.509334522674907,
          14.439965121002654,
          15.774985955414008,
          14.036243467926479,
          14.036243467926479,
          14.036243467926479,
          14.036243467926479
        ],
        "horizontal_dist_map": 1047,
        "slope_dist_map": 1082,
        "elevation_diff_map": 261.0,
        "avg_slope_deg_map": 13.6,
        "max_slope_deg_map": 19.0
      },
      "geometry": {
        "type": "LineString",
        "coordinates": [
          [
            140.77979534002213,
            39.76317419394374,
            977.7
          ],
          [
            140.7796964164353,
            39.76322197826463,
            975.2
          ],
          [
            140.7795974928485,
            39.76326976258552,
            971.9
          ],
          [
            140.77949856926165,
            39.763317546906414,
            969.3
          ],
          [
            140.77939964567483,
            39.763365331227305,
            965.6
          ],
          [
            140.779300722088,
            39.7634131155482,
            963.2
          ],
          [
            140.7792017985012,
            39.76346089986909,
            960.1
          ],
          [
            140.77910287491437,
            39.76350868418998,
            955.8
          ],
          [
            140.77900395132755,
            39.76355646851087,
            954.0
          ],
          [
            140.7789050277407,
            39.76360425283176,
            951.1
          ],
          [
            140.7788061041539,
            39.76365203715265,
            946.7
          ],
          [
            140.77870718056707,
            39.763699821473544,
            944.6
          ],
          [
            140.77860825698025,
            39.763747605794435,
            941.7
          ],
          [
            140.77850933339343,
            39.76379539011533,
            938.5
          ],
          [
            140.7784088054812,
            39.76384109620533,
            934.4
          ],
          [
            140.77830724515886,
            39.7638854649191,
            931.8
          ],
          [
            140.7782056848365,
            39.763929833632865,
            927.9
          ],
          [
            140.77810412451416,
            39.76397420234664,
            925.3
          ],
          [
            140.77800256419178,
            39.764018571060404,
            922.7
          ],
          [
            140.77790100386943,
            39.76406293977417,
            920.0
          ],
          [
            140.77779944354708,
            39.76410730848794,
            918.3
          ],
          [
            140.77769788322473,
            39.76415167720171,
            916.3
          ],
          [
            140.77759600139814,
            39.76419555058655,
            913.2
          ],
          [
            140.77748913785894,
            39.764231748842505,
            911.1
          ],
          [
            140.77738227431976,
            39.76426794709846,
            907.6
          ],
          [
            140.77727541078056,
            39.76430414535441,
            905.3
          ],
          [
            140.7771663656984,
            39.764335920052986,
            902.4
          ],
          [
            140.77705535545928,
            39.76436370996432,
            899.8
          ],
          [
            140.77694434522016,
            39.76439149987566,
            896.3
          ],
          [
            140.77683333498103,
            39.76441928978699,
            893.3
          ],
          [
            140.7767223247419,
            39.76444707969832,
            891.4
          ],
          [
            140.77661131450282,
            39.76447486960966,
            888.8
          ],
          [
            140.7765003042637,
            39.76450265952099,
            887.1
          ],
          [
            140.77638929402457,
            39.76453044943233,
            884.8
          ],
          [
            140.77627828378544,
            39.764558239343664,
            882.9
          ],
          [
            140.77616727354632,
            39.76458602925499,
            880.5
          ],
          [
            140.7760562633072,
            39.76461381916633,
            878.2
          ],
          [
            140.77594525306807,
            39.764641609077664,
            876.8
          ],
          [
            140.77583424282895,
            39.764669398989,
            874.6
          ],
          [
            140.77572323258985,
            39.764697188900335,
            873.0
          ],
          [
            140.7756119213156,
            39.764724250474025,
            870.7
          ],
          [
            140.77550053049865,
            39.764751119598536,
            868.1
          ],
          [
            140.7753891396817,
            39.764777988723054,
            866.8
          ],
          [
            140.77527774886474,
            39.764804857847565,
            865.2
          ],
          [
            140.77516635804778,
            39.764831726972076,
            864.0
          ],
          [
            140.77505496723083,
            39.76485859609659,
            861.8
          ],
          [
            140.77494357641388,
            39.764885465221106,
            859.5
          ],
          [
            140.77483218559692,
            39.76491233434562,
            857.7
          ],
          [
            140.77472079477997,
            39.76493920347013,
            855.1
          ],
          [
            140.774609403963,
            39.76496607259464,
            853.0
          ],
          [
            140.77449801314606,
            39.76499294171916,
            849.9
          ],
          [
            140.7743866223291,
            39.76501981084367,
            846.4
          ],
          [
            140.77427523151212,
            39.76504667996818,
            844.2
          ],
          [
            140.77416384069517,
            39.76507354909269,
            840.5
          ],
          [
            140.77405164041573,
            39.765098266825966,
            838.3
          ],
          [
            140.77393891676024,
            39.76512159352925,
            834.5
          ],
          [
            140.77382619310475,
            39.76514492023253,
            831.0
          ],
          [
            140.7737134694493,
            39.765168246935815,
            829.2
          ],
          [
            140.7736007457938,
            39.76519157363909,
            826.7
          ],
          [
            140.7734880221383,
            39.76521490034238,
            824.4
          ],
          [
            140.77337529848282,
            39.76523822704566,
            821.5
          ],
          [
            140.77326257482736,
            39.76526155374894,
            819.8
          ],
          [
            140.77314985117187,
            39.76528488045222,
            817.8
          ],
          [
            140.77303712751637,
            39.765308207155506,
            815.3
          ],
          [
            140.77292440386088,
            39.765331533858784,
            812.5
          ],
          [
            140.77281168020542,
            39.76535486056206,
            811.1
          ],
          [
            140.77269895654993,
            39.76537818726535,
            809.9
          ],
          [
            140.77258623289444,
            39.76540151396863,
            809.3
          ],
          [
            140.77247350923895,
            39.76542484067191,
            808.5
          ],
          [
            140.7723607855835,
            39.76544816737519,
            805.4
          ],
          [
            140.772248061928,
            39.765471494078476,
            802.7
          ],
          [
            140.7721353382725,
            39.765494820781754,
            801.0
          ],
          [
            140.77202261461704,
            39.76551814748504,
            798.4
          ],
          [
            140.77190723198933,
            39.765531653745924,
            797.3
          ],
          [
            140.77179183435092,
            39.76554510456739,
            795.5
          ],
          [
            140.7716764367125,
            39.76555855538885,
            793.9
          ],
          [
            140.77156103907413,
            39.76557200621031,
            791.9
          ],
          [
            140.77144564143572,
            39.765585457031776,
            789.0
          ],
          [
            140.7713302437973,
            39.765598907853246,
            786.9
          ],
          [
            140.7712148461589,
            39.76561235867471,
            784.7
          ],
          [
            140.7710994485205,
            39.76562580949617,
            782.4
          ],
          [
            140.77098405088208,
            39.765639260317634,
            780.0
          ],
          [
            140.77086865324367,
            39.7656527111391,
            777.6
          ],
          [
            140.77075325560526,
            39.76566616196057,
            775.1
          ],
          [
            140.77063785796685,
            39.76567961278203,
            771.3
          ],
          [
            140.77052246032844,
            39.76569306360349,
            768.3
          ],
          [
            140.77040706269003,
            39.765706514424956,
            766.2
          ],
          [
            140.77029166505164,
            39.76571996524642,
            762.6
          ],
          [
            140.77017626741323,
            39.76573341606789,
            759.9
          ],
          [
            140.77006086977482,
            39.76574686688935,
            757.5
          ],
          [
            140.7699454721364,
            39.765760317710814,
            753.7
          ],
          [
            140.769830074498,
            39.76577376853228,
            750.8
          ],
          [
            140.7697146768596,
            39.76578721935374,
            748.7
          ],
          [
            140.76959927922118,
            39.76580067017521,
            745.9
          ],
          [
            140.76948374547132,
            39.765813392395735,
            743.6
          ],
          [
            140.76936811662037,
            39.765825605542766,
            741.7
          ],
          [
            140.76925248776942,
            39.765837818689796,
            738.1
          ],
          [
            140.76913685891847,
            39.76585003183683,
            734.6
          ],
          [
            140.76902123006752,
            39.76586224498386,
            731.8
          ],
          [
            140.76890560121657,
            39.76587445813089,
            729.8
          ],
          [
            140.76878997236562,
            39.76588667127792,
            726.9
          ],
          [
            140.76867434351468,
            39.76589888442495,
            723.5
          ],
          [
            140.76855871466373,
            39.76591109757198,
            721.5
          ],
          [
            140.76844308581278,
            39.76592331071901,
            718.5
          ],
          [
            140.76832745696183,
            39.76593552386604,
            716.9
          ],
          [
            140.76823839621338,
            39.76594493079179,
            716.7
          ]
        ]
      }
    },
    {
      "type": "Feature",
      "properties": {
        "name": "スキルアップ",
        "slope_deg": [
          16.436059224635738,
          16.436059224635738,
          16.436059224635738,
          19.417554141579483,
          18.52084947747122,
          18.133621430820412,
          20.68152167820093,
          20.17838007450879,
          22.0479474635603,
          25.056088833535423,
          22.782405730481635,
          24.820541335489082,
          22.04794746356044,
          21.056705590704752,
          20.30447370996038,
          19.162339354971866,
          19.034434354835135,
          16.172159015782583,
          16.304198003832376,
          13.088732789694,
          12.13388017063338,
          10.896152141141036,
          9.50877195829791,
          9.369385096487514,
          8.810732985984973,
          9.369385096487514,
          8.250387228905435,
          9.22988624372772,
          8.9505586562316,
          9.787203664656081,
          10.481218144130889,
          10.757967088390036,
          10.481218144130889,
          9.926245506651705,
          11.034209003250343,
          10.065169352759877,
          11.447596263685636,
          10.896152141141194,
          10.896152141141036,
          11.172136252167116,
          11.034209003250188,
          11.447596263685636,
          12.270720357815385,
          14.036243467926479,
          13.901350769509243,
          15.774985955414008,
          15.242997742901547,
          15.509334522674907,
          15.642246457208639,
          15.774985955414008,
          16.304198003832376,
          17.744671625056874,
          18.520849477471074,
          19.671969989200644,
          19.417554141579338,
          17.874511367250282,
          17.092662950267574,
          15.242997742901547,
          15.242997742901547,
          15.242997742901547,
          15.242997742901547
        ],
        "horizontal_dist_map": 598,
        "slope_dist_map": 622,
        "elevation_diff_map": 160.3,
        "avg_slope_deg_map": 14.4,
        "max_slope_deg_map": 25.1
      },
      "geometry": {
        "type": "LineString",
        "coordinates": [
          [
            140.77742046057546,
            39.762499978180244,
            939.7
          ],
          [
            140.77730841601075,
            39.7625251667764,
            938.6
          ],
          [
            140.77719637144605,
            39.76255035537256,
            934.2
          ],
          [
            140.77708432688132,
            39.762575543968715,
            931.1
          ],
          [
            140.77697228231662,
            39.76260073256487,
            927.9
          ],
          [
            140.77686023775192,
            39.76262592116103,
            924.5
          ],
          [
            140.77674819318722,
            39.762651109757186,
            920.8
          ],
          [
            140.7766361486225,
            39.76267629835335,
            918.0
          ],
          [
            140.77652410405778,
            39.7627014869495,
            912.8
          ],
          [
            140.77641205949308,
            39.76272667554566,
            909.8
          ],
          [
            140.77630001492838,
            39.76275186414182,
            904.6
          ],
          [
            140.77618864422433,
            39.762778676435126,
            899.3
          ],
          [
            140.77607849273,
            39.762808426468226,
            896.0
          ],
          [
            140.77596834123563,
            39.762838176501326,
            891.3
          ],
          [
            140.77585818974129,
            39.762867926534426,
            888.4
          ],
          [
            140.77574803824695,
            39.762897676567526,
            883.9
          ],
          [
            140.7756378867526,
            39.762927426600626,
            881.2
          ],
          [
            140.77552773525827,
            39.762957176633726,
            877.4
          ],
          [
            140.7754175837639,
            39.76298692666683,
            874.6
          ],
          [
            140.77530743226956,
            39.76301667669993,
            872.3
          ],
          [
            140.77519728077522,
            39.76304642673303,
            869.5
          ],
          [
            140.77508712928088,
            39.76307617676613,
            868.1
          ],
          [
            140.77497698227324,
            39.76310593661548,
            866.0
          ],
          [
            140.77486707611092,
            39.76313622339569,
            864.6
          ],
          [
            140.77475716994863,
            39.7631665101759,
            862.8
          ],
          [
            140.7746472637863,
            39.76319679695611,
            861.5
          ],
          [
            140.77453735762398,
            39.76322708373631,
            859.8
          ],
          [
            140.77442745146166,
            39.76325737051652,
            858.0
          ],
          [
            140.77431754529934,
            39.76328765729673,
            857.0
          ],
          [
            140.77420763913702,
            39.76331794407694,
            855.0
          ],
          [
            140.77409773297472,
            39.76334823085715,
            853.5
          ],
          [
            140.7739878268124,
            39.76337851763735,
            851.1
          ],
          [
            140.77387792065008,
            39.76340880441756,
            849.6
          ],
          [
            140.77376814719622,
            39.763439369513705,
            847.4
          ],
          [
            140.7736590349673,
            39.76347132132941,
            846.1
          ],
          [
            140.77354992273834,
            39.76350327314511,
            844.1
          ],
          [
            140.77344081050938,
            39.76353522496081,
            841.8
          ],
          [
            140.77333169828043,
            39.76356717677651,
            840.3
          ],
          [
            140.77322258605147,
            39.76359912859221,
            838.0
          ],
          [
            140.77311347382255,
            39.76363108040791,
            836.4
          ],
          [
            140.7730043615936,
            39.76366303222361,
            834.1
          ],
          [
            140.77289524936464,
            39.76369498403931,
            832.4
          ],
          [
            140.772785821151,
            39.763726278411596,
            830.2
          ],
          [
            140.77267608391688,
            39.76375692983029,
            828.3
          ],
          [
            140.77256634668274,
            39.76378758124899,
            825.4
          ],
          [
            140.77245660944862,
            39.76381823266769,
            822.4
          ],
          [
            140.77234687221448,
            39.763848884086386,
            820.3
          ],
          [
            140.77223713498034,
            39.763879535505076,
            817.0
          ],
          [
            140.77212739774623,
            39.76391018692377,
            814.5
          ],
          [
            140.7720176605121,
            39.76394083834247,
            811.3
          ],
          [
            140.77190792327798,
            39.76397148976117,
            809.1
          ],
          [
            140.77179857002164,
            39.764002889437315,
            805.7
          ],
          [
            140.77169139973435,
            39.76403854306464,
            802.8
          ],
          [
            140.77158422944703,
            39.76407419669198,
            798.5
          ],
          [
            140.77147705915974,
            39.76410985031931,
            795.7
          ],
          [
            140.77136988887244,
            39.764145503946644,
            791.4
          ],
          [
            140.77126271858515,
            39.76418115757397,
            788.7
          ],
          [
            140.77115554829786,
            39.76421681120131,
            785.6
          ],
          [
            140.7710482812534,
            39.764252291524734,
            783.4
          ],
          [
            140.7709410114776,
            39.764287766955974,
            780.5
          ],
          [
            140.77085231093588,
            39.76431710131362,
            779.4
          ]
        ]
      }
    },
    {
      "type": "Feature",
      "properties": {
        "name": "スノーパーク",
        "slope_deg": [
          9.369385096487514,
          9.369385096487514,
          9.369385096487514,
          11.034209003250343,
          12.543973346572077,
          14.57421619803871,
          14.708303899682749,
          13.90135076950909,
          13.495733280795843,
          12.68038349181982,
          11.585126224854955,
          10.481218144130889,
          11.7225209701022,
          12.95276451337558,
          12.95276451337558,
          14.97598451475675,
          15.37625124882619,
          13.90135076950909,
          15.774985955414008,
          15.907551930525813,
          14.842227057911131,
          14.170977562933123,
          12.68038349181982,
          11.996899307923577,
          10.896152141141194,
          11.585126224854955,
          11.447596263685636,
          11.172136252167116,
          10.757967088389877,
          11.034209003250343,
          10.203973721731748,
          8.810732985984973,
          7.688447769903003,
          6.277298489597523,
          6.418786730238786,
          6.56019640057118,
          8.39062701325255,
          8.9505586562316,
          8.9505586562316,
          8.250387228905595,
          7.68844776990284,
          7.266008446996026,
          5.568737077976604,
          8.39062701325255,
          10.757967088390036,
          12.543973346572077,
          12.543973346572077,
          12.543973346572077,
          12.543973346572077
        ],
        "horizontal_dist_map": 472,
        "slope_dist_map": 482,
        "elevation_diff_map": 93.3,
        "avg_slope_deg_map": 10.9,
        "max_slope_deg_map": 15.9
      },
      "geometry": {
        "type": "LineString",
        "coordinates": [
          [
            140.7655604560133,
            39.76133710883735,
            677.0
          ],
          [
            140.7654449508199,
            39.7613499600974,
            675.6
          ],
          [
            140.76532944562652,
            39.76136281135745,
            674.4
          ],
          [
            140.7652139404331,
            39.761375662617496,
            673.0
          ],
          [
            140.76509843523974,
            39.76138851387754,
            670.4
          ],
          [
            140.76498293004633,
            39.761401365137594,
            667.8
          ],
          [
            140.76486742485292,
            39.76141421639764,
            665.5
          ],
          [
            140.76475191965955,
            39.761427067657685,
            662.6
          ],
          [
            140.76463641446614,
            39.76143991891774,
            659.9
          ],
          [
            140.76452090927273,
            39.76145277017778,
            657.9
          ],
          [
            140.76440540407935,
            39.76146562143783,
            655.9
          ],
          [
            140.76428925638638,
            39.76147416273749,
            653.6
          ],
          [
            140.76417298685882,
            39.76148188675707,
            651.7
          ],
          [
            140.76405671733127,
            39.76148961077664,
            650.5
          ],
          [
            140.76394044780375,
            39.761497334796225,
            647.6
          ],
          [
            140.7638241782762,
            39.7615050588158,
            644.4
          ],
          [
            140.76370790874864,
            39.761512782835375,
            642.5
          ],
          [
            140.7635916392211,
            39.76152050685496,
            639.8
          ],
          [
            140.76347536969357,
            39.76152823087453,
            636.6
          ],
          [
            140.763359100166,
            39.76153595489411,
            634.5
          ],
          [
            140.76324283063846,
            39.76154367891369,
            631.2
          ],
          [
            140.763126541232,
            39.76155118949494,
            628.4
          ],
          [
            140.76301003504793,
            39.76155637255299,
            626.0
          ],
          [
            140.76289352886386,
            39.76156155561103,
            624.4
          ],
          [
            140.76277702267978,
            39.761566738669075,
            622.2
          ],
          [
            140.76266051649569,
            39.761571921727125,
            619.9
          ],
          [
            140.76254401031161,
            39.76157710478517,
            618.3
          ],
          [
            140.76242750412754,
            39.76158228784321,
            616.2
          ],
          [
            140.76231099794347,
            39.76158747090126,
            614.1
          ],
          [
            140.76219449175937,
            39.761592653959305,
            612.0
          ],
          [
            140.7620779855753,
            39.76159783701735,
            610.7
          ],
          [
            140.76196147939123,
            39.76160302007539,
            608.4
          ],
          [
            140.7618448315703,
            39.76160515650165,
            606.9
          ],
          [
            140.76172814357798,
            39.761606428834796,
            605.8
          ],
          [
            140.76161145558567,
            39.76160770116795,
            605.3
          ],
          [
            140.76149476759335,
            39.76160897350109,
            604.0
          ],
          [
            140.76137807960103,
            39.761610245834234,
            602.4
          ],
          [
            140.7612613916087,
            39.761611518167385,
            601.2
          ],
          [
            140.7611447036164,
            39.76161279050053,
            599.4
          ],
          [
            140.76102801562408,
            39.76161406283367,
            597.7
          ],
          [
            140.76091132763176,
            39.761615335166816,
            596.1
          ],
          [
            140.760794644606,
            39.761616834374635,
            595.4
          ],
          [
            140.7606779676408,
            39.761618610433935,
            594.0
          ],
          [
            140.76056129067558,
            39.76162038649324,
            592.6
          ],
          [
            140.76044461371038,
            39.76162216255255,
            592.2
          ],
          [
            140.76032793674517,
            39.76162393861185,
            589.5
          ],
          [
            140.76021125977996,
            39.761625714671155,
            586.4
          ],
          [
            140.76009458281476,
            39.761627490730454,
            583.7
          ],
          [
            140.76006745952026,
            39.761627903601834,
            583.7
          ]
        ]
      }
    },
    {
      "type": "Feature",
      "properties": {
        "name": "無名",
        "slope_deg": [
          15.509334522674907,
          15.509334522674907,
          15.509334522674907,
          15.907551930525813,
          16.172159015782583,
          16.304198003832227,
          16.17215901578243,
          16.69924423399362,
          16.567741642974887,
          16.039943306049665,
          14.842227057911131,
          13.90135076950909,
          12.543973346572233,
          12.816647648997467,
          11.58512622485511,
          11.859779120948104,
          10.481218144130889,
          10.065169352759877,
          9.22988624372772,
          8.110047829419,
          7.969610394321392,
          8.250387228905435,
          8.530765609948133,
          9.369385096487514,
          9.926245506651705,
          10.203973721731748,
          10.757967088390036,
          11.034209003250188,
          11.44759626368548,
          11.309932474020215,
          11.585126224854955,
          10.896152141141194,
          11.309932474020215,
          11.034209003250188,
          12.13388017063338,
          12.68038349181982,
          14.170977562933123,
          15.2429977429017,
          16.830565983210626,
          17.6146433000071,
          19.03443435483528,
          19.544862326628685,
          19.034434354835135,
          20.806791012711145,
          19.162339354971866,
          20.556045219583467,
          19.03443435483528,
          16.961705886532968,
          15.37625124882619,
          11.996899307923577,
          11.7225209701022,
          10.342657140474548,
          10.619655276155134,
          10.481218144130889,
          9.22988624372772,
          9.22988624372772,
          7.406912128495133,
          7.969610394321392,
          8.250387228905435,
          8.39062701325255,
          9.09027692082245,
          6.842773412631036,
          8.810732985984973,
          8.250387228905595,
          9.787203664656081,
          11.309932474020215,
          9.926245506651705,
          11.859779120947948,
          10.342657140474548,
          10.20397372173159,
          8.250387228905435,
          5.710593137499643,
          4.289153328819018,
          1.8614576304668264,
          2.862405226111748,
          5.2848210925090795,
          6.560196400571341,
          8.530765609948133,
          9.09027692082245,
          9.09027692082245,
          9.09027692082245,
          9.09027692082245
        ],
        "horizontal_dist_map": 807,
        "slope_dist_map": 827,
        "elevation_diff_map": 166.7,
        "avg_slope_deg_map": 11.4,
        "max_slope_deg_map": 20.8
      },
      "geometry": {
        "type": "LineString",
        "coordinates": [
          [
            140.7693943956251,
            39.76412967448667,
            754.4
          ],
          [
            140.76928670858504,
            39.7640949612868,
            752.5
          ],
          [
            140.76917902154494,
            39.764060248086935,
            749.2
          ],
          [
            140.76907133450487,
            39.76402553488706,
            746.9
          ],
          [
            140.76896364746477,
            39.763990821687194,
            743.3
          ],
          [
            140.7688559604247,
            39.76395610848733,
            741.1
          ],
          [
            140.76874827338463,
            39.76392139528746,
            737.6
          ],
          [
            140.76864058634453,
            39.763886682087595,
            735.2
          ],
          [
            140.76853289930446,
            39.76385196888773,
            731.7
          ],
          [
            140.76842521226436,
            39.763817255687854,
            729.1
          ],
          [
            140.7683175252243,
            39.76378254248799,
            725.7
          ],
          [
            140.76820983818422,
            39.76374782928812,
            723.7
          ],
          [
            140.76810215114412,
            39.763713116088255,
            721.1
          ],
          [
            140.76799446410405,
            39.76367840288839,
            719.2
          ],
          [
            140.76788677706395,
            39.763643689688514,
            716.8
          ],
          [
            140.76777909002388,
            39.76360897648865,
            714.6
          ],
          [
            140.76767043275305,
            39.76357611585447,
            712.9
          ],
          [
            140.76756176965642,
            39.76354326634412,
            710.8
          ],
          [
            140.76745310655977,
            39.76351041683377,
            709.4
          ],
          [
            140.76734444346314,
            39.76347756732341,
            707.5
          ],
          [
            140.76723578036652,
            39.763444717813066,
            706.4
          ],
          [
            140.7671271172699,
            39.76341186830271,
            705.1
          ],
          [
            140.76701845417324,
            39.76337901879236,
            703.8
          ],
          [
            140.7669097910766,
            39.76334616928201,
            701.7
          ],
          [
            140.76680112798,
            39.763313319771655,
            700.4
          ],
          [
            140.76669246488336,
            39.7632804702613,
            698.5
          ],
          [
            140.7665838017867,
            39.76324762075095,
            696.8
          ],
          [
            140.76647513869008,
            39.7632147712406,
            694.5
          ],
          [
            140.76636647559346,
            39.763181921730244,
            692.8
          ],
          [
            140.76625781249683,
            39.76314907221989,
            690.7
          ],
          [
            140.76614914940018,
            39.76311622270954,
            688.7
          ],
          [
            140.76604048630355,
            39.76308337319919,
            686.5
          ],
          [
            140.76593182320693,
            39.76305052368883,
            684.6
          ],
          [
            140.7658231601103,
            39.763017674178485,
            683.0
          ],
          [
            140.76571449701365,
            39.76298482466813,
            680.7
          ],
          [
            140.76560583391702,
            39.762951975157776,
            678.7
          ],
          [
            140.7654971708204,
            39.76291912564743,
            676.0
          ],
          [
            140.76538850772377,
            39.762886276137074,
            674.0
          ],
          [
            140.76527984462714,
            39.76285342662672,
            670.6
          ],
          [
            140.7651711815305,
            39.76282057711637,
            667.8
          ],
          [
            140.76506251843387,
            39.76278772760602,
            663.9
          ],
          [
            140.76495385533724,
            39.76275487809566,
            661.3
          ],
          [
            140.7648451922406,
            39.76272202858531,
            656.8
          ],
          [
            140.76473475397734,
            39.76269307840073,
            653.6
          ],
          [
            140.76462335506596,
            39.762666238372965,
            650.1
          ],
          [
            140.7645119561546,
            39.7626393983452,
            646.1
          ],
          [
            140.76440055724325,
            39.76261255831743,
            642.9
          ],
          [
            140.76428915833188,
            39.762585718289664,
            638.6
          ],
          [
            140.7641777594205,
            39.76255887826189,
            636.3
          ],
          [
            140.76406636050913,
            39.76253203823413,
            633.9
          ],
          [
            140.76395496159776,
            39.762505198206355,
            631.9
          ],
          [
            140.76384353011073,
            39.76247843945725,
            630.1
          ],
          [
            140.76373209103028,
            39.7624516996543,
            628.0
          ],
          [
            140.76362065194982,
            39.762424959851344,
            626.6
          ],
          [
            140.76350921286934,
            39.7623982200484,
            624.4
          ],
          [
            140.76339777378888,
            39.76237148024544,
            622.7
          ],
          [
            140.76328655844324,
            39.76234421505632,
            621.5
          ],
          [
            140.7631762878345,
            39.76231473138497,
            620.1
          ],
          [
            140.76306601722578,
            39.76228524771361,
            619.2
          ],
          [
            140.76295574661708,
            39.76225576404226,
            617.1
          ],
          [
            140.76284547600835,
            39.76222628037091,
            615.7
          ],
          [
            140.76273520539962,
            39.762196796699556,
            614.2
          ],
          [
            140.76262559310183,
            39.7621658978081,
            612.8
          ],
          [
            140.76251619423073,
            39.76213454009747,
            612.3
          ],
          [
            140.7624067953596,
            39.762103182386845,
            609.5
          ],
          [
            140.76229739648846,
            39.76207182467622,
            608.4
          ],
          [
            140.76218799761733,
            39.762040466965594,
            605.9
          ],
          [
            140.76207859874623,
            39.76200910925497,
            604.3
          ],
          [
            140.7619691998751,
            39.761977751544336,
            602.5
          ],
          [
            140.76185508694584,
            39.76196145726939,
            600.0
          ],
          [
            140.7617392034316,
            39.76195082077221,
            598.6
          ],
          [
            140.76162331991736,
            39.76194018427503,
            597.1
          ],
          [
            140.76150743640312,
            39.76192954777786,
            596.7
          ],
          [
            140.76139155288885,
            39.76191891128068,
            596.0
          ],
          [
            140.7612756693746,
            39.76190827478351,
            595.6
          ],
          [
            140.76115978586037,
            39.76189763828633,
            595.8
          ],
          [
            140.7610437682276,
            39.761888264376104,
            594.7
          ],
          [
            140.7609271875561,
            39.76188419089244,
            592.3
          ],
          [
            140.76081060688458,
            39.76188011740878,
            591.0
          ],
          [
            140.76069402621306,
            39.76187604392512,
            589.8
          ],
          [
            140.76057744554154,
            39.76187197044146,
            588.3
          ],
          [
            140.7604927948891,
            39.76186901263512,
            587.7
          ]
        ]
      }
    }
  ]
}