{
  "type": "FeatureCollection",
  "features": [
    {
      "type": "Feature",
      "properties": {
        "name": "スキップ_2",
        "slope_deg": [
          17.484427323220586,
          17.484427323220586,
          17.484427323220586,
          19.54486232662854,
          15.109575122340402,
          14.84222705791098,
          13.495733280795996,
          15.907551930525962,
          18.906332035086663,
          21.43000730175244,
          24.584094695437884,
          24.584094695437884,
          24.584094695437884,
          24.584094695437884
        ],
        "horizontal_dist_map": 129,
        "slope_dist_map": 136,
        "elevation_diff_map": 42.3,
        "avg_slope_deg_map": 17.2,
        "max_slope_deg_map": 24.6
      },
      "geometry": {
        "type": "LineString",
        "coordinates": [
          [
            136.93889010685754,
            35.949118309770576,
            1262.0
          ],
          [
            136.93884527604217,
            35.94920073292233,
            1259.6
          ],
          [
            136.93880044522678,
            35.94928315607409,
            1255.2
          ],
          [
            136.9387556144114,
            35.94936557922584,
            1252.3
          ],
          [
            136.93870800125424,
            35.949446915002355,
            1249.4
          ],
          [
            136.93865684823425,
            35.94952686735457,
            1245.4
          ],
          [
            136.9385800389455,
            35.94958383586747,
            1244.4
          ],
          [
            136.93847270847294,
            35.94959365721811,
            1241.7
          ],
          [
            136.9383639104906,
            35.94958036330331,
            1239.8
          ],
          [
            136.93825996674053,
            35.94954907231539,
            1234.0
          ],
          [
            136.9381594220062,
            35.94951137921166,
            1230.7
          ],
          [
            136.93805993618324,
            35.94947174673073,
            1226.0
          ],
          [
            136.93795271250198,
            35.94944891728051,
            1221.5
          ],
          [
            136.937852868746,
            35.949427659121596,
            1219.7
          ]
        ]
      }
    },
    {
      "type": "Feature",
      "properties": {
        "name": "スキップ",
        "slope_deg": [
          28.035301206707,
          28.035301206707,
          28.035301206707,
          25.873385226286196,
          22.90405780363674,
          20.17838007450879,
          17.092662950267425,
          17.223436191131583,
          17.874511367250427,
          18.906332035086372,
          19.290046219188735,
          18.778033222445426,
          18.00416160591338,
          17.35402463626132,
          16.830565983210477,
          18.26288994219419,
          16.567741642974738,
          17.74467162505717,
          15.2429977429017,
          14.439965121002654,
          13.631094443421603,
          13.766300685466197,
          13.360218444764483,
          12.133880170633224,
          14.305551846622015,
          12.407418527400683,
          14.574216198038554,
          13.901350769509243,
          12.816647648997312,
          11.859779120948104,
          10.619655276155134,
          11.859779120948104,
          10.481218144131045,
          10.48121814413073,
          10.48121814413073,
          10.48121814413073,
          10.48121814413073
        ],
        "horizontal_dist_map": 354,
        "slope_dist_map": 371,
        "elevation_diff_map": 103.9,
        "avg_slope_deg_map": 15.6,
        "max_slope_deg_map": 28.0
      },
      "geometry": {
        "type": "LineString",
        "coordinates": [
          [
            136.9378295308544,
            35.9491110079877,
            1238.4
          ],
          [
            136.9378024223875,
            35.949198395062545,
            1233.9
          ],
          [
            136.9377753139206,
            35.949285782137395,
            1227.6
          ],
          [
            136.93774820545372,
            35.94937316921224,
            1223.3
          ],
          [
            136.93772140698283,
            35.949460617925695,
            1217.1
          ],
          [
            136.93769586200392,
            35.94954831587944,
            1214.5
          ],
          [
            136.937670317025,
            35.949636013833185,
            1210.7
          ],
          [
            136.93764985993172,
            35.9497245815891,
            1208.6
          ],
          [
            136.93762980943853,
            35.949813218855546,
            1204.8
          ],
          [
            136.93760471637296,
            35.94990095948508,
            1202.1
          ],
          [
            136.93757743422546,
            35.94998831086652,
            1197.8
          ],
          [
            136.93755015207796,
            35.95007566224796,
            1194.9
          ],
          [
            136.93752286993043,
            35.9501630136294,
            1190.8
          ],
          [
            136.93749558778293,
            35.95025036501084,
            1188.5
          ],
          [
            136.93746830563543,
            35.950337716392276,
            1184.8
          ],
          [
            136.93744102348793,
            35.95042506777372,
            1182.4
          ],
          [
            136.9374174573539,
            35.9505130862315,
            1178.7
          ],
          [
            136.93739697276334,
            35.95060165786941,
            1175.3
          ],
          [
            136.93737848645364,
            35.95069026931194,
            1172.9
          ],
          [
            136.9373936124659,
            35.950779550292935,
            1169.6
          ],
          [
            136.93740903032756,
            35.950868796047914,
            1167.8
          ],
          [
            136.93742645341527,
            35.95095779977356,
            1165.0
          ],
          [
            136.93744387650298,
            35.95104680349922,
            1163.2
          ],
          [
            136.93746129959072,
            35.951135807224865,
            1159.8
          ],
          [
            136.9374749388267,
            35.95122523255506,
            1158.3
          ],
          [
            136.9374876054698,
            35.95131476625356,
            1156.4
          ],
          [
            136.93750027211289,
            35.95140429995206,
            1153.0
          ],
          [
            136.93751293875596,
            35.95149383365056,
            1151.0
          ],
          [
            136.93752670221969,
            35.95158323208083,
            1147.9
          ],
          [
            136.93754725838934,
            35.95167179278311,
            1146.5
          ],
          [
            136.93756781455897,
            35.95176035348538,
            1143.9
          ],
          [
            136.93758837072863,
            35.951848914187664,
            1142.6
          ],
          [
            136.93760439954426,
            35.9519380029033,
            1140.4
          ],
          [
            136.93761528852363,
            35.95202769106445,
            1138.1
          ],
          [
            136.937626177503,
            35.95211737922561,
            1136.5
          ],
          [
            136.93763706648238,
            35.95220706738677,
            1135.2
          ],
          [
            136.93764174438616,
            35.95224559740627,
            1134.5
          ]
        ]
      }
    },
    {
      "type": "Feature",
      "properties": {
        "name": "パノラマウェイ_#下部",
        "slope_deg": [
          3.148096099562824,
          3.148096099562824,
          3.148096099562824,
          2.862405226111748,
          2.147585428298503,
          4.289153328819018,
          5.852378988915493,
          6.418786730238786,
          8.9505586562316,
          8.670801453591151,
          7.688447769903003,
          9.369385096487674,
          8.9505586562316,
          9.22988624372772,
          10.619655276155134,
          10.896152141141194,
          11.996899307923577,
          12.133880170633224,
          12.543973346572233,
          12.407418527400683,
          12.68038349181982,
          12.68038349181982,
          11.44759626368548,
          10.203973721731748,
          7.688447769903003,
          6.135733340186728,
          6.135733340186728,
          6.842773412630876,
          6.98393746008542,
          7.125016348901798,
          7.266008446996189,
          6.983937460085098,
          7.969610394321233,
          8.950558656231918,
          9.787203664655925,
          11.44759626368579,
          12.68038349181982,
          13.631094443421295,
          14.036243467926479,
          14.97598451475675,
          14.84222705791098,
          15.77498595541431,
          17.092662950267425,
          15.509334522674754,
          14.97598451475675,
          15.37625124882619,
          13.224551192213651,
          15.509334522674754,
          15.774985955414008,
          15.242997742901395,
          17.744671625056874,
          16.43605922463589,
          16.039943306049665,
          15.37625124882619,
          13.224551192213651,
          11.172136252166961,
          8.670801453591151,
          6.98393746008542,
          5.568737077976444,
          5.852378988915814,
          8.250387228905435,
          9.369385096487358,
          10.065169352760034,
          11.7225209701022,
          12.270720357815385,
          12.133880170633535,
          11.7225209701022,
          10.48121814413073,
          8.9505586562316,
          7.688447769902681,
          6.98393746008542,
          6.701525844729548,
          5.568737077976766,
          3.576334374997351,
          2.7195054612723095,
          3.005269359690129,
          3.7189939731579127,
          6.418786730238786,
          7.969610394321551,
          7.547725773843047,
          8.670801453590833,
          8.11004782941916,
          9.090276920822133,
          8.11004782941916,
          7.406912128495294,
          6.98393746008542,
          3.718993973158237,
          3.576334374997351,
          2.862405226111748,
          2.433606100719861,
          2.433606100719861,
          3.7189939731579127,
          4.431564716436037,
          4.431564716436037,
          5.000644597558433,
          4.573921259900927,
          4.146688825965815,
          5.710593137499643,
          6.842773412631197,
          7.406912128495294,
          7.406912128495294,
          7.266008446995867,
          7.266008446995867,
          7.688447769902681,
          9.09027692082245,
          9.369385096487674,
          8.810732985984973,
          6.98393746008542,
          4.431564716435714,
          3.7189939731579127,
          5.142764557884112,
          7.829076510059608,
          11.44759626368548,
          13.360218444764483,
          14.439965121002654,
          14.574216198038554,
          14.305551846622015,
          13.49573328079569,
          11.034209003250501,
          10.342657140474863,
          9.22988624372772,
          9.50877195829791,
          11.034209003250188,
          11.034209003250188,
          11.859779120948104,
          12.270720357815385,
          12.270720357815385,
          11.44759626368548,
          9.787203664655925,
          8.9505586562316,
          7.969610394321233,
          7.829076510059608,
          9.09027692082245,
          9.648045316098093,
          11.309932474020215,
          13.360218444764483,
          12.816647648997312,
          13.224551192213651,
          12.407418527400683,
          11.44759626368579,
          11.44759626368579,
          10.203973721731748,
          11.172136252167274,
          11.309932474020215,
          9.926245506651705,
          9.926245506651705,
          9.926245506651705,
          9.926245506651705
        ],
        "horizontal_dist_map": 1460,
        "slope_dist_map": 1484,
        "elevation_diff_map": 239.9,
        "avg_slope_deg_map": 9.2,
        "max_slope_deg_map": 17.7
      },
      "geometry": {
        "type": "LineString",
        "coordinates": [
          [
            136.9433046,
            35.9476932,
            1342.2
          ],
          [
            136.94321549733883,
            35.94774680118312,
            1341.9
          ],
          [
            136.94312639467765,
            35.947800402366234,
            1341.0
          ],
          [
            136.94302868296037,
            35.94784257125867,
            1340.9
          ],
          [
            136.94292700852463,
            35.94787522285219,
            1340.0
          ],
          [
            136.942816352793,
            35.947880368093685,
            1339.9
          ],
          [
            136.94271275590373,
            35.947852709771055,
            1339.5
          ],
          [
            136.9426108230102,
            35.947817318595554,
            1337.9
          ],
          [
            136.94250628031054,
            35.947788232069904,
            1335.9
          ],
          [
            136.94239818846856,
            35.94777408820655,
            1335.4
          ],
          [
            136.94228835633996,
            35.947786092828395,
            1333.2
          ],
          [
            136.94217897946947,
            35.94780067050064,
            1331.8
          ],
          [
            136.94206960259896,
            35.94781524817289,
            1330.5
          ],
          [
            136.94196022572848,
            35.94782982584513,
            1328.8
          ],
          [
            136.94185454886804,
            35.94785617362745,
            1326.9
          ],
          [
            136.94174998558782,
            35.94788606382227,
            1325.3
          ],
          [
            136.9416454223076,
            35.94791595401709,
            1323.0
          ],
          [
            136.9415408590274,
            35.94794584421191,
            1321.1
          ],
          [
            136.9414362957472,
            35.94797573440673,
            1318.4
          ],
          [
            136.94133173246698,
            35.94800562460156,
            1316.7
          ],
          [
            136.94122563371297,
            35.9480310499886,
            1314.1
          ],
          [
            136.94111716905502,
            35.94804959586636,
            1312.3
          ],
          [
            136.94100870439703,
            35.948068141744116,
            1309.4
          ],
          [
            136.94090023973908,
            35.948086687621874,
            1307.7
          ],
          [
            136.94079177508112,
            35.94810523349964,
            1306.0
          ],
          [
            136.94068331042317,
            35.9481237793774,
            1305.1
          ],
          [
            136.94057527900412,
            35.94814376890722,
            1304.0
          ],
          [
            136.94046850084075,
            35.94816793457394,
            1303.4
          ],
          [
            136.94036172267735,
            35.94819210024065,
            1301.7
          ],
          [
            136.94025494451395,
            35.94821626590736,
            1300.3
          ],
          [
            136.9401481998331,
            35.94824052339876,
            1299.1
          ],
          [
            136.9400424810856,
            35.94826759447913,
            1298.4
          ],
          [
            136.93993676233816,
            35.948294665559494,
            1296.6
          ],
          [
            136.9398310435907,
            35.94832173663986,
            1295.4
          ],
          [
            136.93972592627335,
            35.94834980435017,
            1293.5
          ],
          [
            136.93963490560813,
            35.94840123162518,
            1292.1
          ],
          [
            136.9395438849429,
            35.948452658900194,
            1289.7
          ],
          [
            136.93945286427768,
            35.948504086175205,
            1287.3
          ],
          [
            136.93936184361246,
            35.948555513450216,
            1284.5
          ],
          [
            136.93927082294724,
            35.94860694072523,
            1282.4
          ],
          [
            136.93918696406894,
            35.948665866795245,
            1279.7
          ],
          [
            136.93910315156847,
            35.94872484142545,
            1276.6
          ],
          [
            136.93901497256456,
            35.94877855276598,
            1273.9
          ],
          [
            136.93891633220616,
            35.94881965421398,
            1271.1
          ],
          [
            136.93881499915534,
            35.94885046889253,
            1267.4
          ],
          [
            136.93870432363502,
            35.94884559296336,
            1265.5
          ],
          [
            136.93859364811473,
            35.94884071703419,
            1263.2
          ],
          [
            136.93848297259441,
            35.948835841105016,
            1260.1
          ],
          [
            136.93837437210007,
            35.94885011736104,
            1258.0
          ],
          [
            136.93826644968826,
            35.94887065221885,
            1254.4
          ],
          [
            136.9381585272764,
            35.948891187076654,
            1251.9
          ],
          [
            136.93805893656776,
            35.948929484789595,
            1249.2
          ],
          [
            136.93796160700043,
            35.9489726031646,
            1245.2
          ],
          [
            136.93786427743308,
            35.9490157215396,
            1242.6
          ],
          [
            136.93776694786575,
            35.94905883991461,
            1240.4
          ],
          [
            136.93767081089996,
            35.949103466145914,
            1238.2
          ],
          [
            136.93758218584142,
            35.94915758999769,
            1235.8
          ],
          [
            136.9374956379879,
            35.949213640915445,
            1234.7
          ],
          [
            136.93741803090953,
            35.94927798637508,
            1234.3
          ],
          [
            136.93734042383113,
            35.94934233183471,
            1233.3
          ],
          [
            136.93726617473138,
            35.9494086658106,
            1231.9
          ],
          [
            136.93721467167532,
            35.949488469460725,
            1230.6
          ],
          [
            136.93716316861926,
            35.949568273110856,
            1228.5
          ],
          [
            136.93710882874447,
            35.9496464715404,
            1226.7
          ],
          [
            136.937034690428,
            35.949713466975005,
            1224.8
          ],
          [
            136.93696055211154,
            35.94978046240961,
            1222.3
          ],
          [
            136.93688641379507,
            35.94984745784422,
            1219.8
          ],
          [
            136.93681699535608,
            35.9499176622514,
            1218.1
          ],
          [
            136.93674903167806,
            35.94998885572835,
            1216.5
          ],
          [
            136.93668106800004,
            35.95006004920529,
            1214.9
          ],
          [
            136.93660245035952,
            35.9501233525107,
            1213.5
          ],
          [
            136.93653435778094,
            35.950191916157586,
            1212.7
          ],
          [
            136.9364954951803,
            35.9502763190281,
            1211.6
          ],
          [
            136.93645663257968,
            35.95036072189862,
            1210.2
          ],
          [
            136.93643892306469,
            35.95044938790074,
            1209.6
          ],
          [
            136.93642480744583,
            35.95053877820629,
            1210.2
          ],
          [
            136.93638658405928,
            35.95062236739105,
            1209.7
          ],
          [
            136.93633859518053,
            35.95070360667763,
            1208.1
          ],
          [
            136.9362612464477,
            35.95076777606918,
            1207.0
          ],
          [
            136.9361822191973,
            35.95083096956626,
            1205.7
          ],
          [
            136.9360806867338,
            35.95086288254311,
            1204.1
          ],
          [
            136.93597421078488,
            35.95088792445439,
            1202.8
          ],
          [
            136.93586605344603,
            35.95090530252106,
            1200.9
          ],
          [
            136.9357554958303,
            35.95091174002635,
            1200.0
          ],
          [
            136.93564544843022,
            35.95092121607702,
            1197.7
          ],
          [
            136.93553706578584,
            35.95093970768947,
            1197.1
          ],
          [
            136.93543774591762,
            35.95097971708245,
            1195.7
          ],
          [
            136.93533842604938,
            35.95101972647542,
            1195.1
          ],
          [
            136.93523910618114,
            35.9510597358684,
            1195.1
          ],
          [
            136.93514621309419,
            35.95110882910631,
            1194.6
          ],
          [
            136.93505374836283,
            35.951158527797496,
            1193.7
          ],
          [
            136.93496128363145,
            35.95120822648869,
            1193.4
          ],
          [
            136.9348688189001,
            35.951257925179874,
            1193.4
          ],
          [
            136.9347711153584,
            35.951300092932435,
            1192.0
          ],
          [
            136.93467108721214,
            35.95133891900002,
            1190.6
          ],
          [
            136.9345710590659,
            35.9513777450676,
            1190.3
          ],
          [
            136.93447103091964,
            35.951416571135184,
            1189.9
          ],
          [
            136.93437852482384,
            35.95146538614018,
            1188.8
          ],
          [
            136.93429357034094,
            35.951523007282866,
            1187.7
          ],
          [
            136.93422609732548,
            35.951593816085584,
            1186.3
          ],
          [
            136.93417984318535,
            35.951675093210675,
            1185.1
          ],
          [
            136.93414334550053,
            35.951760191406365,
            1183.6
          ],
          [
            136.9341068478157,
            35.951845289602055,
            1182.5
          ],
          [
            136.9340703501309,
            35.95193038779774,
            1181.2
          ],
          [
            136.9340297266476,
            35.95201412153148,
            1180.0
          ],
          [
            136.93398280629233,
            35.9520957727975,
            1178.2
          ],
          [
            136.93393588593707,
            35.95217742406352,
            1176.1
          ],
          [
            136.93388896558184,
            35.95225907532954,
            1174.6
          ],
          [
            136.93384204522658,
            35.95234072659557,
            1173.8
          ],
          [
            136.93379512487135,
            35.952422377861595,
            1173.3
          ],
          [
            136.9337482045161,
            35.95250402912762,
            1173.0
          ],
          [
            136.93370128416086,
            35.95258568039364,
            1172.0
          ],
          [
            136.9336543638056,
            35.95266733165966,
            1170.2
          ],
          [
            136.93360744345037,
            35.952748982925684,
            1167.8
          ],
          [
            136.93355451385983,
            35.95282750372716,
            1164.9
          ],
          [
            136.93348288983506,
            35.952896285808,
            1162.5
          ],
          [
            136.93341126581032,
            35.95296506788885,
            1159.9
          ],
          [
            136.93333964178555,
            35.953033849969685,
            1157.4
          ],
          [
            136.9332680177608,
            35.95310263205053,
            1154.7
          ],
          [
            136.93319639373604,
            35.953171414131376,
            1152.9
          ],
          [
            136.9331247697113,
            35.95324019621222,
            1152.1
          ],
          [
            136.93305314568656,
            35.953308978293066,
            1150.1
          ],
          [
            136.9329815216618,
            35.953377760373904,
            1148.2
          ],
          [
            136.93290989763705,
            35.95344654245475,
            1146.2
          ],
          [
            136.9328262965496,
            35.95350489947452,
            1144.3
          ],
          [
            136.9327370211996,
            35.95355831750922,
            1142.3
          ],
          [
            136.93264774584964,
            35.95361173554392,
            1139.8
          ],
          [
            136.93255753912538,
            35.95366397236565,
            1137.5
          ],
          [
            136.93246056915933,
            35.95370763172346,
            1135.6
          ],
          [
            136.93236359919328,
            35.95375129108126,
            1134.2
          ],
          [
            136.93226662922723,
            35.95379495043907,
            1132.9
          ],
          [
            136.93216965926118,
            35.95383860979687,
            1131.2
          ],
          [
            136.93207268929513,
            35.953882269154676,
            1130.0
          ],
          [
            136.93197571932907,
            35.95392592851248,
            1128.7
          ],
          [
            136.93187595797497,
            35.953964940666886,
            1126.5
          ],
          [
            136.93177398614054,
            35.95400027273405,
            1124.4
          ],
          [
            136.93167201430612,
            35.95403560480121,
            1122.0
          ],
          [
            136.9315700424717,
            35.954070936868376,
            1119.2
          ],
          [
            136.93146807063727,
            35.95410626893554,
            1117.4
          ],
          [
            136.93136066401593,
            35.954127962687195,
            1115.0
          ],
          [
            136.93125258300228,
            35.95414796408635,
            1113.2
          ],
          [
            136.93114450198863,
            35.9541679654855,
            1111.1
          ],
          [
            136.9310404006962,
            35.95419887558194,
            1109.3
          ],
          [
            136.93093453735435,
            35.95422290739351,
            1107.8
          ],
          [
            136.93082391535071,
            35.95422862601716,
            1105.3
          ],
          [
            136.93071603120313,
            35.95424305864648,
            1103.1
          ],
          [
            136.93061558932658,
            35.954281178420324,
            1102.3
          ],
          [
            136.93061255986137,
            35.95428232816516,
            1102.3
          ]
        ]
      }
    },
    {
      "type": "Feature",
      "properties": {
        "name": "センターウェイ",
        "slope_deg": [
          13.224551192213651,
          13.224551192213651,
          13.224551192213651,
          11.034209003250188,
          12.133880170633224,
          12.270720357815385,
          11.309932474020215,
          12.407418527400683,
          11.44759626368579,
          11.44759626368548,
          10.896152141141194,
          9.64804531609841,
          10.619655276155134,
          10.065169352760034,
          9.648045316098093,
          10.342657140474548,
          9.369385096487358,
          9.508771958297594,
          10.619655276155134,
          10.619655276155134,
          11.034209003250188,
          10.896152141141194,
          11.172136252166961,
          11.58512622485511,
          11.44759626368579,
          11.44759626368579,
          10.481218144131045,
          10.48121814413073,
          10.48121814413073,
          10.342657140474548,
          10.757967088389877,
          10.203973721731748,
          10.342657140474548,
          10.757967088389877,
          10.619655276155134,
          10.481218144131045,
          9.64804531609841,
          9.926245506651705,
          10.203973721731748,
          9.648045316098093,
          10.342657140474548,
          10.065169352760034,
          9.50877195829791,
          10.065169352759717,
          9.369385096487358,
          9.508771958297594,
          9.22988624372772,
          9.369385096487674,
          9.369385096487674,
          9.22988624372772,
          9.369385096487358,
          10.342657140474548,
          10.203973721731431,
          10.065169352760034,
          10.203973721731748,
          8.810732985984973,
          9.22988624372772,
          9.090276920822133,
          8.9505586562316,
          8.810732985984655,
          8.950558656231918,
          9.09027692082245,
          8.530765609948133,
          8.530765609948133,
          8.530765609948133,
          8.530765609948133
        ],
        "horizontal_dist_map": 641,
        "slope_dist_map": 652,
        "elevation_diff_map": 116.3,
        "avg_slope_deg_map": 10.1,
        "max_slope_deg_map": 13.2
      },
      "geometry": {
        "type": "LineString",
        "coordinates": [
          [
            136.93999306890868,
            35.951224327880425,
            1181.2
          ],
          [
            136.93989156119872,
            35.95126052640345,
            1178.0
          ],
          [
            136.93979005348876,
            35.95129672492648,
            1176.3
          ],
          [
            136.9396885457788,
            35.95133292344951,
            1174.5
          ],
          [
            136.93958703806885,
            35.95136912197254,
            1171.8
          ],
          [
            136.9394855303589,
            35.95140532049557,
            1170.2
          ],
          [
            136.93938402264897,
            35.951441519018594,
            1167.7
          ],
          [
            136.939282514939,
            35.95147771754162,
            1165.8
          ],
          [
            136.93918100722905,
            35.951513916064656,
            1163.8
          ],
          [
            136.93908216590813,
            35.95155427652022,
            1161.4
          ],
          [
            136.93898750870795,
            35.95160116791629,
            1159.6
          ],
          [
            136.93889285150777,
            35.951648059312355,
            1157.7
          ],
          [
            136.9387981943076,
            35.95169495070843,
            1156.1
          ],
          [
            136.93870353710741,
            35.9517418421045,
            1154.6
          ],
          [
            136.93860887990724,
            35.951788733500564,
            1152.1
          ],
          [
            136.93852627543626,
            35.951848766662856,
            1150.6
          ],
          [
            136.93844399930595,
            35.951909157833384,
            1149.3
          ],
          [
            136.93836172317563,
            35.95196954900392,
            1147.3
          ],
          [
            136.93827944704532,
            35.95202994017445,
            1145.5
          ],
          [
            136.93819717091498,
            35.952090331344984,
            1143.9
          ],
          [
            136.93811489478466,
            35.95215072251551,
            1141.8
          ],
          [
            136.93803261865435,
            35.95221111368605,
            1139.8
          ],
          [
            136.93795034252403,
            35.952271504856576,
            1137.7
          ],
          [
            136.937868072227,
            35.952331901445184,
            1136.2
          ],
          [
            136.93778581398246,
            35.95239230922839,
            1133.9
          ],
          [
            136.93770355573793,
            35.952452717011596,
            1131.6
          ],
          [
            136.9376212974934,
            35.9525131247948,
            1129.6
          ],
          [
            136.93753903924886,
            35.95257353257801,
            1128.1
          ],
          [
            136.93745678100433,
            35.95263394036121,
            1126.5
          ],
          [
            136.9373745227598,
            35.95269434814442,
            1124.2
          ],
          [
            136.93729226451526,
            35.95275475592762,
            1122.2
          ],
          [
            136.9372100062707,
            35.95281516371083,
            1120.8
          ],
          [
            136.93712774802617,
            35.95287557149404,
            1118.9
          ],
          [
            136.9370532422133,
            35.952942136051384,
            1117.0
          ],
          [
            136.93698090695744,
            35.953010424407125,
            1114.9
          ],
          [
            136.9369085717016,
            35.95307871276287,
            1113.2
          ],
          [
            136.9368362364457,
            35.953147001118616,
            1111.4
          ],
          [
            136.93676390118986,
            35.95321528947436,
            1109.6
          ],
          [
            136.936691565934,
            35.9532835778301,
            1108.1
          ],
          [
            136.93661923067813,
            35.95335186618584,
            1106.2
          ],
          [
            136.93654689542228,
            35.95342015454159,
            1104.2
          ],
          [
            136.93647456016643,
            35.95348844289733,
            1102.8
          ],
          [
            136.93640222491055,
            35.95355673125307,
            1100.8
          ],
          [
            136.9363298896547,
            35.95362501960882,
            1099.1
          ],
          [
            136.93625886918315,
            35.95369415090245,
            1097.5
          ],
          [
            136.93619407398137,
            35.953767273356966,
            1095.7
          ],
          [
            136.93612927877962,
            35.953840395811476,
            1094.2
          ],
          [
            136.93606448357784,
            35.95391351826599,
            1092.4
          ],
          [
            136.93599968837606,
            35.9539866407205,
            1091.0
          ],
          [
            136.93593489317428,
            35.95405976317502,
            1089.1
          ],
          [
            136.9358700979725,
            35.95413288562953,
            1087.6
          ],
          [
            136.93580530277072,
            35.95420600808404,
            1085.9
          ],
          [
            136.93574050756894,
            35.95427913053855,
            1084.4
          ],
          [
            136.93567571236716,
            35.95435225299307,
            1081.8
          ],
          [
            136.9356108019726,
            35.95442530769379,
            1080.4
          ],
          [
            136.93554554837763,
            35.95449816053182,
            1078.8
          ],
          [
            136.93548029478268,
            35.95457101336986,
            1077.2
          ],
          [
            136.9354150411877,
            35.954643866207896,
            1075.6
          ],
          [
            136.93534978759274,
            35.954716719045926,
            1073.9
          ],
          [
            136.9352845339978,
            35.954789571883964,
            1072.4
          ],
          [
            136.9352192804028,
            35.954862424721995,
            1070.9
          ],
          [
            136.93515402680785,
            35.95493527756003,
            1069.4
          ],
          [
            136.9350887732129,
            35.95500813039807,
            1067.6
          ],
          [
            136.9350235196179,
            35.9550809832361,
            1066.0
          ],
          [
            136.93495826602296,
            35.95515383607414,
            1064.9
          ],
          [
            136.93494538660985,
            35.955168215386074,
            1064.9
          ]
        ]
      }
    },
    {
      "type": "Feature",
      "properties": {
        "name": "ジャンピング",
        "slope_deg": [
          24.938427655457385,
          24.938427655457385,
          24.938427655457385,
          23.38848242899485,
          21.80140948635181,
          20.052082146098424,
          18.39196625070533,
          20.30447370996038,
          21.181349500266236,
          23.38848242899485,
          22.904057803637016,
          23.989064009552337,
          23.14670784188283,
          20.052082146098712,
          21.305783617828656,
          18.906332035086663,
          22.04794746356044,
          20.806791012711003,
          22.660536301999365,
          21.181349500266236,
          17.223436191131583,
          17.223436191131583,
          17.223436191131583,
          17.223436191131583
        ],
        "horizontal_dist_map": 226,
        "slope_dist_map": 244,
        "elevation_diff_map": 85.7,
        "avg_slope_deg_map": 19.3,
        "max_slope_deg_map": 24.9
      },
      "geometry": {
        "type": "LineString",
        "coordinates": [
          [
            136.9362954806539,
            35.95078766029123,
            1206.4
          ],
          [
            136.93634866501114,
            35.95086673186662,
            1202.1
          ],
          [
            136.9364018493684,
            35.950945803442,
            1198.0
          ],
          [
            136.93646283413696,
            35.95102104414387,
            1192.1
          ],
          [
            136.9365241580619,
            35.95109611828207,
            1187.8
          ],
          [
            136.93658548198684,
            35.95117119242026,
            1184.8
          ],
          [
            136.93662913411728,
            35.951253134889015,
            1182.0
          ],
          [
            136.93666247331575,
            35.95133908558828,
            1177.5
          ],
          [
            136.93669581251422,
            35.951425036287546,
            1174.5
          ],
          [
            136.93672915171268,
            35.95151098698681,
            1170.0
          ],
          [
            136.93675666969168,
            35.95159819713921,
            1166.5
          ],
          [
            136.93678027515813,
            35.95168625378542,
            1160.2
          ],
          [
            136.93680388062455,
            35.951774310431624,
            1157.6
          ],
          [
            136.936827486091,
            35.95186236707783,
            1152.2
          ],
          [
            136.93685109155743,
            35.951950423724035,
            1149.4
          ],
          [
            136.93687469702385,
            35.95203848037024,
            1145.6
          ],
          [
            136.9368983024903,
            35.95212653701645,
            1142.0
          ],
          [
            136.93692190795673,
            35.95221459366265,
            1138.5
          ],
          [
            136.93694551342315,
            35.95230265030886,
            1133.2
          ],
          [
            136.93696583966522,
            35.952391225036756,
            1130.4
          ],
          [
            136.93698450702044,
            35.95248006185068,
            1125.3
          ],
          [
            136.93700317437566,
            35.95256889866461,
            1123.0
          ],
          [
            136.93702184173088,
            35.95265773547853,
            1120.8
          ],
          [
            136.93703467790345,
            35.9527188220471,
            1120.7
          ]
        ]
      }
    },
    {
      "type": "Feature",
      "properties": {
        "name": "ダンシング",
        "slope_deg": [
          23.869390064731867,
          23.869390064731867,
          23.869390064731867,
          23.38848242899485,
          23.14670784188283,
          22.660536301999365,
          21.05670559070489,
          19.034434354835135,
          17.223436191131583,
          18.52084947747122,
          21.43000730175244,
          21.43000730175244,
          21.80140948635181,
          20.430362329285405,
          18.778033222445426,
          19.925580658184323,
          20.931852540892464,
          18.778033222445714,
          20.17838007450879,
          18.52084947747122,
          19.034434354835135,
          20.178380074508503,
          18.906332035086663,
          19.290046219188735,
          18.39196625070533,
          20.052082146098712,
          19.6719699892005,
          21.181349500266236,
          22.04794746356044,
          17.35402463626132,
          17.35402463626132,
          17.35402463626132,
          17.35402463626132
        ],
        "horizontal_dist_map": 314,
        "slope_dist_map": 336,
        "elevation_diff_map": 115.7,
        "avg_slope_deg_map": 19.0,
        "max_slope_deg_map": 23.9
      },
      "geometry": {
        "type": "LineString",
        "coordinates": [
          [
            136.93938065432337,
            35.948684777393126,
            1280.6
          ],
          [
            136.9393499254339,
            35.94877136870017,
            1275.3
          ],
          [
            136.93931919654443,
            35.94885796000722,
            1271.1
          ],
          [
            136.93928846765493,
            35.94894455131427,
            1266.2
          ],
          [
            136.93925773876546,
            35.949031142621315,
            1262.9
          ],
          [
            136.939227009876,
            35.94911773392836,
            1258.0
          ],
          [
            136.93919628098652,
            35.94920432523541,
            1254.0
          ],
          [
            136.9391661692338,
            35.94929105684185,
            1249.5
          ],
          [
            136.93913721559088,
            35.94937805173211,
            1247.5
          ],
          [
            136.93910826194798,
            35.949465046622365,
            1244.2
          ],
          [
            136.93907930830508,
            35.94955204151262,
            1241.6
          ],
          [
            136.93905035466219,
            35.94963903640287,
            1236.1
          ],
          [
            136.9390214010193,
            35.949726031293125,
            1231.8
          ],
          [
            136.9389976749278,
            35.949814032675704,
            1228.5
          ],
          [
            136.93897557635293,
            35.94990234741396,
            1225.6
          ],
          [
            136.93895347777806,
            35.949990662152224,
            1221.2
          ],
          [
            136.93893137920318,
            35.95007897689048,
            1218.2
          ],
          [
            136.93891607616695,
            35.95016802143249,
            1214.0
          ],
          [
            136.93890921743517,
            35.9502579728467,
            1210.3
          ],
          [
            136.93890235870336,
            35.9503479242609,
            1207.6
          ],
          [
            136.93889549997158,
            35.950437875675114,
            1203.5
          ],
          [
            136.93889922332514,
            35.95052731792682,
            1200.6
          ],
          [
            136.9389190813973,
            35.95061598384821,
            1196.5
          ],
          [
            136.9389389394695,
            35.95070464976959,
            1192.9
          ],
          [
            136.93896089843471,
            35.9507929144622,
            1189.8
          ],
          [
            136.93899166519788,
            35.950879497040624,
            1186.6
          ],
          [
            136.93902243196104,
            35.95096607961904,
            1183.2
          ],
          [
            136.9390531987242,
            35.95105266219747,
            1178.3
          ],
          [
            136.93908396548736,
            35.95113924477589,
            1175.5
          ],
          [
            136.93911473225052,
            35.951225827354314,
            1171.1
          ],
          [
            136.93914549901368,
            35.95131240993273,
            1167.0
          ],
          [
            136.93917626577684,
            35.95139899251116,
            1165.8
          ],
          [
            136.93918945787038,
            35.95143611716634,
            1164.9
          ]
        ]
      }
    },
    {
      "type": "Feature",
      "properties": {
        "name": "スイング",
        "slope_deg": [
          25.056088833535423,
          25.056088833535423,
          25.056088833535423,
          28.14678121412189,
          24.820541335489082,
          26.335410003881556,
          23.869390064731867,
          22.782405730481635,
          22.660536301999365,
          19.290046219188735,
          19.67196998920079,
          17.223436191131583,
          19.544862326628827,
          19.6719699892005,
          18.64953875405141,
          20.43036232928569,
          17.874511367250427,
          19.162339354971724,
          19.54486232662854,
          19.417554141579338,
          19.034434354835135,
          18.52084947747122,
          18.26288994219419,
          17.744671625056874,
          19.417554141579338,
          17.874511367250427,
          19.798876354525046,
          19.6719699892005,
          20.556045219583467,
          21.056705590704606,
          21.056705590704606,
          21.056705590704606,
          21.056705590704606
        ],
        "horizontal_dist_map": 316,
        "slope_dist_map": 338,
        "elevation_diff_map": 118.0,
        "avg_slope_deg_map": 19.2,
        "max_slope_deg_map": 28.1
      },
      "geometry": {
        "type": "LineString",
        "coordinates": [
          [
            136.94134525054565,
            35.948076192462935,
            1315.8
          ],
          [
            136.94132123961663,
            35.94816417646485,
            1313.1
          ],
          [
            136.9412972286876,
            35.948252160466765,
            1306.9
          ],
          [
            136.94127321775858,
            35.94834014446869,
            1302.4
          ],
          [
            136.94124920682955,
            35.9484281284706,
            1297.1
          ],
          [
            136.94122519590053,
            35.94851611247252,
            1291.7
          ],
          [
            136.94120118497148,
            35.94860409647443,
            1288.4
          ],
          [
            136.94117717404245,
            35.948692080476356,
            1282.6
          ],
          [
            136.94115316311343,
            35.94878006447827,
            1279.4
          ],
          [
            136.94111829227506,
            35.94886544817203,
            1274.9
          ],
          [
            136.9410798283616,
            35.9489499715361,
            1271.7
          ],
          [
            136.94104136444815,
            35.949034494900175,
            1268.6
          ],
          [
            136.9410029005347,
            35.94911901826424,
            1265.1
          ],
          [
            136.94096443662124,
            35.949203541628314,
            1262.5
          ],
          [
            136.94092186391592,
            35.94928664845743,
            1257.5
          ],
          [
            136.9408738871415,
            35.94936789219565,
            1254.3
          ],
          [
            136.9408259103671,
            35.949449135933875,
            1251.6
          ],
          [
            136.94077793359267,
            35.9495303796721,
            1247.6
          ],
          [
            136.94074071647447,
            35.949615097762454,
            1244.6
          ],
          [
            136.9407070742041,
            35.94970097019085,
            1240.4
          ],
          [
            136.94067389479312,
            35.949786926505794,
            1237.4
          ],
          [
            136.94065950146305,
            35.949876287525996,
            1233.5
          ],
          [
            136.940645108133,
            35.949965648546204,
            1230.8
          ],
          [
            136.94063550021838,
            35.950055270327155,
            1227.0
          ],
          [
            136.94063510050162,
            35.950145393869455,
            1224.2
          ],
          [
            136.94063470078487,
            35.950235517411755,
            1220.7
          ],
          [
            136.94063430106812,
            35.950325640954055,
            1216.7
          ],
          [
            136.94064625019692,
            35.950415235671805,
            1214.1
          ],
          [
            136.94065829053542,
            35.9505048264836,
            1209.8
          ],
          [
            136.94067033087393,
            35.950594417295406,
            1206.4
          ],
          [
            136.94068237121246,
            35.95068400810721,
            1201.7
          ],
          [
            136.94069441155096,
            35.950773598919014,
            1198.7
          ],
          [
            136.9407018192169,
            35.950828718532456,
            1197.8
          ]
        ]
      }
    },
    {
      "type": "Feature",
      "properties": {
        "name": "スターコース",
        "slope_deg": [
          4.7162212343382155,
          4.7162212343382155,
          4.7162212343382155,
          11.996899307923577,
          17.6146433000071,
          21.43000730175244,
          23.869390064732137,
          24.70243022777115,
          22.782405730481635,
          22.170895633834377,
          20.30447370996038,
          17.223436191131583,
          15.509334522675056,
          15.642246457208788,
          16.69924423399362,
          15.90755193052566,
          16.961705886532968,
          14.975984514756448,
          12.270720357815385,
          12.543973346572233,
          9.648045316098093,
          9.50877195829791,
          9.09027692082245,
          9.22988624372772,
          12.133880170633224,
          12.407418527400683,
          13.088732789694,
          12.270720357815385,
          10.896152141141194,
          10.896152141141194,
          14.036243467926479,
          16.69924423399362,
          20.681521678200784,
          23.629377730656817,
          26.104854009099192,
          26.104854009099192,
          24.4655351106628,
          23.146707841883106,
          18.778033222445714,
          16.961705886532968,
          16.69924423399362,
          14.84222705791098,
          13.224551192213344,
          11.7225209701022,
          8.9505586562316,
          8.390627013252708,
          8.390627013252708,
          8.390627013252708,
          8.390627013252708
        ],
        "horizontal_dist_map": 472,
        "slope_dist_map": 494,
        "elevation_diff_map": 129.1,
        "avg_slope_deg_map": 14.6,
        "max_slope_deg_map": 26.1
      },
      "geometry": {
        "type": "LineString",
        "coordinates": [
          [
            136.94009834467371,
            35.952433989743994,
            1206.2
          ],
          [
            136.94001683759964,
            35.95249506683178,
            1207.1
          ],
          [
            136.93993365186253,
            35.95255462778594,
            1206.4
          ],
          [
            136.93982949891583,
            35.952575705341815,
            1205.8
          ],
          [
            136.93971884331154,
            35.95257449890219,
            1202.9
          ],
          [
            136.9396080844443,
            35.95257098677821,
            1198.6
          ],
          [
            136.93949886314016,
            35.95255657393699,
            1193.7
          ],
          [
            136.93939000207632,
            35.95253960713402,
            1190.1
          ],
          [
            136.93928056806274,
            35.95253679447786,
            1185.2
          ],
          [
            136.939170570473,
            35.952547904404284,
            1180.2
          ],
          [
            136.93906342227208,
            35.95256878143217,
            1176.9
          ],
          [
            136.93895900651899,
            35.95259902471257,
            1173.8
          ],
          [
            136.93885459076586,
            35.95262926799297,
            1170.4
          ],
          [
            136.9387514336769,
            35.95266141525569,
            1167.8
          ],
          [
            136.9386628046586,
            35.952715539143114,
            1165.8
          ],
          [
            136.9385741756403,
            35.95276966303054,
            1162.6
          ],
          [
            136.93848554662202,
            35.95282378691796,
            1158.4
          ],
          [
            136.93839797844785,
            35.952879029909944,
            1156.4
          ],
          [
            136.93831104390873,
            35.95293494133553,
            1153.6
          ],
          [
            136.93822410936963,
            35.95299085276112,
            1151.9
          ],
          [
            136.9381371748305,
            35.9530467641867,
            1149.7
          ],
          [
            136.93805617985194,
            35.95310827442329,
            1147.5
          ],
          [
            136.9379754026351,
            35.95316998992874,
            1146.8
          ],
          [
            136.93789462541824,
            35.953231705434185,
            1145.2
          ],
          [
            136.93781384820142,
            35.95329342093963,
            1143.3
          ],
          [
            136.93773307098456,
            35.953355136445076,
            1141.0
          ],
          [
            136.9376522937677,
            35.95341685195052,
            1138.2
          ],
          [
            136.9375715165509,
            35.95347856745597,
            1136.4
          ],
          [
            136.93749073933404,
            35.95354028296141,
            1134.0
          ],
          [
            136.93742325447178,
            35.953611504173516,
            1132.3
          ],
          [
            136.93735828449786,
            35.95368452384733,
            1130.5
          ],
          [
            136.93729732096574,
            35.95375967645255,
            1128.7
          ],
          [
            136.93724098417923,
            35.953837292223696,
            1124.0
          ],
          [
            136.93718464739274,
            35.95391490799484,
            1120.3
          ],
          [
            136.93712831060623,
            35.953992523766,
            1115.4
          ],
          [
            136.93707394086618,
            35.954071057430326,
            1111.2
          ],
          [
            136.9370199407021,
            35.95414976355182,
            1104.4
          ],
          [
            136.93694429628425,
            35.954215023210466,
            1100.7
          ],
          [
            136.93686508458393,
            35.9542780666998,
            1097.2
          ],
          [
            136.93678587288363,
            35.954341110189134,
            1094.1
          ],
          [
            136.93669514804827,
            35.95439170727231,
            1090.8
          ],
          [
            136.93659867678275,
            35.9544360921115,
            1088.5
          ],
          [
            136.9365022055172,
            35.95448047695069,
            1085.2
          ],
          [
            136.93640573425168,
            35.95452486178988,
            1083.5
          ],
          [
            136.93630684179126,
            35.954565272354536,
            1081.4
          ],
          [
            136.9362049557853,
            35.95460076915861,
            1080.2
          ],
          [
            136.93610306977934,
            35.954636265962684,
            1078.9
          ],
          [
            136.93600118377336,
            35.95467176276676,
            1077.6
          ],
          [
            136.9359711367062,
            35.95468223108226,
            1077.1
          ]
        ]
      }
    },
    {
      "type": "Feature",
      "properties": {
        "name": "ブラックベア_上部",
        "slope_deg": [
          -0.4297102894009785,
          -0.4297102894009785,
          -0.4297102894009785,
          0.7161599454704085,
          0.5729386976832906,
          0.2864765102771396,
          0.1432391503681763,
          -0.5729386976836163,
          -0.1432391503681763,
          -0.4297102894009785,
          -0.4297102894009785,
          0.4297102894009785,
          -0.5729386976836163,
          -0.14323915036850196,
          -0.14323915036850196,
          -0.7161599454704085,
          -0.1432391503681763,
          0.4297102894013041,
          0.7161599454704085,
          1.145762838175364,
          2.2906100426383995,
          1.1457628381750384,
          3.8616074096751394,
          6.56019640057118,
          8.530765609948133,
          11.85977912094779,
          14.57421619803886,
          17.874511367250427,
          20.304473709960668,
          24.584094695438157,
          24.108515899975156,
          26.9077935265408,
          29.139666699697365,
          27.587067675863732,
          30.646741437081463,
          27.8116468696437,
          27.8116468696437,
          27.699472808055,
          27.021581591177142,
          25.98923358383301,
          23.146707841883106,
          23.869390064732137,
          20.931852540892464,
          22.04794746356044,
          20.931852540892464,
          19.925580658184323,
          18.52084947747122,
          18.39196625070533,
          18.52084947747093,
          17.874511367250427,
          18.64953875405141,
          15.774985955414008,
          16.567741642975037,
          15.37625124882619,
          16.039943306049665,
          16.039943306049665,
          13.360218444764483,
          13.901350769508936,
          12.816647648997312,
          16.43605922463589,
          18.00416160591338,
          18.133621430820558,
          18.906332035086663,
          14.574216198038554,
          14.84222705791098,
          13.088732789694,
          12.270720357815385,
          12.407418527400683,
          11.996899307923577,
          12.407418527400683,
          12.407418527400683,
          12.407418527400683,
          12.407418527400683
        ],
        "horizontal_dist_map": 713,
        "slope_dist_map": 744,
        "elevation_diff_map": 166.3,
        "avg_slope_deg_map": 12.6,
        "max_slope_deg_map": 30.6
      },
      "geometry": {
        "type": "LineString",
        "coordinates": [
          [
            136.94772523766557,
            35.9504984788467,
            1362.3
          ],
          [
            136.94765377784717,
            35.95056737226805,
            1362.8
          ],
          [
            136.94758231802876,
            35.9506362656894,
            1362.8
          ],
          [
            136.94751085821036,
            35.95070515911075,
            1362.7
          ],
          [
            136.94743939839196,
            35.950774052532104,
            1362.6
          ],
          [
            136.94736793857356,
            35.950842945953454,
            1362.3
          ],
          [
            136.9472970147379,
            35.950912181887624,
            1362.4
          ],
          [
            136.94723157785984,
            35.950984924190735,
            1362.5
          ],
          [
            136.94716614098175,
            35.951057666493845,
            1362.5
          ],
          [
            136.94710070410366,
            35.951130408796956,
            1362.7
          ],
          [
            136.9470352672256,
            35.95120315110007,
            1362.5
          ],
          [
            136.9469639750306,
            35.951271976827954,
            1362.8
          ],
          [
            136.94688880268674,
            35.9513382071549,
            1362.8
          ],
          [
            136.946797685016,
            35.9513885220797,
            1362.4
          ],
          [
            136.9467027117997,
            35.9514349886946,
            1362.9
          ],
          [
            136.94661143919433,
            35.95148587950102,
            1362.9
          ],
          [
            136.94652339035216,
            35.95154062441307,
            1362.9
          ],
          [
            136.94643534150995,
            35.95159536932511,
            1362.9
          ],
          [
            136.94634838820843,
            35.951651226263934,
            1363.0
          ],
          [
            136.94626346691834,
            35.95170914579257,
            1362.6
          ],
          [
            136.94617854562824,
            35.951767065321214,
            1362.4
          ],
          [
            136.94609479703647,
            35.951825922250016,
            1362.1
          ],
          [
            136.94602502054195,
            35.95189594781956,
            1361.4
          ],
          [
            136.94595524404744,
            35.9519659733891,
            1361.8
          ],
          [
            136.9458953782878,
            35.95204122971046,
            1359.7
          ],
          [
            136.94584512228525,
            35.95212155793167,
            1357.5
          ],
          [
            136.9457779860982,
            35.952193260508245,
            1355.4
          ],
          [
            136.94571076462222,
            35.952264919502845,
            1353.4
          ],
          [
            136.94563163216245,
            35.95232658997267,
            1349.3
          ],
          [
            136.94554146463418,
            35.95237900645835,
            1344.6
          ],
          [
            136.94544374947918,
            35.952418863678865,
            1340.6
          ],
          [
            136.94533748175135,
            35.95244448940199,
            1335.1
          ],
          [
            136.9452306470019,
            35.95246655339903,
            1331.4
          ],
          [
            136.9451198568927,
            35.952463771944615,
            1324.3
          ],
          [
            136.94500906678348,
            35.95246099049021,
            1318.3
          ],
          [
            136.94489861642037,
            35.95245490415493,
            1314.2
          ],
          [
            136.94478879569246,
            35.95244269304247,
            1307.7
          ],
          [
            136.94467897496455,
            35.952430481930016,
            1303.2
          ],
          [
            136.9445691542366,
            35.95241827081755,
            1297.2
          ],
          [
            136.94446546547618,
            35.95238734784492,
            1293.2
          ],
          [
            136.94436273173062,
            35.9523535106193,
            1287.3
          ],
          [
            136.94425999798506,
            35.952319673393674,
            1283.7
          ],
          [
            136.94415342168458,
            35.95229505683559,
            1280.1
          ],
          [
            136.94404655130026,
            35.95227114596664,
            1275.5
          ],
          [
            136.94393968091597,
            35.9522472350977,
            1272.0
          ],
          [
            136.94383229792916,
            35.95222495737878,
            1267.5
          ],
          [
            136.94372440670955,
            35.95220429888819,
            1264.8
          ],
          [
            136.94361651548994,
            35.9521836403976,
            1261.0
          ],
          [
            136.9435086242703,
            35.952162981907016,
            1258.6
          ],
          [
            136.94340073305068,
            35.952142323416425,
            1254.2
          ],
          [
            136.94329284183107,
            35.95212166492583,
            1251.4
          ],
          [
            136.94318232577467,
            35.95211556221654,
            1248.1
          ],
          [
            136.94307168218907,
            35.95211016670837,
            1245.1
          ],
          [
            136.94296103860344,
            35.95210477120021,
            1242.9
          ],
          [
            136.94285039501784,
            35.95209937569205,
            1239.5
          ],
          [
            136.9427397514322,
            35.95209398018389,
            1237.1
          ],
          [
            136.9426291078466,
            35.95208858467573,
            1233.6
          ],
          [
            136.94251846426098,
            35.95208318916756,
            1231.4
          ],
          [
            136.94240782067538,
            35.9520777936594,
            1230.0
          ],
          [
            136.9422973978234,
            35.9520702631475,
            1227.2
          ],
          [
            136.94218719896736,
            35.95206056607794,
            1224.5
          ],
          [
            136.9420770001113,
            35.95205086900838,
            1219.6
          ],
          [
            136.94196680125526,
            35.95204117193882,
            1217.0
          ],
          [
            136.9418566028609,
            35.9520314715043,
            1214.1
          ],
          [
            136.94174640623712,
            35.9520217581644,
            1210.8
          ],
          [
            136.94163620961336,
            35.9520120448245,
            1209.2
          ],
          [
            136.9415260129896,
            35.9520023314846,
            1206.4
          ],
          [
            136.94141581636586,
            35.9519926181447,
            1204.8
          ],
          [
            136.9413056197421,
            35.95198290480481,
            1202.1
          ],
          [
            136.9411948579832,
            35.95198111826078,
            1200.4
          ],
          [
            136.94108401914153,
            35.951980412907744,
            1197.9
          ],
          [
            136.9409731802999,
            35.951979707554706,
            1196.0
          ],
          [
            136.9409358088352,
            35.95197946973125,
            1196.0
          ]
        ]
      }
    },
    {
      "type": "Feature",
      "properties": {
        "name": "ダイビング",
        "slope_deg": [
          17.874511367250133,
          17.874511367250133,
          17.874511367250133,
          22.293629159694188,
          26.104854009099192,
          23.749494492866926,
          25.873385226286196,
          22.782405730481635,
          22.538450040828252,
          23.749494492866653,
          24.584094695437884,
          24.93842765545712,
          24.346751854704813,
          23.749494492866653,
          21.554019920478787,
          21.67782085250454,
          19.162339354972016,
          18.26288994219419,
          17.35402463626132,
          17.744671625056874,
          19.6719699892005,
          20.052082146098712,
          21.05670559070489,
          19.6719699892005,
          19.6719699892005,
          22.170895633834377,
          21.924785220541064,
          22.293629159694188,
          20.931852540892464,
          18.778033222445426,
          16.961705886532968,
          14.97598451475675,
          14.97598451475675,
          14.97598451475675,
          14.97598451475675
        ],
        "horizontal_dist_map": 330,
        "slope_dist_map": 355,
        "elevation_diff_map": 125.3,
        "avg_slope_deg_map": 19.4,
        "max_slope_deg_map": 26.1
      },
      "geometry": {
        "type": "LineString",
        "coordinates": [
          [
            136.9429849202147,
            35.9479085,
            1340.3
          ],
          [
            136.94298830299462,
            35.94799858217515,
            1337.7
          ],
          [
            136.94299168577456,
            35.9480886643503,
            1335.0
          ],
          [
            136.94299506855447,
            35.94817874652546,
            1330.2
          ],
          [
            136.94299861088666,
            35.94826882444204,
            1327.4
          ],
          [
            136.94300249861573,
            35.94835889313972,
            1321.3
          ],
          [
            136.9430055349647,
            35.948448940099695,
            1315.4
          ],
          [
            136.94299470539931,
            35.948538633030715,
            1312.6
          ],
          [
            136.9429838758339,
            35.948628325961735,
            1308.0
          ],
          [
            136.9429730462685,
            35.94871801889275,
            1304.5
          ],
          [
            136.94295009576393,
            35.94880582590169,
            1298.8
          ],
          [
            136.94291943613075,
            35.948892433431304,
            1295.0
          ],
          [
            136.94288877649754,
            35.948979040960914,
            1289.7
          ],
          [
            136.94285118024098,
            35.94906370989337,
            1285.9
          ],
          [
            136.94280987791728,
            35.949147343081094,
            1280.7
          ],
          [
            136.94276857559362,
            35.94923097626882,
            1277.4
          ],
          [
            136.94271855273146,
            35.94931106730748,
            1273.9
          ],
          [
            136.94266111824237,
            35.94938814785687,
            1270.0
          ],
          [
            136.94260368375328,
            35.94946522840627,
            1266.8
          ],
          [
            136.94254575196138,
            35.949542060986765,
            1264.2
          ],
          [
            136.942487284504,
            35.94961862646969,
            1261.4
          ],
          [
            136.94242881704668,
            35.94969519195262,
            1257.2
          ],
          [
            136.9423703495893,
            35.94977175743555,
            1252.5
          ],
          [
            136.94231188213197,
            35.94984832291847,
            1249.6
          ],
          [
            136.942248069726,
            35.94992181832309,
            1246.0
          ],
          [
            136.9421788578279,
            35.94999221232022,
            1242.9
          ],
          [
            136.9421096459298,
            35.950062606317346,
            1238.2
          ],
          [
            136.9420404340317,
            35.95013300031447,
            1233.3
          ],
          [
            136.9419712221336,
            35.95020339431159,
            1229.9
          ],
          [
            136.94189869613578,
            35.95027141713109,
            1226.5
          ],
          [
            136.94182162617045,
            35.95033618882508,
            1222.9
          ],
          [
            136.94174455620512,
            35.950400960519055,
            1219.7
          ],
          [
            136.9416674862398,
            35.95046573221304,
            1217.7
          ],
          [
            136.94159041627447,
            35.950530503907025,
            1215.8
          ],
          [
            136.94158511754608,
            35.9505349571024,
            1215.0
          ]
        ]
      }
    },
    {
      "type": "Feature",
      "properties": {
        "name": "センターB",
        "slope_deg": [
          14.84222705791098,
          14.84222705791098,
          14.84222705791098,
          16.69924423399362,
          16.961705886532968,
          16.567741642975037,
          16.961705886532968,
          19.162339354971724,
          18.64953875405141,
          19.290046219188735,
          19.290046219188735,
          18.26288994219419,
          19.290046219188735,
          18.133621430820266,
          18.39196625070533,
          17.223436191131583,
          15.37625124882619,
          17.09266295026772,
          15.642246457208788,
          14.439965121002654,
          13.49573328079569,
          10.203973721731431,
          10.203973721731431,
          10.203973721731431,
          10.203973721731431
        ],
        "horizontal_dist_map": 237,
        "slope_dist_map": 247,
        "elevation_diff_map": 68.2,
        "avg_slope_deg_map": 15.4,
        "max_slope_deg_map": 19.3
      },
      "geometry": {
        "type": "LineString",
        "coordinates": [
          [
            136.9480517873582,
            35.949073897243714,
            1386.6
          ],
          [
            136.94796319748974,
            35.949128059149544,
            1385.3
          ],
          [
            136.9478746076213,
            35.949182221055366,
            1382.3
          ],
          [
            136.94778529646086,
            35.94923559337606,
            1378.9
          ],
          [
            136.94769591608937,
            35.9492888899327,
            1376.0
          ],
          [
            136.94760653571788,
            35.949342186489346,
            1373.3
          ],
          [
            136.94751715534642,
            35.94939548304599,
            1370.1
          ],
          [
            136.94742777497493,
            35.94944877960264,
            1367.0
          ],
          [
            136.94733511757292,
            35.94949809847213,
            1363.8
          ],
          [
            136.9472404885656,
            35.949545024190506,
            1359.4
          ],
          [
            136.94714585955828,
            35.949591949908886,
            1356.6
          ],
          [
            136.94705123055093,
            35.949638875627265,
            1353.0
          ],
          [
            136.9469566015436,
            35.949685801345645,
            1349.8
          ],
          [
            136.94686197205314,
            35.94973272662878,
            1346.2
          ],
          [
            136.94676734212152,
            35.94977965151445,
            1342.6
          ],
          [
            136.94667271218987,
            35.94982657640011,
            1339.9
          ],
          [
            136.9465780822582,
            35.949873501285786,
            1336.5
          ],
          [
            136.9464834523266,
            35.94992042617145,
            1333.8
          ],
          [
            136.94638882239494,
            35.94996735105712,
            1331.6
          ],
          [
            136.94629374982873,
            35.950013680129445,
            1327.6
          ],
          [
            136.94619860390557,
            35.9500599104588,
            1325.3
          ],
          [
            136.94610345798242,
            35.95010614078816,
            1323.5
          ],
          [
            136.94600831205926,
            35.95015237111752,
            1322.0
          ],
          [
            136.9459131661361,
            35.95019860144688,
            1320.4
          ],
          [
            136.9458440308567,
            35.950232193498245,
            1318.4
          ]
        ]
      }
    },
    {
      "type": "Feature",
      "properties": {
        "name": "センターA",
        "slope_deg": [
          15.642246457208788,
          15.642246457208788,
          15.642246457208788,
          17.614643300006804,
          18.39196625070533,
          17.092662950267425,
          16.039943306049665,
          16.172159015782732,
          13.901350769509243,
          13.49573328079569,
          16.039943306049665,
          15.109575122340402,
          15.37625124882619,
          17.223436191131583,
          15.2429977429017,
          16.961705886532968,
          17.874511367250133,
          18.26288994219419,
          19.417554141579338,
          22.293629159693914,
          23.025492008528037,
          22.170895633834377,
          23.629377730656817,
          19.798876354525046,
          20.556045219583467,
          20.30447370996038,
          20.68152167820107,
          21.305783617828656,
          21.67782085250454,
          21.305783617828656,
          19.162339354971724,
          20.17838007450879,
          17.874511367250133,
          17.74467162505717,
          18.52084947747122,
          16.567741642975037,
          15.509334522675056,
          16.830565983210477,
          15.242997742901395,
          15.774985955414008,
          18.64953875405141,
          18.64953875405141,
          19.67196998920079,
          19.67196998920079,
          19.67196998920079,
          19.67196998920079
        ],
        "horizontal_dist_map": 443,
        "slope_dist_map": 467,
        "elevation_diff_map": 144.7,
        "avg_slope_deg_map": 17.2,
        "max_slope_deg_map": 23.6
      },
      "geometry": {
        "type": "LineString",
        "coordinates": [
          [
            136.947653122484,
            35.94844524640135,
            1393.9
          ],
          [
            136.94755413060176,
            35.94848578477353,
            1392.6
          ],
          [
            136.94745513871953,
            35.94852632314571,
            1389.3
          ],
          [
            136.94735614683728,
            35.94856686151789,
            1385.6
          ],
          [
            136.94725715495505,
            35.948607399890065,
            1382.7
          ],
          [
            136.9471581630728,
            35.94864793826225,
            1379.9
          ],
          [
            136.94705917119055,
            35.94868847663442,
            1376.0
          ],
          [
            136.9469607441432,
            35.9487298836862,
            1373.3
          ],
          [
            136.94686380850624,
            35.94877358443082,
            1371.2
          ],
          [
            136.9467668728693,
            35.948817285175444,
            1368.3
          ],
          [
            136.94666675536615,
            35.94885594248174,
            1366.1
          ],
          [
            136.94656655456737,
            35.94889446775969,
            1363.7
          ],
          [
            136.94646635376859,
            35.94893299303764,
            1359.7
          ],
          [
            136.94636355920716,
            35.948966320190884,
            1357.5
          ],
          [
            136.94625867110435,
            35.948995451706075,
            1355.1
          ],
          [
            136.94615378300153,
            35.949024583221274,
            1351.3
          ],
          [
            136.94604889489875,
            35.949053714736465,
            1348.8
          ],
          [
            136.94594400679594,
            35.949082846251656,
            1345.3
          ],
          [
            136.94583911869313,
            35.94911197776685,
            1342.2
          ],
          [
            136.94573412280513,
            35.94914084155475,
            1338.1
          ],
          [
            136.9456283476087,
            35.94916776962095,
            1334.7
          ],
          [
            136.94552257241227,
            35.94919469768715,
            1328.9
          ],
          [
            136.94541679721584,
            35.949221625753346,
            1325.2
          ],
          [
            136.94531102201944,
            35.94924855381954,
            1321.8
          ],
          [
            136.945205246823,
            35.949275481885735,
            1317.2
          ],
          [
            136.94510009833402,
            35.94930396341645,
            1314.5
          ],
          [
            136.9449952633007,
            35.94933322193211,
            1310.2
          ],
          [
            136.9448904282674,
            35.949362480447775,
            1307.0
          ],
          [
            136.94478559323406,
            35.949391738963435,
            1302.1
          ],
          [
            136.94468075820075,
            35.9494209974791,
            1298.9
          ],
          [
            136.9445791434036,
            35.94945683509125,
            1294.3
          ],
          [
            136.9444782541242,
            35.949494154970914,
            1291.4
          ],
          [
            136.9443773648448,
            35.94953147485057,
            1288.2
          ],
          [
            136.94427647556543,
            35.94956879473023,
            1284.2
          ],
          [
            136.94417558628604,
            35.94960611460989,
            1281.4
          ],
          [
            136.94407469700664,
            35.94964343448955,
            1278.6
          ],
          [
            136.94397458868931,
            35.94968209390474,
            1274.8
          ],
          [
            136.94387519755207,
            35.94972198345418,
            1272.3
          ],
          [
            136.94377634673305,
            35.94976272936166,
            1270.3
          ],
          [
            136.94367852855956,
            35.949805111923766,
            1266.5
          ],
          [
            136.94358071038607,
            35.94984749448588,
            1263.9
          ],
          [
            136.94348532866346,
            35.949893271479766,
            1261.0
          ],
          [
            136.9433918352721,
            35.94994167927229,
            1256.8
          ],
          [
            136.94331234910496,
            35.950002362585835,
            1253.0
          ],
          [
            136.94324598944834,
            35.950074549588685,
            1249.6
          ],
          [
            136.94322420108657,
            35.95009825128657,
            1249.2
          ]
        ]
      }
    },
    {
      "type": "Feature",
      "properties": {
        "name": "センターC",
        "slope_deg": [
          7.829076510059608,
          7.829076510059608,
          7.829076510059608,
          9.64804531609841,
          8.810732985984973,
          9.50877195829791,
          8.110047829418843,
          6.56019640057118,
          5.710593137499643,
          4.146688825966138,
          5.000644597558433,
          5.2848210925090795,
          7.125016348901798,
          9.090276920822133,
          10.481218144131045,
          13.49573328079569,
          14.574216198038554,
          14.708303899682749,
          13.631094443421603,
          9.648045316098093,
          5.994092949108534,
          4.573921259900927,
          7.266008446995867,
          9.78720366465624,
          13.224551192213651,
          17.223436191131583,
          16.172159015782732,
          18.39196625070533,
          17.35402463626132,
          16.039943306049665,
          15.242997742901395,
          14.57421619803886,
          14.574216198038554,
          14.975984514756448,
          14.439965121002654,
          13.360218444764483,
          13.631094443421603,
          12.95276451337558,
          16.039943306049665,
          15.242997742901395,
          16.961705886532968,
          17.744671625056874,
          18.26288994219419,
          17.74467162505717,
          17.223436191131285,
          15.77498595541431,
          15.109575122340402,
          18.262889942193894,
          16.961705886532968,
          18.778033222445426,
          17.09266295026772,
          17.09266295026772,
          18.64953875405141,
          15.907551930525962,
          16.96170588653267,
          14.708303899682749,
          15.109575122340402,
          16.039943306049665,
          16.039943306049665,
          17.744671625056874,
          15.109575122340708,
          15.774985955414008,
          13.631094443421603,
          12.816647648997312,
          13.360218444764483,
          12.407418527400683,
          14.036243467926479,
          13.088732789694,
          13.631094443421295,
          13.766300685466197,
          12.816647648997623,
          13.631094443421603,
          13.088732789694308,
          13.766300685466197,
          13.360218444764483,
          10.757967088390194,
          10.48121814413073,
          9.369385096487674,
          9.508771958297594,
          10.619655276155134,
          10.481218144131045,
          11.034209003250188,
          11.034209003250501,
          12.270720357815076,
          12.543973346571923,
          12.133880170633224,
          12.952764513375273,
          12.95276451337558,
          12.68038349181982,
          13.088732789694308,
          11.859779120948104,
          11.859779120948104,
          11.859779120948104,
          11.859779120948104
        ],
        "horizontal_dist_map": 929,
        "slope_dist_map": 957,
        "elevation_diff_map": 213.4,
        "avg_slope_deg_map": 12.6,
        "max_slope_deg_map": 18.8
      },
      "geometry": {
        "type": "LineString",
        "coordinates": [
          [
            136.9481005457258,
            35.9485930044307,
            1395.1
          ],
          [
            136.94809631451548,
            35.94868306288599,
            1394.4
          ],
          [
            136.94809208330517,
            35.94877312134128,
            1392.3
          ],
          [
            136.9480878520949,
            35.94886317979658,
            1391.2
          ],
          [
            136.94808362088457,
            35.948953238251875,
            1389.6
          ],
          [
            136.94807824309356,
            35.949043227927284,
            1387.6
          ],
          [
            136.94806617499586,
            35.94913281627159,
            1386.1
          ],
          [
            136.94805410689816,
            35.949222404615895,
            1384.5
          ],
          [
            136.94804203880042,
            35.9493119929602,
            1383.9
          ],
          [
            136.94802997070272,
            35.94940158130451,
            1383.0
          ],
          [
            136.94801790260502,
            35.94949116964881,
            1382.1
          ],
          [
            136.9480041222501,
            35.949580537779624,
            1381.6
          ],
          [
            136.9479815973257,
            35.94966878127093,
            1380.4
          ],
          [
            136.94795907240135,
            35.94975702476223,
            1379.3
          ],
          [
            136.94793654747698,
            35.94984526825353,
            1377.1
          ],
          [
            136.9479140225526,
            35.94993351174484,
            1375.2
          ],
          [
            136.94788663705117,
            35.95002047926731,
            1373.0
          ],
          [
            136.94784144765092,
            35.95010277301963,
            1369.7
          ],
          [
            136.94779625825066,
            35.950185066771944,
            1366.7
          ],
          [
            136.94775106885038,
            35.950267360524265,
            1364.7
          ],
          [
            136.94771068519816,
            35.95035128957344,
            1363.3
          ],
          [
            136.94767032027266,
            35.95043522499492,
            1362.9
          ],
          [
            136.94760077972688,
            35.950502392639,
            1362.5
          ],
          [
            136.94750443772077,
            35.95053658884692,
            1361.5
          ],
          [
            136.9473940360951,
            35.95054037775588,
            1358.2
          ],
          [
            136.94728567346462,
            35.95052142911596,
            1356.0
          ],
          [
            136.94717731083415,
            35.95050248047603,
            1353.1
          ],
          [
            136.94706894820368,
            35.95048353183611,
            1349.1
          ],
          [
            136.9469605257988,
            35.95046481216448,
            1346.6
          ],
          [
            136.94685204827044,
            35.95044630364552,
            1342.7
          ],
          [
            136.94674357074206,
            35.95042779512655,
            1340.6
          ],
          [
            136.9466350932137,
            35.95040928660759,
            1337.6
          ],
          [
            136.94652601896806,
            35.95039352424766,
            1335.7
          ],
          [
            136.94641630933154,
            35.95038068602703,
            1332.3
          ],
          [
            136.94630659969502,
            35.95036784780641,
            1330.2
          ],
          [
            136.9461968900585,
            35.950355009585785,
            1326.9
          ],
          [
            136.94608728412655,
            35.950341643749496,
            1325.4
          ],
          [
            136.9459781173711,
            35.950326043524484,
            1322.8
          ],
          [
            136.94586895061565,
            35.95031044329947,
            1320.5
          ],
          [
            136.9457597838602,
            35.95029484307447,
            1317.7
          ],
          [
            136.9456504418848,
            35.95028011398538,
            1313.9
          ],
          [
            136.94554085205547,
            35.950266617144024,
            1311.9
          ],
          [
            136.94543126222618,
            35.950253120302676,
            1308.3
          ],
          [
            136.9453216723969,
            35.95023962346132,
            1304.9
          ],
          [
            136.9452120825676,
            35.95022612661997,
            1300.7
          ],
          [
            136.94510249273827,
            35.95021262977861,
            1299.1
          ],
          [
            136.94499256086073,
            35.950203599890294,
            1295.9
          ],
          [
            136.94488175843028,
            35.95020593892003,
            1293.6
          ],
          [
            136.94477095599987,
            35.950208277949756,
            1289.9
          ],
          [
            136.94466015356946,
            35.95021061697949,
            1285.9
          ],
          [
            136.94454935113905,
            35.95021295600922,
            1283.7
          ],
          [
            136.9444385487086,
            35.95021529503895,
            1280.0
          ],
          [
            136.9443277462782,
            35.95021763406868,
            1277.6
          ],
          [
            136.94421694384778,
            35.95021997309841,
            1273.6
          ],
          [
            136.9441062334325,
            35.95021975518679,
            1270.2
          ],
          [
            136.94399578876641,
            35.95021215256773,
            1268.6
          ],
          [
            136.94388534410032,
            35.95020454994867,
            1265.4
          ],
          [
            136.9437748994342,
            35.95019694732962,
            1263.1
          ],
          [
            136.9436644547681,
            35.950189344710566,
            1259.4
          ],
          [
            136.94355401010202,
            35.950181742091516,
            1257.1
          ],
          [
            136.94344356543593,
            35.95017413947246,
            1253.9
          ],
          [
            136.94333290235798,
            35.950177096171196,
            1250.3
          ],
          [
            136.94322220573986,
            35.9501816744005,
            1248.6
          ],
          [
            136.94311150912174,
            35.9501862526298,
            1245.8
          ],
          [
            136.9430008125036,
            35.9501908308591,
            1244.2
          ],
          [
            136.9428980790259,
            35.95022297605296,
            1241.2
          ],
          [
            136.94279645102117,
            35.95025894819601,
            1239.1
          ],
          [
            136.9426948230164,
            35.950294920339054,
            1237.0
          ],
          [
            136.94259319501168,
            35.9503308924821,
            1234.2
          ],
          [
            136.94249156700695,
            35.950366864625146,
            1231.9
          ],
          [
            136.9423899390022,
            35.95040283676819,
            1229.4
          ],
          [
            136.94228831060448,
            35.950438808130926,
            1227.2
          ],
          [
            136.94218483530662,
            35.95047111223748,
            1225.1
          ],
          [
            136.94208136000879,
            35.950503416344034,
            1222.2
          ],
          [
            136.94197788471092,
            35.95053572045059,
            1220.1
          ],
          [
            136.9418744094131,
            35.950568024557136,
            1217.4
          ],
          [
            136.94177093411523,
            35.95060032866369,
            1215.6
          ],
          [
            136.94166745881736,
            35.950632632770244,
            1214.6
          ],
          [
            136.94156398351953,
            35.9506649368768,
            1212.7
          ],
          [
            136.94146050822167,
            35.95069724098335,
            1210.8
          ],
          [
            136.94135703292383,
            35.9507295450899,
            1208.9
          ],
          [
            136.94125355762597,
            35.950761849196454,
            1207.1
          ],
          [
            136.9411500823281,
            35.95079415330301,
            1205.3
          ],
          [
            136.941048190582,
            35.95082953259235,
            1203.0
          ],
          [
            136.94094728281942,
            35.950866822731385,
            1201.1
          ],
          [
            136.94084637505682,
            35.95090411287041,
            1198.4
          ],
          [
            136.94074546729425,
            35.950941403009445,
            1196.4
          ],
          [
            136.94064455953168,
            35.95097869314847,
            1194.4
          ],
          [
            136.9405436517691,
            35.951015983287505,
            1191.9
          ],
          [
            136.94044274400653,
            35.95105327342653,
            1189.2
          ],
          [
            136.94034183624396,
            35.951090563565565,
            1187.4
          ],
          [
            136.94024092848136,
            35.95112785370459,
            1185.1
          ],
          [
            136.9401400207188,
            35.951165143843625,
            1183.5
          ],
          [
            136.94004274457964,
            35.9512010919279,
            1181.7
          ]
        ]
      }
    },
    {
      "type": "Feature",
      "properties": {
        "name": "パノラマウェイ_#下部_2",
        "slope_deg": [
          15.774985955414008,
          15.774985955414008,
          15.774985955414008,
          13.495733280795996,
          14.97598451475675,
          14.305551846622015,
          12.407418527400994,
          12.270720357815385,
          12.543973346572233,
          10.896152141141194,
          13.49573328079569,
          16.304198003832074,
          14.975984514756448,
          18.00416160591338,
          17.35402463626132,
          17.35402463626132,
          17.35402463626132,
          17.35402463626132
        ],
        "horizontal_dist_map": 163,
        "slope_dist_map": 169,
        "elevation_diff_map": 44.3,
        "avg_slope_deg_map": 14.6,
        "max_slope_deg_map": 18.0
      },
      "geometry": {
        "type": "LineString",
        "coordinates": [
          [
            136.9326974,
            35.9536906,
            1139.7
          ],
          [
            136.9326346279151,
            35.95376487979307,
            1136.4
          ],
          [
            136.9325718558302,
            35.95383915958614,
            1134.2
          ],
          [
            136.93250187764377,
            35.95390895939063,
            1131.2
          ],
          [
            136.93242656318492,
            35.953974714668654,
            1128.4
          ],
          [
            136.93234113129023,
            35.954032138065436,
            1126.8
          ],
          [
            136.9322556993955,
            35.95408956146222,
            1123.5
          ],
          [
            136.9321695732327,
            35.9541462254446,
            1121.0
          ],
          [
            136.93207731842884,
            35.95419618570811,
            1119.6
          ],
          [
            136.931985063625,
            35.95424614597163,
            1118.1
          ],
          [
            136.93189280882115,
            35.95429610623515,
            1114.6
          ],
          [
            136.93179974236637,
            35.95434505406697,
            1113.3
          ],
          [
            136.93170627754847,
            35.954393504991295,
            1110.0
          ],
          [
            136.93161282842246,
            35.95444197577566,
            1106.4
          ],
          [
            136.9315197965898,
            35.95449097469725,
            1103.9
          ],
          [
            136.93142676475713,
            35.95453997361884,
            1100.3
          ],
          [
            136.93133373292446,
            35.954588972540435,
            1097.5
          ],
          [
            136.93130297303966,
            35.95460517345941,
            1095.4
          ]
        ]
      }
    },
    {
      "type": "Feature",
      "properties": {
        "name": "ブラックベア_下部",
        "slope_deg": [
          4.289153328819018,
          4.289153328819018,
          4.289153328819018,
          4.8584629190340936,
          5.4268124985727555,
          5.994092949108534,
          6.277298489597683,
          6.701525844729548,
          7.125016348901798,
          7.688447769903003,
          9.50877195829791,
          10.065169352759717,
          10.342657140474548,
          11.996899307923577,
          11.172136252166961,
          12.407418527400994,
          11.996899307923577,
          10.757967088389877,
          11.996899307923577,
          10.757967088389877,
          11.034209003250188,
          11.7225209701022,
          9.648045316098093,
          9.648045316098093,
          9.648045316098093,
          9.648045316098093
        ],
        "horizontal_dist_map": 248,
        "slope_dist_map": 252,
        "elevation_diff_map": 38.7,
        "avg_slope_deg_map": 8.7,
        "max_slope_deg_map": 12.4
      },
      "geometry": {
        "type": "LineString",
        "coordinates": [
          [
            136.93995944558912,
            35.95237180735056,
            1206.7
          ],
          [
            136.9400677214922,
            35.95235252436462,
            1206.1
          ],
          [
            136.94017714005608,
            35.95234393759175,
            1205.3
          ],
          [
            136.940287887457,
            35.95234747219988,
            1204.7
          ],
          [
            136.94039870989366,
            35.95234574698688,
            1203.7
          ],
          [
            136.94050576829108,
            35.952328709806224,
            1202.7
          ],
          [
            136.94060889188017,
            35.95229566597589,
            1201.5
          ],
          [
            136.94070835435394,
            35.95225593210631,
            1200.5
          ],
          [
            136.94080416930532,
            35.95221172574157,
            1199.3
          ],
          [
            136.94088595012826,
            35.95215089131102,
            1198.0
          ],
          [
            136.94090764390145,
            35.95207040871314,
            1196.5
          ],
          [
            136.94085227510956,
            35.95199784494287,
            1195.1
          ],
          [
            136.9407527032342,
            35.95195824981225,
            1192.6
          ],
          [
            136.94065166029787,
            35.95192142590944,
            1190.9
          ],
          [
            136.94054792647287,
            35.95188967118157,
            1189.2
          ],
          [
            136.94044419264787,
            35.9518579164537,
            1186.6
          ],
          [
            136.94034045882287,
            35.951826161725826,
            1184.7
          ],
          [
            136.94023856331702,
            35.951790870545246,
            1182.1
          ],
          [
            136.9401382628263,
            35.951752510966365,
            1180.7
          ],
          [
            136.94003796233557,
            35.95171415138748,
            1179.0
          ],
          [
            136.93993766184482,
            35.9516757918086,
            1176.2
          ],
          [
            136.9398366709429,
            35.95163870424559,
            1174.5
          ],
          [
            136.93973422136523,
            35.95160430415154,
            1172.9
          ],
          [
            136.9396317717876,
            35.951569904057486,
            1170.7
          ],
          [
            136.93952932220992,
            35.951535503963434,
            1169.4
          ],
          [
            136.9394379413847,
            35.95150482048915,
            1168.0
          ]
        ]
      }
    },
    {
      "type": "Feature",
      "properties": {
        "name": "ブラックベア_上部_2",
        "slope_deg": [
          20.430362329285405,
          20.430362329285405,
          20.430362329285405,
          28.810793742973065,
          31.69533015608704,
          34.31353650821081,
          36.129444143240896,
          32.8220160762342,
          32.82201607623443,
          28.14678121412214,
          26.104854009099192,
          25.524475356294268,
          25.641005824305072,
          27.47443162627708,
          24.4655351106628,
          25.056088833535423,
          21.05670559070489,
          19.544862326628827,
          19.544862326628827,
          19.544862326628827,
          19.544862326628827
        ],
        "horizontal_dist_map": 190,
        "slope_dist_map": 214,
        "elevation_diff_map": 93.0,
        "avg_slope_deg_map": 23.4,
        "max_slope_deg_map": 36.1
      },
      "geometry": {
        "type": "LineString",
        "coordinates": [
          [
            136.94585040426517,
            35.952082150626765,
            1358.1
          ],
          [
            136.9457395632185,
            35.95208259263044,
            1357.6
          ],
          [
            136.9456287221718,
            35.952083034634114,
            1354.6
          ],
          [
            136.9455178811251,
            35.95208347663779,
            1348.8
          ],
          [
            136.9454070400784,
            35.95208391864146,
            1343.2
          ],
          [
            136.94529621926677,
            35.95208516886765,
            1335.6
          ],
          [
            136.9451854479517,
            35.95208839607563,
            1329.9
          ],
          [
            136.94507467663666,
            35.952091623283614,
            1321.5
          ],
          [
            136.94496390532163,
            35.9520948504916,
            1314.0
          ],
          [
            136.9448531340066,
            35.95209807769958,
            1309.8
          ],
          [
            136.94474236269156,
            35.952101304907565,
            1304.1
          ],
          [
            136.94463159137652,
            35.95210453211555,
            1300.1
          ],
          [
            136.94452082006148,
            35.95210775932353,
            1294.4
          ],
          [
            136.94441004874645,
            35.952110986531515,
            1290.7
          ],
          [
            136.94429927490407,
            35.95211415447266,
            1284.9
          ],
          [
            136.94418849384175,
            35.95211715310656,
            1279.3
          ],
          [
            136.94407771277946,
            35.95212015174047,
            1276.2
          ],
          [
            136.94396693171714,
            35.95212315037438,
            1272.0
          ],
          [
            136.94385615065485,
            35.95212614900829,
            1269.5
          ],
          [
            136.94374536959253,
            35.952129147642204,
            1265.1
          ],
          [
            136.94373956204709,
            35.95212930484148,
            1265.1
          ]
        ]
      }
    },
    {
      "type": "Feature",
      "properties": {
        "name": "スイング_2",
        "slope_deg": [
          14.439965121002654,
          14.439965121002654,
          14.439965121002654,
          10.619655276155134,
          9.09027692082245,
          6.135733340186728,
          6.277298489597683,
          10.48121814413073,
          13.224551192213651,
          16.830565983210477,
          22.170895633834377,
          24.938427655457385,
          27.135139622076878,
          28.700704956337685,
          27.699472808055,
          25.98923358383301,
          26.104854009099192,
          25.641005824305335,
          24.346751854705083,
          26.220246235243597,
          26.220246235243597,
          26.220246235243597,
          26.220246235243597
        ],
        "horizontal_dist_map": 211,
        "slope_dist_map": 227,
        "elevation_diff_map": 76.1,
        "avg_slope_deg_map": 18.5,
        "max_slope_deg_map": 28.7
      },
      "geometry": {
        "type": "LineString",
        "coordinates": [
          [
            136.94137092844954,
            35.94885579737603,
            1280.2
          ],
          [
            136.94137787276614,
            35.9489457444614,
            1276.8
          ],
          [
            136.9413848170827,
            35.94903569154677,
            1274.9
          ],
          [
            136.9413917613993,
            35.94912563863214,
            1272.1
          ],
          [
            136.94139870571587,
            35.94921558571751,
            1269.9
          ],
          [
            136.94140565003246,
            35.94930553280288,
            1269.3
          ],
          [
            136.94140966580477,
            35.949395491649,
            1268.5
          ],
          [
            136.94140381458945,
            35.949485490119976,
            1267.8
          ],
          [
            136.94139796337413,
            35.94957548859095,
            1265.5
          ],
          [
            136.94137998941852,
            35.94966301051408,
            1261.9
          ],
          [
            136.94133283023717,
            35.94974457020373,
            1259.1
          ],
          [
            136.9412856710558,
            35.94982612989337,
            1255.7
          ],
          [
            136.9412341625156,
            35.94990587123598,
            1249.2
          ],
          [
            136.94118001784827,
            35.9499845104865,
            1243.3
          ],
          [
            136.94112587318094,
            35.95006314973702,
            1238.6
          ],
          [
            136.94107214296525,
            35.950141945705845,
            1233.8
          ],
          [
            136.94103307386038,
            35.950226285540666,
            1228.2
          ],
          [
            136.9409940047555,
            35.95031062537549,
            1223.8
          ],
          [
            136.9409549356506,
            35.95039496521031,
            1219.0
          ],
          [
            136.94091586654574,
            35.95047930504513,
            1214.6
          ],
          [
            136.94087679744086,
            35.95056364487995,
            1210.1
          ],
          [
            136.940837728336,
            35.95064798471477,
            1204.1
          ],
          [
            136.94083275782123,
            35.95065871473777,
            1204.1
          ]
        ]
      }
    },
    {
      "type": "Feature",
      "properties": {
        "name": "スネークストリート",
        "slope_deg": [
          2.433606100719861,
          2.433606100719861,
          2.433606100719861,
          4.7162212343382155,
          3.005269359689804,
          8.11004782941916,
          7.969610394321551,
          4.0041729407093225,
          3.2908836860675525,
          1.8614576304666637,
          4.8584629190340936,
          5.000644597558433,
          5.710593137499643,
          3.8616074096751394,
          6.13573334018705,
          6.701525844729548,
          8.9505586562316,
          5.852378988915493,
          5.994092949108213,
          5.2848210925090795,
          3.005269359689804,
          6.277298489597683,
          -0.2864765102768139,
          -0.4297102894009785,
          3.148096099562824,
          3.8616074096751394,
          4.573921259900602,
          5.568737077976444,
          6.277298489597683,
          7.125016348901798,
          7.266008446996189,
          9.22988624372772,
          7.266008446995867,
          5.852378988915493,
          6.418786730238786,
          6.418786730238786,
          6.418786730238786,
          5.2848210925090795,
          4.431564716435714,
          3.148096099562824,
          2.147585428298503,
          3.290883686067228,
          3.433630362450652,
          3.148096099562824,
          2.0045340321060343,
          0.5729386976836163,
          0.1432391503681763,
          0.1432391503681763,
          0.1432391503681763,
          0.1432391503681763
        ],
        "horizontal_dist_map": 488,
        "slope_dist_map": 493,
        "elevation_diff_map": 37.2,
        "avg_slope_deg_map": 4.3,
        "max_slope_deg_map": 9.2
      },
      "geometry": {
        "type": "LineString",
        "coordinates": [
          [
            136.93059974825502,
            35.95429272730233,
            1102.1
          ],
          [
            136.93059689445576,
            35.954382821494,
            1101.5
          ],
          [
            136.9306658766847,
            35.95445117414043,
            1100.5
          ],
          [
            136.9307631972316,
            35.95448924159988,
            1101.0
          ],
          [
            136.93086918780423,
            35.95451541661281,
            1100.4
          ],
          [
            136.93097717681903,
            35.954535745749624,
            1098.2
          ],
          [
            136.9310851658338,
            35.95455607488644,
            1098.4
          ],
          [
            136.9311836644165,
            35.95459595892994,
            1095.3
          ],
          [
            136.93127962893809,
            35.954641064371955,
            1094.8
          ],
          [
            136.9313771644251,
            35.95468386572527,
            1095.4
          ],
          [
            136.93147506496933,
            35.954726131659896,
            1096.1
          ],
          [
            136.9315729655136,
            35.95476839759453,
            1094.0
          ],
          [
            136.93167086605783,
            35.95481066352915,
            1091.4
          ],
          [
            136.93176709025178,
            35.954854925351746,
            1091.9
          ],
          [
            136.9318511389864,
            35.95491368345991,
            1092.1
          ],
          [
            136.931935187721,
            35.95497244156807,
            1091.3
          ],
          [
            136.932030769844,
            35.95501678482495,
            1087.1
          ],
          [
            136.93213090173097,
            35.95505544162021,
            1087.2
          ],
          [
            136.9322346124658,
            35.95508690283535,
            1085.8
          ],
          [
            136.9323396476393,
            35.95511570115306,
            1087.2
          ],
          [
            136.9324469805996,
            35.955123767467185,
            1082.9
          ],
          [
            136.93251961270752,
            35.955055697628936,
            1083.5
          ],
          [
            136.93260700109923,
            35.95500025355026,
            1083.7
          ],
          [
            136.93270672886803,
            35.95496329420885,
            1082.8
          ],
          [
            136.93281718174404,
            35.954965278815074,
            1083.1
          ],
          [
            136.9329234215914,
            35.954986372249465,
            1083.8
          ],
          [
            136.93302207813426,
            35.95502654318667,
            1081.5
          ],
          [
            136.9331155950735,
            35.955074928576835,
            1080.1
          ],
          [
            136.93321847978487,
            35.95510792885984,
            1079.9
          ],
          [
            136.93332909240274,
            35.95510724012049,
            1079.9
          ],
          [
            136.93343916326785,
            35.955097266737674,
            1077.1
          ],
          [
            136.9335489817052,
            35.955085036362505,
            1075.1
          ],
          [
            136.93365868969096,
            35.95507215217137,
            1074.8
          ],
          [
            136.9337683283152,
            35.9550590008761,
            1073.4
          ],
          [
            136.93387507890355,
            35.95503472804362,
            1072.0
          ],
          [
            136.93398182949193,
            35.955010455211145,
            1071.0
          ],
          [
            136.9340827342151,
            35.95497427487292,
            1070.3
          ],
          [
            136.93418626493494,
            35.95494479807328,
            1068.9
          ],
          [
            136.93429494282324,
            35.954927058689755,
            1067.5
          ],
          [
            136.93439959608605,
            35.954956380467365,
            1067.3
          ],
          [
            136.93450420867563,
            35.954986177849044,
            1067.2
          ],
          [
            136.93459179858007,
            35.95504068851106,
            1066.7
          ],
          [
            136.93467770531197,
            35.95509764277783,
            1066.0
          ],
          [
            136.9347636120439,
            35.9551545970446,
            1065.0
          ],
          [
            136.93484712118783,
            35.95521383414237,
            1064.8
          ],
          [
            136.93492975515719,
            35.9552739045258,
            1064.5
          ],
          [
            136.93501238912657,
            35.95533397490923,
            1064.6
          ],
          [
            136.93509502309593,
            35.95539404529266,
            1064.6
          ],
          [
            136.93517765706528,
            35.95545411567608,
            1064.7
          ],
          [
            136.93525178244778,
            35.95550800078148,
            1064.9
          ]
        ]
      }
    },
    {
      "type": "Feature",
      "properties": {
        "name": "パノラマウェイ_#上部",
        "slope_deg": [
          2.147585428298503,
          2.147585428298503,
          2.147585428298503,
          5.000644597558433,
          7.547725773843047,
          9.926245506651705,
          12.816647648997623,
          12.543973346572233,
          14.305551846622015,
          13.360218444764483,
          12.133880170633224,
          11.996899307923577,
          11.034209003250188,
          12.816647648997623,
          13.766300685466197,
          16.304198003832074,
          16.304198003832376,
          14.97598451475675,
          12.68038349181982,
          8.670801453591151,
          5.710593137499643,
          3.576334374997351,
          3.005269359690129,
          1.7183580016555222,
          0.7161599454704085,
          -0.2864765102771396,
          -0.14323915036850196,
          0.0,
          1.1457628381750384,
          1.7183580016555222,
          -3.005269359689804,
          -4.716221234338539,
          -8.9505586562316,
          -4.716221234338539,
          -0.5729386976836163,
          1.4320961841646465,
          5.568737077976766,
          4.858462919034416,
          8.670801453591151,
          9.64804531609841,
          10.757967088389877,
          11.034209003250188,
          11.85977912094779,
          8.110047829418843,
          9.926245506651705,
          9.926245506651705,
          9.926245506651705,
          9.926245506651705
        ],
        "horizontal_dist_map": 461,
        "slope_dist_map": 469,
        "elevation_diff_map": 53.0,
        "avg_slope_deg_map": 6.4,
        "max_slope_deg_map": 16.3
      },
      "geometry": {
        "type": "LineString",
        "coordinates": [
          [
            136.94802815478891,
            35.94854019859801,
            1395.2
          ],
          [
            136.9479289317672,
            35.94850003583137,
            1395.0
          ],
          [
            136.94782970874545,
            35.94845987306473,
            1394.7
          ],
          [
            136.94773048572372,
            35.94841971029809,
            1394.4
          ],
          [
            136.947631262702,
            35.94837954753145,
            1393.7
          ],
          [
            136.9475353455988,
            35.94833444726079,
            1391.5
          ],
          [
            136.94744000573468,
            35.94828848486354,
            1389.4
          ],
          [
            136.94734466587053,
            35.94824252246629,
            1387.4
          ],
          [
            136.9472493260064,
            35.948196560069036,
            1384.6
          ],
          [
            136.94715503488368,
            35.94814931558535,
            1382.6
          ],
          [
            136.94706604542188,
            35.94809558982082,
            1379.2
          ],
          [
            136.9469770559601,
            35.94804186405629,
            1377.9
          ],
          [
            136.9468880664983,
            35.94798813829176,
            1376.0
          ],
          [
            136.9468009952003,
            35.94793238478373,
            1374.1
          ],
          [
            136.94671429780135,
            35.9478762360168,
            1371.4
          ],
          [
            136.94661441399424,
            35.947838565153226,
            1368.8
          ],
          [
            136.9465112954391,
            35.9478055379281,
            1366.2
          ],
          [
            136.94640690863693,
            35.94777524311136,
            1362.4
          ],
          [
            136.94630252183475,
            35.94774494829462,
            1359.7
          ],
          [
            136.9461946941801,
            35.94772810263172,
            1358.1
          ],
          [
            136.946084109518,
            35.947722033198595,
            1357.2
          ],
          [
            136.9459735248559,
            35.94771596376547,
            1356.3
          ],
          [
            136.94586319766347,
            35.947723045342805,
            1355.7
          ],
          [
            136.94575290663278,
            35.94773197398511,
            1355.6
          ],
          [
            136.94564261560205,
            35.94774090262741,
            1355.1
          ],
          [
            136.94553214075682,
            35.94774807962754,
            1355.1
          ],
          [
            136.94542158360485,
            35.94775447229388,
            1355.2
          ],
          [
            136.94531177854165,
            35.947764016591854,
            1355.8
          ],
          [
            136.94520630439595,
            35.94779170962073,
            1355.2
          ],
          [
            136.94510292096055,
            35.94782367933996,
            1355.1
          ],
          [
            136.94500284981441,
            35.947862424572456,
            1354.4
          ],
          [
            136.9449019433685,
            35.94789856782258,
            1354.6
          ],
          [
            136.9447913501641,
            35.94790453654604,
            1357.3
          ],
          [
            136.94468090346643,
            35.94790937954472,
            1358.4
          ],
          [
            136.94457429619706,
            35.947884721242914,
            1360.7
          ],
          [
            136.94446768892766,
            35.9478600629411,
            1357.9
          ],
          [
            136.94436619818933,
            35.947824541147256,
            1357.7
          ],
          [
            136.9442666056438,
            35.94778498908324,
            1357.4
          ],
          [
            136.94416677727403,
            35.947745880636994,
            1356.8
          ],
          [
            136.944063111938,
            35.94771399005126,
            1354.5
          ],
          [
            136.94395944660192,
            35.94768209946553,
            1351.6
          ],
          [
            136.94385340867927,
            35.947656319552934,
            1350.6
          ],
          [
            136.94374601660644,
            35.94763402729783,
            1349.2
          ],
          [
            136.94363647201013,
            35.94762108685992,
            1346.7
          ],
          [
            136.943527531175,
            35.94762132630151,
            1343.2
          ],
          [
            136.94342105372925,
            35.947646351789935,
            1344.9
          ],
          [
            136.94332175272305,
            35.94768583145475,
            1342.2
          ],
          [
            136.9433046,
            35.9476932,
            1342.2
          ]
        ]
      }
    }
  ]
}