{
  "type": "FeatureCollection",
  "features": [
    {
      "type": "Feature",
      "properties": {
        "name": "みつまた第3ロマンス",
        "horizontal_dist_map": 330,
        "slope_dist_map": 345,
        "elevation_diff_map": 91.8
      },
      "geometry": {
        "type": "LineString",
        "coordinates": [
          [
            138.75490823320024,
            36.888912402520006,
            955.3
          ],
          [
            138.75513128589958,
            36.88893185962507,
            956.4
          ],
          [
            138.75535433859892,
            36.888951316730136,
            963.2
          ],
          [
            138.7555773912983,
            36.8889707738352,
            968.2
          ],
          [
            138.75580044399763,
            36.88899023094026,
            971.8
          ],
          [
            138.75602349669697,
            36.88900968804533,
            977.2
          ],
          [
            138.7562465493963,
            36.88902914515039,
            984.7
          ],
          [
            138.75646960209568,
            36.88904860225545,
            995.5
          ],
          [
            138.75669265479502,
            36.88906805936052,
            1002.2
          ],
          [
            138.75691570749436,
            36.88908751646558,
            1008.9
          ],
          [
            138.7571387601937,
            36.88910697357064,
            1016.3
          ],
          [
            138.75736181289304,
            36.88912643067571,
            1020.4
          ],
          [
            138.7575848655924,
            36.88914588778077,
            1027.8
          ],
          [
            138.75780791829175,
            36.88916534488583,
            1035.5
          ],
          [
            138.7580309709911,
            36.8891848019909,
            1039.0
          ],
          [
            138.75825402369043,
            36.88920425909596,
            1042.9
          ],
          [
            138.7584770763898,
            36.88922371620102,
            1046.2
          ],
          [
            138.75859850059902,
            36.889234308153526,
            1047.1
          ]
        ]
      }
    },
    {
      "type": "Feature",
      "properties": {
        "name": "みつまた第2ロマンス",
        "horizontal_dist_map": 418,
        "slope_dist_map": 432,
        "elevation_diff_map": 92.8
      },
      "geometry": {
        "type": "LineString",
        "coordinates": [
          [
            138.7552209896018,
            36.888017350042716,
            957.4
          ],
          [
            138.75544533097,
            36.88801974101629,
            961.6
          ],
          [
            138.75566967233817,
            36.88802213198988,
            965.7
          ],
          [
            138.75589401370632,
            36.888024522963455,
            969.0
          ],
          [
            138.7561183550745,
            36.88802691393704,
            973.9
          ],
          [
            138.7563426964427,
            36.88802930491062,
            979.6
          ],
          [
            138.75656703781087,
            36.8880316958842,
            986.8
          ],
          [
            138.75679137917902,
            36.88803408685778,
            993.9
          ],
          [
            138.7570157205472,
            36.88803647783136,
            1002.1
          ],
          [
            138.75724006191538,
            36.88803886880494,
            1011.0
          ],
          [
            138.75746440328356,
            36.888041259778525,
            1015.0
          ],
          [
            138.75768874465172,
            36.8880436507521,
            1021.0
          ],
          [
            138.7579130860199,
            36.88804604172568,
            1024.4
          ],
          [
            138.75813742738808,
            36.888048432699264,
            1031.8
          ],
          [
            138.75836176875626,
            36.88805082367284,
            1040.2
          ],
          [
            138.75858611012444,
            36.888053214646426,
            1045.0
          ],
          [
            138.7588104514926,
            36.88805560562,
            1045.8
          ],
          [
            138.75903479286077,
            36.88805799659359,
            1046.3
          ],
          [
            138.75925913422896,
            36.888060387567165,
            1046.9
          ],
          [
            138.75948347559714,
            36.88806277854075,
            1048.2
          ],
          [
            138.7597078169653,
            36.88806516951433,
            1049.4
          ],
          [
            138.7599171,
            36.8880674,
            1050.2
          ]
        ]
      }
    },
    {
      "type": "Feature",
      "properties": {
        "name": "かぐらゴンドラ",
        "horizontal_dist_map": 3081,
        "slope_dist_map": 3162,
        "elevation_diff_map": 413.7
      },
      "geometry": {
        "type": "LineString",
        "coordinates": [
          [
            138.75429718960174,
            36.88859152400377,
            956.9
          ],
          [
            138.75412453257346,
            36.888476455901646,
            957.3
          ],
          [
            138.75395187554517,
            36.88836138779952,
            959.6
          ],
          [
            138.75377921851688,
            36.88824631969739,
            964.2
          ],
          [
            138.7536065614886,
            36.88813125159526,
            965.9
          ],
          [
            138.7534339044603,
            36.888016183493136,
            967.5
          ],
          [
            138.75326124743202,
            36.88790111539101,
            969.3
          ],
          [
            138.7530885904037,
            36.887786047288884,
            970.9
          ],
          [
            138.75291593337542,
            36.88767097918675,
            972.1
          ],
          [
            138.75274327634713,
            36.887555911084625,
            974.1
          ],
          [
            138.75257061931885,
            36.8874408429825,
            976.2
          ],
          [
            138.75239796229056,
            36.887325774880374,
            977.9
          ],
          [
            138.75222530526227,
            36.88721070677825,
            979.5
          ],
          [
            138.75205264823398,
            36.887095638676115,
            981.8
          ],
          [
            138.7518799912057,
            36.88698057057399,
            983.3
          ],
          [
            138.7517073341774,
            36.88686550247186,
            985.2
          ],
          [
            138.75153467714912,
            36.88675043436974,
            987.1
          ],
          [
            138.75136202012084,
            36.88663536626761,
            989.6
          ],
          [
            138.75118936309255,
            36.886520298165486,
            990.7
          ],
          [
            138.75101670606426,
            36.88640523006335,
            992.5
          ],
          [
            138.75084404903598,
            36.88629016196123,
            994.6
          ],
          [
            138.75067139200766,
            36.8861750938591,
            996.7
          ],
          [
            138.75049873497937,
            36.886060025756976,
            986.5
          ],
          [
            138.7503260779511,
            36.88594495765485,
            970.2
          ],
          [
            138.7501534209228,
            36.88582988955272,
            965.6
          ],
          [
            138.7499807638945,
            36.88571482145059,
            965.0
          ],
          [
            138.74980810686623,
            36.885599753348465,
            965.2
          ],
          [
            138.74963544983794,
            36.88548468524634,
            978.3
          ],
          [
            138.74946279280965,
            36.885369617144214,
            981.5
          ],
          [
            138.74929013578137,
            36.88525454904208,
            982.5
          ],
          [
            138.74911747875308,
            36.885139480939955,
            989.9
          ],
          [
            138.7489448217248,
            36.88502441283783,
            1000.6
          ],
          [
            138.7487721646965,
            36.8849093447357,
            1014.2
          ],
          [
            138.74859950766822,
            36.88479427663358,
            1030.9
          ],
          [
            138.74842685063993,
            36.884679208531445,
            1037.8
          ],
          [
            138.74825419361161,
            36.88456414042932,
            1044.0
          ],
          [
            138.74808153658333,
            36.88444907232719,
            1050.3
          ],
          [
            138.74790887955504,
            36.88433400422507,
            1051.4
          ],
          [
            138.74773622252675,
            36.88421893612294,
            1062.5
          ],
          [
            138.74756356549847,
            36.88410386802081,
            1074.6
          ],
          [
            138.74739090847018,
            36.88398879991868,
            1083.1
          ],
          [
            138.7472182514419,
            36.88387373181656,
            1086.0
          ],
          [
            138.7470455944136,
            36.88375866371443,
            1085.2
          ],
          [
            138.74687293738532,
            36.883643595612305,
            1081.9
          ],
          [
            138.74670028035703,
            36.88352852751017,
            1075.9
          ],
          [
            138.74652762332875,
            36.88341345940805,
            1078.7
          ],
          [
            138.74635496630046,
            36.88329839130592,
            1073.0
          ],
          [
            138.74618230927217,
            36.883183323203795,
            1072.0
          ],
          [
            138.74600965224386,
            36.88306825510167,
            1069.2
          ],
          [
            138.74583699521557,
            36.882953186999536,
            1070.0
          ],
          [
            138.74566433818728,
            36.88283811889741,
            1066.0
          ],
          [
            138.745491681159,
            36.882723050795285,
            1068.7
          ],
          [
            138.7453190241307,
            36.88260798269316,
            1072.7
          ],
          [
            138.74514636710242,
            36.88249291459103,
            1076.7
          ],
          [
            138.74497371007413,
            36.88237784648891,
            1078.0
          ],
          [
            138.74480105304585,
            36.882262778386774,
            1087.1
          ],
          [
            138.74462839601756,
            36.88214771028465,
            1095.5
          ],
          [
            138.74445573898927,
            36.88203264218252,
            1097.8
          ],
          [
            138.744283081961,
            36.8819175740804,
            1097.3
          ],
          [
            138.7441104249327,
            36.88180250597827,
            1094.2
          ],
          [
            138.7439377679044,
            36.88168743787614,
            1095.7
          ],
          [
            138.74376511087613,
            36.88157236977401,
            1091.0
          ],
          [
            138.7435924538478,
            36.88145730167189,
            1094.8
          ],
          [
            138.74341979681952,
            36.88134223356976,
            1098.2
          ],
          [
            138.74324713979124,
            36.881227165467635,
            1099.9
          ],
          [
            138.74307448276295,
            36.8811120973655,
            1102.1
          ],
          [
            138.74290182573466,
            36.880997029263376,
            1105.2
          ],
          [
            138.74272916870638,
            36.88088196116125,
            1107.8
          ],
          [
            138.7425565116781,
            36.880766893059125,
            1113.3
          ],
          [
            138.7423838546498,
            36.880651824957,
            1122.2
          ],
          [
            138.74221119762151,
            36.880536756854866,
            1127.8
          ],
          [
            138.74203854059323,
            36.88042168875274,
            1128.9
          ],
          [
            138.74186588356494,
            36.880306620650614,
            1132.3
          ],
          [
            138.74169322653665,
            36.88019155254849,
            1135.5
          ],
          [
            138.74152056950837,
            36.88007648444636,
            1143.6
          ],
          [
            138.74134791248008,
            36.87996141634423,
            1152.8
          ],
          [
            138.74117525545176,
            36.879846348242104,
            1159.6
          ],
          [
            138.74100259842348,
            36.87973128013998,
            1162.8
          ],
          [
            138.7408299413952,
            36.87961621203785,
            1163.4
          ],
          [
            138.7406572843669,
            36.87950114393573,
            1168.4
          ],
          [
            138.74048462733862,
            36.879386075833594,
            1174.0
          ],
          [
            138.74031197031033,
            36.87927100773147,
            1175.0
          ],
          [
            138.74013931328204,
            36.87915593962934,
            1176.8
          ],
          [
            138.73996665625376,
            36.879040871527216,
            1182.3
          ],
          [
            138.73979399922547,
            36.87892580342509,
            1183.4
          ],
          [
            138.73962134219718,
            36.87881073532296,
            1181.1
          ],
          [
            138.7394486851689,
            36.87869566722083,
            1184.9
          ],
          [
            138.7392760281406,
            36.878580599118706,
            1184.4
          ],
          [
            138.73910337111232,
            36.87846553101658,
            1190.2
          ],
          [
            138.738930714084,
            36.878350462914455,
            1198.0
          ],
          [
            138.73875805705572,
            36.87823539481233,
            1201.4
          ],
          [
            138.73858540002743,
            36.878120326710196,
            1205.2
          ],
          [
            138.73841274299915,
            36.87800525860807,
            1209.8
          ],
          [
            138.73824008597086,
            36.877890190505944,
            1204.9
          ],
          [
            138.73806742894257,
            36.87777512240382,
            1207.1
          ],
          [
            138.73789477191428,
            36.87766005430169,
            1211.4
          ],
          [
            138.737722114886,
            36.87754498619956,
            1213.1
          ],
          [
            138.7375494578577,
            36.877429918097434,
            1217.2
          ],
          [
            138.73737680082942,
            36.87731484999531,
            1218.5
          ],
          [
            138.73720414380114,
            36.87719978189318,
            1219.4
          ],
          [
            138.73703148677285,
            36.87708471379106,
            1217.5
          ],
          [
            138.73685882974456,
            36.87696964568892,
            1217.1
          ],
          [
            138.73668617271628,
            36.8768545775868,
            1222.4
          ],
          [
            138.73651351568796,
            36.87673950948467,
            1227.1
          ],
          [
            138.73634085865967,
            36.876624441382546,
            1230.2
          ],
          [
            138.7361682016314,
            36.87650937328042,
            1234.6
          ],
          [
            138.7359955446031,
            36.87639430517829,
            1238.2
          ],
          [
            138.7358228875748,
            36.87627923707616,
            1242.5
          ],
          [
            138.73565023054653,
            36.876164168974036,
            1245.6
          ],
          [
            138.73547757351824,
            36.87604910087191,
            1248.7
          ],
          [
            138.73530491648995,
            36.875934032769784,
            1251.2
          ],
          [
            138.73513225946166,
            36.87581896466765,
            1253.0
          ],
          [
            138.73495960243338,
            36.875703896565525,
            1254.1
          ],
          [
            138.7347869454051,
            36.8755888284634,
            1256.8
          ],
          [
            138.7346142883768,
            36.875473760361274,
            1259.5
          ],
          [
            138.73444163134852,
            36.87535869225915,
            1263.4
          ],
          [
            138.73426897432023,
            36.875243624157015,
            1265.9
          ],
          [
            138.73409631729191,
            36.87512855605489,
            1268.3
          ],
          [
            138.73392366026363,
            36.875013487952764,
            1270.6
          ],
          [
            138.73375100323534,
            36.87489841985064,
            1273.0
          ],
          [
            138.73357834620705,
            36.87478335174851,
            1275.5
          ],
          [
            138.73340568917877,
            36.87466828364638,
            1278.5
          ],
          [
            138.73323303215048,
            36.87455321554425,
            1280.9
          ],
          [
            138.7330603751222,
            36.87443814744213,
            1282.7
          ],
          [
            138.7328877180939,
            36.87432307934,
            1283.8
          ],
          [
            138.73271506106562,
            36.874208011237876,
            1285.4
          ],
          [
            138.73254240403733,
            36.87409294313575,
            1287.4
          ],
          [
            138.73236974700905,
            36.87397787503362,
            1289.2
          ],
          [
            138.73219708998076,
            36.87386280693149,
            1290.3
          ],
          [
            138.73202443295247,
            36.873747738829366,
            1292.5
          ],
          [
            138.73185177592416,
            36.87363267072724,
            1294.9
          ],
          [
            138.73167911889587,
            36.873517602625114,
            1298.0
          ],
          [
            138.73150646186758,
            36.87340253452298,
            1301.6
          ],
          [
            138.7313338048393,
            36.873287466420855,
            1304.4
          ],
          [
            138.731161147811,
            36.87317239831873,
            1307.4
          ],
          [
            138.73098849078272,
            36.873057330216604,
            1310.3
          ],
          [
            138.73081583375443,
            36.87294226211448,
            1312.2
          ],
          [
            138.73064317672615,
            36.872827194012345,
            1312.9
          ],
          [
            138.73047051969786,
            36.87271212591022,
            1314.3
          ],
          [
            138.73029786266957,
            36.87259705780809,
            1315.8
          ],
          [
            138.7301252056413,
            36.87248198970597,
            1317.9
          ],
          [
            138.729952548613,
            36.87236692160384,
            1321.0
          ],
          [
            138.7297798915847,
            36.87225185350171,
            1325.9
          ],
          [
            138.72960723455643,
            36.87213678539958,
            1330.0
          ],
          [
            138.7294345775281,
            36.87202171729746,
            1335.3
          ],
          [
            138.72926192049982,
            36.87190664919533,
            1340.8
          ],
          [
            138.72908926347154,
            36.871791581093206,
            1347.8
          ],
          [
            138.72891660644325,
            36.87167651299107,
            1351.8
          ],
          [
            138.72874394941496,
            36.87156144488895,
            1356.1
          ],
          [
            138.72857129238668,
            36.87144637678682,
            1361.1
          ],
          [
            138.7283986353584,
            36.871331308684695,
            1366.3
          ],
          [
            138.7282259783301,
            36.87121624058257,
            1369.3
          ],
          [
            138.72805332130181,
            36.87110117248044,
            1370.0
          ],
          [
            138.72788066427353,
            36.87098610437831,
            1370.5
          ],
          [
            138.72770800724524,
            36.870871036276185,
            1370.6
          ],
          [
            138.7276991,
            36.8708651,
            1370.6
          ]
        ]
      }
    },
    {
      "type": "Feature",
      "properties": {
        "name": "かぐら第1高速リフト",
        "horizontal_dist_map": 1128,
        "slope_dist_map": 1193,
        "elevation_diff_map": 355.6
      },
      "geometry": {
        "type": "LineString",
        "coordinates": [
          [
            138.73087149194478,
            36.86921006323459,
            1322.6
          ],
          [
            138.73071024201914,
            36.869084792596766,
            1321.8
          ],
          [
            138.7305489920935,
            36.86895952195894,
            1322.0
          ],
          [
            138.73038774216786,
            36.86883425132112,
            1326.7
          ],
          [
            138.73022649224225,
            36.868708980683294,
            1329.4
          ],
          [
            138.7300652423166,
            36.86858371004547,
            1333.2
          ],
          [
            138.72990399239097,
            36.86845843940765,
            1335.3
          ],
          [
            138.72974274246533,
            36.86833316876982,
            1338.6
          ],
          [
            138.7295814925397,
            36.86820789813199,
            1342.0
          ],
          [
            138.72942024261405,
            36.86808262749417,
            1346.2
          ],
          [
            138.72925899268844,
            36.867957356856344,
            1348.4
          ],
          [
            138.7290977427628,
            36.86783208621852,
            1349.2
          ],
          [
            138.72893649283716,
            36.867706815580696,
            1354.2
          ],
          [
            138.72877524291152,
            36.86758154494287,
            1359.8
          ],
          [
            138.72861399298588,
            36.86745627430505,
            1366.5
          ],
          [
            138.72845274306025,
            36.867331003667225,
            1376.4
          ],
          [
            138.72829149313463,
            36.8672057330294,
            1388.5
          ],
          [
            138.728130243209,
            36.86708046239158,
            1401.8
          ],
          [
            138.72796899328335,
            36.86695519175375,
            1412.0
          ],
          [
            138.72780774335772,
            36.86682992111593,
            1422.2
          ],
          [
            138.72764649343208,
            36.866704650478106,
            1430.6
          ],
          [
            138.72748524350644,
            36.86657937984028,
            1436.9
          ],
          [
            138.72732399358082,
            36.86645410920246,
            1445.3
          ],
          [
            138.72716274365519,
            36.86632883856463,
            1453.8
          ],
          [
            138.72700149372955,
            36.8662035679268,
            1461.4
          ],
          [
            138.7268402438039,
            36.86607829728898,
            1470.1
          ],
          [
            138.72667899387827,
            36.865953026651155,
            1478.8
          ],
          [
            138.72651774395263,
            36.86582775601333,
            1486.0
          ],
          [
            138.72635649402702,
            36.86570248537551,
            1496.9
          ],
          [
            138.72619524410138,
            36.865577214737684,
            1508.7
          ],
          [
            138.72603399417574,
            36.86545194409986,
            1517.3
          ],
          [
            138.7258727442501,
            36.865326673462036,
            1526.1
          ],
          [
            138.72571149432446,
            36.86520140282421,
            1536.2
          ],
          [
            138.72555024439882,
            36.86507613218639,
            1542.4
          ],
          [
            138.7253889944732,
            36.864950861548564,
            1550.6
          ],
          [
            138.72522774454757,
            36.86482559091074,
            1556.6
          ],
          [
            138.72506649462193,
            36.86470032027292,
            1562.7
          ],
          [
            138.7249052446963,
            36.86457504963509,
            1568.2
          ],
          [
            138.72474399477065,
            36.86444977899726,
            1574.4
          ],
          [
            138.724582744845,
            36.86432450835944,
            1578.8
          ],
          [
            138.72442149491937,
            36.864199237721614,
            1582.9
          ],
          [
            138.72426024499376,
            36.86407396708379,
            1588.0
          ],
          [
            138.72409899506812,
            36.863948696445966,
            1595.9
          ],
          [
            138.72393774514248,
            36.86382342580814,
            1604.1
          ],
          [
            138.72377649521684,
            36.86369815517032,
            1610.4
          ],
          [
            138.7236152452912,
            36.863572884532495,
            1616.2
          ],
          [
            138.72345399536556,
            36.86344761389467,
            1621.6
          ],
          [
            138.72329274543995,
            36.86332234325685,
            1626.7
          ],
          [
            138.7231314955143,
            36.86319707261902,
            1632.2
          ],
          [
            138.72297024558867,
            36.8630718019812,
            1636.6
          ],
          [
            138.72280899566303,
            36.862946531343376,
            1641.7
          ],
          [
            138.7226477457374,
            36.86282126070555,
            1649.6
          ],
          [
            138.72248649581175,
            36.86269599006773,
            1656.6
          ],
          [
            138.72232524588614,
            36.8625707194299,
            1663.4
          ],
          [
            138.7221639959605,
            36.86244544879207,
            1669.8
          ],
          [
            138.72200274603486,
            36.86232017815425,
            1674.3
          ],
          [
            138.72184149610922,
            36.862194907516425,
            1676.8
          ],
          [
            138.72177458388964,
            36.86214292525106,
            1678.2
          ]
        ]
      }
    },
    {
      "type": "Feature",
      "properties": {
        "name": "みつまたロープウェー",
        "horizontal_dist_map": 814,
        "slope_dist_map": 881,
        "elevation_diff_map": 251.2
      },
      "geometry": {
        "type": "LineString",
        "coordinates": [
          [
            138.77512756238247,
            36.89312026495625,
            626.6
          ],
          [
            138.77490612278302,
            36.89314933427714,
            626.2
          ],
          [
            138.77468468318355,
            36.89317840359802,
            624.2
          ],
          [
            138.7744632435841,
            36.89320747291891,
            622.9
          ],
          [
            138.77424180398467,
            36.8932365422398,
            623.2
          ],
          [
            138.77402036438522,
            36.89326561156068,
            622.5
          ],
          [
            138.77379892478575,
            36.89329468088157,
            621.9
          ],
          [
            138.7735774851863,
            36.893323750202455,
            620.6
          ],
          [
            138.77335604558687,
            36.893352819523344,
            619.6
          ],
          [
            138.77313460598742,
            36.893381888844225,
            618.7
          ],
          [
            138.77291316638795,
            36.89341095816511,
            618.9
          ],
          [
            138.7726917267885,
            36.893440027486,
            619.6
          ],
          [
            138.77247028718907,
            36.89346909680688,
            621.8
          ],
          [
            138.77224884758962,
            36.89349816612777,
            621.4
          ],
          [
            138.77202740799015,
            36.89352723544866,
            636.2
          ],
          [
            138.7718059683907,
            36.89355630476954,
            643.7
          ],
          [
            138.77158452879127,
            36.89358537409043,
            648.4
          ],
          [
            138.77136308919182,
            36.893614443411316,
            654.5
          ],
          [
            138.77114164959235,
            36.8936435127322,
            669.3
          ],
          [
            138.7709202099929,
            36.893672582053085,
            685.4
          ],
          [
            138.77069877039347,
            36.89370165137397,
            698.9
          ],
          [
            138.770477330794,
            36.89373072069486,
            707.0
          ],
          [
            138.77025589119455,
            36.89375979001574,
            716.7
          ],
          [
            138.7700344515951,
            36.89378885933663,
            724.1
          ],
          [
            138.76981301199567,
            36.89381792865752,
            737.7
          ],
          [
            138.7695915723962,
            36.8938469979784,
            747.4
          ],
          [
            138.76937013279675,
            36.89387606729929,
            754.3
          ],
          [
            138.7691486931973,
            36.89390513662018,
            767.2
          ],
          [
            138.76892725359787,
            36.89393420594106,
            780.6
          ],
          [
            138.7687058139984,
            36.893963275261946,
            795.2
          ],
          [
            138.76848437439895,
            36.893992344582834,
            808.8
          ],
          [
            138.7682629347995,
            36.894021413903715,
            826.0
          ],
          [
            138.76804149520007,
            36.8940504832246,
            835.9
          ],
          [
            138.7678200556006,
            36.89407955254549,
            841.1
          ],
          [
            138.76759861600115,
            36.89410862186638,
            849.3
          ],
          [
            138.7673771764017,
            36.89413769118726,
            858.3
          ],
          [
            138.76715573680227,
            36.89416676050815,
            867.0
          ],
          [
            138.7669342972028,
            36.89419582982904,
            869.5
          ],
          [
            138.76671285760335,
            36.89422489914992,
            869.7
          ],
          [
            138.7664914180039,
            36.89425396847081,
            873.1
          ],
          [
            138.76626997840444,
            36.894283037791695,
            876.2
          ],
          [
            138.76611354093103,
            36.894303574006194,
            877.8
          ]
        ]
      }
    },
    {
      "type": "Feature",
      "properties": {
        "name": "みつまた第2高速",
        "horizontal_dist_map": 766,
        "slope_dist_map": 788,
        "elevation_diff_map": 176.5
      },
      "geometry": {
        "type": "LineString",
        "coordinates": [
          [
            138.7664532,
            36.8937088,
            875.3
          ],
          [
            138.7663750726192,
            36.89353985900153,
            875.6
          ],
          [
            138.76629694523842,
            36.89337091800306,
            882.1
          ],
          [
            138.76621881785766,
            36.89320197700459,
            888.7
          ],
          [
            138.76614069047687,
            36.893033036006116,
            894.5
          ],
          [
            138.76606256309609,
            36.892864095007646,
            898.6
          ],
          [
            138.7659844357153,
            36.892695154009175,
            902.0
          ],
          [
            138.76590630833454,
            36.892526213010704,
            905.9
          ],
          [
            138.76582818095375,
            36.89235727201224,
            910.1
          ],
          [
            138.76575005357296,
            36.89218833101377,
            917.6
          ],
          [
            138.76567192619217,
            36.8920193900153,
            923.4
          ],
          [
            138.7655937988114,
            36.89185044901683,
            928.4
          ],
          [
            138.76551567143062,
            36.89168150801836,
            934.1
          ],
          [
            138.76543754404983,
            36.89151256701989,
            939.1
          ],
          [
            138.76535941666904,
            36.89134362602142,
            943.2
          ],
          [
            138.76528128928828,
            36.891174685022946,
            947.0
          ],
          [
            138.7652031619075,
            36.891005744024476,
            950.3
          ],
          [
            138.7651250345267,
            36.890836803026005,
            954.5
          ],
          [
            138.76504690714592,
            36.890667862027534,
            962.0
          ],
          [
            138.76496877976516,
            36.890498921029064,
            964.1
          ],
          [
            138.76489065238437,
            36.89032998003059,
            968.1
          ],
          [
            138.76481252500358,
            36.89016103903212,
            971.4
          ],
          [
            138.7647343976228,
            36.88999209803366,
            978.2
          ],
          [
            138.764656270242,
            36.88982315703519,
            984.7
          ],
          [
            138.76457814286124,
            36.88965421603672,
            991.2
          ],
          [
            138.76450001548045,
            36.88948527503825,
            997.1
          ],
          [
            138.76442188809966,
            36.889316334039776,
            1002.1
          ],
          [
            138.76434376071887,
            36.889147393041306,
            1006.0
          ],
          [
            138.7642656333381,
            36.888978452042835,
            1010.1
          ],
          [
            138.76418750595732,
            36.888809511044364,
            1014.3
          ],
          [
            138.76410937857653,
            36.888640570045894,
            1018.9
          ],
          [
            138.76403125119575,
            36.88847162904742,
            1023.2
          ],
          [
            138.76395312381499,
            36.88830268804895,
            1029.6
          ],
          [
            138.7638749964342,
            36.88813374705048,
            1034.8
          ],
          [
            138.7637968690534,
            36.88796480605201,
            1038.9
          ],
          [
            138.76371874167262,
            36.88779586505354,
            1043.0
          ],
          [
            138.76364061429186,
            36.88762692405507,
            1046.8
          ],
          [
            138.76356248691107,
            36.887457983056606,
            1049.8
          ],
          [
            138.76348435953028,
            36.887289042058136,
            1051.1
          ],
          [
            138.7634602,
            36.8872368,
            1051.8
          ]
        ]
      }
    },
    {
      "type": "Feature",
      "properties": {
        "name": "みつまた第1高速",
        "horizontal_dist_map": 1027,
        "slope_dist_map": 1049,
        "elevation_diff_map": 186.1
      },
      "geometry": {
        "type": "LineString",
        "coordinates": [
          [
            138.7652215,
            36.8961636,
            863.5
          ],
          [
            138.7651576828169,
            36.895990823660526,
            863.2
          ],
          [
            138.7650938656338,
            36.89581804732105,
            865.4
          ],
          [
            138.76503004845068,
            36.895645270981575,
            866.4
          ],
          [
            138.7649662312676,
            36.8954724946421,
            868.9
          ],
          [
            138.7649024140845,
            36.895299718302624,
            873.7
          ],
          [
            138.7648385969014,
            36.89512694196315,
            878.5
          ],
          [
            138.7647747797183,
            36.89495416562367,
            884.3
          ],
          [
            138.7647109625352,
            36.8947813892842,
            888.5
          ],
          [
            138.7646471453521,
            36.89460861294472,
            892.1
          ],
          [
            138.76458332816898,
            36.89443583660525,
            895.8
          ],
          [
            138.7645195109859,
            36.89426306026577,
            901.2
          ],
          [
            138.7644556938028,
            36.89409028392629,
            907.0
          ],
          [
            138.7643918766197,
            36.89391750758681,
            914.0
          ],
          [
            138.7643280594366,
            36.89374473124734,
            914.7
          ],
          [
            138.7642642422535,
            36.89357195490786,
            922.5
          ],
          [
            138.76420042507038,
            36.89339917856839,
            926.6
          ],
          [
            138.76413660788728,
            36.89322640222891,
            931.8
          ],
          [
            138.7640727907042,
            36.893053625889436,
            935.2
          ],
          [
            138.7640089735211,
            36.89288084954996,
            940.2
          ],
          [
            138.763945156338,
            36.892708073210486,
            943.4
          ],
          [
            138.7638813391549,
            36.89253529687101,
            947.5
          ],
          [
            138.7638175219718,
            36.892362520531535,
            950.3
          ],
          [
            138.76375370478868,
            36.89218974419206,
            952.8
          ],
          [
            138.76368988760558,
            36.892016967852584,
            955.2
          ],
          [
            138.7636260704225,
            36.89184419151311,
            959.1
          ],
          [
            138.7635622532394,
            36.89167141517363,
            961.1
          ],
          [
            138.7634984360563,
            36.89149863883416,
            962.7
          ],
          [
            138.7634346188732,
            36.89132586249468,
            964.2
          ],
          [
            138.7633708016901,
            36.89115308615521,
            966.2
          ],
          [
            138.76330698450698,
            36.89098030981573,
            967.7
          ],
          [
            138.76324316732388,
            36.890807533476256,
            969.6
          ],
          [
            138.7631793501408,
            36.89063475713678,
            971.0
          ],
          [
            138.7631155329577,
            36.890461980797305,
            974.0
          ],
          [
            138.7630517157746,
            36.89028920445782,
            978.0
          ],
          [
            138.7629878985915,
            36.89011642811835,
            983.1
          ],
          [
            138.76292408140839,
            36.88994365177887,
            985.1
          ],
          [
            138.76286026422528,
            36.889770875439396,
            987.8
          ],
          [
            138.76279644704218,
            36.88959809909992,
            989.0
          ],
          [
            138.7627326298591,
            36.889425322760445,
            992.8
          ],
          [
            138.762668812676,
            36.88925254642097,
            999.8
          ],
          [
            138.7626049954929,
            36.889079770081494,
            1008.2
          ],
          [
            138.7625411783098,
            36.88890699374202,
            1013.0
          ],
          [
            138.76247736112668,
            36.88873421740254,
            1013.5
          ],
          [
            138.76241354394358,
            36.88856144106307,
            1016.6
          ],
          [
            138.7623497267605,
            36.88838866472359,
            1023.2
          ],
          [
            138.7622859095774,
            36.88821588838412,
            1026.7
          ],
          [
            138.7622220923943,
            36.88804311204464,
            1028.9
          ],
          [
            138.7621582752112,
            36.887870335705166,
            1032.4
          ],
          [
            138.7620944580281,
            36.88769755936569,
            1038.0
          ],
          [
            138.76203064084498,
            36.887524783026215,
            1044.4
          ],
          [
            138.76196682366188,
            36.88735200668674,
            1048.3
          ],
          [
            138.761942,
            36.8872848,
            1049.6
          ]
        ]
      }
    },
    {
      "type": "Feature",
      "properties": {
        "name": "田代第1高速",
        "horizontal_dist_map": 1353,
        "slope_dist_map": 1382,
        "elevation_diff_map": 224.9
      },
      "geometry": {
        "type": "LineString",
        "coordinates": [
          [
            138.7394058,
            36.8525348,
            1323.9
          ],
          [
            138.73925900155712,
            36.852398563137925,
            1323.3
          ],
          [
            138.73911220311422,
            36.85226232627585,
            1326.3
          ],
          [
            138.73896540467135,
            36.85212608941377,
            1330.4
          ],
          [
            138.73881860622845,
            36.8519898525517,
            1334.9
          ],
          [
            138.73867180778558,
            36.85185361568962,
            1339.8
          ],
          [
            138.7385250093427,
            36.851717378827544,
            1345.0
          ],
          [
            138.7383782108998,
            36.85158114196547,
            1350.2
          ],
          [
            138.73823141245694,
            36.85144490510339,
            1354.4
          ],
          [
            138.73808461401404,
            36.85130866824132,
            1357.3
          ],
          [
            138.73793781557117,
            36.85117243137925,
            1358.3
          ],
          [
            138.7377910171283,
            36.85103619451717,
            1356.7
          ],
          [
            138.7376442186854,
            36.850899957655095,
            1352.1
          ],
          [
            138.73749742024253,
            36.85076372079302,
            1347.9
          ],
          [
            138.73735062179964,
            36.85062748393094,
            1345.0
          ],
          [
            138.73720382335677,
            36.85049124706887,
            1343.6
          ],
          [
            138.73705702491387,
            36.85035501020679,
            1342.4
          ],
          [
            138.736910226471,
            36.850218773344714,
            1340.8
          ],
          [
            138.73676342802813,
            36.85008253648264,
            1341.9
          ],
          [
            138.73661662958523,
            36.84994629962056,
            1348.1
          ],
          [
            138.73646983114236,
            36.849810062758486,
            1356.8
          ],
          [
            138.73632303269946,
            36.84967382589641,
            1363.3
          ],
          [
            138.7361762342566,
            36.849537589034334,
            1366.9
          ],
          [
            138.73602943581372,
            36.84940135217226,
            1370.8
          ],
          [
            138.73588263737082,
            36.84926511531018,
            1374.0
          ],
          [
            138.73573583892795,
            36.849128878448106,
            1378.1
          ],
          [
            138.73558904048505,
            36.84899264158603,
            1381.6
          ],
          [
            138.73544224204218,
            36.84885640472396,
            1385.6
          ],
          [
            138.7352954435993,
            36.848720167861885,
            1391.3
          ],
          [
            138.7351486451564,
            36.84858393099981,
            1396.5
          ],
          [
            138.73500184671354,
            36.84844769413773,
            1404.3
          ],
          [
            138.73485504827065,
            36.848311457275656,
            1409.3
          ],
          [
            138.73470824982778,
            36.84817522041358,
            1415.1
          ],
          [
            138.7345614513849,
            36.848038983551504,
            1421.6
          ],
          [
            138.734414652942,
            36.84790274668943,
            1426.0
          ],
          [
            138.73426785449914,
            36.84776650982735,
            1431.1
          ],
          [
            138.73412105605624,
            36.847630272965276,
            1434.2
          ],
          [
            138.73397425761337,
            36.8474940361032,
            1437.3
          ],
          [
            138.73382745917047,
            36.847357799241124,
            1440.0
          ],
          [
            138.7336806607276,
            36.84722156237905,
            1442.7
          ],
          [
            138.73353386228473,
            36.84708532551697,
            1445.0
          ],
          [
            138.73338706384183,
            36.846949088654895,
            1447.2
          ],
          [
            138.73324026539896,
            36.84681285179282,
            1449.8
          ],
          [
            138.73309346695606,
            36.84667661493074,
            1452.9
          ],
          [
            138.7329466685132,
            36.84654037806867,
            1456.4
          ],
          [
            138.73279987007032,
            36.8464041412066,
            1459.2
          ],
          [
            138.73265307162742,
            36.84626790434452,
            1462.2
          ],
          [
            138.73250627318455,
            36.846131667482446,
            1465.5
          ],
          [
            138.73235947474166,
            36.84599543062037,
            1470.2
          ],
          [
            138.7322126762988,
            36.845859193758294,
            1475.2
          ],
          [
            138.73206587785592,
            36.84572295689622,
            1479.0
          ],
          [
            138.73191907941302,
            36.84558672003414,
            1483.2
          ],
          [
            138.73177228097015,
            36.845450483172066,
            1488.8
          ],
          [
            138.73162548252725,
            36.84531424630999,
            1493.2
          ],
          [
            138.73147868408438,
            36.84517800944791,
            1498.6
          ],
          [
            138.7313318856415,
            36.84504177258584,
            1503.4
          ],
          [
            138.7311850871986,
            36.84490553572376,
            1508.1
          ],
          [
            138.73103828875574,
            36.844769298861685,
            1511.9
          ],
          [
            138.73089149031284,
            36.84463306199961,
            1514.3
          ],
          [
            138.73074469186997,
            36.84449682513753,
            1518.4
          ],
          [
            138.73059789342707,
            36.84436058827546,
            1520.8
          ],
          [
            138.7304510949842,
            36.84422435141338,
            1524.7
          ],
          [
            138.73030429654133,
            36.844088114551305,
            1527.9
          ],
          [
            138.73015749809844,
            36.843951877689236,
            1531.6
          ],
          [
            138.73001069965557,
            36.84381564082716,
            1535.3
          ],
          [
            138.72986390121267,
            36.84367940396508,
            1538.4
          ],
          [
            138.7297171027698,
            36.84354316710301,
            1542.2
          ],
          [
            138.72957030432693,
            36.84340693024093,
            1545.4
          ],
          [
            138.72947138841013,
            36.843315130942194,
            1548.8
          ]
        ]
      }
    },
    {
      "type": "Feature",
      "properties": {
        "name": "田代第2高速",
        "horizontal_dist_map": 890,
        "slope_dist_map": 907,
        "elevation_diff_map": 131.0
      },
      "geometry": {
        "type": "LineString",
        "coordinates": [
          [
            138.7476619,
            36.8431617,
            1343.5
          ],
          [
            138.74743861514114,
            36.843145180262574,
            1342.8
          ],
          [
            138.74721533028227,
            36.84312866052515,
            1342.2
          ],
          [
            138.74699204542338,
            36.843112140787724,
            1344.5
          ],
          [
            138.74676876056452,
            36.8430956210503,
            1347.9
          ],
          [
            138.74654547570566,
            36.843079101312874,
            1353.3
          ],
          [
            138.7463221908468,
            36.843062581575445,
            1357.9
          ],
          [
            138.74609890598794,
            36.843046061838024,
            1361.1
          ],
          [
            138.74587562112904,
            36.843029542100595,
            1362.2
          ],
          [
            138.74565233627018,
            36.84301302236317,
            1359.5
          ],
          [
            138.74542905141132,
            36.842996502625745,
            1355.8
          ],
          [
            138.74520576655246,
            36.842979982888316,
            1355.8
          ],
          [
            138.7449824816936,
            36.842963463150895,
            1355.7
          ],
          [
            138.7447591968347,
            36.842946943413466,
            1359.9
          ],
          [
            138.74453591197585,
            36.84293042367604,
            1367.9
          ],
          [
            138.74431262711698,
            36.842913903938616,
            1376.2
          ],
          [
            138.74408934225812,
            36.84289738420119,
            1380.9
          ],
          [
            138.74386605739926,
            36.842880864463766,
            1385.8
          ],
          [
            138.74364277254037,
            36.84286434472634,
            1389.8
          ],
          [
            138.7434194876815,
            36.84284782498891,
            1393.1
          ],
          [
            138.74319620282265,
            36.84283130525149,
            1396.0
          ],
          [
            138.74297291796378,
            36.84281478551406,
            1398.1
          ],
          [
            138.74274963310492,
            36.842798265776636,
            1398.4
          ],
          [
            138.74252634824603,
            36.84278174603921,
            1398.9
          ],
          [
            138.74230306338717,
            36.84276522630178,
            1400.3
          ],
          [
            138.7420797785283,
            36.84274870656436,
            1402.2
          ],
          [
            138.74185649366945,
            36.84273218682693,
            1404.2
          ],
          [
            138.74163320881058,
            36.84271566708951,
            1407.5
          ],
          [
            138.7414099239517,
            36.84269914735208,
            1413.1
          ],
          [
            138.74118663909283,
            36.84268262761465,
            1420.8
          ],
          [
            138.74096335423397,
            36.84266610787723,
            1427.5
          ],
          [
            138.7407400693751,
            36.8426495881398,
            1432.8
          ],
          [
            138.74051678451625,
            36.84263306840237,
            1436.4
          ],
          [
            138.74029349965738,
            36.84261654866495,
            1441.5
          ],
          [
            138.7400702147985,
            36.84260002892752,
            1448.0
          ],
          [
            138.73984692993963,
            36.8425835091901,
            1451.6
          ],
          [
            138.73962364508077,
            36.84256698945267,
            1454.6
          ],
          [
            138.7394003602219,
            36.84255046971524,
            1457.8
          ],
          [
            138.73917707536305,
            36.84253394997782,
            1461.2
          ],
          [
            138.73895379050415,
            36.84251743024039,
            1464.9
          ],
          [
            138.7387305056453,
            36.84250091050297,
            1467.1
          ],
          [
            138.73850722078643,
            36.84248439076554,
            1469.3
          ],
          [
            138.73828393592757,
            36.84246787102811,
            1471.0
          ],
          [
            138.7380606510687,
            36.84245135129069,
            1472.4
          ],
          [
            138.73783736620982,
            36.84243483155326,
            1473.9
          ],
          [
            138.7377207,
            36.8424262,
            1474.5
          ]
        ]
      }
    },
    {
      "type": "Feature",
      "properties": {
        "name": "田代第6ロマンス",
        "horizontal_dist_map": 599,
        "slope_dist_map": 648,
        "elevation_diff_map": 228.0
      },
      "geometry": {
        "type": "LineString",
        "coordinates": [
          [
            138.73185,
            36.8525371,
            1365.6
          ],
          [
            138.73163182483063,
            36.852495418055426,
            1368.1
          ],
          [
            138.73141364966125,
            36.85245373611085,
            1372.3
          ],
          [
            138.73119547449184,
            36.85241205416627,
            1375.8
          ],
          [
            138.73097729932246,
            36.8523703722217,
            1379.8
          ],
          [
            138.73075912415308,
            36.852328690277126,
            1384.9
          ],
          [
            138.7305409489837,
            36.85228700833255,
            1389.9
          ],
          [
            138.7303227738143,
            36.85224532638798,
            1394.7
          ],
          [
            138.7301045986449,
            36.8522036444434,
            1400.7
          ],
          [
            138.72988642347553,
            36.852161962498826,
            1409.0
          ],
          [
            138.72966824830615,
            36.85212028055425,
            1414.7
          ],
          [
            138.72945007313677,
            36.85207859860968,
            1424.2
          ],
          [
            138.72923189796737,
            36.8520369166651,
            1433.7
          ],
          [
            138.729013722798,
            36.851995234720526,
            1446.3
          ],
          [
            138.7287955476286,
            36.85195355277595,
            1458.1
          ],
          [
            138.72857737245923,
            36.85191187083138,
            1469.7
          ],
          [
            138.72835919728982,
            36.85187018888681,
            1484.7
          ],
          [
            138.72814102212044,
            36.851828506942226,
            1502.2
          ],
          [
            138.72792284695106,
            36.85178682499765,
            1511.8
          ],
          [
            138.72770467178168,
            36.85174514305308,
            1520.6
          ],
          [
            138.7274864966123,
            36.85170346110851,
            1527.3
          ],
          [
            138.7272683214429,
            36.85166177916393,
            1537.1
          ],
          [
            138.7270501462735,
            36.85162009721935,
            1545.3
          ],
          [
            138.72683197110413,
            36.85157841527478,
            1549.8
          ],
          [
            138.72661379593475,
            36.85153673333021,
            1557.6
          ],
          [
            138.72639562076535,
            36.85149505138563,
            1565.6
          ],
          [
            138.72617744559597,
            36.85145336944106,
            1572.5
          ],
          [
            138.72595927042659,
            36.85141168749648,
            1579.3
          ],
          [
            138.7257410952572,
            36.85137000555191,
            1583.1
          ],
          [
            138.72552292008783,
            36.85132832360733,
            1590.2
          ],
          [
            138.7253123,
            36.8512880850465,
            1593.6
          ]
        ]
      }
    },
    {
      "type": "Feature",
      "properties": {
        "name": "かぐら第5ロマンス",
        "horizontal_dist_map": 625,
        "slope_dist_map": 664,
        "elevation_diff_map": 210.8
      },
      "geometry": {
        "type": "LineString",
        "coordinates": [
          [
            138.7181054617991,
            36.861776199568176,
            1626.7
          ],
          [
            138.71798338069593,
            36.86162501766805,
            1628.8
          ],
          [
            138.71786129959276,
            36.86147383576792,
            1632.5
          ],
          [
            138.71773921848958,
            36.86132265386779,
            1634.0
          ],
          [
            138.7176171373864,
            36.861171471967666,
            1640.2
          ],
          [
            138.71749505628327,
            36.861020290067536,
            1643.8
          ],
          [
            138.7173729751801,
            36.86086910816741,
            1650.1
          ],
          [
            138.71725089407693,
            36.86071792626728,
            1655.1
          ],
          [
            138.71712881297375,
            36.86056674436715,
            1660.8
          ],
          [
            138.71700673187058,
            36.86041556246702,
            1667.3
          ],
          [
            138.7168846507674,
            36.86026438056689,
            1673.3
          ],
          [
            138.71676256966424,
            36.86011319866676,
            1678.7
          ],
          [
            138.71664048856107,
            36.85996201676664,
            1682.6
          ],
          [
            138.7165184074579,
            36.85981083486651,
            1687.5
          ],
          [
            138.71639632635475,
            36.85965965296638,
            1693.2
          ],
          [
            138.71627424525158,
            36.85950847106625,
            1700.3
          ],
          [
            138.7161521641484,
            36.85935728916612,
            1708.5
          ],
          [
            138.71603008304524,
            36.85920610726599,
            1715.8
          ],
          [
            138.71590800194207,
            36.85905492536586,
            1727.6
          ],
          [
            138.7157859208389,
            36.85890374346573,
            1737.0
          ],
          [
            138.71566383973573,
            36.85875256156561,
            1747.5
          ],
          [
            138.71554175863255,
            36.85860137966548,
            1760.2
          ],
          [
            138.71541967752938,
            36.85845019776535,
            1772.3
          ],
          [
            138.71529759642624,
            36.85829901586522,
            1782.1
          ],
          [
            138.71517551532307,
            36.85814783396509,
            1787.2
          ],
          [
            138.7150534342199,
            36.85799665206496,
            1790.3
          ],
          [
            138.71493135311673,
            36.85784547016483,
            1796.5
          ],
          [
            138.71480927201355,
            36.8576942882647,
            1804.3
          ],
          [
            138.71468719091038,
            36.85754310636458,
            1812.2
          ],
          [
            138.7145651098072,
            36.85739192446445,
            1822.0
          ],
          [
            138.71444302870404,
            36.85724074256432,
            1829.7
          ],
          [
            138.71432094760087,
            36.85708956066419,
            1836.8
          ],
          [
            138.7142898101135,
            36.85705100085122,
            1837.5
          ]
        ]
      }
    },
    {
      "type": "Feature",
      "properties": {
        "name": "かぐら第4ロマンス",
        "horizontal_dist_map": 655,
        "slope_dist_map": 680,
        "elevation_diff_map": 172.5
      },
      "geometry": {
        "type": "LineString",
        "coordinates": [
          [
            138.7314885694221,
            36.85997341308127,
            1454.1
          ],
          [
            138.73128679995602,
            36.86005211042591,
            1455.5
          ],
          [
            138.7310850304899,
            36.86013080777055,
            1457.2
          ],
          [
            138.73088326102382,
            36.86020950511519,
            1461.9
          ],
          [
            138.73068149155773,
            36.860288202459834,
            1466.7
          ],
          [
            138.73047972209164,
            36.860366899804475,
            1470.5
          ],
          [
            138.73027795262553,
            36.86044559714911,
            1474.2
          ],
          [
            138.73007618315944,
            36.86052429449375,
            1478.0
          ],
          [
            138.72987441369335,
            36.86060299183839,
            1483.6
          ],
          [
            138.72967264422724,
            36.86068168918303,
            1489.5
          ],
          [
            138.72947087476115,
            36.86076038652767,
            1495.4
          ],
          [
            138.72926910529506,
            36.860839083872314,
            1500.1
          ],
          [
            138.72906733582897,
            36.860917781216955,
            1507.9
          ],
          [
            138.72886556636286,
            36.860996478561596,
            1514.6
          ],
          [
            138.72866379689677,
            36.86107517590624,
            1520.5
          ],
          [
            138.72846202743068,
            36.86115387325088,
            1527.7
          ],
          [
            138.72826025796456,
            36.86123257059552,
            1534.1
          ],
          [
            138.72805848849848,
            36.86131126794016,
            1539.5
          ],
          [
            138.7278567190324,
            36.86138996528479,
            1546.4
          ],
          [
            138.7276549495663,
            36.861468662629434,
            1554.9
          ],
          [
            138.72745318010018,
            36.861547359974075,
            1560.8
          ],
          [
            138.7272514106341,
            36.861626057318716,
            1566.5
          ],
          [
            138.727049641168,
            36.86170475466336,
            1572.8
          ],
          [
            138.7268478717019,
            36.861783452008,
            1578.6
          ],
          [
            138.7266461022358,
            36.86186214935264,
            1583.1
          ],
          [
            138.72644433276972,
            36.86194084669728,
            1590.9
          ],
          [
            138.72624256330363,
            36.86201954404192,
            1598.4
          ],
          [
            138.7260407938375,
            36.86209824138656,
            1605.1
          ],
          [
            138.72583902437142,
            36.8621769387312,
            1612.7
          ],
          [
            138.72563725490534,
            36.86225563607584,
            1616.4
          ],
          [
            138.72543548543922,
            36.86233433342048,
            1620.8
          ],
          [
            138.72523371597313,
            36.86241303076512,
            1622.3
          ],
          [
            138.72503194650704,
            36.86249172810976,
            1623.8
          ],
          [
            138.72487674308525,
            36.86255226302325,
            1626.6
          ]
        ]
      }
    },
    {
      "type": "Feature",
      "properties": {
        "name": "田代第8ロマンス",
        "horizontal_dist_map": 301,
        "slope_dist_map": 325,
        "elevation_diff_map": 95.1
      },
      "geometry": {
        "type": "LineString",
        "coordinates": [
          [
            138.72577691502815,
            36.85495714432229,
            1470.4
          ],
          [
            138.72557538797895,
            36.85503621712742,
            1465.8
          ],
          [
            138.72537386092975,
            36.85511528993255,
            1461.0
          ],
          [
            138.72517233388052,
            36.85519436273768,
            1476.3
          ],
          [
            138.72497080683132,
            36.85527343554281,
            1479.7
          ],
          [
            138.72476927978212,
            36.85535250834794,
            1484.1
          ],
          [
            138.72456775273292,
            36.85543158115307,
            1493.1
          ],
          [
            138.72436622568372,
            36.8555106539582,
            1497.6
          ],
          [
            138.7241646986345,
            36.85558972676333,
            1508.6
          ],
          [
            138.7239631715853,
            36.855668799568456,
            1516.8
          ],
          [
            138.7237616445361,
            36.85574787237359,
            1523.6
          ],
          [
            138.7235601174869,
            36.85582694517872,
            1529.9
          ],
          [
            138.7233585904377,
            36.85590601798385,
            1540.3
          ],
          [
            138.7231570633885,
            36.85598509078898,
            1551.2
          ],
          [
            138.72295553633927,
            36.856064163594105,
            1559.7
          ],
          [
            138.72275400929007,
            36.856143236399234,
            1565.5
          ],
          [
            138.72273458497196,
            36.85615085788393,
            1565.5
          ]
        ]
      }
    },
    {
      "type": "Feature",
      "properties": {
        "name": "田代ロープウェー",
        "horizontal_dist_map": 2076,
        "slope_dist_map": 2380,
        "elevation_diff_map": 609.0
      },
      "geometry": {
        "type": "LineString",
        "coordinates": [
          [
            138.775676,
            36.8464132,
            801.5
          ],
          [
            138.77545220691877,
            36.84642458724492,
            801.5
          ],
          [
            138.7752284138375,
            36.846435974489836,
            799.6
          ],
          [
            138.77500462075628,
            36.84644736173476,
            792.6
          ],
          [
            138.77478082767504,
            36.84645874897968,
            790.9
          ],
          [
            138.77455703459378,
            36.846470136224596,
            787.2
          ],
          [
            138.77433324151255,
            36.846481523469514,
            786.3
          ],
          [
            138.77410944843132,
            36.84649291071444,
            790.0
          ],
          [
            138.77388565535006,
            36.846504297959356,
            792.5
          ],
          [
            138.77366186226882,
            36.846515685204274,
            798.7
          ],
          [
            138.7734380691876,
            36.84652707244919,
            797.2
          ],
          [
            138.77321427610633,
            36.846538459694116,
            800.5
          ],
          [
            138.7729904830251,
            36.846549846939034,
            802.3
          ],
          [
            138.77276668994386,
            36.84656123418395,
            805.2
          ],
          [
            138.7725428968626,
            36.84657262142887,
            816.8
          ],
          [
            138.77231910378137,
            36.846584008673794,
            818.3
          ],
          [
            138.77209531070014,
            36.84659539591871,
            819.9
          ],
          [
            138.77187151761888,
            36.84660678316363,
            838.1
          ],
          [
            138.77164772453764,
            36.84661817040855,
            858.9
          ],
          [
            138.7714239314564,
            36.84662955765347,
            871.4
          ],
          [
            138.77120013837515,
            36.84664094489839,
            877.7
          ],
          [
            138.77097634529392,
            36.84665233214331,
            892.7
          ],
          [
            138.77075255221268,
            36.846663719388225,
            897.4
          ],
          [
            138.77052875913142,
            36.84667510663315,
            904.2
          ],
          [
            138.7703049660502,
            36.84668649387807,
            912.2
          ],
          [
            138.77008117296896,
            36.846697881122985,
            920.5
          ],
          [
            138.7698573798877,
            36.8467092683679,
            916.3
          ],
          [
            138.76963358680646,
            36.84672065561283,
            889.5
          ],
          [
            138.76940979372523,
            36.846732042857745,
            868.7
          ],
          [
            138.76918600064397,
            36.84674343010266,
            853.2
          ],
          [
            138.76896220756274,
            36.84675481734758,
            836.8
          ],
          [
            138.7687384144815,
            36.8467662045925,
            820.2
          ],
          [
            138.76851462140024,
            36.84677759183742,
            805.1
          ],
          [
            138.768290828319,
            36.84678897908234,
            791.3
          ],
          [
            138.76806703523778,
            36.84680036632726,
            775.0
          ],
          [
            138.76784324215652,
            36.846811753572176,
            757.9
          ],
          [
            138.76761944907528,
            36.8468231408171,
            744.5
          ],
          [
            138.76739565599405,
            36.84683452806202,
            740.0
          ],
          [
            138.7671718629128,
            36.846845915306936,
            739.0
          ],
          [
            138.76694806983156,
            36.846857302551854,
            742.7
          ],
          [
            138.76672427675032,
            36.84686868979678,
            755.3
          ],
          [
            138.76650048366906,
            36.846880077041696,
            757.1
          ],
          [
            138.76627669058783,
            36.846891464286614,
            757.0
          ],
          [
            138.7660528975066,
            36.84690285153153,
            764.1
          ],
          [
            138.76582910442534,
            36.846914238776456,
            772.7
          ],
          [
            138.7656053113441,
            36.846925626021374,
            790.0
          ],
          [
            138.76538151826287,
            36.84693701326629,
            793.9
          ],
          [
            138.7651577251816,
            36.84694840051121,
            807.8
          ],
          [
            138.76493393210038,
            36.846959787756134,
            815.3
          ],
          [
            138.76471013901914,
            36.84697117500105,
            828.8
          ],
          [
            138.76448634593788,
            36.84698256224597,
            841.6
          ],
          [
            138.76426255285665,
            36.84699394949089,
            858.2
          ],
          [
            138.76403875977542,
            36.84700533673581,
            876.0
          ],
          [
            138.76381496669416,
            36.84701672398073,
            891.1
          ],
          [
            138.76359117361292,
            36.84702811122565,
            907.8
          ],
          [
            138.7633673805317,
            36.847039498470565,
            916.7
          ],
          [
            138.76314358745043,
            36.84705088571549,
            921.0
          ],
          [
            138.7629197943692,
            36.84706227296041,
            928.7
          ],
          [
            138.76269600128796,
            36.847073660205325,
            938.1
          ],
          [
            138.7624722082067,
            36.84708504745024,
            951.7
          ],
          [
            138.76224841512547,
            36.84709643469516,
            965.6
          ],
          [
            138.76202462204424,
            36.847107821940085,
            980.3
          ],
          [
            138.76180082896298,
            36.847119209185,
            993.2
          ],
          [
            138.76157703588174,
            36.84713059642992,
            1006.9
          ],
          [
            138.7613532428005,
            36.84714198367484,
            1025.0
          ],
          [
            138.76112944971925,
            36.84715337091976,
            1040.7
          ],
          [
            138.76090565663802,
            36.84716475816468,
            1068.4
          ],
          [
            138.76068186355678,
            36.8471761454096,
            1085.3
          ],
          [
            138.76045807047552,
            36.847187532654516,
            1097.7
          ],
          [
            138.7602342773943,
            36.84719891989944,
            1117.4
          ],
          [
            138.76001048431306,
            36.84721030714436,
            1137.3
          ],
          [
            138.7597866912318,
            36.847221694389276,
            1150.0
          ],
          [
            138.75956289815056,
            36.847233081634194,
            1165.0
          ],
          [
            138.75933910506933,
            36.84724446887912,
            1177.3
          ],
          [
            138.75911531198807,
            36.847255856124036,
            1187.7
          ],
          [
            138.75889151890684,
            36.847267243368954,
            1197.4
          ],
          [
            138.7586677258256,
            36.84727863061387,
            1201.8
          ],
          [
            138.75844393274434,
            36.847290017858796,
            1208.5
          ],
          [
            138.7582201396631,
            36.847301405103714,
            1212.8
          ],
          [
            138.75799634658188,
            36.84731279234863,
            1214.4
          ],
          [
            138.75777255350062,
            36.84732417959355,
            1219.1
          ],
          [
            138.75754876041938,
            36.847335566838474,
            1223.2
          ],
          [
            138.75732496733815,
            36.84734695408339,
            1227.1
          ],
          [
            138.7571011742569,
            36.84735834132831,
            1232.7
          ],
          [
            138.75687738117566,
            36.84736972857323,
            1237.1
          ],
          [
            138.75665358809442,
            36.84738111581815,
            1233.0
          ],
          [
            138.75642979501316,
            36.84739250306307,
            1232.8
          ],
          [
            138.75620600193193,
            36.84740389030799,
            1237.5
          ],
          [
            138.7559822088507,
            36.847415277552905,
            1241.7
          ],
          [
            138.75575841576944,
            36.84742666479782,
            1245.9
          ],
          [
            138.7555346226882,
            36.84743805204275,
            1251.4
          ],
          [
            138.75531082960697,
            36.847449439287665,
            1257.2
          ],
          [
            138.7550870365257,
            36.84746082653258,
            1264.7
          ],
          [
            138.75486324344448,
            36.8474722137775,
            1269.8
          ],
          [
            138.75463945036324,
            36.847483601022425,
            1282.0
          ],
          [
            138.75441565728198,
            36.84749498826734,
            1295.9
          ],
          [
            138.75419186420075,
            36.84750637551226,
            1306.4
          ],
          [
            138.75396807111952,
            36.84751776275718,
            1320.7
          ],
          [
            138.75374427803825,
            36.8475291500021,
            1338.7
          ],
          [
            138.75352048495702,
            36.84754053724702,
            1352.7
          ],
          [
            138.7532966918758,
            36.84755192449194,
            1365.3
          ],
          [
            138.75307289879453,
            36.847563311736856,
            1379.0
          ],
          [
            138.7528491057133,
            36.84757469898178,
            1390.4
          ],
          [
            138.75262531263206,
            36.8475860862267,
            1404.7
          ],
          [
            138.7524462,
            36.8475952,
            1410.5
          ]
        ]
      }
    },
    {
      "type": "Feature",
      "properties": {
        "name": "ドラゴンドラ",
        "horizontal_dist_map": 5293,
        "slope_dist_map": 5695,
        "elevation_diff_map": 426.2
      },
      "geometry": {
        "type": "LineString",
        "coordinates": [
          [
            138.7806553,
            36.80252,
            918.4
          ],
          [
            138.78053398766377,
            36.80267155182067,
            916.1
          ],
          [
            138.78041267532754,
            36.802823103641344,
            915.1
          ],
          [
            138.7802913629913,
            36.802974655462016,
            913.7
          ],
          [
            138.78017005065507,
            36.803126207282695,
            913.7
          ],
          [
            138.78004873831884,
            36.803277759103366,
            914.9
          ],
          [
            138.7799274259826,
            36.80342931092404,
            914.1
          ],
          [
            138.77980611364637,
            36.80358086274471,
            914.1
          ],
          [
            138.77968480131014,
            36.80373241456538,
            917.1
          ],
          [
            138.7795634889739,
            36.80388396638605,
            920.4
          ],
          [
            138.77944217663767,
            36.804035518206724,
            913.6
          ],
          [
            138.77932086430144,
            36.8041870700274,
            913.8
          ],
          [
            138.7791995519652,
            36.804338621848075,
            915.3
          ],
          [
            138.77907823962897,
            36.804490173668746,
            915.9
          ],
          [
            138.77895692729274,
            36.80464172548942,
            919.9
          ],
          [
            138.7788356149565,
            36.80479327731009,
            923.5
          ],
          [
            138.77871430262027,
            36.80494482913076,
            924.5
          ],
          [
            138.77859299028404,
            36.80509638095143,
            925.1
          ],
          [
            138.7784716779478,
            36.80524793277211,
            925.9
          ],
          [
            138.77835036561157,
            36.80539948459278,
            921.8
          ],
          [
            138.77822905327534,
            36.805551036413455,
            920.6
          ],
          [
            138.7781077409391,
            36.805702588234126,
            924.9
          ],
          [
            138.77798642860287,
            36.8058541400548,
            928.0
          ],
          [
            138.77786511626664,
            36.80600569187547,
            928.3
          ],
          [
            138.7777438039304,
            36.80615724369614,
            931.3
          ],
          [
            138.77762249159417,
            36.80630879551682,
            932.2
          ],
          [
            138.77750117925794,
            36.80646034733749,
            931.4
          ],
          [
            138.7773798669217,
            36.80661189915816,
            928.0
          ],
          [
            138.77725855458547,
            36.806763450978835,
            921.8
          ],
          [
            138.77713724224924,
            36.80691500279951,
            915.3
          ],
          [
            138.777015929913,
            36.80706655462018,
            915.7
          ],
          [
            138.77689461757677,
            36.80721810644085,
            918.6
          ],
          [
            138.77677330524054,
            36.80736965826153,
            908.9
          ],
          [
            138.7766519929043,
            36.8075212100822,
            916.7
          ],
          [
            138.77653068056807,
            36.80767276190287,
            930.6
          ],
          [
            138.77640936823184,
            36.80782431372354,
            932.8
          ],
          [
            138.7762880558956,
            36.807975865544215,
            929.5
          ],
          [
            138.77616674355937,
            36.80812741736489,
            920.3
          ],
          [
            138.77604543122314,
            36.80827896918556,
            912.6
          ],
          [
            138.7759241188869,
            36.80843052100624,
            922.9
          ],
          [
            138.77580280655067,
            36.80858207282691,
            926.9
          ],
          [
            138.77568149421444,
            36.80873362464758,
            918.9
          ],
          [
            138.7755601818782,
            36.80888517646825,
            909.1
          ],
          [
            138.77543886954197,
            36.80903672828892,
            904.4
          ],
          [
            138.77531755720574,
            36.809188280109595,
            910.7
          ],
          [
            138.7751962448695,
            36.80933983193027,
            923.2
          ],
          [
            138.77507493253327,
            36.809491383750945,
            929.8
          ],
          [
            138.77495362019704,
            36.80964293557162,
            923.6
          ],
          [
            138.7748323078608,
            36.80979448739229,
            922.6
          ],
          [
            138.77471099552457,
            36.80994603921296,
            931.5
          ],
          [
            138.77458968318834,
            36.81009759103363,
            941.9
          ],
          [
            138.7744683708521,
            36.8102491428543,
            936.4
          ],
          [
            138.77434705851587,
            36.810400694674975,
            933.0
          ],
          [
            138.77422574617964,
            36.810552246495654,
            928.0
          ],
          [
            138.7741044338434,
            36.810703798316325,
            932.3
          ],
          [
            138.77398312150717,
            36.810855350137,
            934.1
          ],
          [
            138.77386180917094,
            36.81100690195767,
            927.3
          ],
          [
            138.7737404968347,
            36.81115845377834,
            926.9
          ],
          [
            138.77361918449847,
            36.81131000559901,
            931.6
          ],
          [
            138.77349787216224,
            36.81146155741969,
            939.6
          ],
          [
            138.773376559826,
            36.81161310924036,
            942.1
          ],
          [
            138.77325524748977,
            36.811764661061034,
            933.2
          ],
          [
            138.77313393515354,
            36.811916212881705,
            933.9
          ],
          [
            138.7730126228173,
            36.81206776470238,
            933.9
          ],
          [
            138.77289131048107,
            36.81221931652305,
            928.7
          ],
          [
            138.77276999814484,
            36.81237086834372,
            924.8
          ],
          [
            138.7726486858086,
            36.8125224201644,
            918.3
          ],
          [
            138.77252737347237,
            36.81267397198507,
            915.4
          ],
          [
            138.77240606113614,
            36.81282552380574,
            907.6
          ],
          [
            138.7722847487999,
            36.812977075626414,
            905.7
          ],
          [
            138.77216343646367,
            36.813128627447085,
            903.2
          ],
          [
            138.77204212412744,
            36.81328017926776,
            901.4
          ],
          [
            138.7719208117912,
            36.81343173108843,
            902.3
          ],
          [
            138.77179949945497,
            36.81358328290911,
            910.0
          ],
          [
            138.77167818711874,
            36.81373483472978,
            908.1
          ],
          [
            138.7715568747825,
            36.81388638655045,
            900.5
          ],
          [
            138.77143556244627,
            36.81403793837112,
            894.6
          ],
          [
            138.77131425011004,
            36.814189490191794,
            892.7
          ],
          [
            138.7711929377738,
            36.814341042012465,
            887.5
          ],
          [
            138.77107162543757,
            36.81449259383314,
            885.6
          ],
          [
            138.77095031310134,
            36.814644145653816,
            881.1
          ],
          [
            138.7708290007651,
            36.81479569747449,
            883.3
          ],
          [
            138.77070768842887,
            36.81494724929516,
            883.0
          ],
          [
            138.77058637609264,
            36.81509880111583,
            877.2
          ],
          [
            138.7704650637564,
            36.8152503529365,
            875.7
          ],
          [
            138.77034375142017,
            36.815401904757174,
            878.0
          ],
          [
            138.77022243908394,
            36.815553456577845,
            879.3
          ],
          [
            138.7701011267477,
            36.815705008398524,
            876.1
          ],
          [
            138.76997981441147,
            36.815856560219196,
            873.3
          ],
          [
            138.76985850207524,
            36.81600811203987,
            873.4
          ],
          [
            138.769737189739,
            36.81615966386054,
            871.1
          ],
          [
            138.76961587740277,
            36.81631121568121,
            871.5
          ],
          [
            138.76949456506654,
            36.81646276750188,
            871.2
          ],
          [
            138.7693732527303,
            36.816614319322554,
            876.7
          ],
          [
            138.76925194039407,
            36.81676587114323,
            879.0
          ],
          [
            138.76913062805784,
            36.816917422963904,
            876.6
          ],
          [
            138.7690093157216,
            36.817068974784576,
            873.8
          ],
          [
            138.76888800338537,
            36.81722052660525,
            873.8
          ],
          [
            138.76876669104914,
            36.81737207842592,
            887.1
          ],
          [
            138.7686453787129,
            36.81752363024659,
            892.6
          ],
          [
            138.76852406637667,
            36.81767518206726,
            889.2
          ],
          [
            138.76840275404044,
            36.81782673388794,
            899.7
          ],
          [
            138.7682814417042,
            36.81797828570861,
            914.0
          ],
          [
            138.76816012936797,
            36.818129837529284,
            923.2
          ],
          [
            138.76803881703174,
            36.818281389349956,
            933.6
          ],
          [
            138.7679175046955,
            36.81843294117063,
            942.8
          ],
          [
            138.76779619235927,
            36.8185844929913,
            947.4
          ],
          [
            138.76767488002304,
            36.81873604481197,
            933.2
          ],
          [
            138.7675535676868,
            36.81888759663265,
            920.0
          ],
          [
            138.76743225535057,
            36.81903914845332,
            901.8
          ],
          [
            138.76731094301434,
            36.81919070027399,
            889.3
          ],
          [
            138.7671896306781,
            36.819342252094664,
            878.6
          ],
          [
            138.76706831834187,
            36.819493803915336,
            867.6
          ],
          [
            138.76694700600564,
            36.81964535573601,
            855.1
          ],
          [
            138.7668256936694,
            36.81979690755668,
            845.2
          ],
          [
            138.76670438133317,
            36.81994845937736,
            838.0
          ],
          [
            138.76658306899694,
            36.82010001119803,
            835.2
          ],
          [
            138.7664617566607,
            36.8202515630187,
            836.0
          ],
          [
            138.76634044432447,
            36.82040311483937,
            834.0
          ],
          [
            138.76621913198824,
            36.820554666660044,
            829.9
          ],
          [
            138.766097819652,
            36.820706218480716,
            830.0
          ],
          [
            138.76597650731577,
            36.82085777030139,
            836.0
          ],
          [
            138.76585519497954,
            36.821009322122066,
            828.0
          ],
          [
            138.7657338826433,
            36.82116087394274,
            827.8
          ],
          [
            138.76561257030707,
            36.82131242576341,
            831.3
          ],
          [
            138.76549125797084,
            36.82146397758408,
            832.6
          ],
          [
            138.7653699456346,
            36.82161552940475,
            831.5
          ],
          [
            138.76524863329837,
            36.821767081225424,
            825.2
          ],
          [
            138.76512732096214,
            36.821918633046096,
            829.0
          ],
          [
            138.7650060086259,
            36.822070184866774,
            849.4
          ],
          [
            138.76488469628967,
            36.822221736687446,
            869.4
          ],
          [
            138.76476338395344,
            36.82237328850812,
            885.4
          ],
          [
            138.7646420716172,
            36.82252484032879,
            901.3
          ],
          [
            138.76452075928097,
            36.82267639214946,
            918.8
          ],
          [
            138.76439944694474,
            36.82282794397013,
            929.6
          ],
          [
            138.7642781346085,
            36.822979495790804,
            933.6
          ],
          [
            138.76415682227227,
            36.82313104761148,
            939.9
          ],
          [
            138.76403550993604,
            36.823282599432154,
            942.2
          ],
          [
            138.7639141975998,
            36.823434151252826,
            946.7
          ],
          [
            138.76379288526357,
            36.8235857030735,
            951.2
          ],
          [
            138.76367157292734,
            36.82373725489417,
            957.3
          ],
          [
            138.7635502605911,
            36.82388880671484,
            961.8
          ],
          [
            138.76342894825487,
            36.82404035853551,
            969.9
          ],
          [
            138.76330763591864,
            36.82419191035619,
            970.2
          ],
          [
            138.7631863235824,
            36.82434346217686,
            963.1
          ],
          [
            138.76306501124617,
            36.824495013997534,
            964.5
          ],
          [
            138.76294369890994,
            36.824646565818206,
            968.7
          ],
          [
            138.7628223865737,
            36.82479811763888,
            977.0
          ],
          [
            138.76270107423747,
            36.82494966945955,
            986.2
          ],
          [
            138.76257976190124,
            36.82510122128022,
            995.7
          ],
          [
            138.762458449565,
            36.8252527731009,
            994.6
          ],
          [
            138.76233713722877,
            36.82540432492157,
            989.2
          ],
          [
            138.76221582489254,
            36.82555587674224,
            979.4
          ],
          [
            138.7620945125563,
            36.825707428562914,
            984.7
          ],
          [
            138.76197320022007,
            36.825858980383586,
            984.8
          ],
          [
            138.76185188788384,
            36.82601053220426,
            992.7
          ],
          [
            138.7617305755476,
            36.82616208402493,
            996.6
          ],
          [
            138.76160926321137,
            36.82631363584561,
            1014.8
          ],
          [
            138.76148795087514,
            36.82646518766628,
            1029.3
          ],
          [
            138.7613666385389,
            36.82661673948695,
            1042.6
          ],
          [
            138.76124532620267,
            36.82676829130762,
            1050.6
          ],
          [
            138.76112401386644,
            36.826919843128294,
            1051.1
          ],
          [
            138.7610027015302,
            36.827071394948966,
            1040.1
          ],
          [
            138.76088138919397,
            36.82722294676964,
            1032.9
          ],
          [
            138.76076007685774,
            36.827374498590316,
            1018.3
          ],
          [
            138.7606387645215,
            36.82752605041099,
            1002.1
          ],
          [
            138.76051745218527,
            36.82767760223166,
            994.9
          ],
          [
            138.76039613984904,
            36.82782915405233,
            996.2
          ],
          [
            138.7602748275128,
            36.827980705873,
            991.2
          ],
          [
            138.76015351517657,
            36.828132257693674,
            990.6
          ],
          [
            138.76003220284034,
            36.82828380951435,
            983.4
          ],
          [
            138.7599108905041,
            36.828435361335025,
            977.1
          ],
          [
            138.75978957816787,
            36.828586913155696,
            966.1
          ],
          [
            138.75966826583164,
            36.82873846497637,
            960.5
          ],
          [
            138.7595469534954,
            36.82889001679704,
            955.3
          ],
          [
            138.75942564115917,
            36.82904156861771,
            940.1
          ],
          [
            138.75930432882294,
            36.82919312043838,
            928.9
          ],
          [
            138.7591830164867,
            36.82934467225906,
            925.3
          ],
          [
            138.75906170415047,
            36.82949622407973,
            919.6
          ],
          [
            138.75894039181424,
            36.829647775900405,
            907.6
          ],
          [
            138.758819079478,
            36.82979932772108,
            890.7
          ],
          [
            138.75869776714177,
            36.82995087954175,
            890.0
          ],
          [
            138.75857645480554,
            36.83010243136242,
            902.5
          ],
          [
            138.7584551424693,
            36.83025398318309,
            921.6
          ],
          [
            138.75833383013307,
            36.83040553500377,
            934.3
          ],
          [
            138.75821251779684,
            36.83055708682444,
            949.8
          ],
          [
            138.7580912054606,
            36.83070863864511,
            963.0
          ],
          [
            138.75796989312437,
            36.830860190465785,
            974.0
          ],
          [
            138.75784858078813,
            36.83101174228646,
            959.5
          ],
          [
            138.7577272684519,
            36.83116329410713,
            950.9
          ],
          [
            138.75760595611567,
            36.8313148459278,
            954.8
          ],
          [
            138.75748464377943,
            36.83146639774848,
            956.9
          ],
          [
            138.7573633314432,
            36.83161794956915,
            964.8
          ],
          [
            138.75724201910697,
            36.83176950138982,
            969.8
          ],
          [
            138.75712070677073,
            36.83192105321049,
            960.7
          ],
          [
            138.7569993944345,
            36.832072605031165,
            979.5
          ],
          [
            138.75687808209827,
            36.83222415685184,
            981.4
          ],
          [
            138.75675676976203,
            36.83237570867251,
            988.6
          ],
          [
            138.7566354574258,
            36.83252726049319,
            1001.9
          ],
          [
            138.75651414508957,
            36.83267881231386,
            1016.3
          ],
          [
            138.75639283275333,
            36.83283036413453,
            1029.3
          ],
          [
            138.7562715204171,
            36.8329819159552,
            1022.0
          ],
          [
            138.75615020808087,
            36.83313346777587,
            1013.5
          ],
          [
            138.75602889574463,
            36.833285019596545,
            1005.2
          ],
          [
            138.7559075834084,
            36.83343657141722,
            1001.0
          ],
          [
            138.75578627107217,
            36.833588123237895,
            1001.1
          ],
          [
            138.75566495873593,
            36.83373967505857,
            1001.7
          ],
          [
            138.7555436463997,
            36.83389122687924,
            1017.8
          ],
          [
            138.75542233406347,
            36.83404277869991,
            1031.9
          ],
          [
            138.75530102172723,
            36.83419433052058,
            1045.9
          ],
          [
            138.755179709391,
            36.83434588234125,
            1055.2
          ],
          [
            138.75505839705477,
            36.834497434161925,
            1067.9
          ],
          [
            138.75493708471853,
            36.834648985982604,
            1079.5
          ],
          [
            138.7548157723823,
            36.834800537803275,
            1090.5
          ],
          [
            138.75469446004607,
            36.83495208962395,
            1100.2
          ],
          [
            138.75457314770983,
            36.83510364144462,
            1107.2
          ],
          [
            138.7544518353736,
            36.83525519326529,
            1110.6
          ],
          [
            138.75433052303737,
            36.83540674508596,
            1116.0
          ],
          [
            138.75420921070113,
            36.83555829690663,
            1121.6
          ],
          [
            138.7540878983649,
            36.83570984872731,
            1122.1
          ],
          [
            138.75396658602867,
            36.835861400547984,
            1123.6
          ],
          [
            138.75384527369243,
            36.836012952368655,
            1114.3
          ],
          [
            138.7537239613562,
            36.83616450418933,
            1107.1
          ],
          [
            138.75360264901997,
            36.83631605601,
            1103.7
          ],
          [
            138.75348133668373,
            36.83646760783067,
            1100.0
          ],
          [
            138.7533600243475,
            36.83661915965134,
            1103.2
          ],
          [
            138.75323871201127,
            36.83677071147202,
            1111.2
          ],
          [
            138.75311739967503,
            36.83692226329269,
            1122.2
          ],
          [
            138.7529960873388,
            36.837073815113364,
            1134.4
          ],
          [
            138.75287477500257,
            36.837225366934035,
            1146.7
          ],
          [
            138.75275346266633,
            36.83737691875471,
            1156.3
          ],
          [
            138.7526321503301,
            36.83752847057538,
            1169.2
          ],
          [
            138.75251083799387,
            36.83768002239605,
            1175.1
          ],
          [
            138.75238952565763,
            36.83783157421673,
            1184.5
          ],
          [
            138.7522682133214,
            36.8379831260374,
            1195.0
          ],
          [
            138.75214690098517,
            36.83813467785807,
            1203.1
          ],
          [
            138.75202558864893,
            36.838286229678744,
            1217.0
          ],
          [
            138.7519042763127,
            36.838437781499415,
            1228.5
          ],
          [
            138.75178296397647,
            36.83858933332009,
            1245.6
          ],
          [
            138.75166165164023,
            36.83874088514076,
            1258.1
          ],
          [
            138.751540339304,
            36.83889243696144,
            1273.1
          ],
          [
            138.75141902696777,
            36.83904398878211,
            1290.7
          ],
          [
            138.75129771463153,
            36.83919554060278,
            1300.9
          ],
          [
            138.7511764022953,
            36.83934709242345,
            1303.5
          ],
          [
            138.75105508995907,
            36.839498644244124,
            1302.4
          ],
          [
            138.75093377762283,
            36.839650196064795,
            1295.2
          ],
          [
            138.7508124652866,
            36.83980174788547,
            1296.7
          ],
          [
            138.75069115295037,
            36.839953299706146,
            1299.8
          ],
          [
            138.75056984061413,
            36.84010485152682,
            1292.5
          ],
          [
            138.7504485282779,
            36.84025640334749,
            1281.6
          ],
          [
            138.75032721594167,
            36.84040795516816,
            1287.0
          ],
          [
            138.75020590360546,
            36.84055950698883,
            1288.0
          ],
          [
            138.75008459126923,
            36.840711058809504,
            1292.5
          ],
          [
            138.749963278933,
            36.840862610630175,
            1289.8
          ],
          [
            138.74984196659676,
            36.841014162450854,
            1290.7
          ],
          [
            138.74972065426053,
            36.841165714271526,
            1287.4
          ],
          [
            138.7495993419243,
            36.8413172660922,
            1286.9
          ],
          [
            138.74947802958806,
            36.84146881791287,
            1294.9
          ],
          [
            138.74935671725183,
            36.84162036973354,
            1305.2
          ],
          [
            138.7492354049156,
            36.84177192155421,
            1311.9
          ],
          [
            138.74911409257936,
            36.841923473374884,
            1318.2
          ],
          [
            138.74899278024313,
            36.84207502519556,
            1321.5
          ],
          [
            138.7488714679069,
            36.842226577016234,
            1324.2
          ],
          [
            138.74875015557066,
            36.842378128836906,
            1336.9
          ],
          [
            138.74862884323443,
            36.84252968065758,
            1344.6
          ],
          [
            138.7485471,
            36.8426318,
            1344.6
          ]
        ]
      }
    },
    {
      "type": "Feature",
      "properties": {
        "name": "かぐら第1ロマンス",
        "horizontal_dist_map": 487,
        "slope_dist_map": 515,
        "elevation_diff_map": 138.4
      },
      "geometry": {
        "type": "LineString",
        "coordinates": [
          [
            138.72834311677963,
            36.869806218319255,
            1367.2
          ],
          [
            138.72824205567906,
            36.869645326989776,
            1367.9
          ],
          [
            138.72814099457847,
            36.869484435660304,
            1368.5
          ],
          [
            138.7280399334779,
            36.869323544330825,
            1369.3
          ],
          [
            138.7279388723773,
            36.869162653001354,
            1368.1
          ],
          [
            138.72783781127674,
            36.869001761671875,
            1364.0
          ],
          [
            138.72773675017615,
            36.868840870342396,
            1365.0
          ],
          [
            138.72763568907558,
            36.868679979012924,
            1371.3
          ],
          [
            138.727534627975,
            36.868519087683445,
            1380.5
          ],
          [
            138.72743356687442,
            36.868358196353974,
            1387.5
          ],
          [
            138.72733250577383,
            36.868197305024495,
            1394.5
          ],
          [
            138.72723144467327,
            36.868036413695016,
            1404.2
          ],
          [
            138.7271303835727,
            36.867875522365544,
            1413.3
          ],
          [
            138.7270293224721,
            36.867714631036065,
            1421.8
          ],
          [
            138.72692826137154,
            36.86755373970659,
            1432.6
          ],
          [
            138.72682720027095,
            36.867392848377115,
            1439.8
          ],
          [
            138.72672613917038,
            36.867231957047636,
            1446.0
          ],
          [
            138.7266250780698,
            36.867071065718164,
            1453.8
          ],
          [
            138.72652401696922,
            36.866910174388686,
            1458.7
          ],
          [
            138.72642295586863,
            36.86674928305921,
            1464.4
          ],
          [
            138.72632189476806,
            36.866588391729735,
            1470.7
          ],
          [
            138.72622083366747,
            36.866427500400256,
            1476.7
          ],
          [
            138.7261197725669,
            36.866266609070784,
            1484.0
          ],
          [
            138.7260187114663,
            36.866105717741306,
            1491.1
          ],
          [
            138.72591765036574,
            36.86594482641183,
            1501.7
          ],
          [
            138.7258782937924,
            36.86588216994585,
            1505.6
          ]
        ]
      }
    },
    {
      "type": "Feature",
      "properties": {
        "name": "田代第2ロマンス",
        "horizontal_dist_map": 1041,
        "slope_dist_map": 1059,
        "elevation_diff_map": 152.1
      },
      "geometry": {
        "type": "LineString",
        "coordinates": [
          [
            138.7481221,
            36.8474004,
            1319.8
          ],
          [
            138.74792763915008,
            36.84731066242802,
            1316.1
          ],
          [
            138.74773317830014,
            36.84722092485605,
            1313.0
          ],
          [
            138.74753871745023,
            36.84713118728408,
            1313.9
          ],
          [
            138.74734425660031,
            36.84704144971211,
            1313.9
          ],
          [
            138.74714979575037,
            36.84695171214013,
            1315.1
          ],
          [
            138.74695533490046,
            36.846861974568164,
            1317.0
          ],
          [
            138.74676087405052,
            36.84677223699619,
            1317.2
          ],
          [
            138.7465664132006,
            36.84668249942421,
            1319.5
          ],
          [
            138.7463719523507,
            36.84659276185224,
            1322.3
          ],
          [
            138.74617749150076,
            36.84650302428027,
            1328.5
          ],
          [
            138.74598303065085,
            36.8464132867083,
            1340.0
          ],
          [
            138.74578856980094,
            36.84632354913632,
            1342.8
          ],
          [
            138.745594108951,
            36.84623381156435,
            1352.2
          ],
          [
            138.74539964810108,
            36.84614407399238,
            1357.1
          ],
          [
            138.74520518725117,
            36.8460543364204,
            1362.0
          ],
          [
            138.74501072640123,
            36.84596459884843,
            1366.0
          ],
          [
            138.74481626555132,
            36.84587486127646,
            1369.7
          ],
          [
            138.74462180470138,
            36.84578512370449,
            1373.1
          ],
          [
            138.74442734385147,
            36.84569538613251,
            1377.3
          ],
          [
            138.74423288300156,
            36.84560564856054,
            1380.5
          ],
          [
            138.74403842215162,
            36.84551591098857,
            1382.3
          ],
          [
            138.7438439613017,
            36.84542617341659,
            1383.7
          ],
          [
            138.7436495004518,
            36.84533643584462,
            1385.0
          ],
          [
            138.74345503960186,
            36.845246698272646,
            1386.6
          ],
          [
            138.74326057875194,
            36.84515696070068,
            1388.0
          ],
          [
            138.74306611790203,
            36.8450672231287,
            1389.9
          ],
          [
            138.7428716570521,
            36.84497748555673,
            1391.2
          ],
          [
            138.74267719620218,
            36.84488774798476,
            1393.9
          ],
          [
            138.74248273535224,
            36.84479801041278,
            1396.5
          ],
          [
            138.74228827450233,
            36.84470827284081,
            1399.4
          ],
          [
            138.74209381365242,
            36.844618535268836,
            1402.9
          ],
          [
            138.74189935280248,
            36.84452879769687,
            1406.4
          ],
          [
            138.74170489195257,
            36.84443906012489,
            1408.7
          ],
          [
            138.74151043110265,
            36.844349322552915,
            1411.9
          ],
          [
            138.7413159702527,
            36.844259584980946,
            1416.1
          ],
          [
            138.7411215094028,
            36.84416984740897,
            1419.8
          ],
          [
            138.7409270485529,
            36.844080109837,
            1425.3
          ],
          [
            138.74073258770295,
            36.843990372265026,
            1427.4
          ],
          [
            138.74053812685304,
            36.84390063469306,
            1430.2
          ],
          [
            138.7403436660031,
            36.84381089712108,
            1432.5
          ],
          [
            138.7401492051532,
            36.843721159549105,
            1435.7
          ],
          [
            138.73995474430328,
            36.843631421977136,
            1438.7
          ],
          [
            138.73976028345334,
            36.84354168440516,
            1442.0
          ],
          [
            138.73956582260342,
            36.84345194683319,
            1445.7
          ],
          [
            138.7393713617535,
            36.843362209261215,
            1449.3
          ],
          [
            138.73917690090357,
            36.84327247168925,
            1453.4
          ],
          [
            138.73898244005366,
            36.84318273411727,
            1459.6
          ],
          [
            138.73878797920375,
            36.843092996545295,
            1462.4
          ],
          [
            138.7385935183538,
            36.843003258973326,
            1466.5
          ],
          [
            138.7383990575039,
            36.84291352140135,
            1468.5
          ],
          [
            138.738204596654,
            36.84282378382938,
            1470.2
          ],
          [
            138.73801013580405,
            36.842734046257405,
            1471.9
          ],
          [
            138.7379953,
            36.8427272,
            1471.9
          ]
        ]
      }
    },
    {
      "type": "Feature",
      "properties": {
        "name": "田代第1ロマンス",
        "horizontal_dist_map": 340,
        "slope_dist_map": 360,
        "elevation_diff_map": 100.2
      },
      "geometry": {
        "type": "LineString",
        "coordinates": [
          [
            138.74851673876347,
            36.84836318087554,
            1312.9
          ],
          [
            138.74873991930824,
            36.84834564438742,
            1312.5
          ],
          [
            138.74896309985303,
            36.848328107899306,
            1313.5
          ],
          [
            138.7491862803978,
            36.84831057141118,
            1314.8
          ],
          [
            138.74940946094256,
            36.84829303492307,
            1318.0
          ],
          [
            138.74963264148732,
            36.84827549843495,
            1321.9
          ],
          [
            138.74985582203212,
            36.848257961946835,
            1328.5
          ],
          [
            138.75007900257688,
            36.84824042545871,
            1331.7
          ],
          [
            138.75030218312165,
            36.8482228889706,
            1334.6
          ],
          [
            138.7505253636664,
            36.84820535248248,
            1340.2
          ],
          [
            138.7507485442112,
            36.848187815994365,
            1350.6
          ],
          [
            138.75097172475597,
            36.84817027950625,
            1359.0
          ],
          [
            138.75119490530074,
            36.848152743018126,
            1371.4
          ],
          [
            138.75141808584553,
            36.84813520653001,
            1380.7
          ],
          [
            138.7516412663903,
            36.848117670041894,
            1390.3
          ],
          [
            138.75186444693506,
            36.84810013355378,
            1399.3
          ],
          [
            138.75208762747982,
            36.848082597065655,
            1407.0
          ],
          [
            138.75231080802462,
            36.84806506057754,
            1413.1
          ],
          [
            138.75231980646092,
            36.84806435352231,
            1413.1
          ]
        ]
      }
    }
  ]
}