{
  "type": "FeatureCollection",
  "features": [
    {
      "type": "Feature",
      "geometry": {
        "type": "LineString",
        "coordinates": [
          [
            138.16230977847408,
            36.87308976393827,
            902.5
          ],
          [
            138.16238589319036,
            36.87315594780379,
            902.1
          ],
          [
            138.16246200790664,
            36.87322213166931,
            900.6
          ],
          [
            138.16254252521256,
            36.873284144034265,
            899.7
          ],
          [
            138.16263624015065,
            36.873333651502215,
            899.5
          ],
          [
            138.16272995508876,
            36.873383158970164,
            898.5
          ],
          [
            138.16282367002688,
            36.87343266643812,
            897.2
          ],
          [
            138.162917384965,
            36.87348217390607,
            894.2
          ],
          [
            138.1630110999031,
            36.87353168137402,
            892.3
          ],
          [
            138.1631048148412,
            36.873581188841975,
            891.1
          ],
          [
            138.16319852977932,
            36.873630696309924,
            888.9
          ],
          [
            138.1632932365632,
            36.87367895015191,
            887.2
          ],
          [
            138.16338882188325,
            36.87372609358356,
            887.0
          ],
          [
            138.1634844072033,
            36.8737732370152,
            886.8
          ],
          [
            138.16357999252335,
            36.87382038044684,
            887.2
          ],
          [
            138.1636755778434,
            36.87386752387848,
            886.8
          ],
          [
            138.16377116316346,
            36.873914667310125,
            885.4
          ],
          [
            138.16386725823466,
            36.87396110852174,
            885.1
          ],
          [
            138.16396540304814,
            36.87400472606116,
            885.1
          ],
          [
            138.16406354786162,
            36.87404834360058,
            883.8
          ],
          [
            138.1641616926751,
            36.874091961139996,
            882.8
          ],
          [
            138.16425983748857,
            36.874135578679414,
            882.3
          ],
          [
            138.16435595399844,
            36.87418163028817,
            881.0
          ],
          [
            138.16444354385294,
            36.87423791432475,
            879.9
          ],
          [
            138.16453113370744,
            36.87429419836133,
            879.0
          ],
          [
            138.16461777966157,
            36.87435107717163,
            877.9
          ],
          [
            138.16466494839895,
            36.874432831499846,
            876.7
          ],
          [
            138.16469774520067,
            36.87451886671876,
            877.3
          ],
          [
            138.16472133044925,
            36.87458575901738,
            876.6
          ]
        ]
      },
      "properties": {
        "name": "やまばと林間_2",
        "slope_deg": [
          4.289153328819018,
          4.289153328819018,
          4.289153328819018,
          5.142764557884274,
          4.858462919034255,
          7.829076510059608,
          10.203973721731748,
          10.481218144130889,
          11.722520970102357,
          9.926245506651705,
          7.547725773843047,
          6.135733340186889,
          2.4336061007200236,
          0.5729386976836163,
          2.2906100426385625,
          2.4336061007200236,
          3.0052693596899664,
          4.289153328819018,
          3.718993973158075,
          4.004172940709484,
          5.852378988915653,
          5.568737077976604,
          5.4268124985727555,
          6.277298489597523,
          6.135733340186728,
          3.718993973158075,
          3.718993973158075,
          3.718993973158075,
          3.718993973158075
        ],
        "horizontal_dist_map": 277,
        "slope_dist_map": 279,
        "elevation_diff_map": 25.9,
        "avg_slope_deg_map": 5.3,
        "max_slope_deg_map": 11.7,
        "resort": "ikenotaira-onsen-alpen-blick",
        "level": "初級",
        "distance": "",
        "maxWidth": "",
        "minWidth": "",
        "avg": "",
        "max": "",
        "piste": "○",
        "snowboard": "○",
        "note": "",
        "image": "",
        "searchWord": "池の平温泉　やまばと林間",
        "status": "×",
        "update": null,
        "latest_note": "滑走不可"
      }
    },
    {
      "type": "Feature",
      "geometry": {
        "type": "LineString",
        "coordinates": [
          [
            138.16074055633544,
            36.87478563396802,
            949.1
          ],
          [
            138.16085127084713,
            36.874771208625155,
            945.9
          ],
          [
            138.16096198535882,
            36.874756783282294,
            944.3
          ],
          [
            138.16107269987054,
            36.87474235793944,
            941.7
          ],
          [
            138.16118341438224,
            36.87472793259658,
            940.3
          ],
          [
            138.16129412889393,
            36.874713507253716,
            938.3
          ],
          [
            138.16140484340562,
            36.874699081910855,
            935.6
          ],
          [
            138.1615155579173,
            36.874684656568,
            933.8
          ],
          [
            138.161626272429,
            36.87467023122514,
            930.8
          ],
          [
            138.16173698694072,
            36.87465580588228,
            929.0
          ],
          [
            138.16184770145242,
            36.874641380539416,
            926.2
          ],
          [
            138.1619584159641,
            36.874626955196554,
            924.5
          ],
          [
            138.1620691304758,
            36.8746125298537,
            921.7
          ],
          [
            138.1621809697303,
            36.87460935897999,
            918.8
          ],
          [
            138.1622931306246,
            36.874609406518196,
            917.3
          ],
          [
            138.1624052915189,
            36.874609454056404,
            915.2
          ],
          [
            138.16251745241323,
            36.87460950159461,
            913.9
          ],
          [
            138.16262961330753,
            36.87460954913282,
            912.3
          ],
          [
            138.16274124635572,
            36.87461484074523,
            910.3
          ],
          [
            138.16285195928913,
            36.87462927356347,
            908.9
          ],
          [
            138.16296267222256,
            36.874643706381704,
            906.4
          ],
          [
            138.16307338515597,
            36.874658139199944,
            905.1
          ],
          [
            138.1631840980894,
            36.87467257201818,
            902.7
          ],
          [
            138.1632948110228,
            36.87468700483642,
            900.2
          ],
          [
            138.16340649956732,
            36.87469448147697,
            899.0
          ],
          [
            138.1635184343469,
            36.87470020244341,
            896.9
          ],
          [
            138.16363036912654,
            36.874705923409834,
            895.4
          ],
          [
            138.16374230390613,
            36.87471164437627,
            893.1
          ],
          [
            138.16385423868573,
            36.8747173653427,
            891.1
          ],
          [
            138.16396617346533,
            36.874723086309125,
            889.5
          ],
          [
            138.16407810824495,
            36.87472880727556,
            887.1
          ],
          [
            138.16418912970718,
            36.8747204158895,
            885.7
          ],
          [
            138.16429972245638,
            36.87470540013603,
            883.5
          ],
          [
            138.16441031520557,
            36.87469038438256,
            881.4
          ],
          [
            138.16452090795474,
            36.8746753686291,
            880.0
          ],
          [
            138.16463150070393,
            36.87466035287563,
            878.3
          ],
          [
            138.16474209345313,
            36.87464533712216,
            876.8
          ],
          [
            138.16485268620232,
            36.8746303213687,
            874.9
          ],
          [
            138.1649632789515,
            36.87461530561523,
            873.8
          ],
          [
            138.16507387170068,
            36.87460028986176,
            872.2
          ],
          [
            138.16518446444988,
            36.8745852741083,
            870.4
          ],
          [
            138.16529505719907,
            36.87457025835483,
            869.1
          ],
          [
            138.16540521735232,
            36.87455345562129,
            867.4
          ],
          [
            138.16551475515044,
            36.874534082044995,
            865.6
          ],
          [
            138.16562429294856,
            36.8745147084687,
            863.8
          ],
          [
            138.1657338307467,
            36.874495334892416,
            862.5
          ],
          [
            138.1658433685448,
            36.87447596131612,
            860.7
          ],
          [
            138.16595290634294,
            36.874456587739836,
            859.0
          ],
          [
            138.16605949701022,
            36.87442990063202,
            857.3
          ],
          [
            138.16616238473247,
            36.87439402438165,
            855.1
          ],
          [
            138.16626527245475,
            36.87435814813128,
            852.8
          ],
          [
            138.166368160177,
            36.8743222718809,
            850.7
          ],
          [
            138.16647104789925,
            36.87428639563053,
            848.5
          ],
          [
            138.1665739356215,
            36.87425051938015,
            846.7
          ],
          [
            138.16665934001614,
            36.87419435605752,
            845.1
          ],
          [
            138.16673734780767,
            36.8741296099625,
            843.8
          ],
          [
            138.1668153555992,
            36.87406486386749,
            841.5
          ],
          [
            138.16689336339073,
            36.87400011777247,
            839.7
          ],
          [
            138.16697137118226,
            36.873935371677454,
            837.6
          ],
          [
            138.1670493789738,
            36.873870625582434,
            835.0
          ],
          [
            138.16712738676532,
            36.87380587948742,
            832.7
          ],
          [
            138.16720539455685,
            36.8737411333924,
            830.6
          ],
          [
            138.16728016176086,
            36.8736740121176,
            829.4
          ],
          [
            138.16735328019854,
            36.87360568238401,
            827.5
          ],
          [
            138.16742639863625,
            36.87353735265043,
            825.3
          ],
          [
            138.16749951707396,
            36.873469022916844,
            823.0
          ],
          [
            138.16757263551165,
            36.87340069318326,
            821.3
          ],
          [
            138.16764575394936,
            36.87333236344968,
            819.5
          ],
          [
            138.16771887238707,
            36.87326403371609,
            817.7
          ],
          [
            138.16780557067287,
            36.87320706441707,
            816.5
          ],
          [
            138.1678935030809,
            36.87315112754235,
            815.4
          ],
          [
            138.16798143548894,
            36.87309519066762,
            814.5
          ],
          [
            138.168069367897,
            36.873039253792896,
            813.8
          ],
          [
            138.16815730030504,
            36.872983316918166,
            813.1
          ],
          [
            138.1682469930162,
            36.87292961206534,
            812.6
          ],
          [
            138.16834749965815,
            36.87288961901621,
            811.8
          ],
          [
            138.16844800630014,
            36.87284962596708,
            809.9
          ],
          [
            138.1685485129421,
            36.87280963291795,
            808.8
          ],
          [
            138.16864901958405,
            36.872769639868814,
            807.4
          ],
          [
            138.16875138284803,
            36.872733656628306,
            805.9
          ],
          [
            138.16885998613054,
            36.87271115016458,
            804.2
          ],
          [
            138.16896858941305,
            36.87268864370085,
            801.9
          ],
          [
            138.16907719269557,
            36.87266613723712,
            800.3
          ],
          [
            138.16918579597808,
            36.872643630773396,
            798.2
          ],
          [
            138.1692943992606,
            36.87262112430967,
            797.1
          ],
          [
            138.16940300254308,
            36.87259861784594,
            795.5
          ],
          [
            138.1695116058256,
            36.87257611138221,
            794.6
          ],
          [
            138.1696202091081,
            36.87255360491848,
            792.8
          ],
          [
            138.16972881239062,
            36.87253109845475,
            790.5
          ],
          [
            138.16983741567313,
            36.87250859199102,
            789.5
          ],
          [
            138.1699464081358,
            36.87248747161307,
            788.3
          ],
          [
            138.17005651814782,
            36.872470331446536,
            787.5
          ],
          [
            138.17016662815982,
            36.87245319128,
            785.8
          ],
          [
            138.17027673817182,
            36.87243605111347,
            784.1
          ],
          [
            138.17038684818385,
            36.872418910946934,
            781.2
          ],
          [
            138.17049695819586,
            36.87240177078039,
            779.7
          ],
          [
            138.1706070682079,
            36.87238463061386,
            778.0
          ],
          [
            138.1707171782199,
            36.872367490447324,
            776.8
          ],
          [
            138.1708272882319,
            36.87235035028079,
            775.7
          ],
          [
            138.1709378049163,
            36.87233532128425,
            773.6
          ],
          [
            138.17104921195184,
            36.87232491439312,
            772.1
          ],
          [
            138.1711606189874,
            36.87231450750199,
            770.1
          ],
          [
            138.1712720260229,
            36.87230410061086,
            768.7
          ],
          [
            138.17138343305845,
            36.872293693719726,
            766.6
          ],
          [
            138.171494840094,
            36.8722832868286,
            764.7
          ],
          [
            138.17160624712952,
            36.87227287993747,
            763.5
          ],
          [
            138.17171765416506,
            36.87226247304634,
            762.1
          ],
          [
            138.17176081922614,
            36.87225844085852,
            761.7
          ]
        ]
      },
      "properties": {
        "name": "やまばと林間",
        "slope_deg": [
          12.407418527400838,
          12.407418527400838,
          12.407418527400838,
          10.757967088390036,
          12.27072035781523,
          11.172136252167274,
          13.360218444764483,
          13.088732789694,
          13.224551192213497,
          13.088732789694,
          12.816647648997312,
          14.305551846622015,
          12.543973346572233,
          13.088732789694,
          11.034209003250343,
          9.22988624372772,
          9.926245506651705,
          8.950558656231758,
          10.619655276155134,
          10.20397372173159,
          10.757967088389877,
          12.27072035781523,
          10.481218144130889,
          11.58512622485511,
          10.342657140474707,
          10.065169352759877,
          11.172136252167116,
          10.481218144130889,
          11.7225209701022,
          10.481218144130889,
          10.757967088390036,
          11.447596263685636,
          10.065169352759877,
          10.481218144131045,
          9.50877195829791,
          9.22988624372772,
          8.810732985984973,
          8.670801453590833,
          9.090276920822289,
          8.250387228905435,
          9.090276920822289,
          9.369385096487514,
          9.369385096487514,
          9.369385096487514,
          9.508771958297752,
          9.369385096487514,
          9.22988624372772,
          10.481218144130889,
          11.172136252167274,
          11.7225209701022,
          12.407418527400683,
          11.859779120947948,
          10.896152141141036,
          9.78720366465624,
          9.926245506651705,
          9.926245506651705,
          10.619655276155134,
          12.407418527400683,
          12.407418527400683,
          12.816647648997467,
          11.58512622485511,
          10.619655276155134,
          10.481218144131045,
          10.757967088390036,
          11.447596263685636,
          11.309932474020215,
          10.757967088389877,
          9.22988624372772,
          8.39062701325255,
          7.125016348901798,
          5.568737077976766,
          4.858462919034255,
          4.0041729407093225,
          3.8616074096751394,
          5.568737077976604,
          6.135733340186889,
          7.406912128495294,
          8.39062701325255,
          8.110047829419,
          9.787203664656081,
          10.065169352759877,
          10.896152141141036,
          10.065169352759877,
          9.090276920822289,
          8.110047829419,
          7.688447769903003,
          9.369385096487514,
          8.530765609948133,
          8.950558656231758,
          7.547725773843047,
          6.701525844729548,
          7.68844776990284,
          10.065169352759717,
          11.034209003250188,
          11.034209003250188,
          10.342657140474707,
          7.829076510059608,
          8.670801453590993,
          8.39062701325255,
          9.508771958297752,
          9.926245506651705,
          9.926245506651705,
          10.481218144130889,
          9.369385096487514,
          9.369385096487514,
          9.369385096487514,
          9.369385096487514,
          9.369385096487514
        ],
        "horizontal_dist_map": 1063,
        "slope_dist_map": 1081,
        "elevation_diff_map": 187.4,
        "avg_slope_deg_map": 9.8,
        "max_slope_deg_map": 14.3,
        "resort": "ikenotaira-onsen-alpen-blick",
        "level": "初級",
        "distance": 1300,
        "maxWidth": "",
        "minWidth": "",
        "avg": 16,
        "max": 20,
        "piste": "○",
        "snowboard": "○",
        "note": "きれいなバーンでカービングするにはピッタリ。スキー大会も開催されるコース。",
        "image": "",
        "searchWord": "池の平温泉　やまばと林間",
        "status": "×",
        "update": null,
        "latest_note": "滑走不可"
      }
    },
    {
      "type": "Feature",
      "geometry": {
        "type": "LineString",
        "coordinates": [
          [
            138.14111536763644,
            36.877040811462564,
            1384.4
          ],
          [
            138.14122583562758,
            36.8770251985939,
            1383.0
          ],
          [
            138.14133630361871,
            36.87700958572523,
            1379.8
          ],
          [
            138.14144786175535,
            36.87700472356922,
            1376.5
          ],
          [
            138.1415600186592,
            36.87700576628892,
            1374.2
          ],
          [
            138.14167217556303,
            36.87700680900861,
            1370.9
          ],
          [
            138.14177933231628,
            36.87702846380241,
            1369.6
          ],
          [
            138.14188376872772,
            36.877061332635726,
            1367.3
          ],
          [
            138.14198820513917,
            36.877094201469035,
            1365.6
          ],
          [
            138.14209182864516,
            36.87712845928778,
            1363.1
          ],
          [
            138.14218995697726,
            36.87717210653356,
            1362.2
          ],
          [
            138.14228808530936,
            36.87721575377933,
            1361.2
          ],
          [
            138.14238821180976,
            36.87725559588858,
            1360.6
          ],
          [
            138.1424956038304,
            36.87728160217809,
            1358.2
          ],
          [
            138.14260299585106,
            36.877307608467596,
            1356.7
          ],
          [
            138.14271038787172,
            36.877333614757106,
            1353.9
          ],
          [
            138.1428177798924,
            36.87735962104662,
            1351.8
          ],
          [
            138.14292853767535,
            36.8773721690838,
            1348.6
          ],
          [
            138.14304009927721,
            36.87738150299101,
            1345.6
          ],
          [
            138.14315166087906,
            36.877390836898215,
            1343.3
          ],
          [
            138.14326182714828,
            36.87738832102295,
            1340.3
          ],
          [
            138.14336923115147,
            36.877362346761856,
            1338.2
          ],
          [
            138.14347663515463,
            36.87733637250076,
            1334.5
          ],
          [
            138.14358403915782,
            36.87731039823966,
            1332.2
          ],
          [
            138.14369144316098,
            36.877284423978566,
            1328.4
          ],
          [
            138.14379884716416,
            36.877258449717466,
            1325.8
          ],
          [
            138.14390625116735,
            36.87723247545637,
            1322.1
          ],
          [
            138.1440136551705,
            36.87720650119527,
            1318.8
          ],
          [
            138.1441210591737,
            36.877180526934175,
            1315.1
          ],
          [
            138.14422786774568,
            36.877153016893466,
            1312.2
          ],
          [
            138.14433464745588,
            36.87712543241035,
            1308.2
          ],
          [
            138.14444142716607,
            36.87709784792723,
            1306.2
          ],
          [
            138.14454820687627,
            36.87707026344412,
            1302.8
          ],
          [
            138.1446549865865,
            36.877042678961004,
            1301.0
          ],
          [
            138.14476176629668,
            36.87701509447789,
            1297.7
          ],
          [
            138.14486854600688,
            36.87698750999478,
            1295.6
          ],
          [
            138.14497532571707,
            36.87695992551166,
            1292.3
          ],
          [
            138.14508210542726,
            36.87693234102854,
            1290.3
          ],
          [
            138.1451888851375,
            36.87690475654543,
            1286.7
          ],
          [
            138.14529566484768,
            36.876877172062315,
            1284.9
          ],
          [
            138.14540244455787,
            36.8768495875792,
            1281.5
          ],
          [
            138.14550922426807,
            36.87682200309609,
            1279.3
          ],
          [
            138.1456160039783,
            36.876794418612974,
            1275.9
          ],
          [
            138.1457265496391,
            36.87678008799922,
            1274.3
          ],
          [
            138.145837650957,
            36.87676771296244,
            1270.5
          ],
          [
            138.14594875227488,
            36.876755337925665,
            1267.5
          ],
          [
            138.1460602568429,
            36.87675531271246,
            1264.5
          ],
          [
            138.14617201295226,
            36.87676299113214,
            1261.2
          ],
          [
            138.1462837690616,
            36.87677066955182,
            1259.2
          ],
          [
            138.14639552517096,
            36.87677834797149,
            1255.8
          ],
          [
            138.14650420253412,
            36.8767984773103,
            1253.6
          ],
          [
            138.146611126094,
            36.876825699297186,
            1249.6
          ],
          [
            138.14671804965386,
            36.87685292128407,
            1246.3
          ],
          [
            138.14682497321374,
            36.87688014327095,
            1242.9
          ],
          [
            138.1469318967736,
            36.876907365257836,
            1240.9
          ],
          [
            138.14704079338492,
            36.876928679913725,
            1237.7
          ],
          [
            138.14715031782362,
            36.87694811484977,
            1235.5
          ],
          [
            138.14725984226232,
            36.87696754978581,
            1232.3
          ],
          [
            138.14737110922863,
            36.876973123755725,
            1228.7
          ],
          [
            138.14748325908715,
            36.87697167474474,
            1226.5
          ],
          [
            138.14759540894565,
            36.87697022573374,
            1223.7
          ],
          [
            138.14770755880414,
            36.87696877672275,
            1222.7
          ],
          [
            138.14781970866267,
            36.87696732771176,
            1219.3
          ],
          [
            138.14793185852116,
            36.876965878700766,
            1215.6
          ],
          [
            138.14804366813442,
            36.87695944963961,
            1212.6
          ],
          [
            138.14815534171532,
            36.87695102952032,
            1208.8
          ],
          [
            138.14826701529623,
            36.876942609401034,
            1205.1
          ],
          [
            138.14834677457722,
            36.87688762387176,
            1202.1
          ],
          [
            138.1484153457784,
            36.87681631407634,
            1199.3
          ],
          [
            138.14848391697956,
            36.87674500428093,
            1198.5
          ],
          [
            138.14857295621982,
            36.87669065323398,
            1196.4
          ],
          [
            138.14866379061675,
            36.87663778956007,
            1195.1
          ],
          [
            138.1487637149372,
            36.876597215509854,
            1194.0
          ],
          [
            138.1488649359154,
            36.87655839454765,
            1192.4
          ],
          [
            138.1489661568936,
            36.87651957358545,
            1191.5
          ],
          [
            138.1490673778718,
            36.87648075262324,
            1190.9
          ],
          [
            138.14917201332793,
            36.87644880669102,
            1188.0
          ],
          [
            138.14927869583278,
            36.8764209824787,
            1186.1
          ],
          [
            138.14938537833763,
            36.876393158266374,
            1184.5
          ],
          [
            138.14949206084248,
            36.87636533405404,
            1181.4
          ],
          [
            138.14949647272852,
            36.87636418337564,
            1181.4
          ]
        ]
      },
      "properties": {
        "name": "クワッド",
        "slope_deg": [
          14.305551846622015,
          14.305551846622015,
          14.305551846622015,
          16.830565983210477,
          14.305551846622015,
          12.95276451337558,
          12.133880170633535,
          11.034209003250501,
          10.48121814413073,
          8.670801453590833,
          7.125016348901798,
          6.983937460085098,
          7.829076510059608,
          10.342657140474548,
          12.407418527400683,
          13.495733280795996,
          15.509334522675056,
          14.842227057911282,
          16.039943306049665,
          14.574216198038554,
          15.509334522674754,
          15.509334522674754,
          16.567741642974738,
          17.223436191131583,
          17.223436191131583,
          18.52084947747122,
          18.39196625070563,
          18.778033222445426,
          19.162339354971724,
          17.484427323220586,
          17.092662950267425,
          15.642246457208788,
          14.708303899682749,
          14.842227057911282,
          14.708303899682749,
          14.97598451475675,
          15.37625124882619,
          14.975984514756448,
          15.109575122340402,
          15.37625124882619,
          15.109575122340402,
          14.842227057911282,
          15.37625124882619,
          16.43605922463559,
          15.907551930525962,
          18.133621430820266,
          15.774985955414008,
          16.304198003832376,
          15.2429977429017,
          16.172159015782732,
          17.874511367250427,
          17.874511367250133,
          17.614643300006804,
          16.567741642974738,
          15.109575122340402,
          14.842227057911282,
          16.961705886532968,
          15.642246457208788,
          16.43605922463559,
          13.49573328079569,
          13.224551192213651,
          15.2429977429017,
          15.509334522675056,
          19.162339354972016,
          19.544862326628827,
          18.64953875405141,
          18.39196625070533,
          14.439965121002654,
          12.270720357815076,
          9.926245506651705,
          7.547725773843047,
          8.670801453590833,
          6.98393746008542,
          5.994092949108213,
          8.530765609948133,
          8.950558656231918,
          9.926245506651705,
          13.360218444764483,
          13.360218444764483,
          13.360218444764483,
          13.360218444764483
        ],
        "horizontal_dist_map": 790,
        "slope_dist_map": 819,
        "elevation_diff_map": 203.0,
        "avg_slope_deg_map": 13.9,
        "max_slope_deg_map": 19.5,
        "resort": "ikenotaira-onsen-alpen-blick",
        "level": "中級",
        "distance": 1420,
        "maxWidth": "",
        "minWidth": "",
        "avg": 23,
        "max": 26,
        "piste": "○",
        "snowboard": "○",
        "note": "リフト横にIKENOCITY1。BIGジャンプをメイクしよう！",
        "image": "",
        "searchWord": "池の平温泉　クワッド",
        "status": "×",
        "update": null,
        "latest_note": "滑走不可"
      }
    },
    {
      "type": "Feature",
      "geometry": {
        "type": "LineString",
        "coordinates": [
          [
            138.14211776928556,
            36.8770858225667,
            1362.6
          ],
          [
            138.1421774257013,
            36.877009514778614,
            1359.3
          ],
          [
            138.14223708211702,
            36.87693320699053,
            1357.4
          ],
          [
            138.14229673853276,
            36.87685689920244,
            1355.1
          ],
          [
            138.1423563949485,
            36.87678059141435,
            1351.5
          ],
          [
            138.14242637933856,
            36.876711160162216,
            1349.3
          ],
          [
            138.14250863671205,
            36.876649900465225,
            1346.4
          ],
          [
            138.14259089408554,
            36.87658864076823,
            1343.2
          ],
          [
            138.14267315145904,
            36.87652738107124,
            1339.8
          ],
          [
            138.14275540883253,
            36.87646612137424,
            1337.1
          ],
          [
            138.14284204440813,
            36.87640969021855,
            1334.1
          ],
          [
            138.14293984559484,
            36.87636557316189,
            1331.4
          ],
          [
            138.14303764678155,
            36.87632145610523,
            1327.3
          ],
          [
            138.14313544796823,
            36.87627733904857,
            1324.6
          ],
          [
            138.1432351583056,
            36.87623634206075,
            1321.9
          ],
          [
            138.14333837125332,
            36.87620106928628,
            1318.8
          ],
          [
            138.14344158420107,
            36.87616579651182,
            1316.7
          ],
          [
            138.14354479714882,
            36.87613052373735,
            1315.2
          ],
          [
            138.14364674611147,
            36.87609324408877,
            1312.8
          ],
          [
            138.1437432567531,
            36.87604732982448,
            1311.0
          ],
          [
            138.14383976739475,
            36.87600141556019,
            1309.3
          ],
          [
            138.1439342379206,
            36.87595301001694,
            1307.3
          ],
          [
            138.14402492573302,
            36.87589998522881,
            1303.3
          ],
          [
            138.1441156135454,
            36.87584696044069,
            1300.6
          ],
          [
            138.14420630135783,
            36.87579393565257,
            1297.1
          ],
          [
            138.14429812786676,
            36.875742331257214,
            1294.2
          ],
          [
            138.14439572680095,
            36.875697927297416,
            1291.2
          ],
          [
            138.1444933257351,
            36.875653523337625,
            1288.7
          ],
          [
            138.1445909246693,
            36.87560911937783,
            1287.0
          ],
          [
            138.14468852360346,
            36.87556471541804,
            1284.3
          ],
          [
            138.1447894744586,
            36.87552612849499,
            1281.9
          ],
          [
            138.14489476475285,
            36.87549507238097,
            1277.8
          ],
          [
            138.1450000550471,
            36.87546401626695,
            1275.7
          ],
          [
            138.1451053453413,
            36.87543296015294,
            1273.1
          ],
          [
            138.14521123401235,
            36.875403597803114,
            1270.4
          ],
          [
            138.14532113203762,
            36.8753855843233,
            1267.4
          ],
          [
            138.14543103006292,
            36.87536757084349,
            1265.9
          ],
          [
            138.1455409280882,
            36.87534955736368,
            1262.6
          ],
          [
            138.1456508261135,
            36.87533154388386,
            1260.2
          ],
          [
            138.14576072413877,
            36.87531353040405,
            1256.9
          ],
          [
            138.14587062216404,
            36.87529551692423,
            1254.0
          ],
          [
            138.14598082148376,
            36.87527879867174,
            1251.7
          ],
          [
            138.14609139811418,
            36.87526370243115,
            1250.0
          ],
          [
            138.14620197474457,
            36.87524860619056,
            1248.1
          ],
          [
            138.146312551375,
            36.87523350994997,
            1244.8
          ],
          [
            138.1464231280054,
            36.87521841370938,
            1242.9
          ],
          [
            138.14653370463583,
            36.875203317468795,
            1240.1
          ],
          [
            138.14664499808487,
            36.87519250087366,
            1237.2
          ],
          [
            138.14675660813438,
            36.87518357448849,
            1235.5
          ],
          [
            138.1468682181839,
            36.875174648103325,
            1233.0
          ],
          [
            138.1469798282334,
            36.87516572171816,
            1231.9
          ],
          [
            138.1470914382829,
            36.875156795333,
            1228.8
          ],
          [
            138.14720304833241,
            36.87514786894783,
            1225.5
          ],
          [
            138.1473147119331,
            36.87513940403012,
            1223.4
          ],
          [
            138.14742645133086,
            36.87513159228051,
            1220.0
          ],
          [
            138.14753819072865,
            36.8751237805309,
            1218.3
          ],
          [
            138.14764993012642,
            36.875115968781294,
            1214.8
          ],
          [
            138.14776166952421,
            36.87510815703168,
            1212.1
          ],
          [
            138.14787296266067,
            36.87509797336231,
            1210.5
          ],
          [
            138.14798258418574,
            36.87507890492533,
            1206.9
          ],
          [
            138.14809220571078,
            36.875059836488354,
            1205.0
          ],
          [
            138.14820182723585,
            36.87504076805138,
            1202.3
          ],
          [
            138.1483111209889,
            36.87502056888165,
            1200.6
          ],
          [
            138.14841995150778,
            36.87499877166791,
            1197.6
          ],
          [
            138.14852878202666,
            36.87497697445417,
            1194.3
          ],
          [
            138.1486376125455,
            36.87495517724042,
            1191.9
          ],
          [
            138.1487464430644,
            36.87493338002668,
            1188.6
          ],
          [
            138.14885477363183,
            36.87491006466463,
            1186.1
          ],
          [
            138.14896278530603,
            36.874885780954,
            1182.4
          ],
          [
            138.14907079698023,
            36.87486149724337,
            1179.5
          ],
          [
            138.14917880865443,
            36.87483721353274,
            1176.2
          ],
          [
            138.14928682032863,
            36.87481292982212,
            1173.6
          ],
          [
            138.14939483200283,
            36.87478864611149,
            1170.5
          ],
          [
            138.14950166509288,
            36.87476166146586,
            1168.2
          ],
          [
            138.1496049079922,
            36.87472644925993,
            1164.8
          ],
          [
            138.14970815089148,
            36.874691237054,
            1162.5
          ],
          [
            138.1498113937908,
            36.87465602484807,
            1160.4
          ],
          [
            138.14991463669008,
            36.87462081264214,
            1156.6
          ],
          [
            138.1500178795894,
            36.87458560043621,
            1154.3
          ],
          [
            138.15012112248868,
            36.87455038823028,
            1150.9
          ],
          [
            138.150224365388,
            36.87451517602436,
            1148.1
          ],
          [
            138.15032760828728,
            36.87447996381843,
            1145.9
          ],
          [
            138.15042533680202,
            36.87443603089553,
            1142.8
          ],
          [
            138.15052162092957,
            36.874389813748216,
            1140.3
          ],
          [
            138.1506179050571,
            36.8743435966009,
            1138.0
          ],
          [
            138.15071418918464,
            36.874297379453594,
            1135.4
          ],
          [
            138.1508104733122,
            36.87425116230628,
            1132.1
          ],
          [
            138.1509067574397,
            36.87420494515897,
            1129.7
          ],
          [
            138.15100304156726,
            36.87415872801166,
            1126.9
          ],
          [
            138.15109932569482,
            36.87411251086434,
            1124.5
          ],
          [
            138.15119560982234,
            36.874066293717036,
            1121.1
          ],
          [
            138.1512918939499,
            36.87402007656972,
            1118.6
          ],
          [
            138.15138815157997,
            36.873973824057686,
            1116.6
          ],
          [
            138.1514841450648,
            36.87392721900523,
            1114.0
          ],
          [
            138.15158013854966,
            36.87388061395278,
            1109.7
          ],
          [
            138.1516761320345,
            36.87383400890032,
            1107.0
          ],
          [
            138.15177212551936,
            36.873787403847864,
            1104.5
          ],
          [
            138.1518681190042,
            36.8737407987954,
            1101.9
          ],
          [
            138.15196411248905,
            36.87369419374295,
            1098.3
          ],
          [
            138.1520601059739,
            36.873647588690496,
            1095.9
          ],
          [
            138.1521511917333,
            36.87359519282105,
            1092.6
          ],
          [
            138.15224034795597,
            36.87354052021579,
            1090.0
          ],
          [
            138.15232950417862,
            36.87348584761053,
            1088.1
          ],
          [
            138.15241866040128,
            36.87343117500527,
            1085.9
          ],
          [
            138.15250781662394,
            36.87337650240001,
            1083.6
          ],
          [
            138.15259697284662,
            36.873321829794754,
            1080.9
          ],
          [
            138.15269379222207,
            36.87327650544922,
            1077.6
          ],
          [
            138.15279151994747,
            36.8732322891974,
            1075.0
          ],
          [
            138.1528892476729,
            36.87318807294557,
            1072.7
          ],
          [
            138.15298697539833,
            36.873143856693744,
            1069.7
          ],
          [
            138.15308470312374,
            36.87309964044192,
            1066.2
          ],
          [
            138.15318243084917,
            36.87305542419009,
            1063.4
          ],
          [
            138.15328015857457,
            36.87301120793827,
            1061.3
          ],
          [
            138.15337391644846,
            36.87296186268453,
            1058.9
          ],
          [
            138.15346650320632,
            36.87291100436252,
            1055.0
          ],
          [
            138.15355908996415,
            36.872860146040516,
            1052.7
          ],
          [
            138.153651676722,
            36.87280928771851,
            1049.7
          ],
          [
            138.15374426347987,
            36.872758429396505,
            1047.1
          ],
          [
            138.1538371416605,
            36.87270794428641,
            1043.9
          ],
          [
            138.1539344225832,
            36.872663097567894,
            1041.7
          ],
          [
            138.15403170350592,
            36.872618250849385,
            1038.4
          ],
          [
            138.15412898442864,
            36.87257340413087,
            1035.8
          ],
          [
            138.15422626535135,
            36.87252855741236,
            1034.1
          ],
          [
            138.15432354627407,
            36.87248371069384,
            1031.9
          ],
          [
            138.15441678776824,
            36.87243368342194,
            1030.1
          ],
          [
            138.15450946336756,
            36.8723829303918,
            1028.3
          ],
          [
            138.15460213896688,
            36.87233217736166,
            1026.5
          ],
          [
            138.15469481456617,
            36.872281424331526,
            1024.9
          ],
          [
            138.1547874901655,
            36.87223067130139,
            1022.8
          ],
          [
            138.1548786169431,
            36.87217827745572,
            1020.1
          ],
          [
            138.15496444623946,
            36.87212027147943,
            1018.8
          ],
          [
            138.1550502755358,
            36.872062265503146,
            1016.6
          ],
          [
            138.15513610483217,
            36.87200425952686,
            1015.0
          ],
          [
            138.15517853466508,
            36.871975584191205,
            1014.0
          ]
        ]
      },
      "properties": {
        "name": "ガッシュタイナー",
        "slope_deg": [
          15.509334522674754,
          15.509334522674754,
          15.509334522674754,
          14.036243467926479,
          15.37625124882619,
          16.567741642974738,
          16.304198003832376,
          16.961705886532968,
          17.09266295026772,
          16.43605922463559,
          17.35402463626132,
          17.35402463626132,
          16.96170588653267,
          17.48442732322088,
          14.84222705791098,
          13.224551192213344,
          12.816647648997623,
          11.034209003250188,
          10.481218144131045,
          11.172136252167274,
          13.360218444764483,
          14.57421619803886,
          16.961705886532968,
          18.133621430820266,
          16.830565983210477,
          16.567741642974738,
          14.17097756293297,
          13.901350769509243,
          13.088732789694,
          15.2429977429017,
          15.774985955414008,
          15.642246457208788,
          16.039943306049665,
          14.574216198038554,
          13.766300685466197,
          14.708303899682749,
          14.305551846622015,
          14.708303899682749,
          16.567741642975037,
          15.242997742901395,
          14.305551846622015,
          12.407418527400994,
          12.95276451337558,
          12.407418527400683,
          13.901350769509243,
          15.242997742901395,
          13.088732789694,
          13.901350769509243,
          11.585126224854799,
          11.859779120948104,
          14.036243467926479,
          13.49573328079569,
          16.567741642975037,
          14.708303899682749,
          14.97598451475675,
          15.77498595541431,
          13.360218444764483,
          15.90755193052566,
          13.766300685466197,
          13.766300685466197,
          13.901350769509243,
          13.088732789694308,
          14.97598451475675,
          14.574216198038554,
          16.69924423399362,
          16.039943306049665,
          16.567741642974738,
          17.223436191131583,
          17.223436191131285,
          17.35402463626132,
          16.567741642975037,
          15.774985955414008,
          15.907551930525962,
          15.509334522674754,
          14.17097756293297,
          16.172159015782732,
          14.708303899682749,
          16.17215901578243,
          17.09266295026772,
          14.975984514756448,
          16.039943306049665,
          14.842227057911282,
          14.17097756293297,
          14.708303899682749,
          14.97598451475675,
          14.84222705791098,
          15.509334522674754,
          15.2429977429017,
          15.37625124882619,
          15.509334522675056,
          14.43996512100296,
          14.708303899682749,
          15.90755193052566,
          16.17215901578243,
          16.830565983210477,
          16.830565983210477,
          15.907551930525962,
          15.509334522674754,
          16.567741642975037,
          16.567741642975037,
          14.305551846622015,
          14.036243467926479,
          12.68038349181982,
          12.816647648997312,
          14.708303899682749,
          15.2429977429017,
          15.242997742901395,
          15.642246457208788,
          15.90755193052566,
          16.17215901578243,
          15.907551930525962,
          15.109575122340402,
          15.642246457208788,
          14.97598451475675,
          16.17215901578243,
          16.43605922463589,
          15.509334522674754,
          15.37625124882619,
          15.774985955414008,
          15.774985955414008,
          13.766300685466504,
          13.766300685466197,
          11.722520970102511,
          10.619655276155134,
          10.757967088389877,
          9.926245506651705,
          10.342657140474548,
          11.585126224854955,
          10.896152141141194,
          11.722520970102357,
          11.034209003250188,
          11.034209003250188,
          11.034209003250188,
          11.034209003250188
        ],
        "horizontal_dist_map": 1324,
        "slope_dist_map": 1372,
        "elevation_diff_map": 348.6,
        "avg_slope_deg_map": 14.3,
        "max_slope_deg_map": 18.1,
        "resort": "ikenotaira-onsen-alpen-blick",
        "level": "中級",
        "distance": 1800,
        "maxWidth": "",
        "minWidth": "",
        "avg": 20,
        "max": 26,
        "piste": "○",
        "snowboard": "○",
        "note": "圧雪バーン、パウダーが楽しめる穴場コース。",
        "image": "",
        "searchWord": "池の平温泉　ガッシュタイナー",
        "status": "×",
        "update": null,
        "latest_note": "滑走不可"
      }
    },
    {
      "type": "Feature",
      "geometry": {
        "type": "LineString",
        "coordinates": [
          [
            138.14071875419216,
            36.87763629249146,
            1406.6
          ],
          [
            138.14075184900625,
            36.87755019405549,
            1403.7
          ],
          [
            138.14078494382034,
            36.87746409561952,
            1400.7
          ],
          [
            138.14081803863442,
            36.87737799718355,
            1397.1
          ],
          [
            138.1408511334485,
            36.87729189874758,
            1394.8
          ],
          [
            138.1408837495521,
            36.87720568967033,
            1393.0
          ],
          [
            138.14091266694584,
            36.87711862573404,
            1390.9
          ],
          [
            138.1409415843396,
            36.87703156179775,
            1387.6
          ],
          [
            138.14097050173336,
            36.876944497861466,
            1386.3
          ],
          [
            138.1410017780294,
            36.87685809931831,
            1383.5
          ],
          [
            138.14104695757933,
            36.876775622569546,
            1381.4
          ],
          [
            138.1410921371293,
            36.87669314582078,
            1378.2
          ],
          [
            138.14113731667925,
            36.87661066907202,
            1376.0
          ],
          [
            138.1412295288375,
            36.876567890538524,
            1373.6
          ],
          [
            138.14133429554803,
            36.87653570876625,
            1370.1
          ],
          [
            138.14143906225857,
            36.87650352699398,
            1367.6
          ],
          [
            138.1415436631168,
            36.87647099994467,
            1364.2
          ],
          [
            138.14164819486,
            36.87643832900933,
            1361.7
          ],
          [
            138.14175167152527,
            36.876404346860404,
            1358.1
          ],
          [
            138.14183166825956,
            36.8763411846831,
            1355.7
          ],
          [
            138.14191166499384,
            36.876278022505794,
            1352.7
          ],
          [
            138.14199267944056,
            36.876215781303266,
            1349.8
          ],
          [
            138.14208022169598,
            36.876159447414864,
            1347.7
          ],
          [
            138.1421677639514,
            36.87610311352647,
            1344.7
          ],
          [
            138.1422553062068,
            36.87604677963807,
            1341.7
          ],
          [
            138.14234284846222,
            36.875990445749665,
            1339.6
          ],
          [
            138.14242933988996,
            36.87593311419199,
            1336.8
          ],
          [
            138.1425129837374,
            36.87587307910502,
            1334.2
          ],
          [
            138.14259466889047,
            36.875811556632975,
            1332.1
          ],
          [
            138.14266457141807,
            36.875741086720396,
            1329.0
          ],
          [
            138.1427344739457,
            36.87567061680782,
            1326.6
          ],
          [
            138.14280437647332,
            36.87560014689524,
            1324.0
          ],
          [
            138.14287431282054,
            36.87552969955588,
            1320.2
          ],
          [
            138.1429477255841,
            36.87546157258599,
            1317.7
          ],
          [
            138.14302113834765,
            36.87539344561611,
            1314.4
          ],
          [
            138.1430945511112,
            36.87532531864623,
            1311.1
          ],
          [
            138.1431679638748,
            36.875257191676354,
            1308.5
          ],
          [
            138.1432442565536,
            36.87519114988949,
            1306.5
          ],
          [
            138.1433209865544,
            36.875125424742606,
            1304.1
          ],
          [
            138.14340053985435,
            36.87506215233075,
            1301.2
          ],
          [
            138.14348808688706,
            36.8750058244569,
            1298.0
          ],
          [
            138.1435756339198,
            36.87494949658305,
            1296.1
          ],
          [
            138.1436668670211,
            36.87489711504048,
            1294.1
          ],
          [
            138.14375865171277,
            36.87484532403452,
            1291.3
          ],
          [
            138.1438617854758,
            36.87481054413446,
            1288.4
          ],
          [
            138.14396628499443,
            36.87477781136347,
            1285.7
          ],
          [
            138.14407164926757,
            36.8747470995409,
            1282.0
          ],
          [
            138.14417911098846,
            36.87472128949524,
            1279.7
          ],
          [
            138.14428657270938,
            36.87469547944959,
            1276.4
          ],
          [
            138.14439437586515,
            36.87467080498204,
            1274.3
          ],
          [
            138.14450465252926,
            36.874654357154306,
            1272.0
          ],
          [
            138.14461492919338,
            36.87463790932657,
            1269.8
          ],
          [
            138.1447252058575,
            36.87462146149885,
            1267.5
          ],
          [
            138.14483548252161,
            36.874605013671115,
            1265.5
          ],
          [
            138.14494577643305,
            36.874588648482536,
            1262.6
          ],
          [
            138.14505669861737,
            36.87457529361284,
            1259.8
          ],
          [
            138.14516762080171,
            36.87456193874315,
            1257.5
          ],
          [
            138.14527854298603,
            36.87454858387346,
            1254.5
          ],
          [
            138.14538946517035,
            36.87453522900377,
            1252.2
          ],
          [
            138.14549919864461,
            36.874518743323,
            1249.5
          ],
          [
            138.14560051440046,
            36.874480087151476,
            1247.6
          ],
          [
            138.1457018301563,
            36.87444143097995,
            1245.5
          ],
          [
            138.14580314591214,
            36.874402774808416,
            1244.1
          ],
          [
            138.14590446166798,
            36.87436411863689,
            1242.2
          ],
          [
            138.14600577742385,
            36.874325462465364,
            1239.2
          ],
          [
            138.1461070931797,
            36.87428680629384,
            1236.5
          ],
          [
            138.14620840893554,
            36.87424815012231,
            1234.2
          ],
          [
            138.14630972469138,
            36.87420949395078,
            1231.6
          ],
          [
            138.14641120335224,
            36.87417111732874,
            1229.4
          ],
          [
            138.14651300482478,
            36.874133294660496,
            1226.7
          ],
          [
            138.14661480629735,
            36.874095471992256,
            1224.7
          ],
          [
            138.14671660776992,
            36.874057649324016,
            1222.6
          ],
          [
            138.14681840924248,
            36.87401982665577,
            1219.2
          ],
          [
            138.14692021071505,
            36.87398200398753,
            1217.0
          ],
          [
            138.14702201218762,
            36.87394418131929,
            1214.6
          ],
          [
            138.1471238136602,
            36.87390635865105,
            1210.9
          ],
          [
            138.14722561513275,
            36.8738685359828,
            1208.4
          ],
          [
            138.14732741660532,
            36.87383071331456,
            1204.3
          ],
          [
            138.1474292180779,
            36.87379289064632,
            1201.9
          ],
          [
            138.14753142832325,
            36.87375582930603,
            1199.6
          ],
          [
            138.14763552641324,
            36.87372228402353,
            1196.9
          ],
          [
            138.1477396245032,
            36.87368873874102,
            1195.0
          ],
          [
            138.14784564471736,
            36.87365960704371,
            1191.9
          ],
          [
            138.14795306530553,
            36.87363369088783,
            1189.5
          ],
          [
            138.1480604858937,
            36.873607774731944,
            1186.0
          ],
          [
            138.14816790648183,
            36.87358185857606,
            1183.9
          ],
          [
            138.14827532707,
            36.873555942420175,
            1180.2
          ],
          [
            138.14838274765816,
            36.8735300262643,
            1177.8
          ],
          [
            138.14848594334126,
            36.873495226516816,
            1174.4
          ],
          [
            138.14858750550604,
            36.87345699201529,
            1172.5
          ],
          [
            138.14868906767083,
            36.87341875751377,
            1170.3
          ],
          [
            138.14878909303658,
            36.87337832484637,
            1167.8
          ],
          [
            138.14887860236368,
            36.87332440350976,
            1166.0
          ],
          [
            138.1489621670383,
            36.87326429982918,
            1164.0
          ],
          [
            138.1490457317129,
            36.873204196148606,
            1162.2
          ],
          [
            138.1491358605843,
            36.8731506201933,
            1160.0
          ],
          [
            138.14922655868855,
            36.8730976103081,
            1157.9
          ],
          [
            138.14931305170373,
            36.87304072852123,
            1155.5
          ],
          [
            138.14939071373772,
            36.87297571547001,
            1152.4
          ],
          [
            138.1494683757717,
            36.87291070241879,
            1151.3
          ],
          [
            138.14955023614468,
            36.87284943927172,
            1149.9
          ],
          [
            138.14964478899418,
            36.87280134702021,
            1147.2
          ],
          [
            138.14974227313542,
            36.87275678582024,
            1145.6
          ],
          [
            138.14983975727665,
            36.87271222462028,
            1144.0
          ],
          [
            138.1499372414179,
            36.872667663420316,
            1141.8
          ],
          [
            138.15003472555912,
            36.87262310222035,
            1138.4
          ],
          [
            138.1501279020728,
            36.87257300668432,
            1136.4
          ],
          [
            138.1502208757965,
            36.87252269842172,
            1134.1
          ],
          [
            138.15032215903346,
            36.872483991452185,
            1131.8
          ],
          [
            138.1504234422704,
            36.87244528448265,
            1128.5
          ],
          [
            138.15052988142824,
            36.872417866083985,
            1126.2
          ],
          [
            138.15063828644824,
            36.87239475181936,
            1123.0
          ],
          [
            138.15074669146824,
            36.87237163755473,
            1120.8
          ],
          [
            138.1508549669306,
            36.87234814178684,
            1117.7
          ],
          [
            138.15096296599327,
            36.87232383211565,
            1115.6
          ],
          [
            138.15107096505594,
            36.87229952244446,
            1112.2
          ],
          [
            138.1511789641186,
            36.872275212773275,
            1110.1
          ],
          [
            138.15128078610022,
            36.87223787388123,
            1107.5
          ],
          [
            138.15138154784145,
            36.872198298640704,
            1106.1
          ],
          [
            138.15146470998928,
            36.87213867167082,
            1104.3
          ],
          [
            138.1515449409666,
            36.872075705133,
            1102.8
          ],
          [
            138.15162517194392,
            36.872012738595174,
            1101.3
          ],
          [
            138.15170590818215,
            36.871950191466375,
            1099.4
          ],
          [
            138.15178682736942,
            36.87188779620066,
            1098.1
          ],
          [
            138.1518677465567,
            36.871825400934945,
            1096.4
          ],
          [
            138.15194866574396,
            36.87176300566923,
            1094.4
          ],
          [
            138.15202958493126,
            36.87170061040352,
            1092.3
          ],
          [
            138.15209372837396,
            36.871626787538645,
            1090.2
          ],
          [
            138.1521571099981,
            36.871552445724674,
            1089.0
          ],
          [
            138.1522204916222,
            36.871478103910704,
            1087.1
          ],
          [
            138.15228387324632,
            36.87140376209674,
            1085.2
          ],
          [
            138.15233904533923,
            36.87132540603562,
            1083.7
          ],
          [
            138.1523921141151,
            36.87124602150722,
            1082.4
          ],
          [
            138.15244738631424,
            36.87116768278792,
            1082.6
          ],
          [
            138.15250831196252,
            36.87109202736089,
            1081.6
          ],
          [
            138.15256923761083,
            36.871016371933855,
            1080.0
          ],
          [
            138.15263016325912,
            36.87094071650682,
            1078.5
          ],
          [
            138.1526910889074,
            36.87086506107978,
            1076.2
          ],
          [
            138.1527670094485,
            36.870799132185404,
            1075.1
          ],
          [
            138.15283058183437,
            36.870724895974014,
            1072.9
          ],
          [
            138.15289415422026,
            36.87065065976262,
            1072.0
          ],
          [
            138.15295772660613,
            36.87057642355122,
            1070.2
          ],
          [
            138.15302194802587,
            36.870502550979715,
            1069.3
          ],
          [
            138.15308666218922,
            36.87042895448199,
            1067.1
          ],
          [
            138.15315137635255,
            36.87035535798425,
            1066.6
          ],
          [
            138.15321609051588,
            36.87028176148652,
            1065.7
          ],
          [
            138.15330435761516,
            36.870227052613195,
            1064.4
          ],
          [
            138.15339583496012,
            36.870174918107466,
            1063.3
          ],
          [
            138.15348755259305,
            36.87012309584995,
            1062.2
          ],
          [
            138.15358647981662,
            36.870080642275106,
            1060.9
          ],
          [
            138.15368540704017,
            36.87003818870026,
            1059.4
          ],
          [
            138.15378433426372,
            36.869995735125414,
            1058.2
          ],
          [
            138.15388614296248,
            36.869960306040426,
            1056.1
          ],
          [
            138.15399710103813,
            36.86994718140047,
            1053.5
          ],
          [
            138.1541080591138,
            36.869934056760506,
            1051.2
          ],
          [
            138.1542190171895,
            36.86992093212054,
            1049.4
          ],
          [
            138.1543306543555,
            36.86991455160209,
            1046.2
          ],
          [
            138.15444279529618,
            36.86991317412502,
            1044.8
          ],
          [
            138.154547413164,
            36.86994045670844,
            1041.8
          ],
          [
            138.15464931070045,
            36.869978102725014,
            1039.5
          ],
          [
            138.15472838201853,
            36.87004038207183,
            1037.4
          ],
          [
            138.154802489444,
            36.87010801829398,
            1035.3
          ],
          [
            138.15487059208806,
            36.87017860903805,
            1033.6
          ],
          [
            138.15491189340946,
            36.87026238678921,
            1030.6
          ],
          [
            138.15495319473084,
            36.87034616454036,
            1028.7
          ],
          [
            138.15497079234078,
            36.8704346453575,
            1025.4
          ],
          [
            138.1549785858753,
            36.87052437729323,
            1022.4
          ],
          [
            138.1549757493982,
            36.87061445867753,
            1020.4
          ],
          [
            138.15497291292112,
            36.87070454006184,
            1018.6
          ],
          [
            138.15497007644404,
            36.87079462144614,
            1018.0
          ],
          [
            138.15496901506816,
            36.87088472756654,
            1017.3
          ],
          [
            138.1549679610486,
            36.870974833789454,
            1016.0
          ],
          [
            138.15496690702903,
            36.87106494001236,
            1015.2
          ],
          [
            138.15496354052414,
            36.87115498036585,
            1014.2
          ],
          [
            138.15495664988563,
            36.87124492033703,
            1013.1
          ],
          [
            138.154950858862,
            36.87132050759887,
            1012.5
          ]
        ]
      },
      "properties": {
        "name": "ヤッホー",
        "slope_deg": [
          16.43605922463559,
          16.43605922463559,
          16.43605922463559,
          14.97598451475675,
          13.766300685466197,
          13.360218444764483,
          11.996899307923577,
          13.360218444764483,
          13.360218444764483,
          13.224551192213344,
          14.439965121002654,
          13.901350769509243,
          15.77498595541431,
          14.842227057911282,
          16.43605922463559,
          16.567741642974738,
          16.69924423399362,
          16.567741642974738,
          16.039943306049665,
          16.567741642975037,
          14.574216198038554,
          15.37625124882619,
          15.37625124882619,
          14.305551846622015,
          15.2429977429017,
          14.708303899682749,
          13.495733280795996,
          14.84222705791098,
          14.305551846622015,
          14.305551846622015,
          16.567741642974738,
          15.774985955414008,
          16.96170588653267,
          17.874511367250427,
          16.304198003832376,
          15.642246457208788,
          14.43996512100296,
          13.901350769508936,
          14.708303899682749,
          14.57421619803886,
          14.036243467926479,
          13.901350769509243,
          13.49573328079569,
          14.574216198038554,
          16.830565983210477,
          16.17215901578243,
          16.69924423399362,
          15.907551930525962,
          14.036243467926479,
          13.901350769509243,
          12.543973346572233,
          12.407418527400683,
          13.224551192213651,
          14.036243467926479,
          14.036243467926479,
          15.37625124882619,
          14.574216198038554,
          14.439965121002654,
          13.901350769509243,
          12.68038349181982,
          11.44759626368579,
          10.342657140474548,
          11.85977912094779,
          12.68038349181982,
          13.901350769508936,
          14.842227057911282,
          13.766300685466197,
          13.766300685466197,
          13.360218444764483,
          12.68038349181982,
          14.305551846622015,
          13.631094443421603,
          14.170977562933274,
          16.304198003832074,
          15.109575122340402,
          17.6146433000071,
          17.614643300006804,
          15.77498595541431,
          16.039943306049665,
          13.088732789694,
          14.036243467926479,
          14.17097756293297,
          15.2429977429017,
          15.509334522674754,
          16.304198003832376,
          16.304198003832376,
          16.17215901578243,
          15.907551930525962,
          13.901350769509243,
          14.036243467926479,
          11.859779120948104,
          11.996899307923577,
          11.44759626368548,
          11.034209003250188,
          11.44759626368548,
          11.996899307923577,
          13.766300685466197,
          12.270720357815385,
          11.309932474020215,
          11.7225209701022,
          9.64804531609841,
          10.342657140474548,
          11.44759626368579,
          12.407418527400683,
          12.952764513375273,
          13.901350769509243,
          14.036243467926479,
          13.901350769509243,
          14.305551846622015,
          15.509334522674754,
          15.37625124882619,
          15.109575122340402,
          14.842227057911282,
          15.109575122340402,
          14.97598451475675,
          14.305551846622015,
          13.360218444764483,
          11.172136252167274,
          10.342657140474548,
          8.810732985984973,
          9.508771958297594,
          8.810732985984973,
          9.090276920822133,
          9.787203664655925,
          10.065169352760034,
          11.172136252166961,
          10.481218144131045,
          10.342657140474863,
          10.065169352759717,
          9.22988624372772,
          9.369385096487358,
          6.418786730238786,
          5.142764557884436,
          5.2848210925090795,
          5.568737077976766,
          9.090276920822133,
          9.22988624372772,
          10.065169352759717,
          9.22988624372772,
          8.530765609948133,
          8.250387228905435,
          8.250387228905753,
          7.688447769903003,
          6.418786730238786,
          6.983937460085098,
          5.4268124985727555,
          6.277298489597361,
          6.842773412630876,
          7.125016348901798,
          7.266008446995867,
          8.670801453591151,
          10.481218144131045,
          11.58512622485511,
          12.407418527400683,
          13.901350769508936,
          12.270720357815385,
          13.224551192213651,
          13.901350769509243,
          12.407418527400683,
          13.360218444764483,
          11.58512622485511,
          12.543973346572233,
          12.270720357815385,
          13.901350769508936,
          15.642246457208639,
          14.305551846621862,
          14.170977562933123,
          10.481218144131045,
          7.266008446996026,
          6.277298489597523,
          4.858462919034255,
          5.4268124985727555,
          5.9940929491083725,
          5.9940929491083725,
          5.9940929491083725,
          5.9940929491083725
        ],
        "horizontal_dist_map": 1748,
        "slope_dist_map": 1796,
        "elevation_diff_map": 394.1,
        "avg_slope_deg_map": 12.4,
        "max_slope_deg_map": 17.9,
        "resort": "ikenotaira-onsen-alpen-blick",
        "level": "中級",
        "distance": 1200,
        "maxWidth": "",
        "minWidth": "",
        "avg": 20,
        "max": 25,
        "piste": "○",
        "snowboard": "○",
        "note": "のんびり自然を感じながらクルージングを楽しめるコース。",
        "image": "",
        "searchWord": "池の平温泉　ヤッホー",
        "status": "×",
        "update": null,
        "latest_note": "滑走不可"
      }
    },
    {
      "type": "Feature",
      "geometry": {
        "type": "LineString",
        "coordinates": [
          [
            138.1522262054927,
            36.8758288168783,
            1115.4
          ],
          [
            138.152337733161,
            36.8758383925315,
            1113.9
          ],
          [
            138.15244926082931,
            36.875847968184694,
            1111.3
          ],
          [
            138.1525607884976,
            36.875857543837895,
            1109.2
          ],
          [
            138.1526723161659,
            36.8758671194911,
            1106.9
          ],
          [
            138.15278384383421,
            36.87587669514429,
            1104.0
          ],
          [
            138.15289537150252,
            36.875886270797494,
            1102.4
          ],
          [
            138.1530068991708,
            36.875895846450696,
            1100.2
          ],
          [
            138.15311842683911,
            36.8759054221039,
            1098.7
          ],
          [
            138.15322995450742,
            36.87591499775709,
            1096.2
          ],
          [
            138.15334148217573,
            36.875924573410295,
            1093.4
          ],
          [
            138.1534532342172,
            36.87593219185264,
            1091.6
          ],
          [
            138.15356506341257,
            36.87593913728079,
            1089.2
          ],
          [
            138.1536768926079,
            36.875946082708936,
            1087.1
          ],
          [
            138.15378872180324,
            36.87595302813708,
            1083.9
          ],
          [
            138.15390055099857,
            36.87595997356523,
            1081.2
          ],
          [
            138.15401122304277,
            36.875960423404386,
            1079.8
          ],
          [
            138.15411613814715,
            36.87592855705418,
            1077.9
          ],
          [
            138.1542210532515,
            36.875896690703975,
            1075.9
          ],
          [
            138.15432596835583,
            36.87586482435377,
            1072.9
          ],
          [
            138.15443088346018,
            36.875832958003556,
            1071.0
          ],
          [
            138.15453761963354,
            36.87580534734579,
            1068.9
          ],
          [
            138.1546447443167,
            36.87577864460427,
            1068.2
          ],
          [
            138.15475186899985,
            36.875751941862745,
            1066.0
          ],
          [
            138.15485899368298,
            36.87572523912122,
            1064.6
          ],
          [
            138.15496611836613,
            36.8756985363797,
            1062.9
          ],
          [
            138.1550732430493,
            36.87567183363818,
            1061.5
          ],
          [
            138.15518036773244,
            36.87564513089666,
            1060.0
          ],
          [
            138.15528963793753,
            36.87562523616292,
            1058.6
          ],
          [
            138.15539966961396,
            36.87560775767235,
            1056.7
          ],
          [
            138.1555097012904,
            36.87559027918178,
            1055.2
          ],
          [
            138.15561973296684,
            36.87557280069121,
            1053.2
          ],
          [
            138.15572976464327,
            36.87555532220064,
            1050.5
          ],
          [
            138.1558397963197,
            36.87553784371008,
            1047.5
          ],
          [
            138.15594982799612,
            36.87552036521951,
            1045.0
          ],
          [
            138.15605985967258,
            36.87550288672894,
            1041.3
          ],
          [
            138.156169891349,
            36.87548540823837,
            1037.4
          ],
          [
            138.15627992302544,
            36.8754679297478,
            1035.0
          ],
          [
            138.15638995470187,
            36.87545045125723,
            1030.8
          ],
          [
            138.1564999863783,
            36.87543297276666,
            1028.6
          ],
          [
            138.15661001805472,
            36.8754154942761,
            1025.5
          ],
          [
            138.15672004973118,
            36.87539801578553,
            1023.2
          ],
          [
            138.1568300814076,
            36.87538053729496,
            1020.6
          ],
          [
            138.15694011308403,
            36.87536305880439,
            1018.3
          ],
          [
            138.15705014476046,
            36.87534558031382,
            1016.6
          ],
          [
            138.1571601764369,
            36.87532810182325,
            1014.0
          ],
          [
            138.15727020811335,
            36.87531062333269,
            1012.7
          ],
          [
            138.15738023978977,
            36.87529314484212,
            1010.5
          ],
          [
            138.1574902714662,
            36.87527566635155,
            1009.0
          ],
          [
            138.15760030314263,
            36.87525818786098,
            1006.6
          ],
          [
            138.15771033481906,
            36.87524070937041,
            1004.9
          ],
          [
            138.15782036649549,
            36.87522323087984,
            1001.1
          ],
          [
            138.15793039817194,
            36.87520575238927,
            998.1
          ],
          [
            138.15804042984837,
            36.87518827389871,
            996.3
          ],
          [
            138.1581504615248,
            36.87517079540814,
            994.1
          ],
          [
            138.15826049320123,
            36.87515331691757,
            992.7
          ],
          [
            138.15837052487765,
            36.875135838427,
            990.5
          ],
          [
            138.1584805565541,
            36.87511835993643,
            989.3
          ],
          [
            138.15859058823054,
            36.87510088144586,
            987.6
          ],
          [
            138.15870061990697,
            36.87508340295529,
            984.9
          ],
          [
            138.1588106515834,
            36.87506592446473,
            983.5
          ],
          [
            138.15892068325982,
            36.87504844597416,
            980.8
          ],
          [
            138.15903071493625,
            36.87503096748359,
            979.6
          ],
          [
            138.1591407466127,
            36.87501348899302,
            976.9
          ],
          [
            138.15925077828913,
            36.87499601050245,
            975.5
          ],
          [
            138.15936080996556,
            36.87497853201188,
            972.7
          ],
          [
            138.159470841642,
            36.87496105352131,
            970.6
          ],
          [
            138.15958087331842,
            36.87494357503075,
            969.0
          ],
          [
            138.15969090499487,
            36.87492609654018,
            967.0
          ],
          [
            138.1598009366713,
            36.87490861804961,
            965.2
          ],
          [
            138.15991095877615,
            36.874891101705565,
            963.0
          ],
          [
            138.16002096461918,
            36.87487352104969,
            961.3
          ],
          [
            138.16013097046223,
            36.87485594039382,
            959.5
          ],
          [
            138.16024097630526,
            36.87483835973796,
            958.0
          ],
          [
            138.1603509821483,
            36.874820779082086,
            956.0
          ],
          [
            138.16046098799134,
            36.874803198426214,
            953.4
          ],
          [
            138.16057099383437,
            36.87478561777034,
            951.5
          ],
          [
            138.1605895585054,
            36.87478265084528,
            950.5
          ]
        ]
      },
      "properties": {
        "name": "アルペンブリック スノーパーク",
        "slope_deg": [
          11.996899307923577,
          11.996899307923577,
          11.996899307923577,
          13.901350769509243,
          12.543973346571923,
          12.68038349181982,
          11.58512622485511,
          11.034209003250188,
          12.68038349181982,
          12.133880170633535,
          13.360218444764483,
          12.816647648997623,
          13.360218444764483,
          14.574216198038554,
          13.224551192213651,
          12.952764513375273,
          11.309932474020215,
          11.7225209701022,
          12.407418527400683,
          12.68038349181982,
          10.896152141141194,
          9.78720366465624,
          9.09027692082245,
          8.530765609948133,
          9.50877195829791,
          8.530765609948133,
          8.530765609948133,
          8.810732985984973,
          8.9505586562316,
          9.648045316098093,
          11.44759626368548,
          12.95276451337558,
          14.305551846622015,
          16.567741642975037,
          18.133621430820266,
          17.35402463626132,
          19.544862326628827,
          17.6146433000071,
          16.567741642975037,
          16.43605922463559,
          14.305551846621862,
          14.439965121002654,
          12.543973346572077,
          12.95276451337558,
          11.172136252167116,
          11.034209003250188,
          10.757967088390036,
          10.481218144130889,
          11.034209003250343,
          13.224551192213497,
          15.242997742901547,
          14.439965121002807,
          15.109575122340402,
          11.859779120947948,
          10.757967088390036,
          9.926245506651705,
          9.22988624372772,
          11.034209003250343,
          9.926245506651705,
          11.996899307923577,
          11.309932474020215,
          11.309932474020215,
          11.309932474020215,
          11.44759626368548,
          12.68038349181982,
          11.172136252167116,
          11.996899307923577,
          10.619655276155134,
          10.757967088390036,
          10.896152141141194,
          10.619655276155134,
          10.203973721731748,
          9.926245506651705,
          11.172136252167116,
          11.309932474020215,
          11.309932474020215,
          11.309932474020215,
          11.309932474020215
        ],
        "horizontal_dist_map": 761,
        "slope_dist_map": 781,
        "elevation_diff_map": 164.9,
        "avg_slope_deg_map": 11.9,
        "max_slope_deg_map": 19.5,
        "resort": "ikenotaira-onsen-alpen-blick",
        "level": "中級",
        "distance": "",
        "maxWidth": "",
        "minWidth": "",
        "avg": "",
        "max": "",
        "piste": "○",
        "snowboard": "○",
        "note": "",
        "image": "",
        "searchWord": "池の平温泉　アルペンブリックスノーパーク",
        "status": "×",
        "update": null,
        "latest_note": "滑走不可"
      }
    },
    {
      "type": "Feature",
      "geometry": {
        "type": "LineString",
        "coordinates": [
          [
            138.16610010429503,
            36.87258737047613,
            838.1
          ],
          [
            138.16613163660173,
            36.872500894801924,
            838.0
          ],
          [
            138.16616316890847,
            36.872414419127715,
            837.7
          ],
          [
            138.16619470121518,
            36.872327943453506,
            836.3
          ],
          [
            138.1662262335219,
            36.8722414677793,
            835.4
          ],
          [
            138.1662727403705,
            36.872161971319514,
            834.1
          ],
          [
            138.16635052148283,
            36.87209705091787,
            832.7
          ],
          [
            138.16642830259514,
            36.872032130516224,
            831.6
          ],
          [
            138.16650608370747,
            36.87196721011458,
            831.0
          ],
          [
            138.16659245778368,
            36.87191018309868,
            829.2
          ],
          [
            138.1666828975917,
            36.87185689081157,
            826.7
          ],
          [
            138.16677333739972,
            36.871803598524465,
            825.1
          ],
          [
            138.16686377720774,
            36.87175030623735,
            823.8
          ],
          [
            138.16695421701579,
            36.87169701395025,
            822.8
          ],
          [
            138.16705789407666,
            36.871669525837305,
            821.7
          ],
          [
            138.16716880670538,
            36.87165614245237,
            819.7
          ],
          [
            138.16727971933406,
            36.87164275906744,
            818.2
          ],
          [
            138.16739063196275,
            36.8716293756825,
            816.8
          ],
          [
            138.16750154459143,
            36.87161599229757,
            815.6
          ],
          [
            138.16761245722014,
            36.87160260891264,
            814.8
          ],
          [
            138.16772336984883,
            36.87158922552771,
            813.3
          ],
          [
            138.16783466659678,
            36.87158096143998,
            811.9
          ],
          [
            138.16794677708108,
            36.87158354231244,
            810.3
          ],
          [
            138.1680588875654,
            36.871586123184905,
            808.5
          ],
          [
            138.1681709980497,
            36.871588704057366,
            807.4
          ],
          [
            138.168283108534,
            36.87159128492983,
            805.6
          ],
          [
            138.16839521901832,
            36.87159386580229,
            804.4
          ],
          [
            138.1685073295026,
            36.87159644667475,
            802.7
          ],
          [
            138.1686194399869,
            36.87159902754721,
            800.6
          ],
          [
            138.1687310692038,
            36.87160565435964,
            799.4
          ],
          [
            138.1688417586183,
            36.87162018194372,
            797.5
          ],
          [
            138.1689524480328,
            36.87163470952779,
            795.9
          ],
          [
            138.1690631374473,
            36.87164923711187,
            793.6
          ],
          [
            138.1691738268618,
            36.87166376469594,
            791.7
          ],
          [
            138.1692845162763,
            36.871678292280016,
            790.1
          ],
          [
            138.1693952056908,
            36.87169281986409,
            788.1
          ],
          [
            138.1695058951053,
            36.871707347448165,
            787.4
          ],
          [
            138.169616881672,
            36.871720130648065,
            786.1
          ],
          [
            138.1697283597566,
            36.87173002847109,
            783.7
          ],
          [
            138.16983983784118,
            36.871739926294126,
            781.9
          ],
          [
            138.16995131592577,
            36.87174982411715,
            779.2
          ],
          [
            138.17006279401036,
            36.87175972194019,
            777.6
          ],
          [
            138.17017427209495,
            36.87176961976322,
            775.6
          ],
          [
            138.17028575017954,
            36.87177951758625,
            773.6
          ],
          [
            138.17039727918072,
            36.87178903096467,
            772.4
          ],
          [
            138.17050885598965,
            36.87179818337142,
            770.6
          ],
          [
            138.1706204327986,
            36.87180733577817,
            769.7
          ],
          [
            138.17073200960752,
            36.87181648818492,
            768.2
          ],
          [
            138.17084358641645,
            36.871825640591666,
            767.2
          ],
          [
            138.17095516322541,
            36.87183479299841,
            766.7
          ],
          [
            138.17106674003435,
            36.87184394540516,
            766.0
          ],
          [
            138.1711782554566,
            36.871853505300116,
            765.5
          ],
          [
            138.17128932758024,
            36.871866007836104,
            764.9
          ],
          [
            138.17140039970388,
            36.8718785103721,
            764.5
          ],
          [
            138.17151147182753,
            36.87189101290809,
            764.0
          ],
          [
            138.17162254395117,
            36.87190351544408,
            763.4
          ],
          [
            138.17172137527191,
            36.87191464012689,
            763.1
          ]
        ]
      },
      "properties": {
        "name": "カラマツ",
        "slope_deg": [
          3.8616074096751394,
          3.8616074096751394,
          3.8616074096751394,
          5.568737077976604,
          7.125016348901798,
          6.701525844729388,
          6.277298489597523,
          6.983937460085259,
          8.530765609948133,
          9.22988624372772,
          10.203973721731748,
          9.09027692082245,
          7.125016348901798,
          7.68844776990284,
          7.969610394321233,
          8.530765609948133,
          8.670801453590993,
          6.98393746008542,
          6.98393746008542,
          6.983937460085259,
          7.547725773843206,
          8.9505586562316,
          8.39062701325255,
          8.9505586562316,
          8.39062701325255,
          8.250387228905435,
          9.648045316098093,
          8.810732985984973,
          9.787203664656081,
          9.648045316098251,
          9.926245506651705,
          10.896152141141036,
          10.481218144130889,
          11.034209003250188,
          8.810732985984973,
          7.969610394321392,
          9.090276920822289,
          8.810732985984973,
          11.585126224854955,
          11.996899307923577,
          11.447596263685636,
          11.7225209701022,
          9.648045316098251,
          9.926245506651705,
          8.39062701325255,
          7.68844776990284,
          7.406912128495133,
          5.568737077976604,
          5.2848210925090795,
          3.8616074096751394,
          3.2908836860673905,
          3.148096099562824,
          2.862405226111748,
          3.0052693596899664,
          3.0052693596899664,
          3.0052693596899664,
          3.0052693596899664
        ],
        "horizontal_dist_map": 558,
        "slope_dist_map": 564,
        "elevation_diff_map": 75.0,
        "avg_slope_deg_map": 7.6,
        "max_slope_deg_map": 12.0,
        "resort": "ikenotaira-onsen-alpen-blick",
        "level": "初級",
        "distance": 900,
        "maxWidth": "",
        "minWidth": "",
        "avg": 19,
        "max": 21,
        "piste": "○",
        "snowboard": "○",
        "note": "初めてのリフトの乗車、ゲレンデデビューに。",
        "image": "",
        "searchWord": "池の平温泉　カラマツ",
        "status": "×",
        "update": null,
        "latest_note": "滑走不可"
      }
    },
    {
      "type": "Feature",
      "geometry": {
        "type": "LineString",
        "coordinates": [
          [
            138.15787444088716,
            36.87399444735689,
            992.3
          ],
          [
            138.15798111294603,
            36.8739666059553,
            991.2
          ],
          [
            138.1580877850049,
            36.87393876455371,
            989.2
          ],
          [
            138.1581944570638,
            36.87391092315212,
            986.6
          ],
          [
            138.15830112912266,
            36.87388308175052,
            984.5
          ],
          [
            138.15840780118154,
            36.87385524034893,
            982.3
          ],
          [
            138.15851447324044,
            36.873827398947334,
            980.1
          ],
          [
            138.15862114529932,
            36.873799557545745,
            976.7
          ],
          [
            138.15872679651937,
            36.87376931088595,
            974.5
          ],
          [
            138.15883242730303,
            36.87373901607468,
            971.8
          ],
          [
            138.15893805808665,
            36.87370872126341,
            970.0
          ],
          [
            138.1590436888703,
            36.87367842645214,
            966.9
          ],
          [
            138.15914931965395,
            36.87364813164087,
            965.2
          ],
          [
            138.15925495043757,
            36.8736178368296,
            963.1
          ],
          [
            138.15936058122122,
            36.87358754201833,
            959.5
          ],
          [
            138.15946621200484,
            36.87355724720706,
            957.3
          ],
          [
            138.1595718427885,
            36.87352695239579,
            954.3
          ],
          [
            138.15967747357212,
            36.87349665758452,
            952.0
          ],
          [
            138.15978310435577,
            36.87346636277325,
            949.0
          ],
          [
            138.1598887351394,
            36.87343606796198,
            947.4
          ],
          [
            138.15999436592304,
            36.87340577315071,
            944.6
          ],
          [
            138.1600999967067,
            36.87337547833944,
            942.4
          ],
          [
            138.16020301123092,
            36.87333986626818,
            940.0
          ],
          [
            138.16030588195807,
            36.8733039619451,
            938.4
          ],
          [
            138.1604087526852,
            36.87326805762202,
            937.0
          ],
          [
            138.16051162341236,
            36.87323215329894,
            934.3
          ],
          [
            138.1606144941395,
            36.873196248975866,
            932.7
          ],
          [
            138.16071736486666,
            36.87316034465278,
            929.9
          ],
          [
            138.16082023559383,
            36.873124440329704,
            928.2
          ],
          [
            138.16092310632098,
            36.87308853600663,
            926.2
          ],
          [
            138.16102597704813,
            36.87305263168355,
            923.9
          ],
          [
            138.16112884777527,
            36.873016727360465,
            921.8
          ],
          [
            138.16123171850242,
            36.87298082303739,
            919.1
          ],
          [
            138.16133458922957,
            36.87294491871431,
            917.3
          ],
          [
            138.16143745995672,
            36.87290901439123,
            915.4
          ],
          [
            138.16154033068386,
            36.87287311006815,
            913.2
          ],
          [
            138.161643201411,
            36.87283720574507,
            911.6
          ],
          [
            138.16174607213816,
            36.872801301421994,
            909.3
          ],
          [
            138.1618489428653,
            36.87276539709892,
            907.2
          ],
          [
            138.16195181359245,
            36.87272949277583,
            905.1
          ],
          [
            138.1620546843196,
            36.872693588452755,
            902.1
          ],
          [
            138.16215755504675,
            36.87265768412968,
            900.3
          ],
          [
            138.1622604257739,
            36.8726217798066,
            898.7
          ],
          [
            138.16236333498313,
            36.87258594942048,
            897.9
          ],
          [
            138.16246737204605,
            36.872552286018696,
            897.0
          ],
          [
            138.16257140910898,
            36.8725186226169,
            895.2
          ],
          [
            138.1626754461719,
            36.87248495921511,
            893.8
          ],
          [
            138.16277948323483,
            36.87245129581332,
            891.8
          ],
          [
            138.16288352029775,
            36.872417632411526,
            890.1
          ],
          [
            138.16298755736065,
            36.87238396900974,
            888.2
          ],
          [
            138.16309159442358,
            36.872350305607945,
            885.5
          ],
          [
            138.1631956314865,
            36.87231664220616,
            883.7
          ],
          [
            138.16329966854943,
            36.872282978804364,
            881.8
          ],
          [
            138.16340370561235,
            36.87224931540257,
            880.0
          ],
          [
            138.16350774267528,
            36.87221565200078,
            877.8
          ],
          [
            138.1636117797382,
            36.87218198859899,
            876.4
          ],
          [
            138.16371581680113,
            36.8721483251972,
            875.2
          ],
          [
            138.16381985386403,
            36.87211466179541,
            873.4
          ],
          [
            138.16392389092695,
            36.87208099839361,
            872.1
          ],
          [
            138.16402792798988,
            36.87204733499183,
            869.7
          ],
          [
            138.1641319650528,
            36.87201367159003,
            868.1
          ],
          [
            138.16423567466813,
            36.871979383009176,
            866.4
          ],
          [
            138.16433838225265,
            36.871943181301766,
            864.6
          ],
          [
            138.16444108983717,
            36.871906979594364,
            862.6
          ],
          [
            138.16454379742171,
            36.871870777886954,
            860.6
          ],
          [
            138.16464650500623,
            36.87183457617955,
            859.0
          ],
          [
            138.16474921259075,
            36.87179837447215,
            856.4
          ],
          [
            138.16485192017527,
            36.87176217276474,
            854.9
          ],
          [
            138.16495462775978,
            36.87172597105734,
            853.1
          ],
          [
            138.1650573353443,
            36.87168976934993,
            850.7
          ],
          [
            138.1651600186326,
            36.871653526301046,
            848.9
          ],
          [
            138.1652600797734,
            36.871612821514425,
            847.5
          ],
          [
            138.16536014091417,
            36.87157211672781,
            846.2
          ],
          [
            138.16546020205496,
            36.87153141194119,
            845.2
          ],
          [
            138.16556026319572,
            36.87149070715457,
            843.8
          ],
          [
            138.1656603243365,
            36.87145000236795,
            841.3
          ],
          [
            138.16576038547728,
            36.87140929758133,
            839.3
          ],
          [
            138.16586044661807,
            36.87136859279472,
            837.6
          ],
          [
            138.16596050775885,
            36.871327888008096,
            835.7
          ],
          [
            138.16606056889964,
            36.871287183221476,
            834.0
          ],
          [
            138.16616063004042,
            36.871246478434855,
            832.1
          ],
          [
            138.1662606911812,
            36.87120577364824,
            829.6
          ],
          [
            138.166360752322,
            36.87116506886162,
            828.5
          ],
          [
            138.16646240793898,
            36.87112702228065,
            827.7
          ],
          [
            138.166564370385,
            36.87108948722487,
            825.9
          ],
          [
            138.16666633283106,
            36.87105195216908,
            824.3
          ],
          [
            138.16676636548775,
            36.871011404809536,
            822.8
          ],
          [
            138.16686363997573,
            36.87096655208782,
            822.1
          ],
          [
            138.16696091446371,
            36.87092169936611,
            821.6
          ],
          [
            138.16705818895167,
            36.87087684664439,
            820.7
          ],
          [
            138.16715546343966,
            36.87083199392268,
            819.4
          ],
          [
            138.16725273792764,
            36.870787141200964,
            818.7
          ],
          [
            138.167353913316,
            36.870749875858884,
            818.0
          ],
          [
            138.1674622278033,
            36.87072649629911,
            817.2
          ],
          [
            138.16757054229058,
            36.87070311673934,
            816.7
          ],
          [
            138.16767709913552,
            36.87067592222643,
            816.1
          ],
          [
            138.1677782550089,
            36.870637004934245,
            815.5
          ],
          [
            138.1678794108823,
            36.870598087642065,
            814.9
          ],
          [
            138.16794932361557,
            36.87053319411732,
            814.1
          ],
          [
            138.16797111876954,
            36.87044853823583,
            813.2
          ],
          [
            138.1679608550232,
            36.8703588061476,
            813.7
          ],
          [
            138.16794966523835,
            36.87026919443031,
            814.2
          ],
          [
            138.16792419008868,
            36.87018143959336,
            814.8
          ],
          [
            138.167898714939,
            36.87009368475641,
            814.3
          ],
          [
            138.16787323978934,
            36.870005929919465,
            813.4
          ],
          [
            138.16784776463967,
            36.86991817508252,
            812.3
          ],
          [
            138.16782228949,
            36.86983042024557,
            812.0
          ],
          [
            138.16779681434033,
            36.869742665408616,
            811.6
          ],
          [
            138.16777133919067,
            36.86965491057167,
            811.3
          ],
          [
            138.167745864041,
            36.86956715573472,
            811.9
          ],
          [
            138.16773244085542,
            36.869520916577116,
            812.1
          ]
        ]
      },
      "properties": {
        "name": "ワイドロングラン",
        "slope_deg": [
          11.034209003250188,
          11.034209003250188,
          11.034209003250188,
          12.543973346572233,
          12.816647648997467,
          13.90135076950909,
          14.036243467926479,
          14.708303899682749,
          14.170977562933123,
          13.766300685466351,
          13.088732789694,
          12.27072035781523,
          14.708303899682749,
          13.495733280795843,
          15.2429977429017,
          15.509334522674907,
          14.708303899682749,
          13.90135076950909,
          13.63109444342145,
          13.495733280795843,
          12.68038349181982,
          12.68038349181982,
          10.757967088390036,
          11.447596263685636,
          10.342657140474548,
          11.996899307923577,
          12.407418527400683,
          11.44759626368548,
          12.407418527400838,
          11.447596263685636,
          12.816647648997467,
          12.543973346572233,
          11.996899307923577,
          12.133880170633224,
          10.619655276155134,
          11.309932474020215,
          11.585126224854955,
          11.447596263685636,
          13.360218444764483,
          12.68038349181982,
          11.996899307923577,
          10.203973721731748,
          7.266008446996026,
          7.266008446995867,
          6.98393746008542,
          8.670801453590993,
          9.787203664656081,
          9.926245506651705,
          11.7225209701022,
          11.44759626368548,
          11.722520970102357,
          11.58512622485511,
          10.896152141141194,
          10.342657140474707,
          9.369385096487358,
          9.369385096487514,
          8.110047829419,
          9.508771958297752,
          10.065169352759877,
          9.926245506651705,
          10.619655276155134,
          10.065169352759877,
          10.619655276155134,
          10.481218144130889,
          11.58512622485511,
          10.896152141141194,
          10.619655276155134,
          11.7225209701022,
          10.619655276155134,
          10.481218144130889,
          9.787203664656081,
          7.829076510059608,
          7.266008446996026,
          8.810732985984973,
          9.78720366465624,
          10.757967088390036,
          11.44759626368548,
          10.342657140474548,
          10.20397372173159,
          11.309932474020215,
          10.203973721731748,
          8.9505586562316,
          8.810732985984973,
          7.547725773843206,
          8.11004782941916,
          7.969610394321392,
          6.135733340186728,
          5.142764557884112,
          4.858462919034255,
          4.858462919034255,
          5.142764557884274,
          5.000644597558433,
          3.8616074096749773,
          3.718993973158075,
          3.576334374997351,
          3.2908836860673905,
          3.718993973158075,
          4.146688825965976,
          2.5765718302687652,
          1.0025738037599647,
          -1.0025738037599647,
          -1.5752369256829246,
          0.42971028940114125,
          2.719505461272635,
          4.0041729407093225,
          3.8616074096749773,
          3.0052693596899664,
          0.5729386976834533,
          0.5729386976834533,
          0.5729386976834533,
          0.5729386976834533
        ],
        "horizontal_dist_map": 1095,
        "slope_dist_map": 1113,
        "elevation_diff_map": 180.2,
        "avg_slope_deg_map": 9.2,
        "max_slope_deg_map": 15.5,
        "resort": "ikenotaira-onsen-alpen-blick",
        "level": "初級",
        "distance": 1100,
        "maxWidth": "",
        "minWidth": "",
        "avg": 18,
        "max": 20,
        "piste": "○",
        "snowboard": "○",
        "note": "日本屈指のウルトラワイドな一枚バーン。",
        "image": "",
        "searchWord": "池の平温泉　ワイドロングラン",
        "status": "×",
        "update": null,
        "latest_note": "滑走不可"
      }
    },
    {
      "type": "Feature",
      "geometry": {
        "type": "LineString",
        "coordinates": [
          [
            138.16405365552515,
            36.869107595267515,
            850.3
          ],
          [
            138.1641584727235,
            36.869075541556406,
            849.1
          ],
          [
            138.16426328992188,
            36.8690434878453,
            847.8
          ],
          [
            138.16436810712023,
            36.869011434134194,
            846.4
          ],
          [
            138.16447292431857,
            36.86897938042309,
            845.3
          ],
          [
            138.16457774151695,
            36.86894732671198,
            843.7
          ],
          [
            138.1646825587153,
            36.86891527300088,
            842.6
          ],
          [
            138.16478737591365,
            36.86888321928977,
            841.5
          ],
          [
            138.16489219311202,
            36.86885116557866,
            840.1
          ],
          [
            138.16500050954963,
            36.86882847163737,
            838.8
          ],
          [
            138.1651099597063,
            36.86880881016935,
            837.4
          ],
          [
            138.165219409863,
            36.86878914870132,
            836.4
          ],
          [
            138.16532886001968,
            36.868769487233294,
            834.9
          ],
          [
            138.16543831017637,
            36.86874982576526,
            833.3
          ],
          [
            138.16554972143058,
            36.86875422896611,
            832.3
          ],
          [
            138.16566142797035,
            36.86876225562239,
            830.7
          ],
          [
            138.16577313451015,
            36.868770282278675,
            829.7
          ],
          [
            138.16588484104992,
            36.86877830893496,
            827.8
          ],
          [
            138.16599654762635,
            36.868786335593875,
            825.7
          ],
          [
            138.16610825421364,
            36.86879436225357,
            824.1
          ],
          [
            138.1662199608009,
            36.86880238891327,
            821.7
          ],
          [
            138.16633166738816,
            36.86881041557296,
            820.2
          ],
          [
            138.16643578612056,
            36.86884005194018,
            818.5
          ],
          [
            138.16653624280318,
            36.868880117582265,
            817.7
          ],
          [
            138.16663669948576,
            36.868920183224354,
            817.1
          ],
          [
            138.16673669282198,
            36.86896090286959,
            816.5
          ],
          [
            138.1668308559559,
            36.869009851715944,
            816.3
          ],
          [
            138.1669250190898,
            36.86905880056229,
            816.2
          ],
          [
            138.16701918222373,
            36.86910774940864,
            816.0
          ],
          [
            138.16711334535765,
            36.869156698255,
            815.7
          ],
          [
            138.16720750849154,
            36.869205647101346,
            815.2
          ],
          [
            138.1672877267239,
            36.869247346965906,
            814.9
          ]
        ]
      },
      "properties": {
        "name": "ドリーム_3",
        "slope_deg": [
          7.125016348901798,
          7.125016348901798,
          7.125016348901798,
          7.68844776990284,
          7.406912128495133,
          6.983937460085259,
          7.406912128495133,
          6.98393746008542,
          7.406912128495294,
          7.266008446996026,
          7.406912128495294,
          7.829076510059608,
          7.266008446996026,
          8.110047829419,
          7.406912128495133,
          7.829076510059608,
          9.369385096487358,
          9.369385096487514,
          11.309932474020215,
          10.757967088389877,
          10.203973721731748,
          9.090276920822289,
          6.560196400571341,
          5.2848210925090795,
          3.148096099562824,
          2.147585428298503,
          1.5752369256830872,
          1.1457628381750384,
          1.5752369256829246,
          1.5752369256829246,
          1.5752369256829246,
          1.5752369256829246
        ],
        "horizontal_dist_map": 308,
        "slope_dist_map": 311,
        "elevation_diff_map": 35.4,
        "avg_slope_deg_map": 6.5,
        "max_slope_deg_map": 11.3,
        "resort": "ikenotaira-onsen-alpen-blick",
        "level": "初級",
        "distance": "",
        "maxWidth": "",
        "minWidth": "",
        "avg": "",
        "max": "",
        "piste": "○",
        "snowboard": "○",
        "note": "",
        "image": "",
        "searchWord": "池の平温泉　ドリーム",
        "status": "×",
        "update": null,
        "latest_note": "滑走不可"
      }
    },
    {
      "type": "Feature",
      "geometry": {
        "type": "LineString",
        "coordinates": [
          [
            138.1612425,
            36.8701733,
            901.0
          ],
          [
            138.16123925739635,
            36.870083640601834,
            899.8
          ],
          [
            138.16126245223245,
            36.869995817575344,
            898.4
          ],
          [
            138.16130199607997,
            36.869911494257856,
            897.0
          ],
          [
            138.1613415399275,
            36.869827170940376,
            894.1
          ],
          [
            138.16139896174147,
            36.869749962526996,
            892.3
          ],
          [
            138.16145848546898,
            36.86967359061331,
            890.0
          ],
          [
            138.1615180091965,
            36.869597218699624,
            887.8
          ],
          [
            138.16157166192735,
            36.869518126269725,
            884.7
          ],
          [
            138.1616241304767,
            36.869438485111004,
            882.1
          ],
          [
            138.16167808713158,
            36.86935952000811,
            879.7
          ],
          [
            138.16173597818235,
            36.869282342326315,
            876.7
          ],
          [
            138.16179386923312,
            36.86920516464452,
            874.4
          ],
          [
            138.16185228585633,
            36.86912826707341,
            872.7
          ],
          [
            138.1619182683012,
            36.86905540180581,
            870.5
          ],
          [
            138.16199172483795,
            36.86898768012965,
            868.8
          ],
          [
            138.16207580551867,
            36.86892810253536,
            866.3
          ],
          [
            138.16216888761397,
            36.868877924146425,
            864.6
          ],
          [
            138.1622625849066,
            36.86882840200402,
            862.0
          ],
          [
            138.16235628219926,
            36.868778879861615,
            860.7
          ],
          [
            138.1624499794919,
            36.86872935771922,
            859.2
          ],
          [
            138.1625506375595,
            36.86868975047002,
            857.9
          ],
          [
            138.16265185075366,
            36.86865093394035,
            856.0
          ],
          [
            138.16275306394783,
            36.86861211741069,
            854.6
          ],
          [
            138.16285427714197,
            36.86857330088103,
            853.4
          ],
          [
            138.16295549033615,
            36.868534484351365,
            851.3
          ],
          [
            138.16306355155896,
            36.86851056321869,
            850.2
          ],
          [
            138.16317225933932,
            36.86848849207586,
            848.6
          ],
          [
            138.16328183171373,
            36.86846927680417,
            848.0
          ],
          [
            138.16339140408817,
            36.86845006153247,
            847.0
          ],
          [
            138.16350218591677,
            36.868439855699364,
            846.4
          ],
          [
            138.16361433780733,
            36.86843985570064,
            845.9
          ],
          [
            138.1637264896979,
            36.86843985570193,
            845.3
          ],
          [
            138.1638383091119,
            36.868443593225614,
            845.0
          ],
          [
            138.1639493209473,
            36.868456409113925,
            844.3
          ],
          [
            138.1640603327827,
            36.86846922500224,
            844.0
          ],
          [
            138.1641713446181,
            36.86848204089055,
            843.5
          ],
          [
            138.16428080062187,
            36.86850107062231,
            842.6
          ],
          [
            138.16438934427418,
            36.86852374419887,
            842.3
          ],
          [
            138.1644978879265,
            36.86854641777542,
            841.7
          ],
          [
            138.16460643157882,
            36.86856909135198,
            841.1
          ],
          [
            138.16471471399228,
            36.86859251458192,
            840.3
          ],
          [
            138.164822127862,
            36.86861843019281,
            839.8
          ],
          [
            138.16492954173174,
            36.8686443458037,
            838.5
          ],
          [
            138.16503695560144,
            36.8686702614146,
            837.6
          ],
          [
            138.16514436947116,
            36.86869617702549,
            836.8
          ],
          [
            138.16520732107998,
            36.86871136528193,
            836.4
          ]
        ]
      },
      "properties": {
        "name": "ドリーム_2",
        "slope_deg": [
          9.787203664656081,
          9.787203664656081,
          9.787203664656081,
          10.619655276155134,
          11.859779120947948,
          12.95276451337558,
          13.224551192213497,
          14.305551846621862,
          14.439965121002654,
          15.509334522674754,
          14.439965121002807,
          13.224551192213497,
          12.95276451337558,
          11.172136252167274,
          11.447596263685636,
          11.447596263685636,
          11.996899307923577,
          11.44759626368548,
          10.065169352759717,
          9.50877195829791,
          8.530765609948133,
          8.670801453590993,
          8.250387228905595,
          9.369385096487514,
          8.250387228905435,
          8.530765609948133,
          7.68844776990284,
          6.135733340186728,
          5.426812498572917,
          3.8616074096751394,
          3.8616074096751394,
          2.862405226111748,
          3.0052693596899664,
          2.719505461272472,
          2.5765718302687652,
          3.4336303624504896,
          2.862405226111748,
          3.290883686067228,
          3.4336303624504896,
          3.2908836860673905,
          3.576334374997351,
          4.573921259900927,
          5.000644597558433,
          5.000644597558433,
          5.000644597558433,
          5.000644597558433,
          5.000644597558433
        ],
        "horizontal_dist_map": 455,
        "slope_dist_map": 461,
        "elevation_diff_map": 64.6,
        "avg_slope_deg_map": 8.0,
        "max_slope_deg_map": 15.5,
        "resort": "ikenotaira-onsen-alpen-blick",
        "level": "初級",
        "distance": "",
        "maxWidth": "",
        "minWidth": "",
        "avg": "",
        "max": "",
        "piste": "○",
        "snowboard": "○",
        "note": "",
        "image": "",
        "searchWord": "池の平温泉　ドリーム",
        "status": "×",
        "update": null,
        "latest_note": "滑走不可"
      }
    },
    {
      "type": "Feature",
      "geometry": {
        "type": "LineString",
        "coordinates": [
          [
            138.15650767813747,
            36.87159127714043,
            990.9
          ],
          [
            138.15660897495934,
            36.871552595507964,
            987.4
          ],
          [
            138.15671027178124,
            36.8715139138755,
            985.3
          ],
          [
            138.1568115686031,
            36.871475232243036,
            982.3
          ],
          [
            138.15691286542497,
            36.87143655061057,
            980.9
          ],
          [
            138.15701416224687,
            36.8713978689781,
            979.1
          ],
          [
            138.15711545906873,
            36.87135918734564,
            977.0
          ],
          [
            138.1572167558906,
            36.87132050571317,
            975.7
          ],
          [
            138.1573180527125,
            36.871281824080704,
            974.4
          ],
          [
            138.15741934953436,
            36.871243142448236,
            971.7
          ],
          [
            138.15752230717223,
            36.87120753032665,
            970.0
          ],
          [
            138.15762660337236,
            36.87117439212848,
            967.7
          ],
          [
            138.15773089957253,
            36.87114125393031,
            966.6
          ],
          [
            138.1578351957727,
            36.871108115732135,
            965.1
          ],
          [
            138.15793949197283,
            36.871074977533965,
            962.8
          ],
          [
            138.158043788173,
            36.871041839335795,
            961.1
          ],
          [
            138.15814808437315,
            36.87100870113762,
            958.7
          ],
          [
            138.1582523805733,
            36.87097556293945,
            957.2
          ],
          [
            138.15835667677345,
            36.87094242474128,
            955.0
          ],
          [
            138.15846097297361,
            36.8709092865431,
            953.3
          ],
          [
            138.15856526917375,
            36.870876148344934,
            951.8
          ],
          [
            138.1586695653739,
            36.87084301014676,
            949.5
          ],
          [
            138.15877386157408,
            36.87080987194859,
            948.0
          ],
          [
            138.15887815777424,
            36.87077673375042,
            945.4
          ],
          [
            138.15898436635388,
            36.870748087087584,
            943.6
          ],
          [
            138.1590920688799,
            36.87072294920149,
            941.0
          ],
          [
            138.15919977140587,
            36.8706978113154,
            939.4
          ],
          [
            138.15930747393185,
            36.87067267342931,
            936.7
          ],
          [
            138.15941517645783,
            36.87064753554322,
            935.0
          ],
          [
            138.15952287898384,
            36.87062239765713,
            932.3
          ],
          [
            138.15963058150982,
            36.87059725977104,
            931.1
          ],
          [
            138.1597382840358,
            36.87057212188495,
            928.0
          ],
          [
            138.1598459865618,
            36.87054698399886,
            926.4
          ],
          [
            138.15995368908779,
            36.870521846112766,
            924.1
          ],
          [
            138.16006139161377,
            36.870496708226675,
            922.9
          ],
          [
            138.16016909413977,
            36.870471570340584,
            920.7
          ],
          [
            138.16027679666576,
            36.87044643245449,
            919.1
          ],
          [
            138.1603844216571,
            36.87042108272924,
            917.4
          ],
          [
            138.16049195275266,
            36.87039547646294,
            915.7
          ],
          [
            138.16059948384822,
            36.87036987019664,
            913.4
          ],
          [
            138.16070701494374,
            36.87034426393034,
            911.6
          ],
          [
            138.1608145460393,
            36.87031865766404,
            909.8
          ],
          [
            138.16092207713484,
            36.870293051397745,
            908.1
          ],
          [
            138.16102960823036,
            36.87026744513145,
            905.8
          ],
          [
            138.16113713932592,
            36.87024183886515,
            903.9
          ],
          [
            138.16124135666323,
            36.87020856284028,
            901.5
          ],
          [
            138.1613455086454,
            36.8701751355497,
            899.8
          ],
          [
            138.16144966062757,
            36.87014170825912,
            897.3
          ],
          [
            138.16155381260975,
            36.87010828096853,
            895.5
          ],
          [
            138.16165796459194,
            36.87007485367795,
            893.8
          ],
          [
            138.1617621165741,
            36.87004142638736,
            891.3
          ],
          [
            138.16186626855628,
            36.87000799909678,
            889.8
          ],
          [
            138.16197042053847,
            36.869974571806196,
            888.1
          ],
          [
            138.16206854830972,
            36.869931178202734,
            886.3
          ],
          [
            138.16216564829986,
            36.86988608426234,
            884.9
          ],
          [
            138.16226274828998,
            36.86984099032194,
            883.1
          ],
          [
            138.16235984828012,
            36.86979589638155,
            881.7
          ],
          [
            138.16245694827023,
            36.86975080244115,
            880.1
          ],
          [
            138.16255404826038,
            36.86970570850075,
            878.2
          ],
          [
            138.1626511482505,
            36.86966061456036,
            874.7
          ],
          [
            138.16274824824063,
            36.86961552061996,
            872.7
          ],
          [
            138.16284534823075,
            36.869570426679566,
            870.9
          ],
          [
            138.1629424482209,
            36.86952533273917,
            868.2
          ],
          [
            138.163039548211,
            36.86948023879877,
            865.4
          ],
          [
            138.16313664820115,
            36.86943514485838,
            863.5
          ],
          [
            138.16323374819126,
            36.869390050917985,
            861.8
          ],
          [
            138.1633308481814,
            36.869344956977585,
            860.3
          ],
          [
            138.1634297518272,
            36.869302715367645,
            858.4
          ],
          [
            138.16353233366317,
            36.86926629050737,
            857.3
          ],
          [
            138.16363491549913,
            36.8692298656471,
            855.8
          ],
          [
            138.1637374973351,
            36.86919344078682,
            854.1
          ],
          [
            138.16384007917105,
            36.869157015926554,
            852.9
          ],
          [
            138.1639514566991,
            36.869146811741466,
            851.5
          ],
          [
            138.16405329879913,
            36.869163104927516,
            850.4
          ],
          [
            138.16414021172037,
            36.86922005676807,
            849.4
          ],
          [
            138.1642271246416,
            36.86927700860863,
            848.7
          ],
          [
            138.16431403756283,
            36.86933396044918,
            848.6
          ],
          [
            138.16440095048407,
            36.86939091228974,
            847.4
          ],
          [
            138.1644911224313,
            36.86944363739571,
            845.9
          ],
          [
            138.16459329394675,
            36.86948079987953,
            843.8
          ],
          [
            138.16469546546222,
            36.86951796236336,
            841.4
          ],
          [
            138.16479950606399,
            36.869550578374984,
            841.6
          ],
          [
            138.1649091264833,
            36.869569621720096,
            841.3
          ],
          [
            138.16502031466968,
            36.869580748314526,
            840.7
          ],
          [
            138.16513187816756,
            36.86958997969897,
            840.3
          ],
          [
            138.1652434416654,
            36.869599211083425,
            840.2
          ],
          [
            138.1653550051633,
            36.86960844246787,
            838.7
          ],
          [
            138.16546656866117,
            36.869617673852325,
            837.6
          ],
          [
            138.16556635526564,
            36.86965768094099,
            836.7
          ],
          [
            138.16566510313223,
            36.86970040248838,
            836.3
          ],
          [
            138.16568084607422,
            36.86970721339849,
            836.3
          ]
        ]
      },
      "properties": {
        "name": "ドリーム",
        "slope_deg": [
          14.036243467926479,
          14.036243467926479,
          14.036243467926479,
          11.7225209701022,
          11.7225209701022,
          9.369385096487358,
          9.22988624372772,
          10.481218144130889,
          9.926245506651705,
          11.309932474020215,
          11.034209003250188,
          9.369385096487514,
          10.203973721731748,
          9.369385096487514,
          11.172136252167116,
          11.172136252167116,
          11.034209003250188,
          11.034209003250343,
          9.78720366465624,
          10.896152141141194,
          9.926245506651705,
          11.172136252167116,
          11.585126224854955,
          11.996899307923577,
          12.13388017063338,
          12.27072035781523,
          12.13388017063338,
          12.270720357815385,
          11.7225209701022,
          12.270720357815385,
          12.13388017063338,
          11.585126224854955,
          11.58512622485511,
          10.342657140474548,
          10.342657140474548,
          9.50877195829791,
          10.20397372173159,
          10.342657140474707,
          10.619655276155134,
          10.757967088390036,
          10.757967088390036,
          10.757967088390036,
          10.896152141141194,
          11.7225209701022,
          11.722520970102357,
          11.996899307923577,
          11.859779120947948,
          10.896152141141194,
          11.996899307923577,
          10.619655276155134,
          10.481218144130889,
          10.619655276155134,
          9.090276920822289,
          9.508771958297752,
          9.090276920822289,
          8.810732985984814,
          9.508771958297752,
          11.859779120947948,
          12.68038349181982,
          12.95276451337558,
          14.036243467926479,
          13.088732789694154,
          12.95276451337558,
          12.816647648997467,
          11.172136252167274,
          9.926245506651705,
          8.810732985984973,
          8.530765609948133,
          8.810732985984814,
          7.829076510059608,
          8.250387228905435,
          7.68844776990284,
          6.701525844729548,
          5.9940929491083725,
          4.146688825965976,
          4.289153328819018,
          5.000644597558433,
          6.98393746008542,
          10.203973721731748,
          8.250387228905435,
          6.560196400571341,
          4.431564716435714,
          1.5752369256830872,
          2.004534032105872,
          3.7189939731579127,
          4.431564716435877,
          5.142764557884112,
          5.568737077976766,
          5.568737077976766,
          5.568737077976766,
          5.568737077976766
        ],
        "horizontal_dist_map": 891,
        "slope_dist_map": 907,
        "elevation_diff_map": 154.6,
        "avg_slope_deg_map": 9.7,
        "max_slope_deg_map": 14.0,
        "resort": "ikenotaira-onsen-alpen-blick",
        "level": "初級",
        "distance": 1100,
        "maxWidth": "",
        "minWidth": "",
        "avg": 7,
        "max": 11,
        "piste": "○",
        "snowboard": "○",
        "note": "",
        "image": "",
        "searchWord": "池の平温泉　ドリーム",
        "status": "×",
        "update": null,
        "latest_note": "滑走不可"
      }
    },
    {
      "type": "Feature",
      "geometry": {
        "type": "LineString",
        "coordinates": [
          [
            138.1553731750413,
            36.87328529755959,
            1023.8
          ],
          [
            138.15531840756765,
            36.873206660731114,
            1023.7
          ],
          [
            138.15526364009398,
            36.87312802390263,
            1023.4
          ],
          [
            138.15520755251438,
            36.873049991251314,
            1023.0
          ],
          [
            138.15515573778308,
            36.87297014892483,
            1022.5
          ],
          [
            138.15510721654124,
            36.872888907431864,
            1021.5
          ],
          [
            138.15509211932317,
            36.87280092875818,
            1020.8
          ],
          [
            138.1550801770364,
            36.87271151444538,
            1020.0
          ],
          [
            138.15506102709458,
            36.87262272744708,
            1019.1
          ],
          [
            138.15504187715277,
            36.87253394044878,
            1018.3
          ],
          [
            138.15504938768163,
            36.87244457597318,
            1017.6
          ],
          [
            138.15506057928243,
            36.872354931212946,
            1016.6
          ],
          [
            138.15509933347565,
            36.87227188158924,
            1016.0
          ],
          [
            138.15515054751998,
            36.87219172555273,
            1015.9
          ],
          [
            138.15521006790536,
            36.872115351051136,
            1015.0
          ],
          [
            138.15526958829074,
            36.87203897654954,
            1013.3
          ],
          [
            138.15534210261148,
            36.8719709292113,
            1012.3
          ],
          [
            138.1554316881814,
            36.87191724039333,
            1010.7
          ],
          [
            138.15552572099384,
            36.8718681833345,
            1009.2
          ],
          [
            138.15562572029526,
            36.87182785990158,
            1007.8
          ],
          [
            138.1557329531625,
            36.87180222675797,
            1006.2
          ],
          [
            138.15584185511742,
            36.87178067596383,
            1003.7
          ],
          [
            138.1559507570723,
            36.87175912516969,
            1002.2
          ],
          [
            138.15605965902722,
            36.871737574375544,
            1000.0
          ],
          [
            138.15616856098214,
            36.8717160235814,
            998.2
          ],
          [
            138.15627746293706,
            36.871694472787254,
            996.4
          ],
          [
            138.15638837300804,
            36.87168125965744,
            993.3
          ],
          [
            138.15649984940845,
            36.871672460275654,
            991.5
          ],
          [
            138.15661192406424,
            36.87166901612095,
            988.4
          ],
          [
            138.15672399872003,
            36.87166557196625,
            985.0
          ],
          [
            138.15683604293883,
            36.87166394487593,
            982.6
          ],
          [
            138.1569479616418,
            36.871669810983484,
            979.2
          ],
          [
            138.1570598422219,
            36.87167607942074,
            977.0
          ],
          [
            138.15717157621762,
            36.871683894835584,
            974.4
          ],
          [
            138.15728331021333,
            36.87169171025043,
            972.6
          ],
          [
            138.15739426629221,
            36.87170348393554,
            971.3
          ],
          [
            138.15750356144568,
            36.8717237088986,
            969.0
          ],
          [
            138.15761277511595,
            36.871744088413955,
            967.8
          ],
          [
            138.15770689785322,
            36.871793091484285,
            966.6
          ],
          [
            138.1578010205905,
            36.87184209455461,
            963.8
          ],
          [
            138.15789701215093,
            36.871888533463895,
            962.0
          ],
          [
            138.15799626219135,
            36.87193050150207,
            960.3
          ],
          [
            138.15809977604994,
            36.871964682354864,
            958.8
          ],
          [
            138.15820534768713,
            36.87199510500252,
            958.4
          ],
          [
            138.15831354460778,
            36.87200551463062,
            957.8
          ],
          [
            138.15842469064637,
            36.87199344258897,
            957.3
          ],
          [
            138.158535836685,
            36.871981370547324,
            954.9
          ],
          [
            138.15864780870865,
            36.87198048140047,
            953.9
          ],
          [
            138.1587599517309,
            36.87198190737895,
            951.4
          ],
          [
            138.15887167915034,
            36.87197478901659,
            948.6
          ],
          [
            138.15898251011694,
            36.87196270910491,
            946.8
          ],
          [
            138.15909059334936,
            36.87193864382422,
            944.3
          ],
          [
            138.15919867658175,
            36.871914578543524,
            942.6
          ],
          [
            138.15930675981417,
            36.871890513262834,
            939.8
          ],
          [
            138.1594148430466,
            36.871866447982136,
            938.5
          ],
          [
            138.15952292627898,
            36.871842382701445,
            936.1
          ],
          [
            138.15963076573652,
            36.87181774364788,
            934.2
          ],
          [
            138.15973460580497,
            36.871783691232686,
            931.9
          ],
          [
            138.1598384551715,
            36.87174965733107,
            930.0
          ],
          [
            138.15994254629126,
            36.87171610478988,
            928.4
          ],
          [
            138.160046637411,
            36.87168255224869,
            926.3
          ],
          [
            138.16015072853077,
            36.8716489997075,
            925.0
          ],
          [
            138.1602548196505,
            36.87161544716631,
            923.0
          ],
          [
            138.16035891077027,
            36.871581894625116,
            921.7
          ],
          [
            138.16046300189004,
            36.871548342083926,
            919.5
          ],
          [
            138.16056709300977,
            36.871514789542736,
            917.8
          ],
          [
            138.16067118412954,
            36.87148123700155,
            916.3
          ],
          [
            138.16077527524928,
            36.87144768446036,
            914.4
          ],
          [
            138.16087936636904,
            36.87141413191916,
            912.9
          ],
          [
            138.1609834574888,
            36.87138057937797,
            910.7
          ],
          [
            138.16108754860855,
            36.87134702683678,
            909.4
          ],
          [
            138.16119163972832,
            36.87131347429559,
            908.1
          ],
          [
            138.16129573084805,
            36.8712799217544,
            906.7
          ],
          [
            138.16139982196782,
            36.8712463692132,
            905.2
          ],
          [
            138.16150391308759,
            36.87121281667201,
            902.6
          ],
          [
            138.16160800420732,
            36.871179264130824,
            900.6
          ],
          [
            138.1617120953271,
            36.871145711589634,
            898.0
          ],
          [
            138.16181618644686,
            36.871112159048444,
            896.7
          ],
          [
            138.1619202775666,
            36.87107860650725,
            894.5
          ],
          [
            138.16202436868636,
            36.87104505396606,
            893.3
          ],
          [
            138.1621284598061,
            36.87101150142487,
            891.9
          ],
          [
            138.16223255092586,
            36.87097794888368,
            889.9
          ],
          [
            138.16233664204563,
            36.87094439634249,
            887.9
          ],
          [
            138.16244073316537,
            36.87091084380129,
            885.2
          ],
          [
            138.16254482428513,
            36.8708772912601,
            883.2
          ],
          [
            138.16264891540487,
            36.87084373871891,
            880.7
          ],
          [
            138.16275300652464,
            36.87081018617772,
            879.1
          ],
          [
            138.1628570976444,
            36.87077663363653,
            877.7
          ],
          [
            138.16296119156948,
            36.87074308680983,
            875.2
          ],
          [
            138.16306566600284,
            36.87071031508589,
            873.6
          ],
          [
            138.16317014043622,
            36.87067754336194,
            871.3
          ],
          [
            138.1632746148696,
            36.870644771638,
            870.0
          ],
          [
            138.16337908930296,
            36.870611999914054,
            868.2
          ],
          [
            138.16348356373635,
            36.87057922819011,
            866.9
          ],
          [
            138.1635880381697,
            36.870546456466165,
            866.1
          ],
          [
            138.1636925126031,
            36.87051368474222,
            864.6
          ],
          [
            138.16379698703645,
            36.87048091301828,
            863.7
          ],
          [
            138.16390146146983,
            36.87044814129433,
            861.9
          ],
          [
            138.16400593590322,
            36.87041536957039,
            860.6
          ],
          [
            138.16411041033658,
            36.870382597846444,
            858.6
          ],
          [
            138.16421488476996,
            36.8703498261225,
            858.0
          ],
          [
            138.16431935920332,
            36.870317054398555,
            857.1
          ],
          [
            138.1644238336367,
            36.87028428267461,
            855.4
          ],
          [
            138.16452830807006,
            36.870251510950666,
            854.0
          ],
          [
            138.16463278250345,
            36.87021873922672,
            852.4
          ],
          [
            138.16473725693683,
            36.87018596750278,
            851.7
          ],
          [
            138.1648417313702,
            36.87015319577883,
            850.2
          ],
          [
            138.16494620580357,
            36.87012042405489,
            849.0
          ],
          [
            138.16505068023693,
            36.870087652330945,
            847.2
          ],
          [
            138.16515515467032,
            36.870054880607,
            846.1
          ],
          [
            138.16525962910367,
            36.870022108883056,
            844.9
          ],
          [
            138.16536410353706,
            36.86998933715911,
            842.0
          ],
          [
            138.16546857797044,
            36.86995656543516,
            839.9
          ],
          [
            138.1655730524038,
            36.869923793711216,
            837.3
          ],
          [
            138.1656775268372,
            36.86989102198727,
            836.1
          ],
          [
            138.16578200127054,
            36.86985825026333,
            835.0
          ],
          [
            138.16588647570393,
            36.86982547853938,
            834.0
          ],
          [
            138.1659909501373,
            36.86979270681544,
            833.2
          ],
          [
            138.16609607281305,
            36.86976135040612,
            832.1
          ],
          [
            138.1662020492829,
            36.86973185809475,
            831.2
          ],
          [
            138.16630802575276,
            36.869702365783375,
            829.9
          ],
          [
            138.1664140022226,
            36.869672873472005,
            829.0
          ],
          [
            138.16651997869246,
            36.869643381160635,
            826.9
          ],
          [
            138.16662595516232,
            36.86961388884926,
            825.7
          ],
          [
            138.16673193163217,
            36.86958439653789,
            823.9
          ],
          [
            138.16683790810202,
            36.86955490422652,
            822.6
          ],
          [
            138.16694388457188,
            36.86952541191514,
            821.1
          ],
          [
            138.16704986104173,
            36.86949591960377,
            820.0
          ],
          [
            138.1671558375116,
            36.869466427292394,
            818.0
          ],
          [
            138.16726181398144,
            36.869436934981024,
            816.9
          ],
          [
            138.1673677904513,
            36.869407442669655,
            815.7
          ],
          [
            138.16747376692115,
            36.86937795035828,
            814.5
          ],
          [
            138.167579743391,
            36.86934845804691,
            813.5
          ],
          [
            138.16768571986086,
            36.86931896573554,
            812.5
          ],
          [
            138.16771938045406,
            36.869309598291075,
            812.2
          ]
        ]
      },
      "properties": {
        "name": "ハッピーゲレンデ",
        "slope_deg": [
          1.8614576304666637,
          1.8614576304666637,
          1.8614576304666637,
          3.148096099562824,
          3.718993973158075,
          4.289153328819018,
          4.858462919034255,
          4.573921259900927,
          4.573921259900764,
          4.858462919034255,
          4.431564716435877,
          3.4336303624504896,
          3.718993973158075,
          4.716221234338378,
          5.2848210925090795,
          7.406912128495133,
          8.250387228905435,
          7.829076510059608,
          8.670801453590833,
          9.926245506651705,
          9.926245506651705,
          11.034209003250188,
          11.309932474020215,
          10.342657140474707,
          12.543973346572233,
          11.996899307923577,
          13.766300685466351,
          15.907551930525813,
          14.9759845147566,
          17.092662950267425,
          15.907551930525813,
          14.842227057911131,
          14.036243467926479,
          11.172136252167274,
          11.309932474020215,
          9.369385096487514,
          8.530765609948133,
          10.619655276155134,
          9.926245506651705,
          10.619655276155134,
          11.034209003250343,
          7.68844776990284,
          5.994092949108534,
          4.289153328819018,
          5.568737077976604,
          6.418786730238786,
          9.090276920822289,
          12.27072035781523,
          11.447596263685636,
          13.495733280795843,
          12.407418527400683,
          12.407418527400838,
          11.7225209701022,
          11.585126224854955,
          11.859779120947948,
          11.172136252167116,
          11.996899307923577,
          10.896152141141194,
          11.172136252167274,
          9.787203664656081,
          9.926245506651705,
          9.508771958297752,
          9.648045316098093,
          10.203973721731748,
          9.50877195829791,
          10.342657140474707,
          9.369385096487514,
          10.065169352759717,
          9.787203664656081,
          8.9505586562316,
          8.810732985984814,
          7.829076510059608,
          9.648045316098093,
          10.619655276155134,
          12.270720357815385,
          11.996899307923577,
          11.447596263685636,
          10.342657140474707,
          8.670801453590993,
          9.648045316098251,
          9.369385096487514,
          11.44759626368548,
          12.27072035781523,
          12.952764513375426,
          12.407418527400683,
          10.619655276155134,
          11.309932474020215,
          10.065169352759877,
          11.034209003250343,
          10.896152141141194,
          9.926245506651705,
          9.50877195829791,
          7.406912128495133,
          7.68844776990284,
          6.418786730238786,
          7.125016348901798,
          7.829076510059608,
          8.530765609948133,
          8.11004782941916,
          6.842773412630876,
          7.406912128495294,
          6.560196400571341,
          7.969610394321392,
          7.68844776990284,
          7.406912128495133,
          7.125016348901798,
          7.406912128495133,
          7.969610394321392,
          7.547725773843206,
          9.926245506651705,
          10.342657140474707,
          12.407418527400838,
          12.407418527400683,
          9.926245506651705,
          8.39062701325255,
          5.852378988915493,
          5.710593137499643,
          5.4268124985727555,
          5.852378988915653,
          5.994092949108534,
          7.406912128495294,
          7.829076510059608,
          8.530765609948133,
          9.090276920822289,
          8.250387228905435,
          8.11004782941916,
          8.39062701325255,
          8.11004782941916,
          7.68844776990284,
          7.829076510059608,
          6.418786730238786,
          6.277298489597523,
          6.277298489597523,
          6.277298489597523,
          6.277298489597523
        ],
        "horizontal_dist_map": 1333,
        "slope_dist_map": 1352,
        "elevation_diff_map": 211.6,
        "avg_slope_deg_map": 8.9,
        "max_slope_deg_map": 17.1,
        "resort": "ikenotaira-onsen-alpen-blick",
        "level": "初級",
        "distance": 1400,
        "maxWidth": "",
        "minWidth": "",
        "avg": 8,
        "max": 21,
        "piste": "○",
        "snowboard": "○",
        "note": "",
        "image": "",
        "searchWord": "池の平温泉　ハッピーゲレンデ",
        "status": "×",
        "update": null,
        "latest_note": "滑走不可"
      }
    },
    {
      "type": "Feature",
      "geometry": {
        "type": "LineString",
        "coordinates": [
          [
            138.152244920576,
            36.87152011785794,
            1087.4
          ],
          [
            138.1523545500617,
            36.871501097974466,
            1083.8
          ],
          [
            138.15246417954737,
            36.87148207809099,
            1081.0
          ],
          [
            138.15257380903304,
            36.87146305820752,
            1078.2
          ],
          [
            138.1526855211082,
            36.87146057015398,
            1075.5
          ],
          [
            138.15279767071647,
            36.871461555287766,
            1072.0
          ],
          [
            138.15290982032474,
            36.871462540421554,
            1069.1
          ],
          [
            138.153021969933,
            36.871463525555335,
            1066.7
          ],
          [
            138.1531341195413,
            36.87146451068912,
            1062.6
          ],
          [
            138.15324626914958,
            36.87146549582291,
            1060.3
          ],
          [
            138.15335841875785,
            36.87146648095669,
            1056.4
          ],
          [
            138.15347056836615,
            36.87146746609048,
            1052.3
          ],
          [
            138.15358256186397,
            36.87146429126098,
            1049.1
          ],
          [
            138.15369443392618,
            36.8714578804671,
            1044.6
          ],
          [
            138.15380630598838,
            36.87145146967322,
            1039.8
          ],
          [
            138.15391817805056,
            36.87144505887934,
            1036.6
          ],
          [
            138.15403005011277,
            36.87143864808545,
            1032.0
          ],
          [
            138.15414192217497,
            36.87143223729157,
            1028.8
          ],
          [
            138.15425379423718,
            36.87142582649769,
            1023.6
          ],
          [
            138.15436566629936,
            36.87141941570381,
            1019.9
          ],
          [
            138.15447753836156,
            36.87141300490993,
            1017.8
          ],
          [
            138.15458941042377,
            36.87140659411605,
            1016.2
          ],
          [
            138.15470128248597,
            36.871400183322166,
            1015.1
          ],
          [
            138.15481315454815,
            36.871393772528286,
            1013.0
          ],
          [
            138.1548916643172,
            36.871389273550285,
            1012.5
          ]
        ]
      },
      "properties": {
        "name": "アルペンダイナミック",
        "slope_deg": [
          16.567741642975037,
          16.567741642975037,
          16.567741642975037,
          16.43605922463559,
          16.567741642975037,
          16.039943306049665,
          17.874511367250427,
          16.304198003832376,
          17.614643300006804,
          19.798876354525046,
          18.64953875405141,
          21.43000730175244,
          22.538450040828252,
          21.43000730175244,
          23.14670784188283,
          21.554019920478787,
          22.0479474635603,
          22.660536301999226,
          19.544862326628827,
          17.484427323220586,
          11.996899307923577,
          9.787203664656081,
          9.787203664656081,
          9.787203664656081,
          9.787203664656081
        ],
        "horizontal_dist_map": 237,
        "slope_dist_map": 249,
        "elevation_diff_map": 74.9,
        "avg_slope_deg_map": 16.7,
        "max_slope_deg_map": 23.1,
        "resort": "ikenotaira-onsen-alpen-blick",
        "level": "上級",
        "distance": 250,
        "maxWidth": "",
        "minWidth": "",
        "avg": 25,
        "max": 29,
        "piste": "×",
        "snowboard": "○",
        "note": "",
        "image": "",
        "searchWord": "池の平温泉　アルペンダイナミック",
        "status": "×",
        "update": null,
        "latest_note": "滑走不可"
      }
    },
    {
      "type": "Feature",
      "geometry": {
        "type": "LineString",
        "coordinates": [
          [
            138.14990592176937,
            36.8765915234156,
            1169.1
          ],
          [
            138.15001792418988,
            36.876596355831616,
            1167.5
          ],
          [
            138.15012992661036,
            36.876601188247626,
            1164.6
          ],
          [
            138.15024192903087,
            36.876606020663644,
            1163.5
          ],
          [
            138.15035393145138,
            36.876610853079654,
            1161.6
          ],
          [
            138.15046587634328,
            36.876616204577445,
            1159.8
          ],
          [
            138.15057717949514,
            36.876627346507746,
            1158.2
          ],
          [
            138.150688482647,
            36.87663848843804,
            1155.8
          ],
          [
            138.15079978579885,
            36.87664963036834,
            1153.9
          ],
          [
            138.15091108895072,
            36.87666077229864,
            1150.7
          ],
          [
            138.15102269836416,
            36.87666507408903,
            1147.2
          ],
          [
            138.15113471032004,
            36.87666038537168,
            1144.7
          ],
          [
            138.15124672227594,
            36.87665569665432,
            1141.6
          ],
          [
            138.15135873423182,
            36.876651007936964,
            1139.0
          ],
          [
            138.1514707461877,
            36.87664631921961,
            1136.1
          ],
          [
            138.1515827581436,
            36.876641630502256,
            1133.3
          ],
          [
            138.1516946520491,
            36.87663557673335,
            1131.2
          ],
          [
            138.15180639508026,
            36.87662777836,
            1128.3
          ],
          [
            138.15191813811143,
            36.876619979986664,
            1125.6
          ],
          [
            138.15202988114262,
            36.87661218161332,
            1123.9
          ],
          [
            138.15214073291196,
            36.87660002870128,
            1121.3
          ],
          [
            138.1522497009991,
            36.876578672469776,
            1119.1
          ],
          [
            138.15235866908623,
            36.87655731623827,
            1116.1
          ],
          [
            138.15246763717337,
            36.87653596000677,
            1114.3
          ],
          [
            138.1525766052605,
            36.87651460377526,
            1111.5
          ],
          [
            138.1526855733476,
            36.876493247543756,
            1109.6
          ],
          [
            138.15279454143476,
            36.87647189131225,
            1106.6
          ],
          [
            138.15290350952188,
            36.87645053508074,
            1104.1
          ],
          [
            138.15301316776282,
            36.87643168202,
            1100.7
          ],
          [
            138.15312316693687,
            36.87641406551515,
            1097.5
          ],
          [
            138.1532331661109,
            36.8763964490103,
            1095.0
          ],
          [
            138.15334316528492,
            36.87637883250546,
            1092.3
          ],
          [
            138.15345316445897,
            36.87636121600061,
            1090.4
          ],
          [
            138.153563163633,
            36.87634359949576,
            1087.7
          ],
          [
            138.1536734910165,
            36.876327649892836,
            1086.1
          ],
          [
            138.15378488725256,
            36.876317128751495,
            1083.9
          ],
          [
            138.15389628348865,
            36.876306607610154,
            1081.8
          ],
          [
            138.1540076797247,
            36.87629608646881,
            1080.2
          ],
          [
            138.1541151248904,
            36.876271802936344,
            1078.1
          ],
          [
            138.15422100399624,
            36.876242064495,
            1076.7
          ],
          [
            138.15432688310204,
            36.87621232605366,
            1074.4
          ],
          [
            138.15442868286408,
            36.87617509964934,
            1073.2
          ],
          [
            138.15452683431997,
            36.87613173752685,
            1071.2
          ],
          [
            138.15459749491967,
            36.876065188277096,
            1069.1
          ],
          [
            138.15463734636364,
            36.875980957608675,
            1069.7
          ],
          [
            138.15464779284713,
            36.87595887774909,
            1069.7
          ]
        ]
      },
      "properties": {
        "name": "やまばと",
        "slope_deg": [
          10.619655276155134,
          10.619655276155134,
          10.619655276155134,
          10.896152141141194,
          9.090276920822133,
          10.896152141141194,
          10.89615214114088,
          12.816647648997312,
          15.37625124882619,
          15.509334522674754,
          17.09266295026772,
          16.304198003832376,
          15.509334522675056,
          15.907551930525962,
          14.574216198038554,
          14.97598451475675,
          14.708303899682749,
          13.224551192213344,
          13.901350769509243,
          12.95276451337558,
          13.360218444764483,
          13.495733280795996,
          13.766300685466197,
          13.360218444764483,
          13.360218444764483,
          14.305551846622015,
          15.109575122340402,
          16.830565983210477,
          16.17215901578243,
          16.43605922463559,
          14.439965121002654,
          13.766300685466197,
          12.543973346572233,
          11.85977912094779,
          12.133880170633535,
          10.619655276155134,
          11.309932474020215,
          10.203973721731748,
          10.48121814413073,
          9.926245506651705,
          9.787203664655925,
          10.757967088390194,
          6.701525844729548,
          6.701525844729548,
          6.701525844729548,
          6.701525844729548
        ],
        "horizontal_dist_map": 442,
        "slope_dist_map": 454,
        "elevation_diff_map": 99.4,
        "avg_slope_deg_map": 12.3,
        "max_slope_deg_map": 17.1,
        "resort": "ikenotaira-onsen-alpen-blick",
        "level": "中級",
        "distance": 500,
        "maxWidth": "",
        "minWidth": "",
        "avg": 20,
        "max": 23,
        "piste": "○",
        "snowboard": "○",
        "note": "きれいなバーンでカービングするにはピッタリ。スキー大会も開催されるコース。",
        "image": "",
        "searchWord": "池の平温泉　やまばと",
        "status": "×",
        "update": null,
        "latest_note": "滑走不可"
      }
    },
    {
      "type": "Feature",
      "geometry": {
        "type": "LineString",
        "coordinates": [
          [
            138.14342934311205,
            36.8757467941437,
            1313.0
          ],
          [
            138.14349560917847,
            36.875819496462846,
            1312.8
          ],
          [
            138.14356187524487,
            36.87589219878199,
            1312.0
          ],
          [
            138.1436281413113,
            36.875964901101135,
            1312.2
          ],
          [
            138.14369440737772,
            36.87603760342028,
            1311.7
          ],
          [
            138.14375951994546,
            36.87611093952422,
            1311.4
          ],
          [
            138.14381982105627,
            36.87618691926209,
            1311.2
          ],
          [
            138.14389676051934,
            36.87624627823639,
            1311.9
          ],
          [
            138.14400206822984,
            36.8762772989518,
            1311.1
          ],
          [
            138.14410737594034,
            36.87630831966722,
            1308.8
          ],
          [
            138.14421268365084,
            36.87633934038263,
            1307.1
          ],
          [
            138.14431799136133,
            36.87637036109804,
            1305.8
          ],
          [
            138.14442329907183,
            36.87640138181346,
            1303.4
          ],
          [
            138.14452860678233,
            36.87643240252887,
            1301.7
          ],
          [
            138.14463391449283,
            36.87646342324429,
            1298.5
          ],
          [
            138.1447392222033,
            36.8764944439597,
            1296.3
          ],
          [
            138.1448445299138,
            36.87652546467512,
            1293.2
          ],
          [
            138.14495210033292,
            36.87655066217812,
            1291.1
          ],
          [
            138.14506067495353,
            36.87657327531004,
            1287.2
          ],
          [
            138.14516924957414,
            36.87659588844195,
            1285.1
          ],
          [
            138.14527782419475,
            36.876618501573866,
            1283.1
          ],
          [
            138.14538639881536,
            36.87664111470578,
            1281.1
          ],
          [
            138.14549497343597,
            36.876663727837695,
            1278.1
          ],
          [
            138.14560354805658,
            36.876686340969606,
            1276.6
          ],
          [
            138.1457121226772,
            36.876708954101524,
            1273.8
          ],
          [
            138.1457463950682,
            36.87671609210573,
            1272.7
          ]
        ]
      },
      "properties": {
        "name": "無名",
        "slope_deg": [
          1.8614576304666637,
          1.8614576304666637,
          1.8614576304666637,
          2.0045340321057092,
          1.1457628381750384,
          0.4297102894009785,
          0.8593722436448762,
          3.718993973158237,
          5.852378988915814,
          8.670801453591151,
          10.89615214114088,
          10.065169352759717,
          12.133880170633224,
          13.360218444764483,
          14.305551846622015,
          14.842227057911282,
          15.774985955414008,
          15.642246457208788,
          14.170977562933274,
          14.036243467926479,
          12.816647648997623,
          11.996899307923577,
          13.088732789694,
          13.088732789694,
          13.088732789694,
          13.088732789694
        ],
        "horizontal_dist_map": 243,
        "slope_dist_map": 248,
        "elevation_diff_map": 40.3,
        "avg_slope_deg_map": 9.2,
        "max_slope_deg_map": 15.8,
        "resort": "ikenotaira-onsen-alpen-blick",
        "level": "中級",
        "distance": "",
        "maxWidth": "",
        "minWidth": "",
        "avg": "",
        "max": "",
        "piste": "○",
        "snowboard": "○",
        "note": "",
        "image": "",
        "searchWord": ""
      }
    },
    {
      "type": "Feature",
      "geometry": {
        "type": "LineString",
        "coordinates": [
          [
            138.1493884940038,
            36.8762944499217,
            1184.1
          ],
          [
            138.14949430377803,
            36.87626455372916,
            1181.7
          ],
          [
            138.14960011355228,
            36.876234657536614,
            1177.9
          ],
          [
            138.1497059233265,
            36.87620476134408,
            1175.4
          ],
          [
            138.14981173310076,
            36.87617486515153,
            1172.7
          ],
          [
            138.149917542875,
            36.87614496895899,
            1169.1
          ],
          [
            138.1500233526492,
            36.876115072766446,
            1166.7
          ],
          [
            138.15012916242347,
            36.8760851765739,
            1163.8
          ],
          [
            138.1502349721977,
            36.876055280381365,
            1161.5
          ],
          [
            138.15034078197192,
            36.87602538418882,
            1158.1
          ],
          [
            138.15044659174617,
            36.87599548799628,
            1155.8
          ],
          [
            138.1505524015204,
            36.875965591803734,
            1152.7
          ],
          [
            138.15065821129465,
            36.87593569561119,
            1150.9
          ],
          [
            138.15076402106888,
            36.87590579941865,
            1148.2
          ],
          [
            138.1508698308431,
            36.87587590322611,
            1146.5
          ],
          [
            138.15097564061736,
            36.875846007033566,
            1144.0
          ],
          [
            138.1510814503916,
            36.87581611084102,
            1142.1
          ],
          [
            138.15118726016584,
            36.875786214648485,
            1140.3
          ],
          [
            138.15129306994007,
            36.87575631845594,
            1137.8
          ],
          [
            138.1513988797143,
            36.8757264222634,
            1135.6
          ],
          [
            138.15150468948855,
            36.875696526070854,
            1132.0
          ],
          [
            138.15161049926277,
            36.87566662987831,
            1129.6
          ],
          [
            138.15171630903703,
            36.87563673368577,
            1127.0
          ],
          [
            138.15182211881125,
            36.87560683749323,
            1125.0
          ],
          [
            138.15192792858548,
            36.875576941300686,
            1121.9
          ],
          [
            138.15203373835973,
            36.87554704510814,
            1119.9
          ],
          [
            138.15213954813396,
            36.8755171489156,
            1116.6
          ],
          [
            138.15224511629538,
            36.87548671187115,
            1114.9
          ],
          [
            138.1523505145454,
            36.87545589447894,
            1111.9
          ],
          [
            138.1524559127954,
            36.87542507708673,
            1110.1
          ],
          [
            138.15256131104542,
            36.875394259694524,
            1107.4
          ],
          [
            138.15266670929546,
            36.87536344230231,
            1105.5
          ],
          [
            138.15277210754547,
            36.8753326249101,
            1103.6
          ],
          [
            138.1528775057955,
            36.87530180751789,
            1100.8
          ],
          [
            138.1529829040455,
            36.87527099012568,
            1098.8
          ],
          [
            138.15308830229552,
            36.87524017273347,
            1096.1
          ],
          [
            138.15319370054556,
            36.87520935534126,
            1094.3
          ],
          [
            138.15329909879557,
            36.87517853794905,
            1091.6
          ],
          [
            138.15340449704559,
            36.87514772055684,
            1089.8
          ],
          [
            138.1535098952956,
            36.87511690316463,
            1087.3
          ],
          [
            138.1536152935456,
            36.87508608577242,
            1084.9
          ],
          [
            138.15372069179566,
            36.87505526838021,
            1082.0
          ],
          [
            138.15382609004567,
            36.875024450988,
            1080.1
          ],
          [
            138.15393148829568,
            36.87499363359579,
            1078.0
          ],
          [
            138.1540368865457,
            36.87496281620358,
            1075.2
          ],
          [
            138.1541422847957,
            36.87493199881137,
            1072.8
          ],
          [
            138.15424768304575,
            36.87490118141916,
            1069.7
          ],
          [
            138.15435308129577,
            36.87487036402695,
            1066.9
          ],
          [
            138.15445847954578,
            36.87483954663474,
            1064.1
          ],
          [
            138.1545638777958,
            36.87480872924253,
            1062.0
          ],
          [
            138.1546692760458,
            36.87477791185032,
            1060.5
          ],
          [
            138.15477467429585,
            36.87474709445811,
            1059.2
          ],
          [
            138.15488007254586,
            36.8747162770659,
            1056.2
          ],
          [
            138.15498547079588,
            36.87468545967369,
            1053.7
          ],
          [
            138.1550908690459,
            36.87465464228148,
            1051.3
          ],
          [
            138.1551962672959,
            36.87462382488927,
            1048.7
          ],
          [
            138.15530166554595,
            36.87459300749706,
            1047.0
          ],
          [
            138.15540706379596,
            36.87456219010485,
            1044.1
          ],
          [
            138.15551246204598,
            36.87453137271264,
            1042.6
          ],
          [
            138.155617860296,
            36.87450055532043,
            1040.1
          ],
          [
            138.15572379716008,
            36.87447109344904,
            1038.0
          ],
          [
            138.15583191828645,
            36.87444712867327,
            1035.2
          ],
          [
            138.15594003941283,
            36.874423163897504,
            1033.0
          ],
          [
            138.15604816053917,
            36.87439919912174,
            1029.7
          ],
          [
            138.15615628166555,
            36.874375234345976,
            1027.9
          ],
          [
            138.15626440279192,
            36.87435126957021,
            1025.5
          ],
          [
            138.1563725239183,
            36.87432730479445,
            1023.0
          ],
          [
            138.15648064504467,
            36.874303340018685,
            1020.5
          ],
          [
            138.15658876617104,
            36.87427937524292,
            1018.4
          ],
          [
            138.1566968872974,
            36.87425541046715,
            1015.9
          ],
          [
            138.15680500842376,
            36.874231445691386,
            1014.3
          ],
          [
            138.15691312955013,
            36.87420748091562,
            1012.1
          ],
          [
            138.1570212506765,
            36.87418351613986,
            1010.3
          ],
          [
            138.15712937180288,
            36.874159551364095,
            1006.9
          ],
          [
            138.15723749292926,
            36.87413558658833,
            1005.3
          ],
          [
            138.1573456140556,
            36.87411162181257,
            1002.5
          ],
          [
            138.15745373518197,
            36.8740876570368,
            999.9
          ],
          [
            138.15756185630835,
            36.87406369226103,
            998.5
          ],
          [
            138.15766997743472,
            36.87403972748527,
            995.8
          ],
          [
            138.1577780985611,
            36.874015762709504,
            993.9
          ],
          [
            138.15782328577865,
            36.87400574707637,
            993.1
          ]
        ]
      },
      "properties": {
        "name": "レイクビュー",
        "slope_deg": [
          15.90755193052566,
          15.90755193052566,
          15.90755193052566,
          17.48442732322088,
          15.642246457208788,
          16.172159015782732,
          15.642246457208788,
          15.37625124882619,
          15.2429977429017,
          15.509334522674754,
          14.84222705791098,
          13.901350769508936,
          13.088732789694,
          12.270720357815385,
          12.407418527400994,
          11.172136252167274,
          12.270720357815385,
          11.859779120948104,
          14.17097756293297,
          14.97598451475675,
          15.109575122340402,
          14.84222705791098,
          14.17097756293297,
          13.631094443421295,
          14.57421619803886,
          14.17097756293297,
          14.036243467926479,
          13.766300685466504,
          12.952764513375273,
          13.224551192213651,
          11.722520970102511,
          13.088732789694,
          12.133880170633535,
          13.224551192213651,
          13.088732789694,
          12.95276451337558,
          12.68038349181982,
          12.407418527400683,
          13.224551192213344,
          13.49573328079569,
          13.631094443421603,
          13.088732789694,
          13.631094443421603,
          12.95276451337558,
          14.574216198038554,
          15.509334522674754,
          15.509334522675056,
          15.109575122340402,
          12.95276451337558,
          10.896152141141194,
          11.172136252166961,
          11.7225209701022,
          12.95276451337558,
          14.708303899682749,
          12.95276451337558,
          13.495733280795996,
          12.270720357815385,
          12.133880170633535,
          12.68038349181982,
          12.543973346571923,
          13.49573328079569,
          14.574216198038554,
          14.17097756293297,
          13.631094443421603,
          14.036243467926479,
          12.95276451337558,
          13.360218444764637,
          13.495733280795843,
          12.270720357815385,
          11.859779120947948,
          11.447596263685636,
          12.68038349181982,
          12.68038349181982,
          13.495733280795843,
          14.57421619803871,
          11.859779120947948,
          13.360218444764483,
          12.13388017063338,
          12.13388017063338,
          12.13388017063338,
          12.13388017063338
        ],
        "horizontal_dist_map": 794,
        "slope_dist_map": 817,
        "elevation_diff_map": 191.0,
        "avg_slope_deg_map": 13.1,
        "max_slope_deg_map": 17.5,
        "resort": "ikenotaira-onsen-alpen-blick",
        "level": "中級",
        "distance": 900,
        "maxWidth": "",
        "minWidth": "",
        "avg": 20,
        "max": 24,
        "piste": "○",
        "snowboard": "○",
        "note": "",
        "image": "",
        "searchWord": "池の平温泉　レイクビュー",
        "status": "×",
        "update": null,
        "latest_note": "滑走不可"
      }
    },
    {
      "type": "Feature",
      "geometry": {
        "type": "LineString",
        "coordinates": [
          [
            138.1408241914658,
            36.8776952921215,
            1406.0
          ],
          [
            138.14093217917826,
            36.87771965608391,
            1404.6
          ],
          [
            138.1410401668907,
            36.87774402004633,
            1403.5
          ],
          [
            138.14113013540498,
            36.87779619607891,
            1402.6
          ],
          [
            138.14121692511856,
            36.87785327849124,
            1401.5
          ],
          [
            138.14130371483213,
            36.87791036090356,
            1400.4
          ],
          [
            138.1413849270069,
            36.87797240385574,
            1399.2
          ],
          [
            138.14146441070469,
            36.8780359840772,
            1398.0
          ],
          [
            138.1415500877497,
            36.87802050375744,
            1396.7
          ],
          [
            138.14163886637004,
            36.877965430594635,
            1392.9
          ],
          [
            138.1417276449904,
            36.87791035743182,
            1389.5
          ],
          [
            138.1418081414638,
            36.877848743969174,
            1384.9
          ],
          [
            138.1418751604394,
            36.87777648750819,
            1381.7
          ],
          [
            138.141938850998,
            36.8777024501728,
            1377.9
          ],
          [
            138.14199601131045,
            36.87762491881969,
            1374.2
          ],
          [
            138.1420531716229,
            36.87754738746658,
            1370.6
          ],
          [
            138.14212208300083,
            36.87747634590764,
            1368.3
          ],
          [
            138.1421917147012,
            36.877405702163216,
            1366.1
          ],
          [
            138.1422613464016,
            36.877335058418794,
            1364.5
          ],
          [
            138.14230054819274,
            36.87729528685931,
            1363.1
          ]
        ]
      },
      "properties": {
        "name": "頂（イタダキ）",
        "slope_deg": [
          6.418786730238786,
          6.418786730238786,
          6.418786730238786,
          5.994092949108213,
          6.135733340186728,
          6.56019640057118,
          6.842773412630876,
          10.619655276155134,
          13.631094443421603,
          18.133621430820266,
          20.556045219583467,
          20.556045219583467,
          20.931852540892464,
          19.67196998920079,
          18.52084947747122,
          16.43605922463589,
          13.631094443421603,
          13.631094443421603,
          13.631094443421603,
          13.631094443421603
        ],
        "horizontal_dist_map": 185,
        "slope_dist_map": 191,
        "elevation_diff_map": 42.9,
        "avg_slope_deg_map": 12.6,
        "max_slope_deg_map": 20.9,
        "resort": "ikenotaira-onsen-alpen-blick",
        "level": "上級",
        "distance": 200,
        "maxWidth": "",
        "minWidth": "",
        "avg": 24,
        "max": 27,
        "piste": "○",
        "snowboard": "○",
        "note": "",
        "image": "",
        "searchWord": "池の平温泉　頂（イタダキ）",
        "status": "×",
        "update": null,
        "latest_note": "滑走不可"
      }
    },
    {
      "type": "Feature",
      "geometry": {
        "type": "LineString",
        "coordinates": [
          [
            138.1698538885389,
            36.87258369647898,
            789.6
          ],
          [
            138.1699546404482,
            36.87262328878276,
            787.6
          ],
          [
            138.17005539235748,
            36.872662881086534,
            785.2
          ],
          [
            138.17015614426677,
            36.87270247339031,
            784.7
          ],
          [
            138.17026137397517,
            36.872729442276245,
            783.9
          ],
          [
            138.17037296788564,
            36.872738469762844,
            782.4
          ],
          [
            138.17048456179612,
            36.872747497249435,
            781.0
          ],
          [
            138.17059656207013,
            36.87274509007295,
            778.7
          ],
          [
            138.17069831566715,
            36.87271508016972,
            778.0
          ],
          [
            138.17079145992363,
            36.872665202930534,
            776.7
          ],
          [
            138.17086848359688,
            36.872599701811986,
            775.1
          ],
          [
            138.17094550727015,
            36.87253420069344,
            773.4
          ],
          [
            138.1710257682516,
            36.87247187498165,
            772.0
          ],
          [
            138.17112086883486,
            36.872424105119656,
            770.7
          ],
          [
            138.17114505340362,
            36.8724119569974,
            770.0
          ]
        ]
      },
      "properties": {
        "name": "無名",
        "slope_deg": [
          8.11004782941916,
          8.11004782941916,
          8.11004782941916,
          7.406912128495294,
          5.994092949108534,
          8.530765609948133,
          8.39062701325255,
          8.110047829419,
          8.39062701325255,
          7.547725773843206,
          8.530765609948133,
          8.530765609948133,
          8.530765609948133,
          8.530765609948133,
          8.530765609948133
        ],
        "horizontal_dist_map": 132,
        "slope_dist_map": 134,
        "elevation_diff_map": 19.6,
        "avg_slope_deg_map": 8.3,
        "max_slope_deg_map": 8.5,
        "resort": "ikenotaira-onsen-alpen-blick",
        "level": "初級",
        "distance": "",
        "maxWidth": "",
        "minWidth": "",
        "avg": "",
        "max": "",
        "piste": "○",
        "snowboard": "○",
        "note": "",
        "image": "",
        "searchWord": ""
      }
    },
    {
      "type": "Feature",
      "geometry": {
        "type": "LineString",
        "coordinates": [
          [
            138.15542653064364,
            36.87333896330023,
            1024.0
          ],
          [
            138.15550729428588,
            36.87340148990644,
            1023.7
          ],
          [
            138.15558805792816,
            36.87346401651266,
            1022.0
          ],
          [
            138.1556688215704,
            36.87352654311888,
            1021.2
          ],
          [
            138.1557620146379,
            36.87357304376941,
            1021.3
          ],
          [
            138.15586746635495,
            36.87360373865498,
            1020.6
          ],
          [
            138.15597291807197,
            36.873634433540545,
            1020.3
          ],
          [
            138.1560820383916,
            36.873645170970185,
            1018.9
          ],
          [
            138.15619403227774,
            36.873640275995896,
            1017.2
          ],
          [
            138.15630602616392,
            36.8736353810216,
            1014.1
          ],
          [
            138.15641649336862,
            36.873621254711274,
            1012.2
          ],
          [
            138.1564979376014,
            36.87358271772938,
            1009.9
          ],
          [
            138.15650599577904,
            36.873492840433265,
            1008.5
          ],
          [
            138.15653336969078,
            36.87340872326339,
            1006.5
          ],
          [
            138.1566002536037,
            36.87333638833246,
            1002.9
          ],
          [
            138.1566640936115,
            36.87326235991783,
            1001.4
          ],
          [
            138.15672484703134,
            36.87318661427278,
            998.3
          ],
          [
            138.15678561937256,
            36.8731108798476,
            996.2
          ],
          [
            138.1568578048606,
            36.873041913112615,
            993.9
          ],
          [
            138.15692999034863,
            36.87297294637763,
            992.3
          ],
          [
            138.15700217583668,
            36.87290397964264,
            990.6
          ],
          [
            138.157086443547,
            36.87284639056994,
            989.1
          ],
          [
            138.15718258034792,
            36.872799978456314,
            986.9
          ],
          [
            138.1572787171488,
            36.87275356634269,
            984.4
          ],
          [
            138.1573748539497,
            36.87270715422906,
            982.1
          ],
          [
            138.15747099075062,
            36.872660742115436,
            980.6
          ],
          [
            138.15756712755152,
            36.87261433000181,
            978.5
          ],
          [
            138.1576632643524,
            36.87256791788818,
            976.7
          ],
          [
            138.15775940115333,
            36.87252150577456,
            973.8
          ],
          [
            138.15785374201914,
            36.87247282976839,
            971.3
          ],
          [
            138.1579467093949,
            36.87242242238899,
            968.9
          ],
          [
            138.15803967677067,
            36.8723720150096,
            966.2
          ],
          [
            138.15813264414643,
            36.87232160763021,
            964.6
          ],
          [
            138.1582256115222,
            36.87227120025082,
            962.2
          ],
          [
            138.15831857889796,
            36.87222079287143,
            959.7
          ],
          [
            138.15841154627373,
            36.87217038549203,
            957.2
          ],
          [
            138.15847489109808,
            36.87213603960922,
            956.1
          ]
        ]
      },
      "properties": {
        "name": "ハッピーゲレンデ_2",
        "slope_deg": [
          3.8616074096751394,
          3.8616074096751394,
          3.8616074096751394,
          4.431564716435877,
          2.433606100720186,
          3.2908836860673905,
          5.852378988915493,
          9.22988624372772,
          11.44759626368548,
          12.68038349181982,
          12.270720357815385,
          10.757967088390036,
          13.088732789694154,
          11.996899307923577,
          14.305551846622015,
          14.439965121002654,
          12.68038349181982,
          12.816647648997467,
          10.896152141141036,
          10.065169352759877,
          9.926245506651705,
          11.172136252167116,
          11.996899307923577,
          11.996899307923577,
          11.859779120947948,
          10.896152141141036,
          11.722520970102357,
          13.088732789694154,
          13.495733280795843,
          14.708303899682749,
          12.952764513375426,
          12.816647648997312,
          12.952764513375426,
          12.68038349181982,
          12.68038349181982,
          12.68038349181982,
          12.68038349181982
        ],
        "horizontal_dist_map": 356,
        "slope_dist_map": 364,
        "elevation_diff_map": 67.9,
        "avg_slope_deg_map": 10.6,
        "max_slope_deg_map": 14.7,
        "resort": "ikenotaira-onsen-alpen-blick",
        "level": "初級",
        "distance": "",
        "maxWidth": "",
        "minWidth": "",
        "avg": "",
        "max": "",
        "piste": "○",
        "snowboard": "○",
        "note": "",
        "image": "",
        "searchWord": "池の平温泉　ハッピーゲレンデ",
        "status": "×",
        "update": null,
        "latest_note": "滑走不可"
      }
    },
    {
      "type": "Feature",
      "geometry": {
        "type": "LineString",
        "coordinates": [
          [
            138.13678455769707,
            36.879608488301685,
            1532.0
          ],
          [
            138.13675455685288,
            36.87952166111992,
            1531.8
          ],
          [
            138.13672455600866,
            36.87943483393815,
            1532.3
          ],
          [
            138.13669455516447,
            36.87934800675638,
            1531.2
          ],
          [
            138.13667779094757,
            36.879260516706445,
            1528.1
          ],
          [
            138.13669413673608,
            36.87917136856281,
            1524.2
          ],
          [
            138.13671048252462,
            36.87908222041917,
            1522.3
          ],
          [
            138.13672682831316,
            36.87899307227553,
            1519.2
          ],
          [
            138.13674317410167,
            36.87890392413189,
            1517.6
          ],
          [
            138.1367920172422,
            36.878833713466925,
            1515.3
          ],
          [
            138.136892428593,
            36.87879355361607,
            1511.8
          ],
          [
            138.13700199338146,
            36.8787810122,
            1509.1
          ],
          [
            138.13711373600745,
            36.87878536829203,
            1505.3
          ],
          [
            138.13722537238777,
            36.878794123067,
            1503.6
          ],
          [
            138.13733700876807,
            36.87880287784198,
            1502.1
          ],
          [
            138.137448830939,
            36.87880793645984,
            1500.2
          ],
          [
            138.13756098254265,
            36.87880644127534,
            1497.5
          ],
          [
            138.1376731341463,
            36.87880494609083,
            1495.0
          ],
          [
            138.13778528574997,
            36.87880345090633,
            1493.2
          ],
          [
            138.13789700925471,
            36.87879724482529,
            1490.5
          ],
          [
            138.13800824208676,
            36.87878563927152,
            1487.6
          ],
          [
            138.13811947491877,
            36.87877403371775,
            1484.4
          ],
          [
            138.13822488527623,
            36.87874804762902,
            1481.6
          ],
          [
            138.1383233321885,
            36.87870486299935,
            1477.6
          ],
          [
            138.13841321632955,
            36.878655316029494,
            1474.6
          ],
          [
            138.13845913790317,
            36.878573103839145,
            1472.3
          ],
          [
            138.13850505947678,
            36.8784908916488,
            1470.1
          ],
          [
            138.1385509810504,
            36.87840867945846,
            1466.9
          ],
          [
            138.13863767130965,
            36.878354871367655,
            1464.2
          ],
          [
            138.138732480297,
            36.87830671970548,
            1460.7
          ],
          [
            138.1388272892843,
            36.87825856804329,
            1457.9
          ],
          [
            138.13892209827165,
            36.878210416381116,
            1453.0
          ],
          [
            138.13901690725896,
            36.87816226471893,
            1450.0
          ],
          [
            138.13911606711835,
            36.878120149235045,
            1447.4
          ],
          [
            138.1392152422375,
            36.87807805492173,
            1444.3
          ],
          [
            138.13931441735662,
            36.878035960608415,
            1442.1
          ],
          [
            138.13941739770414,
            36.878019581791285,
            1440.7
          ],
          [
            138.13952609296945,
            36.87804182403194,
            1438.7
          ],
          [
            138.13963478823476,
            36.87806406627259,
            1436.8
          ],
          [
            138.13974459447948,
            36.878081947756506,
            1434.4
          ],
          [
            138.13985542715358,
            36.87809580035495,
            1432.6
          ],
          [
            138.13996137711786,
            36.87808625560516,
            1430.0
          ],
          [
            138.14006052617788,
            36.878044121753874,
            1427.6
          ],
          [
            138.14015774082625,
            36.87800009275236,
            1424.3
          ],
          [
            138.14022859307667,
            36.8779302364118,
            1421.0
          ],
          [
            138.14029944532706,
            36.87786038007125,
            1417.7
          ],
          [
            138.14037029757745,
            36.877790523730695,
            1415.5
          ],
          [
            138.14044114982786,
            36.87772066739014,
            1412.5
          ],
          [
            138.14052412838544,
            36.87766091818713,
            1409.7
          ],
          [
            138.14061362971444,
            36.877606605639095,
            1407.3
          ],
          [
            138.14067704740614,
            36.87756812155774,
            1405.4
          ]
        ]
      },
      "properties": {
        "name": "カナメゲレンデ",
        "slope_deg": [
          5.568737077976766,
          5.568737077976766,
          5.568737077976766,
          10.757967088389877,
          14.036243467926479,
          16.69924423399362,
          14.708303899682749,
          12.543973346572233,
          14.708303899682749,
          14.170977562933274,
          17.092662950267425,
          16.304198003832376,
          13.631094443421603,
          12.543973346571923,
          11.034209003250188,
          12.133880170633224,
          12.543973346571923,
          13.631094443421603,
          13.901350769509243,
          14.84222705791098,
          16.172159015782732,
          17.874511367250427,
          18.00416160591338,
          16.83056598321078,
          16.039943306049665,
          14.975984514756448,
          14.574216198038554,
          16.17215901578243,
          16.96170588653267,
          19.162339354972016,
          19.544862326628827,
          18.39196625070533,
          18.778033222445714,
          15.2429977429017,
          13.088732789694,
          12.270720357815385,
          10.619655276155134,
          10.89615214114088,
          11.44759626368579,
          12.270720357815385,
          12.95276451337558,
          14.170977562933274,
          16.17215901578243,
          17.092662950267425,
          16.830565983210477,
          16.43605922463559,
          15.774985955414008,
          14.57421619803886,
          14.57421619803886,
          14.57421619803886,
          14.57421619803886
        ],
        "horizontal_dist_map": 497,
        "slope_dist_map": 514,
        "elevation_diff_map": 126.6,
        "avg_slope_deg_map": 13.8,
        "max_slope_deg_map": 19.5,
        "resort": "ikenotaira-onsen-alpen-blick",
        "level": "上級",
        "distance": 470,
        "maxWidth": "",
        "minWidth": "",
        "avg": 23,
        "max": 26,
        "piste": "×",
        "snowboard": "○",
        "note": "",
        "image": "",
        "searchWord": "池の平温泉　カナメゲレンデ",
        "status": "×",
        "update": null,
        "latest_note": "滑走不可"
      }
    },
    {
      "type": "Feature",
      "geometry": {
        "type": "LineString",
        "coordinates": [
          [
            138.16634898124425,
            36.86982772970728,
            828.7
          ],
          [
            138.16640973610433,
            36.86990347336848,
            828.3
          ],
          [
            138.1664704909644,
            36.86997921702967,
            828.3
          ],
          [
            138.16653124582447,
            36.87005496069087,
            827.7
          ],
          [
            138.16659200068455,
            36.87013070435207,
            827.7
          ],
          [
            138.16665275554462,
            36.87020644801327,
            827.5
          ],
          [
            138.16671351040472,
            36.87028219167446,
            827.8
          ],
          [
            138.1667736477504,
            36.870358235533935,
            826.5
          ],
          [
            138.1668289624912,
            36.87043662385323,
            825.6
          ],
          [
            138.16688427723201,
            36.870515012172525,
            824.1
          ],
          [
            138.16695314789186,
            36.870584552943356,
            822.9
          ],
          [
            138.16704110801794,
            36.87063897739759,
            822.3
          ],
          [
            138.16714646135247,
            36.870669880729935,
            820.6
          ],
          [
            138.16725181468698,
            36.87070078406229,
            818.7
          ],
          [
            138.16735516205839,
            36.87067822136545,
            818.2
          ],
          [
            138.16745800732485,
            36.87064227579268,
            817.6
          ],
          [
            138.16756085259135,
            36.87060633021992,
            817.2
          ],
          [
            138.16766369785785,
            36.87057038464715,
            816.9
          ],
          [
            138.1677721062871,
            36.87055270659408,
            816.2
          ],
          [
            138.16788398961978,
            36.87054643893281,
            814.4
          ],
          [
            138.16799587295247,
            36.87054017127154,
            813.8
          ],
          [
            138.16810775628514,
            36.87053390361028,
            811.5
          ],
          [
            138.16821963961783,
            36.87052763594901,
            809.8
          ],
          [
            138.16833136632377,
            36.87053322351023,
            809.8
          ],
          [
            138.16844305884902,
            36.870541398239254,
            806.9
          ],
          [
            138.1685547513743,
            36.87054957296829,
            805.9
          ],
          [
            138.16866644389955,
            36.87055774769732,
            805.4
          ],
          [
            138.16877813642483,
            36.870565922426344,
            804.2
          ],
          [
            138.16888982895009,
            36.87057409715538,
            803.1
          ],
          [
            138.16900152147534,
            36.87058227188441,
            803.0
          ],
          [
            138.16911321400062,
            36.870590446613434,
            800.7
          ],
          [
            138.16922490652587,
            36.87059862134247,
            799.3
          ],
          [
            138.1693206485338,
            36.8706388806508,
            798.8
          ],
          [
            138.16938142273543,
            36.87070904537535,
            798.4
          ],
          [
            138.16940974432433,
            36.87079623522972,
            798.2
          ],
          [
            138.16941080901756,
            36.870885878213905,
            797.8
          ],
          [
            138.1694072007191,
            36.87097594176891,
            797.7
          ],
          [
            138.1694035924206,
            36.871066005323925,
            797.1
          ],
          [
            138.16939998412212,
            36.87115606887894,
            795.9
          ],
          [
            138.1693735846518,
            36.87124165475292,
            795.3
          ],
          [
            138.16932505590324,
            36.87132289298519,
            793.1
          ],
          [
            138.16927652715472,
            36.87140413121747,
            791.2
          ],
          [
            138.16922799840617,
            36.87148536944974,
            791.7
          ],
          [
            138.16921783199336,
            36.871502388256744,
            791.7
          ]
        ]
      },
      "properties": {
        "name": "無名",
        "slope_deg": [
          1.4320961841646465,
          1.4320961841646465,
          1.4320961841646465,
          1.1457628381750384,
          0.7161599454704085,
          1.7183580016555222,
          3.0052693596899664,
          4.858462919034255,
          6.983937460085259,
          5.994092949108534,
          7.125016348901798,
          7.68844776990284,
          6.701525844729388,
          6.701525844729388,
          4.858462919034255,
          2.576571830268928,
          2.862405226111748,
          4.573921259900927,
          4.858462919034416,
          7.68844776990284,
          9.09027692082245,
          6.560196400571341,
          9.787203664656081,
          7.969610394321392,
          6.277298489597523,
          7.969610394321233,
          5.4268124985727555,
          4.146688825965976,
          6.701525844729388,
          6.98393746008542,
          6.135733340186889,
          6.560196400571341,
          3.576334374997351,
          2.147585428298503,
          1.5752369256829246,
          1.8614576304666637,
          3.2908836860673905,
          3.576334374997351,
          6.560196400571341,
          8.39062701325255,
          5.9940929491083725,
          5.9940929491083725,
          5.9940929491083725,
          5.9940929491083725
        ],
        "horizontal_dist_map": 422,
        "slope_dist_map": 424,
        "elevation_diff_map": 37.0,
        "avg_slope_deg_map": 5.0,
        "max_slope_deg_map": 9.8,
        "resort": "ikenotaira-onsen-alpen-blick",
        "level": "初級",
        "distance": "",
        "maxWidth": "",
        "minWidth": "",
        "avg": "",
        "max": "",
        "piste": "○",
        "snowboard": "○",
        "note": "",
        "image": "",
        "searchWord": ""
      }
    },
    {
      "type": "Feature",
      "geometry": {
        "type": "LineString",
        "coordinates": [
          [
            138.1485258762715,
            36.87510833585252,
            1195.3
          ],
          [
            138.14856655459712,
            36.87519231091003,
            1194.2
          ],
          [
            138.14860723292276,
            36.87527628596754,
            1193.5
          ],
          [
            138.1486479112484,
            36.87536026102505,
            1192.8
          ],
          [
            138.14868858957402,
            36.87544423608256,
            1191.2
          ],
          [
            138.14872926789965,
            36.87552821114007,
            1190.5
          ],
          [
            138.14876841186344,
            36.87561254833385,
            1190.7
          ],
          [
            138.14879073187777,
            36.87570085627446,
            1190.7
          ],
          [
            138.14881305189206,
            36.87578916421507,
            1190.6
          ],
          [
            138.1488353719064,
            36.875877472155686,
            1189.7
          ],
          [
            138.14885769192068,
            36.875965780096294,
            1190.0
          ],
          [
            138.148880011935,
            36.87605408803691,
            1190.6
          ],
          [
            138.1489023319493,
            36.876142395977524,
            1191.8
          ],
          [
            138.14891017210215,
            36.87617341512214,
            1192.1
          ]
        ]
      },
      "properties": {
        "name": "無名",
        "slope_deg": [
          5.852378988915493,
          5.852378988915493,
          5.852378988915493,
          5.2848210925090795,
          4.0041729407093225,
          3.005269359689804,
          0.8593722436448762,
          1.1457628381750384,
          1.0025738037601275,
          0.14323915036850196,
          -1.7183580016555222,
          -1.7183580016555222,
          -1.7183580016555222,
          -1.7183580016555222
        ],
        "horizontal_dist_map": 123,
        "slope_dist_map": 123,
        "elevation_diff_map": 3.2,
        "avg_slope_deg_map": 1.5,
        "max_slope_deg_map": 5.9,
        "resort": "ikenotaira-onsen-alpen-blick",
        "level": "初級",
        "distance": "",
        "maxWidth": "",
        "minWidth": "",
        "avg": "",
        "max": "",
        "piste": "○",
        "snowboard": "○",
        "note": "",
        "image": "",
        "searchWord": ""
      }
    },
    {
      "type": "Feature",
      "geometry": {
        "type": "LineString",
        "coordinates": [
          [
            138.1447118336369,
            36.87645937744277,
            1296.2
          ],
          [
            138.14481985190395,
            36.876435107968085,
            1293.8
          ],
          [
            138.144927870171,
            36.876410838493406,
            1290.3
          ],
          [
            138.14503588843803,
            36.87638656901872,
            1287.4
          ],
          [
            138.14514390670507,
            36.876362299544034,
            1283.4
          ],
          [
            138.14525192497211,
            36.876338030069356,
            1280.8
          ],
          [
            138.14535994323916,
            36.87631376059467,
            1277.5
          ],
          [
            138.14546796150623,
            36.876289491119984,
            1275.8
          ],
          [
            138.14557597977327,
            36.876265221645305,
            1273.3
          ],
          [
            138.1456839980403,
            36.87624095217062,
            1271.1
          ],
          [
            138.14579201630735,
            36.87621668269593,
            1267.8
          ],
          [
            138.1459000345744,
            36.876192413221254,
            1265.8
          ],
          [
            138.14600805284144,
            36.87616814374657,
            1262.4
          ],
          [
            138.14611607110848,
            36.87614387427188,
            1260.0
          ],
          [
            138.14622408937552,
            36.8761196047972,
            1256.3
          ],
          [
            138.14633210764256,
            36.87609533532252,
            1253.3
          ],
          [
            138.1464401259096,
            36.87607106584783,
            1250.0
          ],
          [
            138.14654814417665,
            36.87604679637315,
            1247.5
          ],
          [
            138.1466561624437,
            36.87602252689847,
            1244.3
          ],
          [
            138.14676418071076,
            36.87599825742378,
            1242.2
          ],
          [
            138.1468721989778,
            36.8759739879491,
            1239.5
          ],
          [
            138.14698021724485,
            36.875949718474416,
            1237.4
          ],
          [
            138.1470882355119,
            36.87592544899973,
            1233.9
          ],
          [
            138.14719625377893,
            36.87590117952505,
            1231.6
          ],
          [
            138.14730427204597,
            36.875876910050366,
            1228.1
          ],
          [
            138.147412290313,
            36.87585264057568,
            1224.1
          ],
          [
            138.14752030858006,
            36.875828371101,
            1221.8
          ],
          [
            138.1476283268471,
            36.875804101626315,
            1218.3
          ],
          [
            138.14773634511414,
            36.87577983215163,
            1216.6
          ],
          [
            138.14784436338118,
            36.87575556267695,
            1213.2
          ],
          [
            138.14795238164822,
            36.875731293202264,
            1211.0
          ],
          [
            138.1480603999153,
            36.87570702372758,
            1207.3
          ],
          [
            138.14816841818234,
            36.8756827542529,
            1205.1
          ],
          [
            138.14827643644938,
            36.875658484778214,
            1200.8
          ],
          [
            138.14838445471642,
            36.87563421530353,
            1197.8
          ],
          [
            138.14849247298346,
            36.87560994582885,
            1195.3
          ],
          [
            138.1486004912505,
            36.87558567635416,
            1193.2
          ],
          [
            138.14870850951755,
            36.87556140687948,
            1190.6
          ],
          [
            138.14870854677787,
            36.875561398507855,
            1190.6
          ]
        ]
      },
      "properties": {
        "name": "クワッドツリーラン",
        "slope_deg": [
          17.744671625056874,
          17.744671625056874,
          17.744671625056874,
          18.00416160591338,
          17.744671625056874,
          16.172159015782732,
          14.170977562933274,
          13.631094443421603,
          13.631094443421603,
          14.036243467926479,
          15.242997742901395,
          15.509334522674754,
          16.039943306049665,
          17.35402463626132,
          17.223436191131583,
          17.35402463626132,
          16.69924423399362,
          15.509334522674754,
          14.708303899682749,
          14.17097756293297,
          14.574216198038554,
          14.842227057911282,
          15.907551930525962,
          18.39196625070563,
          16.83056598321078,
          18.39196625070533,
          16.039943306049665,
          15.242997742901395,
          15.109575122340402,
          15.37625124882619,
          16.039943306049665,
          17.223436191131583,
          18.26288994219419,
          16.69924423399362,
          16.567741642974738,
          14.305551846622015,
          14.305551846622015,
          14.305551846622015,
          14.305551846622015
        ],
        "horizontal_dist_map": 370,
        "slope_dist_map": 385,
        "elevation_diff_map": 105.6,
        "avg_slope_deg_map": 15.3,
        "max_slope_deg_map": 18.4,
        "resort": "ikenotaira-onsen-alpen-blick",
        "level": "中級",
        "distance": 300,
        "maxWidth": "",
        "minWidth": "",
        "avg": 22,
        "max": 24,
        "piste": "×",
        "snowboard": "○",
        "note": "ツリーランコース。",
        "image": "",
        "searchWord": "池の平温泉　クワッドツリーラン",
        "status": "×",
        "update": null,
        "latest_note": "滑走不可"
      }
    },
    {
      "type": "Feature",
      "geometry": {
        "type": "LineString",
        "coordinates": [
          [
            138.15264255084338,
            36.871013008320745,
            1078.9
          ],
          [
            138.15275448986534,
            36.87100741144722,
            1076.3
          ],
          [
            138.15286642888728,
            36.8710018145737,
            1073.6
          ],
          [
            138.15297836790924,
            36.87099621770018,
            1071.4
          ],
          [
            138.15309030693118,
            36.87099062082666,
            1068.0
          ],
          [
            138.15320224595314,
            36.87098502395314,
            1065.8
          ],
          [
            138.1533141849751,
            36.87097942707962,
            1062.3
          ],
          [
            138.15342612399704,
            36.8709738302061,
            1058.2
          ],
          [
            138.153538063019,
            36.870968233332576,
            1055.6
          ],
          [
            138.15365000204093,
            36.870962636459055,
            1051.5
          ],
          [
            138.1537619410629,
            36.870957039585534,
            1048.8
          ],
          [
            138.15387388008483,
            36.87095144271201,
            1044.5
          ],
          [
            138.1539858191068,
            36.87094584583849,
            1040.3
          ],
          [
            138.15409775812876,
            36.87094024896497,
            1036.8
          ],
          [
            138.1542096971507,
            36.87093465209145,
            1032.0
          ],
          [
            138.15432163617265,
            36.87092905521793,
            1027.2
          ],
          [
            138.1544335751946,
            36.87092345834441,
            1024.0
          ],
          [
            138.15454551421655,
            36.870917861470886,
            1020.2
          ],
          [
            138.1546574532385,
            36.870912264597365,
            1018.9
          ],
          [
            138.15476939226045,
            36.870906667723844,
            1017.4
          ],
          [
            138.1548813312824,
            36.87090107085032,
            1017.4
          ],
          [
            138.1548966539047,
            36.87090030472983,
            1017.8
          ]
        ]
      },
      "properties": {
        "name": "サイドツリー",
        "slope_deg": [
          15.2429977429017,
          15.2429977429017,
          15.2429977429017,
          14.708303899682749,
          15.774985955414008,
          18.26288994219419,
          17.223436191131583,
          19.6719699892005,
          18.64953875405141,
          18.906332035086663,
          20.931852540892464,
          20.17838007450879,
          22.782405730481635,
          23.38848242899485,
          22.170895633834377,
          22.538450040827975,
          18.133621430820412,
          13.766300685466351,
          9.369385096487514,
          9.369385096487514,
          9.369385096487514,
          9.369385096487514
        ],
        "horizontal_dist_map": 201,
        "slope_dist_map": 211,
        "elevation_diff_map": 61.1,
        "avg_slope_deg_map": 16.1,
        "max_slope_deg_map": 23.4,
        "resort": "ikenotaira-onsen-alpen-blick",
        "level": "中級",
        "distance": 250,
        "maxWidth": "",
        "minWidth": "",
        "avg": 23,
        "max": 27,
        "piste": "×",
        "snowboard": "○",
        "note": "ツリーランコース。",
        "image": "",
        "searchWord": "池の平温泉　サイドツリー",
        "status": "×",
        "update": null,
        "latest_note": "滑走不可"
      }
    },
    {
      "type": "Feature",
      "geometry": {
        "type": "LineString",
        "coordinates": [
          [
            138.1605618577039,
            36.87526678437776,
            954.1
          ],
          [
            138.16067374516996,
            36.875260485965846,
            951.2
          ],
          [
            138.160785632636,
            36.875254187553935,
            949.3
          ],
          [
            138.16089752010205,
            36.875247889142024,
            947.6
          ],
          [
            138.1610094075681,
            36.87524159073011,
            945.9
          ],
          [
            138.16112129503415,
            36.8752352923182,
            942.6
          ],
          [
            138.16123318250018,
            36.87522899390629,
            940.0
          ],
          [
            138.16134506996625,
            36.87522269549438,
            938.5
          ],
          [
            138.16145695743228,
            36.87521639708247,
            936.0
          ],
          [
            138.16156884489834,
            36.87521009867055,
            934.4
          ],
          [
            138.16168073236437,
            36.87520380025864,
            932.1
          ],
          [
            138.16179261983044,
            36.87519750184673,
            929.3
          ],
          [
            138.1619045072965,
            36.87519120343482,
            928.0
          ],
          [
            138.16201639476253,
            36.875184905022905,
            925.4
          ],
          [
            138.1621282822286,
            36.875178606610994,
            924.2
          ],
          [
            138.16224016969463,
            36.87517230819908,
            922.6
          ],
          [
            138.1623520571607,
            36.87516600978717,
            919.4
          ],
          [
            138.16246394462672,
            36.87515971137526,
            917.5
          ],
          [
            138.16257582826,
            36.87515337191737,
            915.1
          ],
          [
            138.1626876357219,
            36.8751462167266,
            913.4
          ],
          [
            138.16279944318381,
            36.87513906153582,
            911.2
          ],
          [
            138.16291125064572,
            36.87513190634505,
            908.6
          ],
          [
            138.1630230581076,
            36.87512475115427,
            906.5
          ],
          [
            138.1631348655695,
            36.875117595963495,
            904.4
          ],
          [
            138.1632466730314,
            36.87511044077272,
            902.3
          ],
          [
            138.16335848049332,
            36.87510328558194,
            899.8
          ],
          [
            138.16347028795522,
            36.87509613039117,
            896.5
          ],
          [
            138.16358209541713,
            36.87508897520039,
            894.5
          ],
          [
            138.16369390287903,
            36.87508182000962,
            892.5
          ],
          [
            138.16380571034094,
            36.87507466481885,
            889.7
          ],
          [
            138.16391751780284,
            36.87506750962807,
            888.3
          ],
          [
            138.16402932526475,
            36.875060354437295,
            886.4
          ],
          [
            138.16414113272666,
            36.875053199246516,
            884.7
          ],
          [
            138.16425294018856,
            36.87504604405574,
            882.6
          ],
          [
            138.16436474765047,
            36.87503888886497,
            880.7
          ],
          [
            138.1644762532596,
            36.87502952444055,
            879.1
          ],
          [
            138.16458733108894,
            36.875017029133346,
            876.7
          ],
          [
            138.16469840891824,
            36.87500453382615,
            875.5
          ],
          [
            138.16480948674757,
            36.87499203851895,
            873.3
          ],
          [
            138.16492056457687,
            36.874979543211744,
            871.5
          ],
          [
            138.1650316424062,
            36.87496704790454,
            869.6
          ],
          [
            138.16514272023554,
            36.874954552597345,
            867.4
          ],
          [
            138.16525379806484,
            36.87494205729014,
            866.7
          ],
          [
            138.16536487589417,
            36.87492956198294,
            865.3
          ],
          [
            138.1654759537235,
            36.87491706667574,
            864.6
          ],
          [
            138.1655870315528,
            36.87490457136854,
            862.8
          ],
          [
            138.16569810938213,
            36.874892076061336,
            861.1
          ],
          [
            138.16580918721147,
            36.87487958075413,
            860.1
          ],
          [
            138.16591769859176,
            36.87485827153782,
            858.7
          ],
          [
            138.16602414959536,
            36.874829886407426,
            857.2
          ],
          [
            138.166130600599,
            36.87480150127704,
            855.7
          ],
          [
            138.1662370516026,
            36.874773116146656,
            854.6
          ],
          [
            138.1663435026062,
            36.874744731016264,
            852.7
          ],
          [
            138.16644995360983,
            36.87471634588588,
            851.1
          ],
          [
            138.16655640461343,
            36.874687960755494,
            849.1
          ],
          [
            138.16666285561706,
            36.8746595756251,
            848.1
          ],
          [
            138.16676930662067,
            36.87463119049472,
            846.2
          ],
          [
            138.16680316420434,
            36.87454692906272,
            846.6
          ],
          [
            138.1668339066233,
            36.87446026983929,
            845.7
          ],
          [
            138.1668646490423,
            36.874373610615855,
            844.9
          ],
          [
            138.16689539146128,
            36.87428695139242,
            843.3
          ],
          [
            138.16692613388025,
            36.87420029216899,
            842.4
          ],
          [
            138.16692991228365,
            36.874189641299154,
            841.7
          ]
        ]
      },
      "properties": {
        "name": "カヤバ",
        "slope_deg": [
          11.58512622485511,
          11.58512622485511,
          11.58512622485511,
          12.13388017063338,
          13.088732789694,
          12.816647648997467,
          13.90135076950909,
          11.58512622485511,
          11.172136252167116,
          12.95276451337558,
          11.309932474020215,
          12.68038349181982,
          11.172136252167116,
          9.508771958297752,
          12.13388017063338,
          11.172136252167116,
          12.816647648997467,
          12.95276451337558,
          11.585126224854955,
          12.543973346572077,
          12.13388017063338,
          12.68038349181982,
          12.543973346572233,
          12.407418527400838,
          14.036243467926479,
          13.90135076950909,
          13.766300685466197,
          14.17097756293297,
          11.58512622485511,
          11.447596263685636,
          11.034209003250188,
          10.065169352759877,
          10.757967088389877,
          10.342657140474548,
          11.309932474020215,
          10.065169352759877,
          10.481218144131045,
          10.757967088390036,
          10.065169352759877,
          11.447596263685636,
          9.369385096487358,
          8.810732985984973,
          7.125016348901798,
          6.560196400571341,
          7.969610394321392,
          7.406912128495133,
          8.39062701325255,
          7.969610394321233,
          7.68844776990284,
          7.829076510059608,
          8.530765609948133,
          8.670801453590993,
          9.369385096487514,
          9.22988624372772,
          9.22988624372772,
          6.418786730238786,
          4.858462919034255,
          4.573921259900927,
          4.146688825966138,
          5.994092949108534,
          5.994092949108534,
          5.994092949108534,
          5.994092949108534
        ],
        "horizontal_dist_map": 611,
        "slope_dist_map": 622,
        "elevation_diff_map": 112.4,
        "avg_slope_deg_map": 10.2,
        "max_slope_deg_map": 14.2,
        "resort": "ikenotaira-onsen-alpen-blick",
        "level": "中級",
        "distance": 900,
        "maxWidth": "",
        "minWidth": "",
        "avg": 18,
        "max": 20,
        "piste": "×",
        "snowboard": "○",
        "note": "ツリーランコース。",
        "image": "",
        "searchWord": "池の平温泉　カヤバ",
        "status": "×",
        "update": null,
        "latest_note": "滑走不可"
      }
    }
  ]
}